law_firm_name,website,google_business_profile,legal_directory_listing,city,state,county,phone_number,email,practice_area,street_address,zip_code,msa,priority,number_of_lawyers,date_pulled,source
Aaron R. Setliff,,,,,TX,El Paso,,,General,,,El Paso,4,1,2026-09-13,State Bar of Texas Member Directory
Adrian J. Rodriguez,,,,,TX,El Paso,,,Civil Litigation,,,El Paso,3,1,2026-09-13,State Bar of Texas Member Directory
Adriana Aranda,,,,,TX,El Paso,,,General,,,El Paso,4,1,2026-09-13,State Bar of Texas Member Directory
Adriana Sophia Galindo,,,,,TX,El Paso,,,General,,,El Paso,4,1,2026-09-13,State Bar of Texas Member Directory
Alejandra Chavira,,,,,TX,El Paso,,,General,,,El Paso,4,1,2026-09-13,State Bar of Texas Member Directory
Alexander J. Mate,,,,,TX,El Paso,,,General,,,El Paso,4,1,2026-09-13,State Bar of Texas Member Directory
Alexis Vianey Martinez,,,,,TX,El Paso,,,General,,,El Paso,4,1,2026-09-13,State Bar of Texas Member Directory
Alfonso Porras,,,,,TX,El Paso,512-791-7323,,General,,,El Paso,4,1,2026-09-13,State Bar of Texas Member Directory
Angel Alfaro,,,,,TX,El Paso,,,Criminal Defense,,,El Paso,5,1,2026-09-13,State Bar of Texas Member Directory
Arthur Robert Piacenti,,,,,TX,El Paso,,,General,,,El Paso,4,1,2026-09-13,State Bar of Texas Member Directory
Bret Alan Moon,,,,,TX,El Paso,,,General,,,El Paso,4,1,2026-09-13,State Bar of Texas Member Directory
Brian R. Rodriguez Law PLLC,,,,,TX,El Paso,915-247-6455,,Criminal Defense,,,El Paso,5,1,2026-09-13,State Bar of Texas Member Directory
Carmen Irene Huerta-Perez,,,,,TX,El Paso,,,General,,,El Paso,4,1,2026-09-13,State Bar of Texas Member Directory
Casper Johan den Harder,,,,,TX,El Paso,,,General,,,El Paso,4,1,2026-09-13,State Bar of Texas Member Directory
Catharine Paul,,,,,TX,El Paso,,,General,,,El Paso,4,1,2026-09-13,State Bar of Texas Member Directory
Catherine Carter Semler,,,,,TX,El Paso,,,General,,,El Paso,4,1,2026-09-13,State Bar of Texas Member Directory
Chad Allan Bernaeyge,,,,,TX,El Paso,,,General,,,El Paso,4,1,2026-09-13,State Bar of Texas Member Directory
Charles Mark Berry Jr,,,,,TX,El Paso,,,Civil Litigation,,,El Paso,3,1,2026-09-13,State Bar of Texas Member Directory
Christina Montes Law Firm,,,,,TX,El Paso,915-702-6555,,Criminal Defense,,,El Paso,5,1,2026-09-13,State Bar of Texas Member Directory
Christine Lozano,,,,,TX,El Paso,,,General,,,El Paso,4,1,2026-09-13,State Bar of Texas Member Directory
Constance Ruth Crawford,,,,,TX,El Paso,,,General,,,El Paso,4,1,2026-09-13,State Bar of Texas Member Directory
Cris Estrada,,,,,TX,El Paso,,,Criminal Defense,,,El Paso,5,1,2026-09-13,State Bar of Texas Member Directory
Cygne L. Nemir,,,,,TX,El Paso,,,Real Estate,,,El Paso,2,1,2026-09-13,State Bar of Texas Member Directory
Daniel Francis Collins,,,,,TX,El Paso,,,General,,,El Paso,4,1,2026-09-13,State Bar of Texas Member Directory
Daniel Joel Palacios,,,,,TX,El Paso,,,General,,,El Paso,4,1,2026-09-13,State Bar of Texas Member Directory
Daniel Thomas O'Neill,,,,,TX,El Paso,,,General,,,El Paso,4,1,2026-09-13,State Bar of Texas Member Directory
David R. McClure,,,,,TX,El Paso,,,General,,,El Paso,4,1,2026-09-13,State Bar of Texas Member Directory
"Delgado Acosta Spencer Linebarger & Perez, LLP",,,,,TX,El Paso,,,General,,,El Paso,4,1,2026-09-13,State Bar of Texas Member Directory
Diana E. Meraz,,,,,TX,El Paso,,,Criminal Defense,,,El Paso,5,1,2026-09-13,State Bar of Texas Member Directory
Dinoushka Sada,,,,,TX,El Paso,,,General,,,El Paso,4,1,2026-09-13,State Bar of Texas Member Directory
Dominique Marie Bernal,,,,,TX,El Paso,,,General,,,El Paso,4,1,2026-09-13,State Bar of Texas Member Directory; State Bar self-reported website
Donivan Joseph Ortega,,,,,TX,El Paso,,,General,,,El Paso,4,1,2026-09-13,State Bar of Texas Member Directory
Donna Svet Miller,,,,,TX,El Paso,,,Criminal Defense,,,El Paso,5,1,2026-09-13,State Bar of Texas Member Directory
EPISD,,,,,TX,El Paso,,,General,,,El Paso,4,1,2026-09-13,State Bar of Texas Member Directory
Edith Landwing,,,,,TX,El Paso,202-352-3074,,General,,,El Paso,4,1,2026-09-13,State Bar of Texas Member Directory
Fox Y. Whitworth,,,,,TX,El Paso,,,General,,,El Paso,4,1,2026-09-13,State Bar of Texas Member Directory
Gabriel Alex Galaviz,,,,,TX,El Paso,,,Criminal Defense,,,El Paso,5,1,2026-09-13,State Bar of Texas Member Directory
Gabriela Crystalann Trujillo,,,,,TX,El Paso,,,General,,,El Paso,4,1,2026-09-13,State Bar of Texas Member Directory
Gabriella A. Guerena,,,,,TX,El Paso,,,General,,,El Paso,4,1,2026-09-13,State Bar of Texas Member Directory
George Havlovic,,,,,TX,El Paso,915-856-6246,,General,,,El Paso,4,1,2026-09-13,State Bar of Texas Member Directory
Gianna Lysette Ragona,,,,,TX,El Paso,,,General,,,El Paso,4,1,2026-09-13,State Bar of Texas Member Directory
Grace E. Preston,,,,,TX,El Paso,,,General,,,El Paso,4,1,2026-09-13,State Bar of Texas Member Directory
Guadalupe Lopez,,,,,TX,El Paso,,,General,,,El Paso,4,1,2026-09-13,State Bar of Texas Member Directory
Guadalupe Reyna Gonzalez,,,,,TX,El Paso,,,Criminal Defense,,,El Paso,5,1,2026-09-13,State Bar of Texas Member Directory
Hassan Adole Hassan,,,,,TX,El Paso,,,Criminal Defense,,,El Paso,5,1,2026-09-13,State Bar of Texas Member Directory
Idaly Rios,,,,,TX,El Paso,,,Real Estate,,,El Paso,2,1,2026-09-13,State Bar of Texas Member Directory
Jacob Thomas Wedemeyer,,,,,TX,El Paso,,,General,,,El Paso,4,1,2026-09-13,State Bar of Texas Member Directory
Jacobett Law PLLC,https://jacobettlaw.com/,,,,TX,El Paso,915-247-7011,,Personal Injury,,,El Paso,5,1,2026-09-13,State Bar of Texas Member Directory
Jaime Marie Bujanda Allen,,,,,TX,El Paso,,,General,,,El Paso,4,1,2026-09-13,State Bar of Texas Member Directory
Jayme Jude Valtierra,,,,,TX,El Paso,,,General,,,El Paso,4,1,2026-09-13,State Bar of Texas Member Directory
Jeffrey S. Alley,,,,,TX,El Paso,,,General,,,El Paso,4,1,2026-09-13,State Bar of Texas Member Directory
Jessica M. Leyva,,,,,TX,El Paso,,,General,,,El Paso,4,1,2026-09-13,State Bar of Texas Member Directory
Jo Anne Bernal,,,,,TX,El Paso,,,Criminal Defense,,,El Paso,5,1,2026-09-13,State Bar of Texas Member Directory
Joe Wearmouth Law Offices,,,,,TX,El Paso,612-250-9646,,Criminal Defense,,,El Paso,5,1,2026-09-13,State Bar of Texas Member Directory
Jonathan Ray Ramirez,,,,,TX,El Paso,,,General,,,El Paso,4,1,2026-09-13,State Bar of Texas Member Directory
Jorge Dominguez,,,,,TX,El Paso,,,General,,,El Paso,4,1,2026-09-13,State Bar of Texas Member Directory
Jose Fernando Moncayo,,,,,TX,El Paso,,,Criminal Defense,,,El Paso,5,1,2026-09-13,State Bar of Texas Member Directory
Joshua Frank Keton,,,,,TX,El Paso,,,General,,,El Paso,4,1,2026-09-13,State Bar of Texas Member Directory
Joshua Govea,,,,,TX,El Paso,,,General,,,El Paso,4,1,2026-09-13,State Bar of Texas Member Directory
Joshua Kalob Murphy,,,,,TX,El Paso,,,General,,,El Paso,4,1,2026-09-13,State Bar of Texas Member Directory
Joyce Garcia,,,,,TX,El Paso,,,General,,,El Paso,4,1,2026-09-13,State Bar of Texas Member Directory
Julie Aaron Law,https://julieaaronlaw.com/,,,,TX,El Paso,915-209-2940,,Criminal Defense,,,El Paso,5,1,2026-09-13,State Bar of Texas Member Directory; State Bar self-reported website
Karl Dean Luth,,,,,TX,El Paso,,,Criminal Defense,,,El Paso,5,1,2026-09-13,State Bar of Texas Member Directory
Kathleen C. Anderson,,,,,TX,El Paso,,,General,,,El Paso,4,1,2026-09-13,State Bar of Texas Member Directory
"Law Firm of Marcella Dominguez, PLLC",,,,,TX,El Paso,,,General,,,El Paso,4,1,2026-09-13,State Bar of Texas Member Directory
Law Office of Evelina Ortega,,,,,TX,El Paso,915-373-1172,,Personal Injury,,,El Paso,5,1,2026-09-13,State Bar of Texas Member Directory
Leila Safi Hobson,,,,,TX,El Paso,,,General,,,El Paso,4,1,2026-09-13,State Bar of Texas Member Directory
Leslie Balan Jean-Pierre,,,,,TX,El Paso,,,General,,,El Paso,4,1,2026-09-13,State Bar of Texas Member Directory
Lillian Ariadna Sanchez Porras,,,,,TX,El Paso,,,Employment Law,,,El Paso,3,1,2026-09-13,State Bar of Texas Member Directory
Lilliana Joy Khoury,,,,,TX,El Paso,,,General,,,El Paso,4,1,2026-09-13,State Bar of Texas Member Directory
Lively Law Firm,,,,,TX,El Paso,,,Immigration,,,El Paso,2,1,2026-09-13,State Bar of Texas Member Directory
Lorenzo Nieto,,,,,TX,El Paso,,,Civil Litigation,,,El Paso,3,1,2026-09-13,State Bar of Texas Member Directory
Lucille Zavala,,,,,TX,El Paso,,,General,,,El Paso,4,1,2026-09-13,State Bar of Texas Member Directory
Luis Aguilar,,,,,TX,El Paso,,,Criminal Defense,,,El Paso,5,1,2026-09-13,State Bar of Texas Member Directory
Luz Elena Sandoval-Walker,,,,,TX,El Paso,,,General,,,El Paso,4,1,2026-09-13,State Bar of Texas Member Directory
Magdalena Gurany Jara,,,,,TX,El Paso,,,General,,,El Paso,4,1,2026-09-13,State Bar of Texas Member Directory
Mara Asya Blatt,,,,,TX,El Paso,,,Criminal Defense,,,El Paso,5,1,2026-09-13,State Bar of Texas Member Directory
Marissa Garland Rogers,,,,,TX,El Paso,,,Criminal Defense,,,El Paso,5,1,2026-09-13,State Bar of Texas Member Directory
Mark Ryan Smigiel,,,,,TX,El Paso,,,General,,,El Paso,4,1,2026-09-13,State Bar of Texas Member Directory
Marta Acosta,,,,,TX,El Paso,,,General,,,El Paso,4,1,2026-09-13,State Bar of Texas Member Directory
Martin Guerrero,,,,,TX,El Paso,,,General,,,El Paso,4,1,2026-09-13,State Bar of Texas Member Directory
Mayra Alicia Stanton,,,,,TX,El Paso,,,Criminal Defense,,,El Paso,5,1,2026-09-13,State Bar of Texas Member Directory
Michael Rudy Wyatt,,,,,TX,El Paso,,,Employment Law,,,El Paso,3,1,2026-09-13,State Bar of Texas Member Directory
Myrna Pages,,,,,TX,El Paso,,,Criminal Defense,,,El Paso,5,1,2026-09-13,State Bar of Texas Member Directory
Nallely Alexandra Barbosa,,,,,TX,El Paso,,,General,,,El Paso,4,1,2026-09-13,State Bar of Texas Member Directory
Nicholas Chris Vitolo,,,,,TX,El Paso,915-271-6852,,General,,,El Paso,4,1,2026-09-13,State Bar of Texas Member Directory
Nicole Josephine Martinez,,,,,TX,El Paso,,,General,,,El Paso,4,1,2026-09-13,State Bar of Texas Member Directory
"Omar A. Gonzalez, Attorney at Law, PLLC",,,,,TX,El Paso,915-213-0947,,General,,,El Paso,4,1,2026-09-13,State Bar of Texas Member Directory
Omar Antonio De La Rosa,,,,,TX,El Paso,,,General,,,El Paso,4,1,2026-09-13,State Bar of Texas Member Directory
Oscar Gomez,,,,,TX,El Paso,,,General,,,El Paso,4,1,2026-09-13,State Bar of Texas Member Directory
Patricia Ann Macias,,,,,TX,El Paso,,,General,,,El Paso,4,1,2026-09-13,State Bar of Texas Member Directory
Penny J. Hamilton,,,,,TX,El Paso,,,Criminal Defense,,,El Paso,5,1,2026-09-13,State Bar of Texas Member Directory
Phillip Douglas Countryman,,,,,TX,El Paso,915-534-3498,,General,,,El Paso,4,1,2026-09-13,State Bar of Texas Member Directory
Rajan Jaysukh Ramani,,,,,TX,El Paso,,,Criminal Defense,,,El Paso,5,1,2026-09-13,State Bar of Texas Member Directory
Rajeev Sunkara,,,,,TX,El Paso,,,Criminal Defense,,,El Paso,5,1,2026-09-13,State Bar of Texas Member Directory
Raquel Lopez,,,,,TX,El Paso,,,Criminal Defense,,,El Paso,5,1,2026-09-13,State Bar of Texas Member Directory
Raymond Luis Telles,,,,,TX,El Paso,915-212-1072,,General,,,El Paso,4,1,2026-09-13,State Bar of Texas Member Directory
Robert Dinsmoor,,,,,TX,El Paso,,,Personal Injury,,,El Paso,5,1,2026-09-13,State Bar of Texas Member Directory
Roberta Alicia Brito,,,,,TX,El Paso,,,General,,,El Paso,4,1,2026-09-13,State Bar of Texas Member Directory
Roberto J. Ramos,,,,,TX,El Paso,,,Criminal Defense,,,El Paso,5,1,2026-09-13,State Bar of Texas Member Directory
Rodrigo Estrada,,,,,TX,El Paso,,,General,,,El Paso,4,1,2026-09-13,State Bar of Texas Member Directory
Shannon Reiter,,,,,TX,El Paso,,,General,,,El Paso,4,1,2026-09-13,State Bar of Texas Member Directory
Stephany Miranda,,,,,TX,El Paso,,,Immigration,,,El Paso,2,1,2026-09-13,State Bar of Texas Member Directory
Susan E. Jeans,,,,,TX,El Paso,,,General,,,El Paso,4,1,2026-09-13,State Bar of Texas Member Directory
Susan Larsen,,,,,TX,El Paso,915-319-3194,,General,,,El Paso,4,1,2026-09-13,State Bar of Texas Member Directory
Taylor Janeen Rucker,,,,,TX,El Paso,915-228-8045,,Criminal Defense,,,El Paso,5,1,2026-09-13,State Bar of Texas Member Directory
"The Huynh Law Firm, PLLC",,,,,TX,El Paso,915-223-4878,,Personal Injury,,,El Paso,5,1,2026-09-13,State Bar of Texas Member Directory; State Bar self-reported website
USPTO,,,,,TX,El Paso,571-270-5269,,General,,,El Paso,4,1,2026-09-13,State Bar of Texas Member Directory
Valentina Herrera Salcedo,,,,,TX,El Paso,,,General,,,El Paso,4,1,2026-09-13,State Bar of Texas Member Directory; State Bar self-reported website
Valerie Yvonne Berumen,,,,,TX,El Paso,,,General,,,El Paso,4,1,2026-09-13,State Bar of Texas Member Directory
Valerie Yvonne Valenzuela,,,,,TX,El Paso,,,Employment Law,,,El Paso,3,1,2026-09-13,State Bar of Texas Member Directory
Veronica Carbajal,,,,,TX,El Paso,,,Real Estate,,,El Paso,2,1,2026-09-13,State Bar of Texas Member Directory
Victoria Terrazas,,,,,TX,El Paso,,,General,,,El Paso,4,1,2026-09-13,State Bar of Texas Member Directory
Vivian Enid Arroyo,,,,,TX,El Paso,,,General,,,El Paso,4,1,2026-09-13,State Bar of Texas Member Directory
Wendy Ann Compton,,,,,TX,El Paso,,,Criminal Defense,,,El Paso,5,1,2026-09-13,State Bar of Texas Member Directory
William M. Lockhart,,,,,TX,El Paso,,,Criminal Defense,,,El Paso,5,1,2026-09-13,State Bar of Texas Member Directory
Yvonne Nicolette Rosales,,,,,TX,El Paso,,,Criminal Defense,,,El Paso,5,1,2026-09-13,State Bar of Texas Member Directory
Yvonne T. Rodriguez,,,,,TX,El Paso,,,Criminal Defense,,,El Paso,5,1,2026-09-13,State Bar of Texas Member Directory
thyssenkrupp,,,,,TX,El Paso,915-336-6125,,General,,,El Paso,4,1,2026-09-13,State Bar of Texas Member Directory
Richard L. Bischoff,,,,Canutillo,TX,El Paso,,,General,PO Box 703,79835,El Paso,4,1,2026-09-13,State Bar of Texas Member Directory
Annai Escobedo,,,,Clint,TX,El Paso,,,Estate Planning,12258 Alameda Ave.,79836,El Paso,2,1,2026-09-13,State Bar of Texas Member Directory
65THDC (JUVCOURTREF2),,,,El Paso,TX,El Paso,915-849-2019,,Criminal Defense,6400 Delta Dr,79905,El Paso,5,1,2026-09-13,State Bar of Texas Member Directory
ACM LAW,,,,El Paso,TX,El Paso,915-235-2405,,Criminal Defense,522 San Francisco Ave,79901,El Paso,5,1,2026-09-13,State Bar of Texas Member Directory; State Bar self-reported website
"AG Bowens Law Firm, PLLC",https://www.agbowenslaw.com/,,,El Paso,TX,El Paso,800-571-8062,priscilla.bowens@agbowenslaw.com,General,"221 N. Kansas Street Suite 700, PMB#0908",79901,El Paso,4,1,2026-09-13,State Bar of Texas Member Directory
ARDITTI VANCE LAW PLLC,,,,El Paso,TX,El Paso,915-317-1033,,Criminal Defense,1300 N El Paso St,79902,El Paso,5,1,2026-09-13,State Bar of Texas Member Directory
Abelardo Perez Bernal Attorney at Law,,,,El Paso,TX,El Paso,915-532-3446,,Criminal Defense,100 N Ochoa St Ste B,79901,El Paso,5,1,2026-09-13,State Bar of Texas Member Directory
Abrar and Vergara PLLC,https://theavlawyer.com/,,,El Paso,TX,El Paso,915-444-6675,contact@theavlawyer.com,Criminal Defense,2407 E Yandell Dr Ste AV,79903,El Paso,5,1,2026-09-13,State Bar of Texas Member Directory; State Bar self-reported website
Adan Valdez Law,,,,El Paso,TX,El Paso,,,General,6936 Cactus Thrush,79911,El Paso,4,1,2026-09-13,State Bar of Texas Member Directory
Adolfo Quijano,,,,El Paso,TX,El Paso,915-542-1051,,Criminal Defense,221 N Kansas St Ste 609,79901,El Paso,5,1,2026-09-13,State Bar of Texas Member Directory
Ainsa White & Hutson LLP,https://www.awheplaw.com/,,,El Paso,TX,El Paso,915-845-5300,info@awheplaw.com,Real Estate,5809 Acacia Cir,79912,El Paso,2,8,2026-09-13,State Bar of Texas Member Directory; State Bar self-reported website
"Albert A. Biel, Jr.",,,,El Paso,TX,El Paso,915-533-7517,,Criminal Defense,615 E Schuster Ave Ste 6,79902,El Paso,5,1,2026-09-13,State Bar of Texas Member Directory
Albert Armendariz Sr U S Courthouse,,,,El Paso,TX,El Paso,915-534-6028,,General,525 Magoffin Ave Rm 651,79901,El Paso,4,1,2026-09-13,State Bar of Texas Member Directory
Alejandra Valdez,,,,El Paso,TX,El Paso,,,General,701 Magnolia St.,79903,El Paso,4,1,2026-09-13,State Bar of Texas Member Directory
Alfonso Cota,,,,El Paso,TX,El Paso,915-261-2190,,General,1283 Desierto Seco Dr,79912,El Paso,4,1,2026-09-13,State Bar of Texas Member Directory
Alfonso Dominguez,,,,El Paso,TX,El Paso,915-212-0221,,General,City of El Paso Municipal Court 810 East Overland St,79901,El Paso,4,1,2026-09-13,State Bar of Texas Member Directory
"Alfonso L. Melendez, P.C.",,,,El Paso,TX,El Paso,915-593-2357,,General,11335 Pellicano Dr,79936,El Paso,4,1,2026-09-13,State Bar of Texas Member Directory
Ali Marie Walker,,,,El Paso,TX,El Paso,915-755-1336,,Estate Planning,9531 Dyer St,79924,El Paso,2,1,2026-09-13,State Bar of Texas Member Directory; State Bar self-reported website
Alma Delia Camacho,,,,El Paso,TX,El Paso,915-526-0092,,Criminal Defense,718 Myrtle,79901,El Paso,5,1,2026-09-13,State Bar of Texas Member Directory
Alma Lagarda PLLC,,,,El Paso,TX,El Paso,915-843-8112,,Criminal Defense,P.O. Box 221101,79913,El Paso,5,1,2026-09-13,State Bar of Texas Member Directory
"Anderson Bright & Associates, P.C.",https://www.andersoncroutattorneys.com/,,,El Paso,TX,El Paso,915-595-1380,,Estate Planning,1533 N Lee Trevino Dr Ste 205,79936,El Paso,2,2,2026-09-13,State Bar of Texas Member Directory; State Bar self-reported website; manual verified search
Andrea Herrod Nemmers,,,,El Paso,TX,El Paso,,,General,4131 Trowbridge Dr,79903,El Paso,4,1,2026-09-13,State Bar of Texas Member Directory
Andrew Lafayette Clyde Steed,,,,El Paso,TX,El Paso,,,General,700 E San Antonio Ave Ste D401,79901,El Paso,4,1,2026-09-13,State Bar of Texas Member Directory
Antcliff Mediation PLLC,https://www.antcliffmediation.com/,,,El Paso,TX,El Paso,915-533-1221,chris@antcliffmediation.com,General,221 N Kansas St Ste 609,79901,El Paso,4,1,2026-09-13,State Bar of Texas Member Directory; State Bar self-reported website
Anthony I. Gonzales,,,,El Paso,TX,El Paso,915-534-7276,,Criminal Defense,711 N Saint Vrain St,79902,El Paso,5,1,2026-09-13,State Bar of Texas Member Directory
Araceli Solis,,,,El Paso,TX,El Paso,915-532-4800,,Criminal Defense,700 E Overland Ave Ste C,79901,El Paso,5,1,2026-09-13,State Bar of Texas Member Directory
Aranda Law Firm,https://arandalawfirm.com/,,,El Paso,TX,El Paso,915-996-9914,,Criminal Defense,2507 N Stanton St,79902,El Paso,5,1,2026-09-13,State Bar of Texas Member Directory; State Bar self-reported website
"Arditti & Arditti, Attorneys at Law, PLLC",,,,El Paso,TX,El Paso,915-317-7753,,Criminal Defense,1300 N El Paso St,79902,El Paso,5,1,2026-09-13,State Bar of Texas Member Directory; State Bar self-reported website
Arif Abrar,https://theavlawyer.com/,,,El Paso,TX,El Paso,915-444-6675,contact@theavlawyer.com,Criminal Defense,"2407 E YANDELL, STE AV",79903,El Paso,5,1,2026-09-13,State Bar of Texas Member Directory; Justia
Armin J. Jezari,https://www.jezarilaw.com/,,,El Paso,TX,El Paso,915-800-2145,info@jezarilaw.com,Estate Planning,"221 N Kansas St., Ste. 700",79901,El Paso,2,1,2026-09-13,State Bar of Texas Member Directory; State Bar self-reported website
Arturo Rodriguez Law Firm P.C.,https://www.abogadorodriguez.com/,,,El Paso,TX,El Paso,915-541-8920,arodriguez@abogadorodriguez.com,Immigration,1515 E Missouri Ave,79902,El Paso,2,1,2026-09-13,State Bar of Texas Member Directory; State Bar self-reported website
Arturo Vazquez,,,,El Paso,TX,El Paso,915-532-0000,,Immigration,416 N Stanton St Ste 600,79901,El Paso,2,1,2026-09-13,State Bar of Texas Member Directory; State Bar self-reported website
Ashley M. Martinez,,,,El Paso,TX,El Paso,915-273-3542,,General,500 E San Antonio Ave Fl 2,79901,El Paso,4,1,2026-09-13,State Bar of Texas Member Directory
"Attorney and Counselor at Law, PLLC",,,,El Paso,TX,El Paso,915-588-7746,,Estate Planning,521 Texas Avenue,79901,El Paso,2,2,2026-09-13,State Bar of Texas Member Directory
Attorney with the Law Offices of Bill D. Hicks P.C.,https://billhickslaw.com/,,,El Paso,TX,El Paso,915-990-2440,,Criminal Defense,1731 Montana Ave,79902,El Paso,5,1,2026-09-13,State Bar of Texas Member Directory; State Bar self-reported website
Baeza Law Group,,,,El Paso,TX,El Paso,915-613-6177,,Personal Injury,4141 Pinnacle St Ste 220,79902,El Paso,5,1,2026-09-13,State Bar of Texas Member Directory
"Barde Law, PLLC",https://bardelaw.com/,,,El Paso,TX,El Paso,,jbarde@bardelaw.com,Real Estate,6153 Patricia Elena Pl.,79932,El Paso,2,1,2026-09-13,State Bar of Texas Member Directory
Ben L. Ivey,,,,El Paso,TX,El Paso,915-544-4839,,General,500 E San Antonio Ave Rm 605,79901,El Paso,4,1,2026-09-13,State Bar of Texas Member Directory
Benjamin Law Firm,,,,El Paso,TX,El Paso,915-412-5858,,Criminal Defense,"1013 E. San Antonio, Ave., Building B",79901,El Paso,5,1,2026-09-13,State Bar of Texas Member Directory; State Bar self-reported website
"Benoit Legal, P.L.L.C.",,,,El Paso,TX,El Paso,915-532-5544,,Personal Injury,311 Montana Ave Ste B,79902,El Paso,5,1,2026-09-13,State Bar of Texas Member Directory; State Bar self-reported website
Bernardo Rafael Cruz,,,,El Paso,TX,El Paso,,,General,PO Box 91,79941,El Paso,4,1,2026-09-13,State Bar of Texas Member Directory
Bickerstaff Heath Delgado Acosta LLP,,,,El Paso,TX,El Paso,915-533-1810,,General,221 N Kansas St Ste 700,79901,El Paso,4,1,2026-09-13,State Bar of Texas Member Directory
Bieganowski Law Group,https://www.bieganowskilawgroup.com/,,,El Paso,TX,El Paso,915-264-1800,bieganowskilawgroup@gmail.com,Personal Injury,812 Magoffin Ave,79901,El Paso,5,1,2026-09-13,State Bar of Texas Member Directory; State Bar self-reported website
"Blanco Ordonez Mata & Wechsler, P.C.",https://www.bomwlaw.com/,,,El Paso,TX,El Paso,915-845-5800,,Civil Litigation,5715 Cromo Dr,79912,El Paso,3,7,2026-09-13,State Bar of Texas Member Directory; State Bar self-reported website
Boyaki Law FIrm,,,,El Paso,TX,El Paso,915-566-8688,,General,4621 Pershing Dr,79903,El Paso,4,2,2026-09-13,State Bar of Texas Member Directory
Brandon Lettunich Attorney at Law,,,,El Paso,TX,El Paso,915-545-2529,,Criminal Defense,7036 Canyon Run Dr.,79912,El Paso,5,1,2026-09-13,State Bar of Texas Member Directory
Brenda Rose Lyon,,,,El Paso,TX,El Paso,915-474-8402,,General,1401 Murchison Dr.,79902,El Paso,4,1,2026-09-13,State Bar of Texas Member Directory
Brian David Livingston,,,,El Paso,TX,El Paso,915-546-8185,,Criminal Defense,"500 E. San Antonio, Suite 501",79912,El Paso,5,1,2026-09-13,State Bar of Texas Member Directory; Justia
Brian Kennedy Law,https://www.briankennedylaw.com/,,,El Paso,TX,El Paso,915-312-9199,,General,310 N Mesa St Ste 614,79901,El Paso,4,2,2026-09-13,State Bar of Texas Member Directory; State Bar self-reported website
Brian Mathison,,,,El Paso,TX,El Paso,575-323-1392,,Criminal Defense,"9434 Viscount Road, Suite 200",79925,El Paso,5,1,2026-09-13,State Bar of Texas Member Directory
Brian William Kelly,,,,El Paso,TX,El Paso,,,Employment Law,524 Spring Crest Drive,79912,El Paso,3,1,2026-09-13,State Bar of Texas Member Directory
Briggs & Associates PC,http://briggslaw.org/,,,El Paso,TX,El Paso,915-779-0039,info@briggslaw.org,Civil Litigation,3609 Montana Ave,79903,El Paso,3,1,2026-09-13,State Bar of Texas Member Directory; State Bar self-reported website
Bryan Herrera,,,,El Paso,TX,El Paso,915-412-5858,,General,1013 E San Antonio Ave,79901,El Paso,4,1,2026-09-13,State Bar of Texas Member Directory
"Bunn and Associates, P.C.",https://www.bunnandassociates.com/,,,El Paso,TX,El Paso,915-532-7500,,Criminal Defense,PO Box 942,79946,El Paso,5,3,2026-09-13,State Bar of Texas Member Directory; State Bar self-reported website; manual verified search
C.R. Wannamaker Law PLLC,https://www.crwannamakerlaw.com/,,,El Paso,TX,El Paso,915-373-6046,info@crwannamakerlaw.com,Criminal Defense,"4171 N. mesa St. building D, Suite 500",79902,El Paso,5,2,2026-09-13,State Bar of Texas Member Directory; State Bar self-reported website
CLAUDIO FLORES JR PC,,,,El Paso,TX,El Paso,915-533-4228,,Criminal Defense,521 Texas Ave,79901,El Paso,5,1,2026-09-13,State Bar of Texas Member Directory
Caire Law PLLC,,,,El Paso,TX,El Paso,,,General,Remote Address,79902,El Paso,4,1,2026-09-13,State Bar of Texas Member Directory
"Cal Mundell Law Firm, P.L.L.C.",https://www.calmundelllaw.com/,,,El Paso,TX,El Paso,915-250-0700,,Personal Injury,1520 N Campbell St,79902,El Paso,5,1,2026-09-13,State Bar of Texas Member Directory; State Bar self-reported website
Carbonell Law Firm PC,,,,El Paso,TX,El Paso,915-706-2281,,Immigration,5822 Cromo Dr Ste 110,79912,El Paso,2,1,2026-09-13,State Bar of Texas Member Directory
Carl Gabriel Horkowitz,,,,El Paso,TX,El Paso,915-212-5196,,General,4717 Hondo Pass Dr Ste 1D PMB 232,79904,El Paso,4,1,2026-09-13,State Bar of Texas Member Directory
Carlos Carrasco,,,,El Paso,TX,El Paso,915-834-8240,,Criminal Defense,500 E San Antonio Ave Rm 413,79901,El Paso,5,1,2026-09-13,State Bar of Texas Member Directory
Carmona Defense Group,,,,El Paso,TX,El Paso,,,Criminal Defense,4171 N Mesa St Ste D300,79902,El Paso,5,1,2026-09-13,State Bar of Texas Member Directory
Caroline Eloiza Silva,,,,El Paso,TX,El Paso,,,Immigration,7412 Camino Ct,79911,El Paso,2,1,2026-09-13,State Bar of Texas Member Directory
"Carreon & Beltran, PLLC",https://carreon-beltran.com/,,,El Paso,TX,El Paso,915-603-3166,,Employment Law,1401 N Kansas St,79902,El Paso,3,2,2026-09-13,State Bar of Texas Member Directory; State Bar self-reported website
Casa Automotive Group,,,,El Paso,TX,El Paso,915-309-0065,,General,5815 Montana Ave,79925,El Paso,4,1,2026-09-13,State Bar of Texas Member Directory
"Castanon & Dominguez Law, PLLC",https://www.cdlaws.com/,,,El Paso,TX,El Paso,915-353-4444,,Criminal Defense,1517 Montana Ave,79902,El Paso,5,2,2026-09-13,State Bar of Texas Member Directory; State Bar self-reported website; manual verified search
Celia Azucena Villasenor,,,,El Paso,TX,El Paso,915-838-0890,,Criminal Defense,1113 E Yandell Dr,79902,El Paso,5,1,2026-09-13,State Bar of Texas Member Directory
Cesar Antonio Venegas,,,,El Paso,TX,El Paso,915-545-4934,,Personal Injury,PO BOX 13635,79913,El Paso,5,1,2026-09-13,State Bar of Texas Member Directory
Cesar Ornelas Injury Law,https://www.cesarornelaslaw.com/,,,El Paso,TX,El Paso,915-499-7368,,Personal Injury,6044 Gateway Blvd E Fl 2,79905,El Paso,5,1,2026-09-13,State Bar of Texas Member Directory; State Bar self-reported website
Charles George Orr,,,,El Paso,TX,El Paso,915-544-0406,,Personal Injury,1790 N Lee Trevino Dr Ste 601,79936,El Paso,5,1,2026-09-13,State Bar of Texas Member Directory
"Chaudhari Law, PLLC",,,,El Paso,TX,El Paso,214-702-1150,,General,14011 Pebble Hills Blvd Ste 105,79938,El Paso,4,1,2026-09-13,State Bar of Texas Member Directory
Chavez Law Firm,,,,El Paso,TX,El Paso,915-351-7772,,Personal Injury,2101 N Stanton St,79902,El Paso,5,1,2026-09-13,State Bar of Texas Member Directory; State Bar self-reported website; Justia
Chris Bradley Attorney at Law,,,,El Paso,TX,El Paso,915-532-7514,,Criminal Defense,400 E Overland Ave,79901,El Paso,5,1,2026-09-13,State Bar of Texas Member Directory
Christopher Daniel Anchondo,,,,El Paso,TX,El Paso,915-533-1100,,General,2509 Montana Ave,79903,El Paso,4,1,2026-09-13,State Bar of Texas Member Directory
Cody Tyler Scruggs,,,,El Paso,TX,El Paso,,,General,7500 Viscount Blvd Ste C84,79925,El Paso,4,1,2026-09-13,State Bar of Texas Member Directory
Combined Law Enforcement Associations of Texas (CLEAT) and Personal Practice,https://www.kydlaw.com/,,,El Paso,TX,El Paso,915-777-2004,kydlawyer@gmail.com,Criminal Defense,"747 E. San Antonio Ave., Suite 103",79901,El Paso,5,1,2026-09-13,State Bar of Texas Member Directory; State Bar self-reported website
"Cooper Appeals, P.L.L.C",https://cooperappeals.com/,,,El Paso,TX,El Paso,915-289-8282,,Criminal Defense,"10420 Montwood Drive, Suite N-405",79935,El Paso,5,1,2026-09-13,State Bar of Texas Member Directory; State Bar self-reported website
"Cottonwood Interests, LLC",,,,El Paso,TX,El Paso,915-881-9765,,General,201 E Main Dr Ste 1500,79901,El Paso,4,1,2026-09-13,State Bar of Texas Member Directory
Cowan Law Office,,,,El Paso,TX,El Paso,915-533-5445,,Personal Injury,310 N Mesa St Ste 316,79901,El Paso,5,1,2026-09-13,State Bar of Texas Member Directory
"Crowson & Crowson, PLLC",,,,El Paso,TX,El Paso,,,Real Estate,PO Box 221170,79913,El Paso,2,1,2026-09-13,State Bar of Texas Member Directory
Cuellar Law Firm,,,,El Paso,TX,El Paso,915-209-2316,,Criminal Defense,747 E. San Antonio Suite 201C,79901,El Paso,5,1,2026-09-13,State Bar of Texas Member Directory
"Cynthia R. Lopez, P.C.",,,,El Paso,TX,El Paso,915-996-9070,,Immigration,2829 Montana Ave Ste 215,79903,El Paso,2,1,2026-09-13,State Bar of Texas Member Directory; State Bar self-reported website
"D.E. Saucedo II, Esq., PLLC",http://www.saucedoesq.com/,,,El Paso,TX,El Paso,915-594-8299,,General,711 N Copia St Las Oficinas Saucedo,79903,El Paso,4,1,2026-09-13,State Bar of Texas Member Directory; State Bar self-reported website
DHS,,,,El Paso,TX,El Paso,915-857-4169,jose.j.tavarez@ice.dhs.gov,Immigration,8900 Viscount Blvd # 109,79925,El Paso,2,1,2026-09-13,State Bar of Texas Member Directory; State Bar self-reported website
DHS/CBP,,,,El Paso,TX,El Paso,915-599-0800,,Criminal Defense,"9434 Viscount Blvd, Ste 200",79925,El Paso,5,1,2026-09-13,State Bar of Texas Member Directory
DMRS,,,,El Paso,TX,El Paso,915-298-7986,,Immigration,2400 E Yandell Dr,79903,El Paso,2,1,2026-09-13,State Bar of Texas Member Directory
DUNHAM & JONES,https://www.dunhamlaw.com/,,,El Paso,TX,El Paso,915-777-7777,,Criminal Defense,"221 North Kansas Street, Suite1505",79901,El Paso,5,1,2026-09-13,State Bar of Texas Member Directory; State Bar self-reported website
Daniel Anchondo,,,,El Paso,TX,El Paso,915-533-1100,,General,2509 Montana Ave,79903,El Paso,4,1,2026-09-13,State Bar of Texas Member Directory
Daniel Gabriel Marquez,,,,El Paso,TX,El Paso,915-546-8185,,Criminal Defense,500 E San Antonio Ave Rm 501 Fl 5,79901,El Paso,5,1,2026-09-13,State Bar of Texas Member Directory
Daniel Salvador Gonzalez,https://dgonzalezlaw.com/,,,El Paso,TX,El Paso,915-533-6393,,Criminal Defense,909 E Rio Grande Ave,79902,El Paso,5,1,2026-09-13,State Bar of Texas Member Directory; State Bar self-reported website
"Darron Powell, PLLC",http://darronpowellpllc.com/,,,El Paso,TX,El Paso,915-313-0081,xvdlp@yahoo.com,Estate Planning,1517 N Campbell St,79902,El Paso,2,1,2026-09-13,State Bar of Texas Member Directory; State Bar self-reported website
"David A. Bonilla, Attorney at Law, P.C.",,,,El Paso,TX,El Paso,915-594-9952,,Criminal Defense,10514 Montwood Dr,79935,El Paso,5,1,2026-09-13,State Bar of Texas Member Directory
David Alan Rutledge,,,,El Paso,TX,El Paso,915-545-5595,,Criminal Defense,1013 E. San Antonio,79901,El Paso,5,1,2026-09-13,State Bar of Texas Member Directory
David Briones,,,,El Paso,TX,El Paso,915-534-6744,,General,525 Magoffin Ave Rm 761,79901,El Paso,4,1,2026-09-13,State Bar of Texas Member Directory
"David Chavez Law Firm, PLLC",,,,El Paso,TX,El Paso,915-261-9007,,Criminal Defense,PO Box 290736,79929,El Paso,5,1,2026-09-13,State Bar of Texas Member Directory
"David J. Ferrell, PLLC",http://www.elpasolaw.com/,,,El Paso,TX,El Paso,915-594-8000,,Criminal Defense,11008 Bill Hill Dr,79936,El Paso,5,1,2026-09-13,State Bar of Texas Member Directory; State Bar self-reported website
"David J. Nunez, Attorney at Law, PLLC",https://www.djnunezlaw.com/,,,El Paso,TX,El Paso,915-615-3699,david@djnunezlaw.com,Criminal Defense,701 Magoffin Ave,79901,El Paso,5,1,2026-09-13,State Bar of Texas Member Directory; State Bar self-reported website
David Joseph Morales,,,,El Paso,TX,El Paso,915-803-0613,,General,5820 Timberwolf Dr Apt 36,79903,El Paso,4,1,2026-09-13,State Bar of Texas Member Directory
David Leeper Atty at Law PC,,,,El Paso,TX,El Paso,915-581-8748,,Estate Planning,508 Cotton Field Dr,79922,El Paso,2,1,2026-09-13,State Bar of Texas Member Directory
David Nevarez,,,,El Paso,TX,El Paso,915-881-8484,,Estate Planning,416 N Stanton St Ste 600-P,79901,El Paso,2,1,2026-09-13,State Bar of Texas Member Directory
David S. Jeans,,,,El Paso,TX,El Paso,915-203-2951,,Personal Injury,755 Via Mirada Lane,79922,El Paso,5,1,2026-09-13,State Bar of Texas Member Directory
"Davie & Valdez, P.C.",https://rogerdavie.com/,,,El Paso,TX,El Paso,915-838-1100,,Personal Injury,1801 N Stanton St,79902,El Paso,5,1,2026-09-13,State Bar of Texas Member Directory; State Bar self-reported website
DeKoatz & DeKoatz,https://dekoatzlaw.com/,,,El Paso,TX,El Paso,915-577-0913,,Criminal Defense,718 Myrtle Ave,79901,El Paso,5,2,2026-09-13,State Bar of Texas Member Directory; manual verified search
Denise Barthel Sanchez,,,,El Paso,TX,El Paso,,,General,PO Box 972493,79997,El Paso,4,1,2026-09-13,State Bar of Texas Member Directory
"Denise E. Butterworth, P.C.",https://www.dbutterworthlaw.com/,,,El Paso,TX,El Paso,915-532-8250,dbutterworthattorney@gmail.com,Criminal Defense,501 N Kansas St Ste 200,79901,El Paso,5,1,2026-09-13,State Bar of Texas Member Directory; State Bar self-reported website
Dennis Gilbert Moore,,,,El Paso,TX,El Paso,915-487-5023,,Criminal Defense,1210 Montana #204,79902,El Paso,5,1,2026-09-13,State Bar of Texas Member Directory
DickAlcala,,,,El Paso,TX,El Paso,210-387-5769,,General,7826 Enchanted Ridge Dr,79911,El Paso,4,1,2026-09-13,State Bar of Texas Member Directory
Dickinson Wright PLLC,https://www.dwlaw.com/,,,El Paso,TX,El Paso,915-541-9307,,Immigration,221 N Kansas St Ste 2000,79901,El Paso,2,2,2026-09-13,State Bar of Texas Member Directory; State Bar self-reported website
Don Studdard,,,,El Paso,TX,El Paso,915-309-5377,donstuddard@yahoo.com,Estate Planning,604 Satellite Drife,79912,El Paso,2,1,2026-09-13,State Bar of Texas Member Directory; State Bar self-reported website
Doris Sipes Attorney At Law,,,,El Paso,TX,El Paso,915-544-5235,,Personal Injury,615 E Schuster Ave Ste 10,79902,El Paso,5,1,2026-09-13,State Bar of Texas Member Directory
"Downey Law Firm, PLLC",https://bdlawtx.com/,,,El Paso,TX,El Paso,915-533-2493,,Employment Law,7598 N Mesa St Ste B4,79912,El Paso,3,1,2026-09-13,State Bar of Texas Member Directory; State Bar self-reported website
E. P. Bud Kirk,,,,El Paso,TX,El Paso,915-584-3773,,Bankruptcy,332 Serrania Dr.,79932,El Paso,2,1,2026-09-13,State Bar of Texas Member Directory
EHN,,,,El Paso,TX,El Paso,915-887-3410,,General,201 E Main Dr Ste 600,79901,El Paso,4,1,2026-09-13,State Bar of Texas Member Directory
EHRLICH LAW FIRM,https://www.ehrlichlawfirm.com/,,,El Paso,TX,El Paso,915-544-1500,,Civil Litigation,444 Executive Center Blvd Ste 240,79902,El Paso,3,2,2026-09-13,State Bar of Texas Member Directory; State Bar self-reported website
EOIR,,,,El Paso,TX,El Paso,915-534-6020,,Immigration,"700 E. San Antonio, Suite 750",79901,El Paso,2,1,2026-09-13,State Bar of Texas Member Directory
Eduardo Miranda,,,,El Paso,TX,El Paso,915-351-7693,,Personal Injury,2330 Montana Ave,79903,El Paso,5,1,2026-09-13,State Bar of Texas Member Directory
Eduardo N. Lerma Sr. Law Offices,,,,El Paso,TX,El Paso,915-533-0177,,Criminal Defense,1417 Montana Ave,79902,El Paso,5,1,2026-09-13,State Bar of Texas Member Directory
Eduardo Ramon Vasquez,,,,El Paso,TX,El Paso,915-542-4556,,General,310 N Mesa St Ste 601,79901,El Paso,4,1,2026-09-13,State Bar of Texas Member Directory
El Paso Traffic Ticket Firm - Attorney Robert Navar,https://elpasotrafficticket.com/,,,El Paso,TX,El Paso,915-503-1600,,Criminal Defense,11860 Vista Del Sol Dr # 119,79936,El Paso,5,1,2026-09-13,State Bar of Texas Member Directory; State Bar self-reported website
Eliana Amalia Elizalde,,,,El Paso,TX,El Paso,,,Criminal Defense,320 S Campbell St Ste 200,79901,El Paso,5,1,2026-09-13,State Bar of Texas Member Directory
Elizabeth Sanchez,,,,El Paso,TX,El Paso,915-355-7824,,Criminal Defense,6405 Pino Real Dr,79912,El Paso,5,1,2026-09-13,State Bar of Texas Member Directory
Employment Rights Law Firm of Stephen J. Venzor,,,,El Paso,TX,El Paso,915-792-0000,,Employment Law,221 N. Kansas St. Suite 700,79901,El Paso,3,1,2026-09-13,State Bar of Texas Member Directory; State Bar self-reported website
"Enrique Garcia Law Firm, PLLC",https://www.grtxlaw.com/,,,El Paso,TX,El Paso,915-307-7287,thefirm@grtxlaw.com,Personal Injury,3204 Montana Ave Ste A,79903,El Paso,5,1,2026-09-13,State Bar of Texas Member Directory; State Bar self-reported website
Enrique Lopez,,,,El Paso,TX,El Paso,915-351-0595,,Criminal Defense,701 N Saint Vrain St,79902,El Paso,5,1,2026-09-13,State Bar of Texas Member Directory
Enrique N. Medrano Attorney at Law,,,,El Paso,TX,El Paso,915-532-3929,,Estate Planning,2411 Montana Ave,79903,El Paso,2,1,2026-09-13,State Bar of Texas Member Directory
Enrique Ramirez,https://www.enriqueramirez75.com/,,,El Paso,TX,El Paso,915-533-1733,enramirez2008@yahoo.com,Criminal Defense,2300 Tierra Negra Dr,79938,El Paso,5,1,2026-09-13,State Bar of Texas Member Directory; State Bar self-reported website
Enriquez Law Firm,,,,El Paso,TX,El Paso,915-351-4331,,Personal Injury,1212 Montana Ave,79902,El Paso,5,1,2026-09-13,State Bar of Texas Member Directory
Eric James Montrose,,,,El Paso,TX,El Paso,,,General,"154 N. Festival, Building D",79912,El Paso,4,1,2026-09-13,State Bar of Texas Member Directory
"Ernesto Pineda, Attorney at Law, P.C.",https://www.pinedalawfirm.com/,,,El Paso,TX,El Paso,915-598-7726,mvargas@pinedalawfirm.com,Estate Planning,11170 La Quinta Pl Ste B,79936,El Paso,2,1,2026-09-13,State Bar of Texas Member Directory; State Bar self-reported website
Esper Law Office,,,,El Paso,TX,El Paso,915-544-3132,,Criminal Defense,801 N El Paso St Ste 225,79902,El Paso,5,1,2026-09-13,State Bar of Texas Member Directory
Estrella Del Paso,https://www.estrelladelpaso.org/,,,El Paso,TX,El Paso,915-532-3975,media@estrella.org,Immigration,2400A E Yandell Dr,79903,El Paso,2,4,2026-09-13,State Bar of Texas Member Directory; State Bar self-reported website
Eunice Reyes Attorney at Law,https://eunicereyeslaw.com/,,,El Paso,TX,El Paso,915-564-9299,#eunicereyeslaw@hotmail.com,Criminal Defense,4665-A Montana Ave,79903,El Paso,5,1,2026-09-13,State Bar of Texas Member Directory; State Bar self-reported website
Evan Daine Reed,,,,El Paso,TX,El Paso,915-212-0033,,Criminal Defense,300 N Campbell St,79901,El Paso,5,1,2026-09-13,State Bar of Texas Member Directory; State Bar self-reported website
FPD,,,,El Paso,TX,El Paso,915-534-6525,,Criminal Defense,700 E. San Antonio Ave. D-401,79901,El Paso,5,1,2026-09-13,State Bar of Texas Member Directory
"Farah Law Group, PLLC",https://gflawoffices.com/,,,El Paso,TX,El Paso,915-533-0880,,Personal Injury,1231 E Missouri Ave,79902,El Paso,5,2,2026-09-13,State Bar of Texas Member Directory; State Bar self-reported website
"Felipe D.J. Millan, P.C.",https://felipemillan.com/,,,El Paso,TX,El Paso,915-566-9977,,Criminal Defense,1147 Montana Ave,79902,El Paso,5,1,2026-09-13,State Bar of Texas Member Directory; State Bar self-reported website
Ferris Law Office,,,,El Paso,TX,El Paso,915-229-1790,,Criminal Defense,1108 N. Campbell,79902,El Paso,5,1,2026-09-13,State Bar of Texas Member Directory; State Bar self-reported website
Flo Networks,,,,El Paso,TX,El Paso,,,General,"500 W. Overland, Suite 310",79901,El Paso,4,1,2026-09-13,State Bar of Texas Member Directory
"Flores Mendez, P.C.",https://www.floresmendez.com/,,,El Paso,TX,El Paso,915-308-9999,,Personal Injury,509 E Rio Grande Ave,79902,El Paso,5,2,2026-09-13,State Bar of Texas Member Directory; State Bar self-reported website
Forbes & Forbes,https://www.forbeslawoffice.com/,,,El Paso,TX,El Paso,915-533-5441,,Estate Planning,701 Texas Ave,79901,El Paso,2,1,2026-09-13,State Bar of Texas Member Directory; State Bar self-reported website
Frances Maldonado Law Firm,,,,El Paso,TX,El Paso,915-205-3511,,Criminal Defense,4171 N Mesa St Ste B201,79902,El Paso,5,1,2026-09-13,State Bar of Texas Member Directory; State Bar self-reported website
Francisco F. Macias,,,,El Paso,TX,El Paso,915-544-9047,,Criminal Defense,1001 N Campbell St,79902,El Paso,5,1,2026-09-13,State Bar of Texas Member Directory
Frank S. Triana Attorney At Law,,,,El Paso,TX,El Paso,915-222-8310,,Criminal Defense,1002 MAGOFFIN AVE,79901,El Paso,5,1,2026-09-13,State Bar of Texas Member Directory
Franklin Mountain Investments,,,,El Paso,TX,El Paso,915-504-7117,,Real Estate,123 W Mills Ave Suite 600,79901,El Paso,2,1,2026-09-13,State Bar of Texas Member Directory
G. Danny Mena,,,,El Paso,TX,El Paso,915-564-1336,,General,3233 N Piedras St,79930,El Paso,4,1,2026-09-13,State Bar of Texas Member Directory
"GONZALEZ URBINA LAW, PLLC",https://www.guinjurylaw.com/,,,El Paso,TX,El Paso,915-703-1393,info@guinjurylaw.com,Personal Injury,6044 East Gateway Blvd. Suite 410,79905,El Paso,5,1,2026-09-13,State Bar of Texas Member Directory; State Bar self-reported website
Gabriela Angelina Gallegos,,,,El Paso,TX,El Paso,915-433-3439,,Estate Planning,1805 Elm Street,79930,El Paso,2,1,2026-09-13,State Bar of Texas Member Directory
Gabriella M. Reed,,,,El Paso,TX,El Paso,,,Employment Law,Emergence Health Network 2001 E. Main St Suite 600,79901,El Paso,3,1,2026-09-13,State Bar of Texas Member Directory
George C. Wayne,,,,El Paso,TX,El Paso,915-449-4154,,General,5595 Westside Dr,79932,El Paso,4,1,2026-09-13,State Bar of Texas Member Directory
George Paul Andritsos,,,,El Paso,TX,El Paso,915-566-9995,,Employment Law,3116 Montana,79903,El Paso,3,1,2026-09-13,State Bar of Texas Member Directory
Gerald A. Georges,,,,El Paso,TX,El Paso,915-307-0919,,Criminal Defense,425 Irondale #R,79912,El Paso,5,1,2026-09-13,State Bar of Texas Member Directory
Gilbert Elias Malooly,,,,El Paso,TX,El Paso,,,General,4120 Rio Bravo St Ste 114,79902,El Paso,4,1,2026-09-13,State Bar of Texas Member Directory
"Gina Fields, PC",,,,El Paso,TX,El Paso,,,Estate Planning,6417 Passo Via St,79932,El Paso,2,1,2026-09-13,State Bar of Texas Member Directory
Glen D. Self,,,,El Paso,TX,El Paso,,,Estate Planning,"7304 Good Samaritan Ct, #312",79912,El Paso,2,1,2026-09-13,State Bar of Texas Member Directory
"Gluth Law, LLC",https://www.gluthlaw.com/,,,El Paso,TX,El Paso,915-351-9886,info@gluthlaw.com,Estate Planning,7100 Westwind Dr Ste 240,79912,El Paso,2,1,2026-09-13,State Bar of Texas Member Directory; State Bar self-reported website
Gonzalo Garcia,,,,El Paso,TX,El Paso,915-637-6915,,General,no office address on file,79901,El Paso,4,1,2026-09-13,State Bar of Texas Member Directory
Gordon Davis Johnson & Shane P.C.,https://www.eplawyers.com/,,,El Paso,TX,El Paso,915-545-1133,,Estate Planning,4695 N Mesa St,79912,El Paso,2,15,2026-09-13,State Bar of Texas Member Directory; State Bar self-reported website
Gorel,,,,El Paso,TX,El Paso,,,General,432 Stonebluff Rd,79912,El Paso,4,1,2026-09-13,State Bar of Texas Member Directory
Granberg Law Office,,,,El Paso,TX,El Paso,915-543-9000,,Criminal Defense,303 N Oregon St,79901,El Paso,5,1,2026-09-13,State Bar of Texas Member Directory
"Gregory B. Pine, Attorney at Law",,,,El Paso,TX,El Paso,915-532-5757,,Criminal Defense,701 N Saint Vrain St,79902,El Paso,5,1,2026-09-13,State Bar of Texas Member Directory
Gregory Charles Anderson,,,,El Paso,TX,El Paso,915-433-3174,,Criminal Defense,701 N Saint Vrain St,79902,El Paso,5,1,2026-09-13,State Bar of Texas Member Directory
Gregory Xavier Gonzalez,,,,El Paso,TX,El Paso,915-782-4975,,General,11541 Montana Avenue Suite O,79936,El Paso,4,1,2026-09-13,State Bar of Texas Member Directory; State Bar self-reported website
Griffin Law Firm,https://www.bankruptcy4elpaso.com/,,,El Paso,TX,El Paso,915-562-4357,contact@griffinlawfirmep.com,Bankruptcy,1123 E Rio Grande Ave,79902,El Paso,2,1,2026-09-13,State Bar of Texas Member Directory; State Bar self-reported website
"Guevara, Baumann, Coldwell & Reedman LLP",,,,El Paso,TX,El Paso,915-544-6646,jimbaumn@gbcrlaw.com,Estate Planning,4171 N Mesa St Ste B201,79902,El Paso,2,2,2026-09-13,State Bar of Texas Member Directory; State Bar self-reported website
Gutierrez Law Firm,,,,El Paso,TX,El Paso,915-239-0793,,Criminal Defense,1315 E Yandell Dr,79902,El Paso,5,1,2026-09-13,State Bar of Texas Member Directory
"Gutierrez Marquez Law Firm, PLLC",https://gutierrezmarquezlaw.com/,,,El Paso,TX,El Paso,915-273-3212,mail@gutierrezmarquezlaw.com,Immigration,"310 N Mesa St, Suite 100A",79901,El Paso,2,1,2026-09-13,State Bar of Texas Member Directory; Justia
"Harmonson Law Firm, P.C.",https://www.clarkharmonsonattorney.com/,,,El Paso,TX,El Paso,915-584-8777,,Personal Injury,501 E Nevada Ave,79902,El Paso,5,2,2026-09-13,State Bar of Texas Member Directory; State Bar self-reported website
Haynes Law Firm,,,,El Paso,TX,El Paso,915-549-8101,,Real Estate,520 Wild Willow,79922,El Paso,2,1,2026-09-13,State Bar of Texas Member Directory
Heather Harrison Hall,,,,El Paso,TX,El Paso,915-504-5988,,Criminal Defense,7598 N Mesa St Ste 205,79912,El Paso,5,1,2026-09-13,State Bar of Texas Member Directory; State Bar self-reported website
Heather Ronconi-Algermissen,,,,El Paso,TX,El Paso,915-532-7005,,General,503 E Rio Grande Ave,79902,El Paso,4,1,2026-09-13,State Bar of Texas Member Directory; State Bar self-reported website
Henry Aguirre,,,,El Paso,TX,El Paso,915-533-0504,,Criminal Defense,1332 Myrtle Ave,79901,El Paso,5,1,2026-09-13,State Bar of Texas Member Directory
"Huerta Law Group, PLLC",,,,El Paso,TX,El Paso,915-629-9988,,Criminal Defense,812 Willow St,79903,El Paso,5,1,2026-09-13,State Bar of Texas Member Directory; State Bar self-reported website
Immigration and Customs Enforcement,,,,El Paso,TX,El Paso,915-857-4181,,Immigration,"11541 Montana Avenue, Suite O",79936,El Paso,2,1,2026-09-13,State Bar of Texas Member Directory
"Irina Z. Barahona, P.C.",http://www.izblaw.com/,,,El Paso,TX,El Paso,915-228-4905,,Estate Planning,"7500 Viscount Blvd., Ste. C62",79925,El Paso,2,1,2026-09-13,State Bar of Texas Member Directory; State Bar self-reported website
"J. Baeza Law Firm, PLLC",https://baezalawfirm.com/,,,El Paso,TX,El Paso,915-200-4357,,Personal Injury,"2900 Pershing Dr., Suite H",79903,El Paso,5,1,2026-09-13,State Bar of Texas Member Directory; State Bar self-reported website
"JM Munoz Law Firm, PLLC",,,,El Paso,TX,El Paso,915-356-1400,,Civil Litigation,8001 N Mesa St Ste E PMB 104,79932,El Paso,3,1,2026-09-13,State Bar of Texas Member Directory
JRS USA,,,,El Paso,TX,El Paso,915-471-0573,,Immigration,602 S. Oregon St.,79901,El Paso,2,1,2026-09-13,State Bar of Texas Member Directory
Jacobo Ernesto Garcia,,,,El Paso,TX,El Paso,,,General,311 Montana Ave A-2,79902,El Paso,4,1,2026-09-13,State Bar of Texas Member Directory
Jaime A. Villalobos,,,,El Paso,TX,El Paso,915-541-8800,,Criminal Defense,1731 Montana Ave,79902,El Paso,5,1,2026-09-13,State Bar of Texas Member Directory
Jaime Alvarado & Associates,https://jaimealvaradolaw.com/,,,El Paso,TX,El Paso,915-852-0500,,General,14190 Horizon Blvd Ste A,79928,El Paso,4,1,2026-09-13,State Bar of Texas Member Directory
Jaime Barron PC Immigration Law,,,,El Paso,TX,El Paso,915-642-9300,,Immigration,600 Newman St,79902,El Paso,2,1,2026-09-13,State Bar of Texas Member Directory
Jaime Diaz,,,,El Paso,TX,El Paso,,,Employment Law,PO Box 972203,79997,El Paso,3,1,2026-09-13,State Bar of Texas Member Directory
"Jaime E. Gandara, Attorney at Law",,,,El Paso,TX,El Paso,915-544-1150,,Criminal Defense,1203 East Yandell Drive,79902,El Paso,5,1,2026-09-13,State Bar of Texas Member Directory
James & Haugland PC,http://www.jamesandhaugland.com/,,,El Paso,TX,El Paso,915-532-3911,,Civil Litigation,609 Montana Ave,79902,El Paso,3,2,2026-09-13,State Bar of Texas Member Directory; State Bar self-reported website; manual verified search
James Darrell Lucas,,,,El Paso,TX,El Paso,915-532-8811,,General,2316 Montana Ave,79903,El Paso,4,1,2026-09-13,State Bar of Texas Member Directory
James Kennedy PLLC,https://www.epinjury.com/,,,El Paso,TX,El Paso,915-544-5200,,Personal Injury,6216 Gateway East Blvd.,79905,El Paso,5,1,2026-09-13,State Bar of Texas Member Directory; State Bar self-reported website
James Kerby Jopling,,,,El Paso,TX,El Paso,915-541-6099,,Employment Law,747 E San Antonio Ave Ste 103,79901,El Paso,3,1,2026-09-13,State Bar of Texas Member Directory; State Bar self-reported website
James Kirby Read,,,,El Paso,TX,El Paso,915-533-3697,,Personal Injury,615 E Schuster Ave Ste 6,79902,El Paso,5,1,2026-09-13,State Bar of Texas Member Directory
James Rey Law Firm,https://www.reydegenhartlaw.com/,,,El Paso,TX,El Paso,915-534-4300,,Criminal Defense,501 N Kansas St Ste 100,79901,El Paso,5,2,2026-09-13,State Bar of Texas Member Directory; State Bar self-reported website
"Jason T Chapman, PC",,,,El Paso,TX,El Paso,915-533-8267,,General,501 N Kansas St Ste 101,79901,El Paso,4,1,2026-09-13,State Bar of Texas Member Directory
"Jay L. Nye, Attorney at Law",,,,El Paso,TX,El Paso,915-598-7038,,Criminal Defense,3364 Guthrie St.,79935,El Paso,5,1,2026-09-13,State Bar of Texas Member Directory
Jeanette Garcia,,,,El Paso,TX,El Paso,,,General,1014 North Mesa Ste. 200,79902,El Paso,4,1,2026-09-13,State Bar of Texas Member Directory
Jeffrey B. Pownell,,,,El Paso,TX,El Paso,915-544-0100,,General,7101 N Mesa St # 106,79912,El Paso,4,1,2026-09-13,State Bar of Texas Member Directory
Jeffrey C. Brown,,,,El Paso,TX,El Paso,915-533-2493,,General,201 E Main Dr Ste 1100,79901,El Paso,4,1,2026-09-13,State Bar of Texas Member Directory; State Bar self-reported website
Jerry Woodard,,,,El Paso,TX,El Paso,915-546-2101,,General,500 E San Antonio Ave Rm 905A,79901,El Paso,4,1,2026-09-13,State Bar of Texas Member Directory
Jesse Gordon Mende,,,,El Paso,TX,El Paso,,,Criminal Defense,"500 San Antonio, Suite 201",79901,El Paso,5,1,2026-09-13,State Bar of Texas Member Directory
Jesse Herrera & Associates,,,,El Paso,TX,El Paso,915-781-1100,,Criminal Defense,1423 E Missouri Ave Ste C,79902,El Paso,5,1,2026-09-13,State Bar of Texas Member Directory; State Bar self-reported website
Jessica Goldman Pretiger,,,,El Paso,TX,El Paso,915-252-5652,,Real Estate,729 WILLOW GLEN DR,79922,El Paso,2,1,2026-09-13,State Bar of Texas Member Directory
Jessica L. Carriger De Villalva,,,,El Paso,TX,El Paso,,,General,"34th Judicial District Attorney's Office 500 E. San Antonio, 2nd Floor",79901,El Paso,4,1,2026-09-13,State Bar of Texas Member Directory
Jesus Manuel Olivas,,,,El Paso,TX,El Paso,915-533-4402,,Criminal Defense,501 N Kansas St Ste 202,79901,El Paso,5,1,2026-09-13,State Bar of Texas Member Directory
Jesus R. Herrera,,,,El Paso,TX,El Paso,,,Criminal Defense,6021 Palo Alto Avenue,79912,El Paso,5,1,2026-09-13,State Bar of Texas Member Directory
"Jim Darnell, P.C.",http://www.jdarnell.com/,,,El Paso,TX,El Paso,915-532-2442,,Criminal Defense,310 N Mesa St Ste 212,79901,El Paso,5,2,2026-09-13,State Bar of Texas Member Directory; State Bar self-reported website
Jimenez Esparza Law LLP,,,,El Paso,TX,El Paso,915-996-2017,,Criminal Defense,1212 Montana Ave,79902,El Paso,5,2,2026-09-13,State Bar of Texas Member Directory
Jizelle Silerio,,,,El Paso,TX,El Paso,,,General,"320 S. Campbell St., Suite 200",79901,El Paso,4,1,2026-09-13,State Bar of Texas Member Directory
"Jobe Materials, L.P.",,,,El Paso,TX,El Paso,915-298-9900,,General,1150 Southview Dr,79928,El Paso,4,1,2026-09-13,State Bar of Texas Member Directory; State Bar self-reported website
Joella D. Methola,,,,El Paso,TX,El Paso,915-546-2059,,General,500 E San Antonio St,79901,El Paso,4,1,2026-09-13,State Bar of Texas Member Directory
John Edward Leeper,,,,El Paso,TX,El Paso,915-532-3447,,Criminal Defense,801 N El Paso St Ste 225,79902,El Paso,5,1,2026-09-13,State Bar of Texas Member Directory
John Lomax Anderson,,,,El Paso,TX,El Paso,915-261-8940,,Personal Injury,4002 Flamingo Drive,79902,El Paso,5,1,2026-09-13,State Bar of Texas Member Directory
John Michael Aufiero,https://915injury.com/,,,El Paso,TX,El Paso,915-519-1000,admin@915injury.com,Personal Injury,"2211 East Missouri Avenue, Suite 223",79903,El Paso,5,1,2026-09-13,State Bar of Texas Member Directory; State Bar self-reported website
John Suarez,https://www.thejohnsuarezlawgroup.com/,,,El Paso,TX,El Paso,832-281-2427,john@thejohnsuarezlawgroup.com,Estate Planning,PO Box 12054,79913,El Paso,2,1,2026-09-13,State Bar of Texas Member Directory; State Bar self-reported website
John W. Welsh Jr.,,,,El Paso,TX,El Paso,915-549-6464,,Real Estate,1601 Billy Casper Dr.,79936,El Paso,2,1,2026-09-13,State Bar of Texas Member Directory
Jon Sipes Attorney at Law,https://elpasodisabilitylawyer.com/,,,El Paso,TX,El Paso,915-500-4016,,General,521 Texas Ave,79901,El Paso,4,1,2026-09-13,State Bar of Texas Member Directory; State Bar self-reported website
"Jonathan Leach, LLC",https://caseprep.consulting/,,,El Paso,TX,El Paso,972-890-8482,,Criminal Defense,"221 N. Kansas St, Ste 700",79901,El Paso,5,1,2026-09-13,State Bar of Texas Member Directory; State Bar self-reported website
Jorge C. Herrera,,,,El Paso,TX,El Paso,915-544-0888,,Criminal Defense,1002 Magoffin Ave,79901,El Paso,5,1,2026-09-13,State Bar of Texas Member Directory
Jorge Luis Rivas,https://jrivaslaw.com/,,,El Paso,TX,El Paso,915-533-7200,info@jrivaslaw.com,Personal Injury,1600 N. Kansas Street,79902,El Paso,5,1,2026-09-13,State Bar of Texas Member Directory; State Bar self-reported website
Jose Garcia,,,,El Paso,TX,El Paso,915-546-2059,,Criminal Defense,500 E San Antonio Ave Fl 2,79901,El Paso,5,1,2026-09-13,State Bar of Texas Member Directory
Jose M. Gonzalez,,,,El Paso,TX,El Paso,915-273-3238,,General,320 S Campbell St Ste 200,79901,El Paso,4,1,2026-09-13,State Bar of Texas Member Directory
Jose Montes Jr Attorney at law,,,,El Paso,TX,El Paso,915-881-8600,,Criminal Defense,1155 Westmoreland Dr Ste 120,79925,El Paso,5,1,2026-09-13,State Bar of Texas Member Directory
Joseph D Vasquez,https://www.josephvasquezlaw.com/,,,El Paso,TX,El Paso,915-542-4556,jvasquez@josephvasquezlaw.com,Criminal Defense,310 N Mesa St Ste 601,79901,El Paso,5,1,2026-09-13,State Bar of Texas Member Directory
"Joseph Law, PLLC",https://www.josephlawco.com/,,,El Paso,TX,El Paso,915-915-0911,,Criminal Defense,"310 N Mesa St, Ste 515",79901,El Paso,5,1,2026-09-13,State Bar of Texas Member Directory; State Bar self-reported website
Joseph Perry Pinon,https://www.pinonlawoffice.com/,,,El Paso,TX,El Paso,915-546-9190,,Criminal Defense,1312 Montana Ave.,79902,El Paso,5,1,2026-09-13,State Bar of Texas Member Directory
Joseph Veith Law,,,,El Paso,TX,El Paso,915-234-2369,,Criminal Defense,2511 N Stanton St,79902,El Paso,5,1,2026-09-13,State Bar of Texas Member Directory; State Bar self-reported website
"Joshua C. Spencer Attorney and Counselor at Law, P.L.L.C.",https://elpasotxlawyer.com/,,,El Paso,TX,El Paso,915-532-5562,,Criminal Defense,1009 Montana Ave,79902,El Paso,5,2,2026-09-13,State Bar of Texas Member Directory; manual verified search
Juan A. Gonzalez Attorney At Law,,,,El Paso,TX,El Paso,915-532-8844,,Personal Injury,1312 Montana Ave,79902,El Paso,5,1,2026-09-13,State Bar of Texas Member Directory
Juan Carlos Garay Attorney at Law,,,,El Paso,TX,El Paso,915-566-5000,,General,3402 Montana Ave,79903,El Paso,4,1,2026-09-13,State Bar of Texas Member Directory
Juan H Gil II PLLC,,,,El Paso,TX,El Paso,915-533-8760,,Immigration,124 W Castellano Dr Ste 101,79912,El Paso,2,1,2026-09-13,State Bar of Texas Member Directory
Karen Colon Law PLLC,https://www.elpasoprobate.com/,,,El Paso,TX,El Paso,915-444-5003,,Estate Planning,1531 E Missouri Avenue,79902,El Paso,2,1,2026-09-13,State Bar of Texas Member Directory; State Bar self-reported website
Karen Juliette Espinoza,,,,El Paso,TX,El Paso,915-273-3542,,General,500 E San Antonio Ave Ste 201,79901,El Paso,4,1,2026-09-13,State Bar of Texas Member Directory
Kathleen Avellar Sullivan,,,,El Paso,TX,El Paso,915-546-2600,,Criminal Defense,701 N Saint Vrain St,79902,El Paso,5,1,2026-09-13,State Bar of Texas Member Directory
Katie Lynn-Tepezano Calderon,https://www.elpasoelderlaw.com/?utm_source=google-local&utm_medium=organic&utm_campaign=2632,,,El Paso,TX,El Paso,915-533-0007,,Estate Planning,4131 Trowbridge Drive,79903,El Paso,2,1,2026-09-13,State Bar of Texas Member Directory; State Bar self-reported website
"Kelly Law Firm El Paso, PLLC",,,,El Paso,TX,El Paso,,,General,"6112 N Mesa St, #578",79912,El Paso,4,1,2026-09-13,State Bar of Texas Member Directory
Kemp Smith LLP,https://www.kempsmith.com/,,,El Paso,TX,El Paso,915-533-4424,michelle.mirazo@kempsmith.com,Employment Law,221 N Kansas St Ste 1700,79901,El Paso,3,26,2026-09-13,State Bar of Texas Member Directory; State Bar self-reported website
"Kern Law Firm, PC",https://kernlawfirm.com/,,,El Paso,TX,El Paso,915-542-1900,dkern@kernlawfirm.com,Employment Law,6112 N Mesa St PMB 115,79912,El Paso,3,1,2026-09-13,State Bar of Texas Member Directory; State Bar self-reported website
Kimberley Ann Miller,,,,El Paso,TX,El Paso,,,General,1101 West Bend Lane,79912,El Paso,4,1,2026-09-13,State Bar of Texas Member Directory
Kitty Schild,,,,El Paso,TX,El Paso,,,General,500 E. San Antonio,79901,El Paso,4,1,2026-09-13,State Bar of Texas Member Directory
"Kubinski & Associates, P.C.",https://www.kubinski-law.com/,,,El Paso,TX,El Paso,915-593-8883,kubinski@kubinski-law.com,Criminal Defense,10514 Montwood Dr,79935,El Paso,5,3,2026-09-13,State Bar of Texas Member Directory; State Bar self-reported website
"LAW OFFICE OF VICTOR H. FALVEY, PLLC",https://www.victorfalveylaw.com/,,,El Paso,TX,El Paso,915-858-0665,,Estate Planning,8732 Alameda Ave,79907,El Paso,2,1,2026-09-13,State Bar of Texas Member Directory; State Bar self-reported website
Labrado Law Office,,,,El Paso,TX,El Paso,915-562-1140,,Criminal Defense,2601 Montana Ave,79903,El Paso,5,1,2026-09-13,State Bar of Texas Member Directory
"Laine Law Firm, PLLC",https://lainelawfirm.com/,,,El Paso,TX,El Paso,915-200-4316,,General,700 N Stanton Suite 200,79901,El Paso,4,1,2026-09-13,State Bar of Texas Member Directory; State Bar self-reported website
Law Firm of Daniela Labinoti,https://www.labinotilaw.com/,,,El Paso,TX,El Paso,915-581-4600,,Personal Injury,707 Myrtle Ave,79901,El Paso,5,4,2026-09-13,State Bar of Texas Member Directory; State Bar self-reported website
Law Firm of Roberto L Sanchez,,,,El Paso,TX,El Paso,915-532-9990,,Criminal Defense,1127 E San Antonio,79901,El Paso,5,1,2026-09-13,State Bar of Texas Member Directory
Law Office Of Michael Blake,,,,El Paso,TX,El Paso,915-542-1800,,Criminal Defense,400 E Overland Ave,79901,El Paso,5,1,2026-09-13,State Bar of Texas Member Directory
Law Office Of Woodrow W. Bean III,,,,El Paso,TX,El Paso,915-838-9200,,Criminal Defense,616 N Virginia St Ste E,79902,El Paso,5,1,2026-09-13,State Bar of Texas Member Directory
Law Office of Albert Gavaldon,,,,El Paso,TX,El Paso,972-603-8888,,Criminal Defense,4023 Flamingo Dr.,79902,El Paso,5,1,2026-09-13,State Bar of Texas Member Directory
"Law Office of Albert Nabhan, PLLC.",http://albertnabhanlaw.com/,,,El Paso,TX,El Paso,915-500-4277,albert@albertnabhanlaw.com,Estate Planning,800 N Yarbrough Dr Ste B,79915,El Paso,2,1,2026-09-13,State Bar of Texas Member Directory; State Bar self-reported website
Law Office of Alfredo Chavez,,,,El Paso,TX,El Paso,915-549-5181,,Criminal Defense,9209 Shaver,79925,El Paso,5,1,2026-09-13,State Bar of Texas Member Directory
Law Office of Angelina Lugo,,,,El Paso,TX,El Paso,915-532-5846,,Criminal Defense,PO Box 2145,79951,El Paso,5,1,2026-09-13,State Bar of Texas Member Directory
"Law Office of Carlos Eduardo Cardenas, P.C.",,,,El Paso,TX,El Paso,915-544-7860,,Personal Injury,717 E San Antonio Ave Fl 3,79901,El Paso,5,1,2026-09-13,State Bar of Texas Member Directory
Law Office of Carmen B. Hegeman,,,,El Paso,TX,El Paso,915-532-3638,,Estate Planning,4141 Pinnacle St Ste 217,79902,El Paso,2,1,2026-09-13,State Bar of Texas Member Directory
Law Office of Charles Roberts,,,,El Paso,TX,El Paso,915-532-5475,,Criminal Defense,1019 E Yandell Dr,79902,El Paso,5,1,2026-09-13,State Bar of Texas Member Directory
Law Office of Christopher Shane,https://www.chuckshane.com/,,,El Paso,TX,El Paso,915-755-0100,cshane0100@sbcglobal.net,Criminal Defense,8815 Dyer St Ste 150,79904,El Paso,5,2,2026-09-13,State Bar of Texas Member Directory; State Bar self-reported website
Law Office of Cody D Luther PLLC,,,,El Paso,TX,El Paso,915-584-5501,,Estate Planning,7100 Westwind Dr Ste 105,79912,El Paso,2,1,2026-09-13,State Bar of Texas Member Directory
Law Office of Daniel Robledo,,,,El Paso,TX,El Paso,915-565-8000,,Criminal Defense,3000 E Yandell Dr,79903,El Paso,5,1,2026-09-13,State Bar of Texas Member Directory
Law Office of David Duran,,,,El Paso,TX,El Paso,915-534-0227,,Personal Injury,1210 E San Antonio Ave,79901,El Paso,5,1,2026-09-13,State Bar of Texas Member Directory
Law Office of David Hilles,,,,El Paso,TX,El Paso,915-751-4552,,Criminal Defense,1013 E San Antonio Ave,79901,El Paso,5,1,2026-09-13,State Bar of Texas Member Directory
Law Office of Diana Macias Valdez PLLC,https://dianamvaldezlaw.com/,,,El Paso,TX,El Paso,915-503-1290,,Employment Law,5845 Cromo Dr Ste 2 Ste 1,79912,El Paso,3,1,2026-09-13,State Bar of Texas Member Directory; State Bar self-reported website
Law Office of Diego Vazquez,http://www.diegovazquez.us/,,,El Paso,TX,El Paso,915-792-5555,diegovazquezlaw@yahoo.com,Immigration,"1401 Montana Ave, Suite N",79902,El Paso,2,1,2026-09-13,State Bar of Texas Member Directory; State Bar self-reported website
Law Office of Erica P. Rios,,,,El Paso,TX,El Paso,915-261-7778,,General,501 N Kansas St Ste 200,79901,El Paso,4,1,2026-09-13,State Bar of Texas Member Directory; State Bar self-reported website
"Law Office of Felix Saldivar, Jr.",,,,El Paso,TX,El Paso,915-590-9500,,Criminal Defense,3160 N Lee Trevino Dr Ste 110A,79936,El Paso,5,1,2026-09-13,State Bar of Texas Member Directory
Law Office of Fredrick Mandell,,,,El Paso,TX,El Paso,915-351-7959,,Criminal Defense,6001 La Cumbre Ln,79912,El Paso,5,1,2026-09-13,State Bar of Texas Member Directory
"Law Office of Gabriel S. Perez, PLLC",http://www.gabrielsperezlaw.com/,,,El Paso,TX,El Paso,915-444-5351,gabriel@gabrielsperezlaw.com,Criminal Defense,1012 N Campbell St,79902,El Paso,5,1,2026-09-13,State Bar of Texas Member Directory; State Bar self-reported website
Law Office of J. Todd Dunham,,,,El Paso,TX,El Paso,915-444-0056,,Criminal Defense,"501 Executive Blvd., Suite 203",79902,El Paso,5,1,2026-09-13,State Bar of Texas Member Directory
Law Office of James W. Wolff,https://www.wolfflawoffice.com/,,,El Paso,TX,El Paso,915-330-1605,jwolff@wolfflawoffice.com,Estate Planning,801 Ellis Street,79903,El Paso,2,1,2026-09-13,State Bar of Texas Member Directory; State Bar self-reported website
"Law Office of Javier Martinez, Jr., P.C.",https://lawofficeofjaviermartinezjr.com/,,,El Paso,TX,El Paso,915-751-0896,,Personal Injury,2035 Grant Ave,79930,El Paso,5,1,2026-09-13,State Bar of Texas Member Directory; State Bar self-reported website
Law Office of John A Wenke,https://www.johnwenke.com/,,,El Paso,TX,El Paso,915-351-8877,%20lawoffice@johnwenke.com,Employment Law,501 E California Ave,79902,El Paso,3,1,2026-09-13,State Bar of Texas Member Directory
Law Office of John L. Williams,,,,El Paso,TX,El Paso,915-533-9016,,Criminal Defense,PO Box 3459,79923,El Paso,5,1,2026-09-13,State Bar of Texas Member Directory
Law Office of Josh Herrera PLLC,,,,El Paso,TX,El Paso,915-213-4868,,Criminal Defense,8900 Viscount Blvd,79925,El Paso,5,1,2026-09-13,State Bar of Texas Member Directory; State Bar self-reported website
Law Office of Leonard Morales,,,,El Paso,TX,El Paso,915-546-2696,,Criminal Defense,221 N Kansas St Ste 1103,79901,El Paso,5,1,2026-09-13,State Bar of Texas Member Directory; State Bar self-reported website
Law Office of Luis Islas,,,,El Paso,TX,El Paso,915-383-5411,,Criminal Defense,909 E Rio Grande Ave,79902,El Paso,5,1,2026-09-13,State Bar of Texas Member Directory
Law Office of Luis Yanez,https://luisyanezlaw.com/,,,El Paso,TX,El Paso,915-503-2425,,Criminal Defense,1015 Magoffin Ave,79901,El Paso,5,1,2026-09-13,State Bar of Texas Member Directory; State Bar self-reported website
"Law Office of Mario Ortiz Saroldi, PLLC",https://www.marioortizsaroldilaw.com/,,,El Paso,TX,El Paso,915-800-1111,,Criminal Defense,1811 E Yandell Dr,79902,El Paso,5,1,2026-09-13,State Bar of Texas Member Directory; State Bar self-reported website
Law Office of Mike Milligan,,,,El Paso,TX,El Paso,915-544-5587,,Employment Law,4221 OKeefe Dr,79902,El Paso,3,1,2026-09-13,State Bar of Texas Member Directory
Law Office of Odell S Holmes,,,,El Paso,TX,El Paso,915-204-4942,,Personal Injury,493 Timber Oaks Dr,79932,El Paso,5,1,2026-09-13,State Bar of Texas Member Directory
Law Office of Orlando Mondragon,https://www.omondragonlaw.com/,,,El Paso,TX,El Paso,915-566-8181,mondragonom@gmail.com,Criminal Defense,1028 E Rio Grande Ave,79902,El Paso,5,1,2026-09-13,State Bar of Texas Member Directory; State Bar self-reported website
Law Office of Ray Gutierrez,,,,El Paso,TX,El Paso,915-252-4199,,Criminal Defense,5221 Hondo Pass Dr,79924,El Paso,5,1,2026-09-13,State Bar of Texas Member Directory
Law Office of Ricardo D. Gonzalez,,,,El Paso,TX,El Paso,915-532-5000,,Criminal Defense,916 Magoffin Avenue,79901,El Paso,5,1,2026-09-13,State Bar of Texas Member Directory
"Law Office of Rios, Parada & Seañez",,,,El Paso,TX,El Paso,915-532-2333,,General,1505 E Missouri Ave,79902,El Paso,4,1,2026-09-13,State Bar of Texas Member Directory
Law Office of Roberto Sandoval,,,,El Paso,TX,El Paso,915-544-3930,,Estate Planning,PO Box 3949,79923,El Paso,2,1,2026-09-13,State Bar of Texas Member Directory
Law Office of Samuel E. Sprowles,,,,El Paso,TX,El Paso,915-532-0222,,Real Estate,7001 Westwind Dr Ste V-6,79912,El Paso,2,1,2026-09-13,State Bar of Texas Member Directory
Law Office of Sandra Prieto Ortega,,,,El Paso,TX,El Paso,915-855-2600,,Immigration,PO Box 3008,79923,El Paso,2,1,2026-09-13,State Bar of Texas Member Directory
"Law Office of Stephen L. Meador, PLLC",,,,El Paso,TX,El Paso,915-351-4380,,Estate Planning,910K E Redd Rd PMB 337,79912,El Paso,2,1,2026-09-13,State Bar of Texas Member Directory; State Bar self-reported website
Law Office of Teresa R. Beltran,,,,El Paso,TX,El Paso,915-532-3601,,Estate Planning,1401 N Kansas St,79902,El Paso,2,1,2026-09-13,State Bar of Texas Member Directory
Law Office of William B. McGlashan,,,,El Paso,TX,El Paso,915-525-9886,,Criminal Defense,909 E Rio Grande Ave,79902,El Paso,5,1,2026-09-13,State Bar of Texas Member Directory
Law Office of Wolff & Associates,,,,El Paso,TX,El Paso,,,Immigration,1207 Arizona Ave,79902,El Paso,2,1,2026-09-13,State Bar of Texas Member Directory
"Law Office of Xavier A. Mendez, PLLC",https://xavieramendez.com/,,,El Paso,TX,El Paso,915-474-6952,,Immigration,801 N El Paso St Ste 100,79902,El Paso,2,1,2026-09-13,State Bar of Texas Member Directory; State Bar self-reported website
Law Office of Xochitl A. Ambriz,https://www.xalawoffice.com/,,,El Paso,TX,El Paso,915-533-1610,,Personal Injury,2418 Montana Ave,79903,El Paso,5,2,2026-09-13,State Bar of Texas Member Directory; State Bar self-reported website
Law Offices Of Rudy Perez,https://rudyperezlaw.com/,,,El Paso,TX,El Paso,915-532-9176,assistant@rudyperezlaw.com,Criminal Defense,3100 Trawood Dr,79936,El Paso,5,1,2026-09-13,State Bar of Texas Member Directory; State Bar self-reported website
Law Offices Of Stephen H. Nickey PC,,,,El Paso,TX,El Paso,915-351-6900,,Personal Injury,1201 N Mesa St Ste B,79902,El Paso,5,1,2026-09-13,State Bar of Texas Member Directory
Law Offices of Armendariz & Holguin,https://armendarizholguin.com/,,,El Paso,TX,El Paso,915-542-1071,info@epimmigration.com,Personal Injury,1701 Bassett Ave Ste 156,79901,El Paso,5,2,2026-09-13,State Bar of Texas Member Directory; State Bar self-reported website
Law Offices of Christine Pacheco,https://christinepacheco.com/,,,El Paso,TX,El Paso,915-532-7777,lawofficesofchristinepacheco@gmail.com,Estate Planning,1413 Montana Avenue,79902,El Paso,2,1,2026-09-13,State Bar of Texas Member Directory; State Bar self-reported website
Law Offices of Damian Rasmussen,https://damianrasmussenlaw.com/,,,El Paso,TX,El Paso,915-400-7785,info@damianrasmussenlaw.com,General,4621 Pershing Dr,79903,El Paso,4,1,2026-09-13,State Bar of Texas Member Directory
"Law Offices of Eduardo Solis, P.L.L.C.",,,,El Paso,TX,El Paso,915-544-1818,,Criminal Defense,901 Wyoming Ave,79902,El Paso,5,1,2026-09-13,State Bar of Texas Member Directory
Law Offices of Enrique Palomares,,,,El Paso,TX,El Paso,915-225-2269,,Criminal Defense,7362 Remcon Cir,79912,El Paso,5,1,2026-09-13,State Bar of Texas Member Directory
Law Offices of Fernando Chacon,,,,El Paso,TX,El Paso,915-637-7712,,Criminal Defense,730 Hemphill Ct,79907,El Paso,5,1,2026-09-13,State Bar of Texas Member Directory
Law Offices of Maria Ramirez,,,,El Paso,TX,El Paso,915-544-6115,,Criminal Defense,1119 E. San Antonio,79901,El Paso,5,1,2026-09-13,State Bar of Texas Member Directory
Law Offices of Michael Gopin PLLC,https://www.michaelgopin.com/,,,El Paso,TX,El Paso,915-872-1111,,Personal Injury,1300 N El Paso St,79902,El Paso,5,2,2026-09-13,State Bar of Texas Member Directory; State Bar self-reported website
Law Offices of Rafael Salas,,,,El Paso,TX,El Paso,915-534-7252,,Criminal Defense,1500 Montana Ave,79902,El Paso,5,1,2026-09-13,State Bar of Texas Member Directory
Law Offices of Ruben Ortiz,https://www.rubenortizlaw.com/,,,El Paso,TX,El Paso,915-545-1616,,Criminal Defense,1141 E Rio Grande Ave,79902,El Paso,5,1,2026-09-13,State Bar of Texas Member Directory
Law Offices of Sergio A. Saldivar,http://www.saldivarlawoffices.com/,,,El Paso,TX,El Paso,915-541-6006,,Criminal Defense,2301 Montana Ave,79903,El Paso,5,1,2026-09-13,State Bar of Texas Member Directory; State Bar self-reported website
Law Offices of: Justo Fernandez-Gonzalez,,,,El Paso,TX,El Paso,915-328-0865,,Criminal Defense,8811 Mercury St,79904,El Paso,5,1,2026-09-13,State Bar of Texas Member Directory
Leffman Law Firm PLLC,,,,El Paso,TX,El Paso,866-896-6529,,General,824 La Mancha Ct,79922,El Paso,4,1,2026-09-13,State Bar of Texas Member Directory
Lenders One,,,,El Paso,TX,El Paso,469-569-6073,,Civil Litigation,7730 Market Center Ave Ste 100,79912,El Paso,3,1,2026-09-13,State Bar of Texas Member Directory; State Bar self-reported website
Lerma Law,,,,El Paso,TX,El Paso,915-533-4779,,Criminal Defense,1417 Montana Ave,79902,El Paso,5,1,2026-09-13,State Bar of Texas Member Directory; State Bar self-reported website
"Libertad Law Firm, PLLC",,,,El Paso,TX,El Paso,915-200-3837,,Immigration,7362 Remcon Cir,79912,El Paso,2,1,2026-09-13,State Bar of Texas Member Directory
Linda Noelle Estrada,,,,El Paso,TX,El Paso,915-546-2077,,Criminal Defense,500 E. San Antonio El Paso District Attorney's Office,79901,El Paso,5,1,2026-09-13,State Bar of Texas Member Directory
"Linebarger, Goggan, Blair, & Sampson, LLP",,,,El Paso,TX,El Paso,915-545-5481,,General,221 N Kansas St Ste 1400,79901,El Paso,4,1,2026-09-13,State Bar of Texas Member Directory
Linette Aguirre-Gonzalez,,,,El Paso,TX,El Paso,915-533-0504,,General,1332 Myrtle Ave.,79901,El Paso,4,1,2026-09-13,State Bar of Texas Member Directory
"Lipson & Dallas, P.C.",,,,El Paso,TX,El Paso,915-544-2600,,Estate Planning,1444 Montana Ave Ste 200,79902,El Paso,2,1,2026-09-13,State Bar of Texas Member Directory
"Lisa Aceves Hayes, Attorney at Law",,,,El Paso,TX,El Paso,915-533-5472,,General,2323 Montana Ave,79903,El Paso,4,1,2026-09-13,State Bar of Texas Member Directory
Lisa Lynn Clausen,,,,El Paso,TX,El Paso,,,General,"700 E San Antonio St, Ste 200",79901,El Paso,4,1,2026-09-13,State Bar of Texas Member Directory
"Llamas Law Firm, PLLC",https://www.llamas-law.com/,,,El Paso,TX,El Paso,915-834-8400,ccllamas@llamas-law.com,Personal Injury,5850 N Mesa St Ste A PMB 329,79912,El Paso,5,1,2026-09-13,State Bar of Texas Member Directory; State Bar self-reported website
Loncar Lyon Jenkins,https://loncarlyonjenkins.com/,,,El Paso,TX,El Paso,915-595-4898,,Personal Injury,5770 Gateway Blvd E,79905,El Paso,5,1,2026-09-13,State Bar of Texas Member Directory; State Bar self-reported website
"Lopez Molinar & Hirsh, PLLC",https://www.lopezhirsh.com/,,,El Paso,TX,El Paso,915-838-3900,,Civil Litigation,310 N Mesa St Ste 900,79901,El Paso,3,2,2026-09-13,State Bar of Texas Member Directory
Lorely Ramirez Fernandez,,,,El Paso,TX,El Paso,915-313-8713,,Immigration,"700 E. San Antonio Ave., Suite 750",79901,El Paso,2,1,2026-09-13,State Bar of Texas Member Directory
Lori Christine Hughes,,,,El Paso,TX,El Paso,,,Criminal Defense,"700 E. San Antonio, Ste 200",79901,El Paso,5,1,2026-09-13,State Bar of Texas Member Directory
"Louis E Lopez, Jr.",http://louislopezlaw.com/,,,El Paso,TX,El Paso,915-543-9800,llopez@lelopezlaw.com,Criminal Defense,416 N Stanton St Ste 400,79901,El Paso,5,1,2026-09-13,State Bar of Texas Member Directory; State Bar self-reported website
Lovett & Murray PC,https://www.lovettmurraylaw.com/,,,El Paso,TX,El Paso,915-757-9999,,Personal Injury,619 Arizona Ave,79902,El Paso,5,1,2026-09-13,State Bar of Texas Member Directory
Lovett Law Firm,https://www.lovettmurraylaw.com/,,,El Paso,TX,El Paso,915-757-9999,,Personal Injury,619 Arizona Ave,79902,El Paso,5,1,2026-09-13,State Bar of Texas Member Directory; State Bar self-reported website
Lovett Law Firm Family P.C.,https://lovettlawfamily.com/,,,El Paso,TX,El Paso,915-356-2222,,Personal Injury,801 E Rio Grande Ave,79902,El Paso,5,1,2026-09-13,State Bar of Texas Member Directory; State Bar self-reported website
Lowell M. Stokes,,,,El Paso,TX,El Paso,915-241-8985,,Personal Injury,11765 tony tejeda Drive,79936,El Paso,5,1,2026-09-13,State Bar of Texas Member Directory
Lozano Meza Law Firm,https://www.lozanomeza.com/,,,El Paso,TX,El Paso,915-225-1555,,Criminal Defense,221 N Kansas St Ste 1200,79901,El Paso,5,2,2026-09-13,State Bar of Texas Member Directory; State Bar self-reported website
"Lubin, Enoch, & Bustamante, P.C.",https://www.lubinandenoch.com/,,,El Paso,TX,El Paso,915-585-8008,,Employment Law,221 N Kansas St Ste 700,79901,El Paso,3,2,2026-09-13,State Bar of Texas Member Directory; State Bar self-reported website
Luis Gutierrez,,,,El Paso,TX,El Paso,915-577-0915,,Criminal Defense,1216 Montana Ave,79902,El Paso,5,1,2026-09-13,State Bar of Texas Member Directory
Lynn Anne Coyle,,,,El Paso,TX,El Paso,,,Personal Injury,2700 Richmond Ave.,79930,El Paso,5,1,2026-09-13,State Bar of Texas Member Directory
Lynne Brooks,,,,El Paso,TX,El Paso,915-256-1872,,General,7447 Mule Team,79911,El Paso,4,1,2026-09-13,State Bar of Texas Member Directory
M. Sue Kurita,,,,El Paso,TX,El Paso,915-543-3868,,Personal Injury,500 E San Antonio Ave Rm 1106,79901,El Paso,5,1,2026-09-13,State Bar of Texas Member Directory
"Madrid Law Firm, PLLC",,,,El Paso,TX,El Paso,915-351-9772,,Civil Litigation,201 E Main Dr Ste 1200 One San Jacinto Plaza,79901,El Paso,3,1,2026-09-13,State Bar of Texas Member Directory
Magda Yvonne Soto,https://www.lawofficeofmagdayvonnesoto.com/,,,El Paso,TX,El Paso,915-779-3619,,Estate Planning,8201 Lockheed Dr Ste 203,79925,El Paso,2,1,2026-09-13,State Bar of Texas Member Directory; State Bar self-reported website
Makkabi Law Group,https://makkabilaw.com/,,,El Paso,TX,El Paso,310-887-8000,,Personal Injury,311 Montana Ave Ste 2202,79902,El Paso,5,1,2026-09-13,State Bar of Texas Member Directory; State Bar self-reported website
"Mann Morrow, PLLC",http://mannmorrow.com/,,,El Paso,TX,El Paso,915-226-0400,,Personal Injury,671 S Mesa Hills Dr Ste 1A,79912,El Paso,5,2,2026-09-13,State Bar of Texas Member Directory; State Bar self-reported website
Mannie Kalman,,,,El Paso,TX,El Paso,915-542-1916,,Estate Planning,311 Montana Ave # 106,79902,El Paso,2,1,2026-09-13,State Bar of Texas Member Directory
"Mansouraty Gomez, PLLC - Attorneys at Law",https://www.mansouratygomez.com/,,,El Paso,TX,El Paso,915-289-9498,mglawfirmep@gmail.com,Criminal Defense,"6767 Viscount Blvd, Suite 102",79925,El Paso,5,2,2026-09-13,State Bar of Texas Member Directory; State Bar self-reported website
Mario A. Gonzalez,,,,El Paso,TX,El Paso,915-543-9802,,Criminal Defense,1707 Wyoming Ave # A,79902,El Paso,5,1,2026-09-13,State Bar of Texas Member Directory
"Mario Yague & Associates, PLLC",https://marioyaguelaw.com/,,,El Paso,TX,El Paso,915-400-1099,,Personal Injury,1521 E Missouri Ave,79902,El Paso,5,1,2026-09-13,State Bar of Texas Member Directory; State Bar self-reported website
Marjorie Wilcox Jobe,,,,El Paso,TX,El Paso,915-478-2325,,General,442 Country Oaks Dr,79932,El Paso,4,1,2026-09-13,State Bar of Texas Member Directory
Mark Dalton Dore,,,,El Paso,TX,El Paso,,,Employment Law,5721 North Stanton,79912,El Paso,3,1,2026-09-13,State Bar of Texas Member Directory
Mark Rhey Grissom,,,,El Paso,TX,El Paso,915-533-8340,,General,154 N Festival Dr Ste A,79912,El Paso,4,1,2026-09-13,State Bar of Texas Member Directory
"Markowski Ruvalcaba Law Firm, LLC",,,,El Paso,TX,El Paso,575-523-9052,,General,6937 Crown Ridge Dr,79912,El Paso,4,1,2026-09-13,State Bar of Texas Member Directory
Martinez & Martinez Law Firm,https://www.martinezlawyers.com/,,,El Paso,TX,El Paso,915-541-1000,mymail@mailservice.com,Personal Injury,2110 E Yandell Dr,79903,El Paso,5,2,2026-09-13,State Bar of Texas Member Directory; State Bar self-reported website
Marylee Von Warwick Jurecky,,,,El Paso,TX,El Paso,915-249-4488,,Estate Planning,PO Box 13205,79913,El Paso,2,1,2026-09-13,State Bar of Texas Member Directory
Max Higgs Law Office,,,,El Paso,TX,El Paso,915-351-1963,,Estate Planning,615 E Schuster Ave Ste 6,79902,El Paso,2,1,2026-09-13,State Bar of Texas Member Directory
Maxfield law pllc,,,,El Paso,TX,El Paso,,,General,940 W Borderland Rd,79932,El Paso,4,1,2026-09-13,State Bar of Texas Member Directory
Maxwell Styler Dismukes,,,,El Paso,TX,El Paso,,,General,525 Magoffin Ave.,79901,El Paso,4,1,2026-09-13,State Bar of Texas Member Directory
Mediation Services,,,,El Paso,TX,El Paso,915-588-6706,,General,501 N. Kansas #201,79901,El Paso,4,1,2026-09-13,State Bar of Texas Member Directory; State Bar self-reported website
Medicare,,,,El Paso,TX,El Paso,915-241-6764,,Estate Planning,10528 Brian Mooney Ave,79935,El Paso,2,1,2026-09-13,State Bar of Texas Member Directory; State Bar self-reported website
"Mendel Blumenfeld & Pulido, PLLC",,,,El Paso,TX,El Paso,915-587-7878,,Employment Law,304 Texas Ave Ste 1503,79901,El Paso,3,2,2026-09-13,State Bar of Texas Member Directory; State Bar self-reported website
"Mendez Isaac Joudi, PLLC",https://www.mijlawfirm.com/,,,El Paso,TX,El Paso,915-444-1000,info@mijlawfirm.com,Personal Injury,"320 Texas Ave., Ste. 300",79901,El Paso,5,5,2026-09-13,State Bar of Texas Member Directory; State Bar self-reported website
"Merton B. Goldman, P.C.",,,,El Paso,TX,El Paso,915-760-6880,,Real Estate,5915 Silver Springs Dr Bldg 8B,79912,El Paso,2,1,2026-09-13,State Bar of Texas Member Directory
"Mexus Advisory, LLC",https://mexusadvisory.com/,,,El Paso,TX,El Paso,915-449-6533,,General,213 S El Paso St,79901,El Paso,4,1,2026-09-13,State Bar of Texas Member Directory; State Bar self-reported website
Michael L. Aaronson,,,,El Paso,TX,El Paso,915-533-0110,,Criminal Defense,7362 Remcon Cir,79912,El Paso,5,1,2026-09-13,State Bar of Texas Member Directory
"Michelle E. Smith Attorney at Law, P.C.",https://www.michellesmithattorney.com/,,,El Paso,TX,El Paso,915-543-1661,,Criminal Defense,501 N Kansas St Ste 205,79901,El Paso,5,1,2026-09-13,State Bar of Texas Member Directory; State Bar self-reported website
Miguel A. Villalba & Associates,,,,El Paso,TX,El Paso,915-564-4500,,Criminal Defense,1145 E Rio Grande Ave,79902,El Paso,5,1,2026-09-13,State Bar of Texas Member Directory
Miguel Herrera,,,,El Paso,TX,El Paso,915-861-5174,,General,158 Rio Monte St,79915,El Paso,4,1,2026-09-13,State Bar of Texas Member Directory
Miguel Luis Hernandez,,,,El Paso,TX,El Paso,,,Criminal Defense,P.O. Box 12711,79913,El Paso,5,1,2026-09-13,State Bar of Texas Member Directory
Miranda and Maldonado PC,https://eptxlawyers.com/,,,El Paso,TX,El Paso,915-587-5000,,Civil Litigation,5915 Silver Springs Dr Bldg 7,79912,El Paso,3,2,2026-09-13,State Bar of Texas Member Directory; State Bar self-reported website
Miriam Cruz,https://miriamcruzlaw.com/,,,El Paso,TX,El Paso,915-209-2969,,Criminal Defense,1517 N Campbell St,79902,El Paso,5,1,2026-09-13,State Bar of Texas Member Directory; State Bar self-reported website
Monique Rose Malooly,,,,El Paso,TX,El Paso,,,General,4150 Rio Bravo St Ste 248,79902,El Paso,4,1,2026-09-13,State Bar of Texas Member Directory
Moody & Sahualla,,,,El Paso,TX,El Paso,915-845-9994,,Criminal Defense,2601 N Stanton St Ste A,79902,El Paso,5,1,2026-09-13,State Bar of Texas Member Directory; State Bar self-reported website
"Moss Legal Group, PLLC",https://mosslegalsolutions.com/,,,El Paso,TX,El Paso,915-703-7307,mosslegalsolutions@mosslegalsolutions.com,Personal Injury,5845 Cromo Dr Ste 2,79912,El Paso,5,3,2026-09-13,State Bar of Texas Member Directory; State Bar self-reported website
"Mounce, Green, Myers, Safi, Paxson & Galatzan, P.C.",https://www.mgmsg.com/,,,El Paso,TX,El Paso,915-532-2000,,Personal Injury,PO Box 1977,79999,El Paso,5,15,2026-09-13,State Bar of Texas Member Directory; State Bar self-reported website
NS LAW GROUP,,,,El Paso,TX,El Paso,915-493-2311,,General,"497 N Resler Drive, Ste. B",79912,El Paso,4,1,2026-09-13,State Bar of Texas Member Directory
Nadia Ali,,,,El Paso,TX,El Paso,,,General,500 E San Antonio Ave. Suite 501,79901,El Paso,4,1,2026-09-13,State Bar of Texas Member Directory
Nathalie Prieto,,,,El Paso,TX,El Paso,915-273-3542,,General,500 E San Antonio Ave Ste 201,79901,El Paso,4,1,2026-09-13,State Bar of Texas Member Directory
Nava Law Texas,https://www.navalawtexas.com/,,,El Paso,TX,El Paso,915-274-4783,,Criminal Defense,1012 N. Campbell St.,79902,El Paso,5,2,2026-09-13,State Bar of Texas Member Directory; State Bar self-reported website
Noemi Vania Lopez,,,,El Paso,TX,El Paso,,,Employment Law,RPM 5822 Cromo Drive,79912,El Paso,3,1,2026-09-13,State Bar of Texas Member Directory; State Bar self-reported website
Nunez Law Firm,,,,El Paso,TX,El Paso,915-471-2423,,General,909 E Rio Grande Ave,79902,El Paso,4,1,2026-09-13,State Bar of Texas Member Directory; State Bar self-reported website
ORTEGA LAW EPTX - PLLC,,,,El Paso,TX,El Paso,915-542-1883,,Criminal Defense,609 Myrtle Ave Ste 100,79901,El Paso,5,1,2026-09-13,State Bar of Texas Member Directory
"Office of Assistant Chief Counsel, Customs and Border Protection",,,,El Paso,TX,El Paso,915-599-0800,,General,9434 Viscount Blvd Ste 200,79925,El Paso,4,1,2026-09-13,State Bar of Texas Member Directory
Omar Maynez-Grijalva,,,,El Paso,TX,El Paso,915-542-1877,,Criminal Defense,2426 Montana Ave,79903,El Paso,5,1,2026-09-13,State Bar of Texas Member Directory
Ordonez & Balsiger PLLC,,,,El Paso,TX,El Paso,915-808-4604,,Real Estate,600 Sunland Park Drive Ste 5-600,79912,El Paso,2,2,2026-09-13,State Bar of Texas Member Directory
"Orlando J. Torres, Attorney and Counselor at Law, PLLC",,,,El Paso,TX,El Paso,915-543-0900,,Criminal Defense,1216 Montana Ave,79902,El Paso,5,1,2026-09-13,State Bar of Texas Member Directory; State Bar self-reported website
"PORRAS LAW, PLLC",,,,El Paso,TX,El Paso,915-273-3313,,General,311 Montana Ave Ste A2-19,79902,El Paso,4,1,2026-09-13,State Bar of Texas Member Directory; State Bar self-reported website
"Painter Law, PLLC",,,,El Paso,TX,El Paso,915-777-1311,,Personal Injury,"Coronado Towers, 6006 N. Mesa Street Suite 201",79912,El Paso,5,1,2026-09-13,State Bar of Texas Member Directory; State Bar self-reported website
Paola Ivette Camacho,,,,El Paso,TX,El Paso,915-422-6599,,General,1331 Texas Ave,79901,El Paso,4,1,2026-09-13,State Bar of Texas Member Directory
"Papadakis Law Group, PLLC",https://papadakislaw.com/,,,El Paso,TX,El Paso,915-900-8030,manuel@papadakislaw.com,Criminal Defense,1701 Bassett Ave Ste 165,79901,El Paso,5,2,2026-09-13,State Bar of Texas Member Directory; State Bar self-reported website
Parra Law,https://www.parralaw.com/,,,El Paso,TX,El Paso,915-799-0700,office@parralaw.com,Criminal Defense,3226 Pershing Dr,79903,El Paso,5,1,2026-09-13,State Bar of Texas Member Directory; State Bar self-reported website
Part time associate with Bojorquez Law Firm,,,,El Paso,TX,El Paso,915-630-7446,,Criminal Defense,5749 Oak Cliff,79912,El Paso,5,1,2026-09-13,State Bar of Texas Member Directory
"Patricia Goeldner Jay, Attorney at Law",,,,El Paso,TX,El Paso,915-449-1732,,Real Estate,713 Los Miradores Dr,79912,El Paso,2,1,2026-09-13,State Bar of Texas Member Directory
Patricia Lea Palafox,,,,El Paso,TX,El Paso,915-833-6198,,General,766A Espada Dr,79912,El Paso,4,1,2026-09-13,State Bar of Texas Member Directory
Patrick Gabriel Gabaldon,,,,El Paso,TX,El Paso,191-525-7744,,Criminal Defense,El Paso County Public Defenders Office 500 E. San Antonio,79901,El Paso,5,1,2026-09-13,State Bar of Texas Member Directory; State Bar self-reported website
"Paul F. Grajeda, Attorney at Law",,,,El Paso,TX,El Paso,915-534-7285,,Criminal Defense,416 N Stanton St Ste 601,79901,El Paso,5,1,2026-09-13,State Bar of Texas Member Directory
Paul G. Tellez,,,,El Paso,TX,El Paso,915-845-4529,,General,5915 Silver Springs Dr Bldg 1,79912,El Paso,4,1,2026-09-13,State Bar of Texas Member Directory
Paul Joseph Escobar,,,,El Paso,TX,El Paso,915-858-1535,,Criminal Defense,1030 N Zaragoza Rd Ste J,79907,El Paso,5,1,2026-09-13,State Bar of Texas Member Directory
Paula Louise Thomas,,,,El Paso,TX,El Paso,915-533-9955,,General,2720 E Yandell Dr Ste 200,79903,El Paso,4,1,2026-09-13,State Bar of Texas Member Directory
Pearson & Pearson,,,,El Paso,TX,El Paso,915-544-2114,,Estate Planning,214 W Franklin Ave,79901,El Paso,2,1,2026-09-13,State Bar of Texas Member Directory
"Pease & Associates Law Firm, PLLC",,,,El Paso,TX,El Paso,915-345-1100,,Criminal Defense,401 E Main Dr Ste 415,79901,El Paso,5,1,2026-09-13,State Bar of Texas Member Directory
Peter James Lynch,,,,El Paso,TX,El Paso,,,Employment Law,907 Kern Dr,79902,El Paso,3,1,2026-09-13,State Bar of Texas Member Directory
Peter Robert Escobar Attorney at Law,,,,El Paso,TX,El Paso,915-532-8334,,Criminal Defense,701 N Saint Vrain St,79902,El Paso,5,1,2026-09-13,State Bar of Texas Member Directory
Philip E. Mullin,https://philipmullin.com/,,,El Paso,TX,El Paso,915-594-7578,,Criminal Defense,3100 Trawood Dr,79936,El Paso,5,1,2026-09-13,State Bar of Texas Member Directory
Pineda Serrano PLLC,https://www.pinedaserrano.com/,,,El Paso,TX,El Paso,915-598-7726,connie@pinedaserrano.com,Estate Planning,11170 La Quinta Pl Ste B,79936,El Paso,2,1,2026-09-13,State Bar of Texas Member Directory
"Quinonez Law Firm, PLLC",https://www.quinonezlawfirm.com/,,,El Paso,TX,El Paso,915-533-0009,carlos@quinonezlawfirm.com,Personal Injury,11890 Vista Del Sol Dr Ste A-115,79936,El Paso,5,1,2026-09-13,State Bar of Texas Member Directory; State Bar self-reported website
"R. Hunt Law Firm, P.C.",,,,El Paso,TX,El Paso,251-458-3651,,Estate Planning,4855 N Mesa St Ste 108,79912,El Paso,2,1,2026-09-13,State Bar of Texas Member Directory
"R. Wayne Pritchard, P.C.",https://pritchlaw.com/,,,El Paso,TX,El Paso,915-533-0080,,General,416 N Stanton St Ste 404,79901,El Paso,4,1,2026-09-13,State Bar of Texas Member Directory; State Bar self-reported website
RAGOLAW,,,,El Paso,TX,El Paso,915-533-2535,,Criminal Defense,813 Myrtle Ave,79901,El Paso,5,1,2026-09-13,State Bar of Texas Member Directory
RODRIGUEZ & ASSOCIATES,,,,El Paso,TX,El Paso,915-351-8900,,Employment Law,1809 Georgia Place,79902,El Paso,3,2,2026-09-13,State Bar of Texas Member Directory
Rafael C. Morales Attorney at Law,,,,El Paso,TX,El Paso,915-532-3674,,Criminal Defense,416 N Stanton St Ste 502 Fl 5,79901,El Paso,5,1,2026-09-13,State Bar of Texas Member Directory; State Bar self-reported website
Rago Law,https://www.ragolawonline.com/,,,El Paso,TX,El Paso,915-533-2535,ragolaw@gmail.com,Criminal Defense,813 Myrtle Ave,79901,El Paso,5,1,2026-09-13,State Bar of Texas Member Directory; State Bar self-reported website
Ray Pena McChristian PC,https://rmjfirm.com/,,,El Paso,TX,El Paso,915-832-7200,,Personal Injury,5822 Cromo Dr Ste 400,79912,El Paso,5,7,2026-09-13,State Bar of Texas Member Directory; State Bar self-reported website; manual verified search
Ray Velarde Attorney at Law,,,,El Paso,TX,El Paso,915-532-6003,,Criminal Defense,1216 Montana Ave,79902,El Paso,5,1,2026-09-13,State Bar of Texas Member Directory
"Ray, McChristian & Jeans, P.C.",,,,El Paso,TX,El Paso,915-832-7253,,General,5822 Cromo Dr Ste 400,79912,El Paso,4,1,2026-09-13,State Bar of Texas Member Directory
Rebecca Reyes Law PLLC,,,,El Paso,TX,El Paso,915-320-7650,,Criminal Defense,2863 Pershing Dr,79903,El Paso,5,1,2026-09-13,State Bar of Texas Member Directory
"Rey & Degenhart, Attorneys at Law",https://www.reydegenhartlaw.com/,,,El Paso,TX,El Paso,915-534-4300,,Criminal Defense,501 N Kansas St Ste 100,79901,El Paso,5,1,2026-09-13,State Bar of Texas Member Directory; State Bar self-reported website
"Reyes & Reyes Law Firm, PLLC",https://reyesandreyes.com/,,,El Paso,TX,El Paso,915-533-9718,,Estate Planning,1413 Montana Ave,79902,El Paso,2,2,2026-09-13,State Bar of Texas Member Directory; State Bar self-reported website
Reyes Trial Law LLC,,,,El Paso,TX,El Paso,915-306-3125,,Personal Injury,221 N Kansas St Ste 700,79901,El Paso,5,1,2026-09-13,State Bar of Texas Member Directory
Ricardo Herrera,,,,El Paso,TX,El Paso,,,General,8612 Shaver Drive,79925,El Paso,4,1,2026-09-13,State Bar of Texas Member Directory
Richard Deck,https://attorneyricharddeck.com/,,,El Paso,TX,El Paso,915-532-1122,christopher@agims.com,Criminal Defense,1113 E Yandell Dr,79902,El Paso,5,1,2026-09-13,State Bar of Texas Member Directory; Justia
Richard Evan Mattersdorff,,,,El Paso,TX,El Paso,915-751-2108,,General,4717 Hondo Pass Dr Ste 3K,79904,El Paso,4,1,2026-09-13,State Bar of Texas Member Directory
Richard L. Ainsa,,,,El Paso,TX,El Paso,915-273-3491,,General,6400 Delta Dr,79905,El Paso,4,1,2026-09-13,State Bar of Texas Member Directory
Richard Louis Jewkes,,,,El Paso,TX,El Paso,915-534-7400,,Criminal Defense,701 N Saint Vrain St,79902,El Paso,5,1,2026-09-13,State Bar of Texas Member Directory
Righi Fitch Law Group,,,,El Paso,TX,El Paso,,,Civil Litigation,7328 Desierto Luna,79912,El Paso,3,1,2026-09-13,State Bar of Texas Member Directory
"Rincon Law Group, P.C.",http://www.rinconlawgroup.com/,,,El Paso,TX,El Paso,915-532-6800,crincon@rinconlawgroup.com,Personal Injury,1014 N Mesa St Ste 200,79902,El Paso,5,3,2026-09-13,State Bar of Texas Member Directory; State Bar self-reported website
River Oaks Properties,,,,El Paso,TX,El Paso,915-225-7721,,Estate Planning,5678 N Mesa St,79912,El Paso,2,1,2026-09-13,State Bar of Texas Member Directory
"Robert A. Skipworth, Attorney at Law P.C.",,,,El Paso,TX,El Paso,915-533-0096,,Personal Injury,1043 Los Jardines Cir,79912,El Paso,5,1,2026-09-13,State Bar of Texas Member Directory; State Bar self-reported website
Robert Anthony Saab,,,,El Paso,TX,El Paso,915-494-0444,,General,8540 Gateway Blvd E,79907,El Paso,4,1,2026-09-13,State Bar of Texas Member Directory
Robert C. Belk Attorney at Law,,,,El Paso,TX,El Paso,915-833-4021,,Estate Planning,7362 Remcon Circle,79912,El Paso,2,1,2026-09-13,State Bar of Texas Member Directory; State Bar self-reported website
Robert Joseph Perez,,,,El Paso,TX,El Paso,915-542-1222,,Criminal Defense,221 N Kansas St Ste 1103,79901,El Paso,5,1,2026-09-13,State Bar of Texas Member Directory
Robert Ramos,,,,El Paso,TX,El Paso,915-545-1175,,Criminal Defense,1145 E Rio Grande Ave,79902,El Paso,5,1,2026-09-13,State Bar of Texas Member Directory
Roberto Arturo Chavez,,,,El Paso,TX,El Paso,,,Real Estate,500 N. Oregon St. 2nd Floor,79901,El Paso,2,1,2026-09-13,State Bar of Texas Member Directory
Robinson R. Norris,,,,El Paso,TX,El Paso,915-329-4860,,Criminal Defense,2408 Fir Street,79925,El Paso,5,1,2026-09-13,State Bar of Texas Member Directory
"Robles Bracken & Hughes, PLLC",https://rbhfirm.com/,,,El Paso,TX,El Paso,915-544-1144,contact@rbhfirm.com,Personal Injury,800 N Mesa St Ste 200,79902,El Paso,5,11,2026-09-13,State Bar of Texas Member Directory; State Bar self-reported website
Rogelio Cesar Rodriguez,,,,El Paso,TX,El Paso,915-422-1000,,General,3800 N Mesa St # A-2202,79902,El Paso,4,1,2026-09-13,State Bar of Texas Member Directory
Roger Kent Sutton,,,,El Paso,TX,El Paso,915-546-2059,,Criminal Defense,6248 Edgemere Blvd # 817,79925,El Paso,5,1,2026-09-13,State Bar of Texas Member Directory
Rosa Natalie Reyes,,,,El Paso,TX,El Paso,,,General,"221 N Kansas Street, Floor 14",79901,El Paso,4,1,2026-09-13,State Bar of Texas Member Directory
Rosales Law Firm,https://www.rosaleslawfirm.com/,,,El Paso,TX,El Paso,915-542-0884,,Criminal Defense,1400 Montana Ave,79902,El Paso,5,2,2026-09-13,State Bar of Texas Member Directory; manual verified search
Ruben P Hernandez,,,,El Paso,TX,El Paso,915-532-9971,,Criminal Defense,1205 E Yandell Dr,79902,El Paso,5,1,2026-09-13,State Bar of Texas Member Directory
Ruggero S. Provenghi,,,,El Paso,TX,El Paso,915-778-7799,,Personal Injury,8900 Viscount Blvd Ste An168,79925,El Paso,5,1,2026-09-13,State Bar of Texas Member Directory
"Ruhmann Law Firm, P.C.",https://www.ruhmannlawfirm.com/,,,El Paso,TX,El Paso,915-845-4529,,Employment Law,5915 Silver Springs Dr Bldg 1,79912,El Paso,3,2,2026-09-13,State Bar of Texas Member Directory; State Bar self-reported website
Russell M. Aboud,,,,El Paso,TX,El Paso,915-532-5449,rmaboud@aol.com,Criminal Defense,918 E San Antonio Ave,79901,El Paso,5,1,2026-09-13,State Bar of Texas Member Directory; State Bar self-reported website
SBA,,,,El Paso,TX,El Paso,915-633-7413,,General,1545 Hawkins Blvd Ste 202,79925,El Paso,4,1,2026-09-13,State Bar of Texas Member Directory
SCHERR & LEGATE PLLC,https://www.scherrlegate.com/,,,El Paso,TX,El Paso,915-241-0100,,Personal Injury,420 E San Antonio Ave Fl 2,79901,El Paso,5,4,2026-09-13,State Bar of Texas Member Directory; State Bar self-reported website
"SN Injury Law, PLLC",https://www.sntriallaw.com/,,,El Paso,TX,El Paso,915-820-8712,sebastian@nunezinjury.com,Criminal Defense,5809 Acacia Cir.,79912,El Paso,5,1,2026-09-13,State Bar of Texas Member Directory; State Bar self-reported website
Sadie Anne Herbert,,,,El Paso,TX,El Paso,,,General,"9434 Viscount Blvd, Suite 200",79925,El Paso,4,1,2026-09-13,State Bar of Texas Member Directory
Salena Karam Ayoub,,,,El Paso,TX,El Paso,915-581-2100,,Personal Injury,5900 Luckett Ct,79932,El Paso,5,1,2026-09-13,State Bar of Texas Member Directory
"Salloum Law Firm, PC",https://www.marksalloumlaw.com/,,,El Paso,TX,El Paso,915-533-4511,,Real Estate,661 S Mesa Hills Dr Ste 100,79912,El Paso,2,1,2026-09-13,State Bar of Texas Member Directory; State Bar self-reported website
Sam Flores Law PLLC,https://samfloreslaw.com/,,,El Paso,TX,El Paso,915-300-2430,samfloreslaw@gmail.com,Criminal Defense,3004 E Yandell Dr,79903,El Paso,5,1,2026-09-13,State Bar of Texas Member Directory
"Sam Snoddy, Attorney at Law",,,,El Paso,TX,El Paso,915-542-4287,,Personal Injury,1518 Montana Ave,79902,El Paso,5,1,2026-09-13,State Bar of Texas Member Directory
Saratoga Homes,,,,El Paso,TX,El Paso,915-201-3102,,Real Estate,12300 Montwood Dr,79928,El Paso,2,1,2026-09-13,State Bar of Texas Member Directory
Scherr Law Firm,https://www.scherrlawfirm.com/,,,El Paso,TX,El Paso,915-881-4111,,Personal Injury,521 Texas Ave,79901,El Paso,5,1,2026-09-13,State Bar of Texas Member Directory; State Bar self-reported website
Scherr Law James F. Scherr P C,https://www.jamesscherrlaw.com/,,,El Paso,TX,El Paso,915-544-0100,,Personal Injury,1790 N Lee Trevino Dr Ste 601,79936,El Paso,5,1,2026-09-13,State Bar of Texas Member Directory; State Bar self-reported website
"ScottHulse, P.C.",https://www.scotthulse.com/,,,El Paso,TX,El Paso,915-533-2493,,Employment Law,201 E Main Dr Ste 1100,79901,El Paso,3,22,2026-09-13,State Bar of Texas Member Directory; State Bar self-reported website
Scruggs Law Firm,,,,El Paso,TX,El Paso,915-593-1444,,Workers' Compensation,"7500 Viscount, C84",79925,El Paso,5,1,2026-09-13,State Bar of Texas Member Directory
"Semko & Minor,P.C.",,,,El Paso,TX,El Paso,915-532-7200,,General,501 N Kansas St Ste B100,79901,El Paso,4,1,2026-09-13,State Bar of Texas Member Directory
Senior Chief Justice Texas Courts of Appeal,,,,El Paso,TX,El Paso,,,General,2401 Savannah Ave,79930,El Paso,4,1,2026-09-13,State Bar of Texas Member Directory
Serang Law,https://www.seranglaw.com/,,,El Paso,TX,El Paso,915-422-5290,seranglaw@yahoo.com,General,12380 Edgemere Blvd Ste 102,79938,El Paso,4,1,2026-09-13,State Bar of Texas Member Directory
"Sergent Law Firm, P.C.",,,,El Paso,TX,El Paso,915-587-5222,,General,6006 N Mesa St Ste 1000,79912,El Paso,4,1,2026-09-13,State Bar of Texas Member Directory
Sergio Coronado,https://www.sergiocoronado.com/,,,El Paso,TX,El Paso,915-532-4500,,Criminal Defense,1019 E Yandell Dr,79902,El Paso,5,1,2026-09-13,State Bar of Texas Member Directory
Sergio Humberto Enriquez,,,,El Paso,TX,El Paso,915-273-3585,,General,1784 Dean Jones El Paso TX 79936,79936,El Paso,4,1,2026-09-13,State Bar of Texas Member Directory
Shelby Lee McCue,,,,El Paso,TX,El Paso,713-371-6504,,Estate Planning,6264 Franklin Hawk Ave,79912,El Paso,2,1,2026-09-13,State Bar of Texas Member Directory
Shuhao Wang,,,,El Paso,TX,El Paso,,,General,609 Myrtle Ave 100A,79901,El Paso,4,1,2026-09-13,State Bar of Texas Member Directory
Siobhan Marie Weathers,,,,El Paso,TX,El Paso,,,General,1012 N Campbell,79902,El Paso,4,1,2026-09-13,State Bar of Texas Member Directory
Solange Fournier,,,,El Paso,TX,El Paso,,,General,11625 Pratt Ave,79936,El Paso,4,1,2026-09-13,State Bar of Texas Member Directory
"Spencer Trial Attorneys, P.C.",,,,El Paso,TX,El Paso,915-532-5562,,Criminal Defense,1009 Montana Ave,79902,El Paso,5,1,2026-09-13,State Bar of Texas Member Directory
"Stephanie Townsend Allala, PLLC",https://www.elpasoelderlaw.com/,,,El Paso,TX,El Paso,915-533-0007,,Estate Planning,4131 Trowbridge Dr,79903,El Paso,2,1,2026-09-13,State Bar of Texas Member Directory; State Bar self-reported website
Stephen Gordon Peters,,,,El Paso,TX,El Paso,915-577-0075,,Criminal Defense,401 Boston Ave,79902,El Paso,5,1,2026-09-13,State Bar of Texas Member Directory
Stephen Walter Spurgin,https://stephenspurgin.com/,,,El Paso,TX,El Paso,915-779-2800,,Immigration,310 N Mesa St Ste 300,79901,El Paso,2,1,2026-09-13,State Bar of Texas Member Directory; State Bar self-reported website
Steve E. Raney,,,,El Paso,TX,El Paso,915-838-6855,,Real Estate,1360 N Lee Trevino Ste 107,79936,El Paso,2,1,2026-09-13,State Bar of Texas Member Directory
Steve Ortega,https://www.steveortegalaw.com/,,,El Paso,TX,El Paso,915-383-3651,office@steveortegalaw.com,Estate Planning,521 Texas Ave,79901,El Paso,2,1,2026-09-13,State Bar of Texas Member Directory
"Stillinger & Godinez, PLLC",https://stillingergodinez.com/,,,El Paso,TX,El Paso,915-775-0705,,Criminal Defense,401 Boston Ave,79902,El Paso,5,2,2026-09-13,State Bar of Texas Member Directory; State Bar self-reported website
Strategic Communication Consulting Group,,,,El Paso,TX,El Paso,915-351-7077,,Real Estate,4110 Rio Bravo St Ste 103,79902,El Paso,2,1,2026-09-13,State Bar of Texas Member Directory; State Bar self-reported website
Stump & Associates,,,,El Paso,TX,El Paso,405-879-0800,,General,"11712 Charter Park, Ste 250",79936,El Paso,4,1,2026-09-13,State Bar of Texas Member Directory
"Sylvia Borunda Firth, PLLC",,,,El Paso,TX,El Paso,915-532-7500,,Employment Law,311 Montana Ave Ste B,79902,El Paso,3,1,2026-09-13,State Bar of Texas Member Directory
"T. O. Gilstrap, Jr., P.C.",,,,El Paso,TX,El Paso,915-581-0020,,General,PO Box 222008,79913,El Paso,4,1,2026-09-13,State Bar of Texas Member Directory
THE CARTER LAW FIRM,,,,El Paso,TX,El Paso,915-500-4236,,Criminal Defense,"124 W. Castellano Dr., Suite 103",79912,El Paso,5,1,2026-09-13,State Bar of Texas Member Directory; State Bar self-reported website
THE ORNELAS FIRM PLLC,,,,El Paso,TX,El Paso,915-440-0044,,Civil Litigation,"201 E Main, Ste 1203",79901,El Paso,3,1,2026-09-13,State Bar of Texas Member Directory; State Bar self-reported website
Taffy Bagley PC,,,,El Paso,TX,El Paso,915-543-6700,,Real Estate,201 E Main Dr Ste 1501,79901,El Paso,2,1,2026-09-13,State Bar of Texas Member Directory
Tanzy and Borrego PLLC.,https://tanzyborrego.net/,,,El Paso,TX,El Paso,915-566-4300,info@tanzyborrego.com,Bankruptcy,2610 Montana,79903,El Paso,2,2,2026-09-13,State Bar of Texas Member Directory; State Bar self-reported website
"Tawney, Acosta & Chaparro P.C.",https://tacinjurylaw.com/,,,El Paso,TX,El Paso,915-308-1000,,Personal Injury,7016 Orizaba Ave,79912,El Paso,5,9,2026-09-13,State Bar of Texas Member Directory; State Bar self-reported website
Texas Indigent Defense Commission,https://www.tidc.texas.gov/,,,El Paso,TX,El Paso,512-936-6994,info@tidc.texas.gov,Criminal Defense,"Texas Indigent Defense Commission 209 West 14th Street, Suite 202",78701,El Paso,5,1,2026-09-13,State Bar of Texas Member Directory; State Bar self-reported website
"Texas Law Hog - DSG Law Firm, PLLC",https://texaslawhog.com/,,,El Paso,TX,El Paso,915-252-9300,,Personal Injury,1462 Vanderbilt Dr,79935,El Paso,5,1,2026-09-13,State Bar of Texas Member Directory; State Bar self-reported website
"The Dominguez Law Firm, P.L.L.C.",,,,El Paso,TX,El Paso,915-544-7087,,Employment Law,4171 N Mesa St Ste B201,79902,El Paso,3,1,2026-09-13,State Bar of Texas Member Directory
"The Fields Law Firm, PC",http://www.fieldslawyers.com/,,,El Paso,TX,El Paso,915-351-4000,,Real Estate,501 Executive Center Blvd Ste 200,79902,El Paso,2,4,2026-09-13,State Bar of Texas Member Directory; manual verified search
"The Goldfarb Law Firm, PLLC",https://goldfarb-legal.com/,,,El Paso,TX,El Paso,915-995-5950,,Estate Planning,309 E Robinson Ave,79902,El Paso,2,2,2026-09-13,State Bar of Texas Member Directory; State Bar self-reported website
"The Hanshew Law Firm, PLLC",https://www.hanshewlawfirm.com/,,,El Paso,TX,El Paso,915-491-6181,,Employment Law,632 Moondale Dr,79912,El Paso,3,1,2026-09-13,State Bar of Texas Member Directory; State Bar self-reported website
"The Harbour Law Firm, P.C.",https://harbourlaw.net/,,,El Paso,TX,El Paso,915-544-7600,cori@harbourlaw.net,Criminal Defense,701 N Saint Vrain St Ste 203,79902,El Paso,5,1,2026-09-13,State Bar of Texas Member Directory; State Bar self-reported website
The Hernandez Law Firm,,,,El Paso,TX,El Paso,915-351-4300,,Criminal Defense,1219 E Missouri Ave,79902,El Paso,5,1,2026-09-13,State Bar of Texas Member Directory
The Islas Law Firm,,,,El Paso,TX,El Paso,915-599-9883,,Criminal Defense,8201 Lockheed Dr Ste 216,79925,El Paso,5,1,2026-09-13,State Bar of Texas Member Directory
The King Law Firm PLLC,https://thekinglawfirm.org/,,,El Paso,TX,El Paso,915-249-6099,rk@thekinglawfirm.org,Criminal Defense,310 N Mesa St Ste 424,79901,El Paso,5,1,2026-09-13,State Bar of Texas Member Directory; State Bar self-reported website
"The Lauser Law Firm, P.C.",https://lauserlawfirm.com/,,,El Paso,TX,El Paso,915-355-0177,,Immigration,6006 N Mesa St Ste 304,79912,El Paso,2,1,2026-09-13,State Bar of Texas Member Directory; State Bar self-reported website
"The Law Firm of Edward Rodriguez, P.C.",,,,El Paso,TX,El Paso,915-778-3992,,Immigration,501 E Rio Grande Ave,79902,El Paso,2,1,2026-09-13,State Bar of Texas Member Directory
The Law Office Of Eric B. Darnell,,,,El Paso,TX,El Paso,915-313-0000,,Criminal Defense,PO Box 121,79941,El Paso,5,1,2026-09-13,State Bar of Texas Member Directory
"The Law Office of Amy A. Moore, PLLC",https://www.mylegalteam.net/,,,El Paso,TX,El Paso,915-301-0090,mylawyer@mylegalteam.net,General,1131 Montana Ave,79902,El Paso,4,1,2026-09-13,State Bar of Texas Member Directory; State Bar self-reported website
"The Law Office of Brett Duke, P.C.",https://brettduke.com/,,,El Paso,TX,El Paso,915-875-0003,brettduke@brettduke.com,Employment Law,6350 Escondido Dr Ste A14,79912,El Paso,3,1,2026-09-13,State Bar of Texas Member Directory
"The Law Office of Courtney Bowie, PLLC",,,,El Paso,TX,El Paso,915-290-1010,,General,8340 Gateway Blvd E Ste 201,79907,El Paso,4,1,2026-09-13,State Bar of Texas Member Directory
The Law Office of Daniel Marquez,https://damlawoffice.com/,,,El Paso,TX,El Paso,915-270-9580,dan@damlawoffice.com,Criminal Defense,1308 Montana Ave Ste A,79902,El Paso,5,1,2026-09-13,State Bar of Texas Member Directory; State Bar self-reported website
The Law Office of Jordan Hartshorn,,,,El Paso,TX,El Paso,915-621-9239,,Criminal Defense,201 E Main St Suite 210,79901,El Paso,5,1,2026-09-13,State Bar of Texas Member Directory
The Law Office of Juan Uraga,,,,El Paso,TX,El Paso,915-996-2416,,Criminal Defense,4171 N Mesa St Ste B201,79902,El Paso,5,1,2026-09-13,State Bar of Texas Member Directory
The Law Office of Mark T. Davis,https://www.marktdavislaw.com/,,,El Paso,TX,El Paso,915-779-3596,,Criminal Defense,1420 Geronimo Dr Ste A1 Bldg A,79925,El Paso,5,2,2026-09-13,State Bar of Texas Member Directory; State Bar self-reported website
The Law Office of Max Daniel Munoz,,,,El Paso,TX,El Paso,915-838-7777,,General,5898 W Valley Cir,79932,El Paso,4,1,2026-09-13,State Bar of Texas Member Directory
The Law Office of Michael Wirz,https://michaelwirzlaw.com/,,,El Paso,TX,El Paso,915-777-6355,contact@michaelwirzlaw.com,Criminal Defense,"1300 North El Paso St., Suite 4B",79902,El Paso,5,1,2026-09-13,State Bar of Texas Member Directory
"The Law Office of Noe Rodriguez, PLLC",https://www.noerodriguezlaw.com/,,,El Paso,TX,El Paso,915-401-6600,noe@noerodriguezlaw.com,Estate Planning,311 Montana Ave Ste A2-13,79902,El Paso,2,1,2026-09-13,State Bar of Texas Member Directory; State Bar self-reported website
"The Law Office of Roberto A. Ramos, PLLC",https://raramoslaw.com/,,,El Paso,TX,El Paso,915-245-0144,,General,PO Box 24010,79914,El Paso,4,1,2026-09-13,State Bar of Texas Member Directory; State Bar self-reported website
The Law Office of Romero and Warrick PLLC,https://www.romerowarricklaw.com/,,,El Paso,TX,El Paso,915-200-4200,,Criminal Defense,1010 N. Kansas St.,79902,El Paso,5,2,2026-09-13,State Bar of Texas Member Directory; State Bar self-reported website
The Law Offices Of Lisa A. Elizondo PLLC,,,,El Paso,TX,El Paso,915-351-2775,,Personal Injury,2504 Montana Ave,79903,El Paso,5,1,2026-09-13,State Bar of Texas Member Directory
"The Law Offices of Michael J. Zimprich, PLLC",https://mjzlaw-ep.com/,,,El Paso,TX,El Paso,915-201-4944,main@mjzlaw-ep.com,Real Estate,7001 Westwind Dr Ste 205,79912,El Paso,2,1,2026-09-13,State Bar of Texas Member Directory; State Bar self-reported website
"The Law offices of Rios, Parada & Seanez PLLC",,,,El Paso,TX,El Paso,915-532-2333,,Personal Injury,1505 E Missouri Ave,79902,El Paso,5,1,2026-09-13,State Bar of Texas Member Directory; State Bar self-reported website
The Martinez Law Firm,,,,El Paso,TX,El Paso,915-490-0063,,General,"5601 Montana, Suite A",79925,El Paso,4,1,2026-09-13,State Bar of Texas Member Directory; State Bar self-reported website
"The Matthew James, Attorney at Law",https://www.thematthewjames.com/,,,El Paso,TX,El Paso,915-303-8062,,Criminal Defense,310 N Mesa St Ste 810,79901,El Paso,5,1,2026-09-13,State Bar of Texas Member Directory; State Bar self-reported website
"The Nevarez Law Firm, PC",http://lawofficesmrn.com/,,,El Paso,TX,El Paso,915-225-2255,,Civil Litigation,7362 Remcon Cir,79912,El Paso,3,1,2026-09-13,State Bar of Texas Member Directory; State Bar self-reported website
"The Pablos Law Firm, P.C.",,,,El Paso,TX,El Paso,915-543-9100,,Criminal Defense,801 N El Paso St Ste 250,79902,El Paso,5,1,2026-09-13,State Bar of Texas Member Directory
The RBI Law Firm,,,,El Paso,TX,El Paso,915-219-4780,,General,"221 N. Kansas Street, Suite 700",79901,El Paso,4,1,2026-09-13,State Bar of Texas Member Directory
The Soto Law Firm,,,,El Paso,TX,El Paso,915-533-1906,,Estate Planning,211 N Florence St Ste 102,79901,El Paso,2,1,2026-09-13,State Bar of Texas Member Directory
The Walker Law Firm,,,,El Paso,TX,El Paso,915-755-1336,,Estate Planning,9531 Dyer St,79924,El Paso,2,1,2026-09-13,State Bar of Texas Member Directory; State Bar self-reported website
Theresa Caballero,,,,El Paso,TX,El Paso,915-565-3550,,Criminal Defense,310 N Mesa St,79901,El Paso,5,1,2026-09-13,State Bar of Texas Member Directory
Thomas G. Wicker,,,,El Paso,TX,El Paso,915-587-6766,,Civil Litigation,PO Box 221261,79913,El Paso,3,1,2026-09-13,State Bar of Texas Member Directory
Thomas Ignatious Fitzpatrick,,,,El Paso,TX,El Paso,,,General,1806 Frank Sinatra Pl,79936,El Paso,4,1,2026-09-13,State Bar of Texas Member Directory
Thomas Randolph Rey,,,,El Paso,TX,El Paso,915-546-9999,,Criminal Defense,716 E Paisano Dr # 3,79901,El Paso,5,1,2026-09-13,State Bar of Texas Member Directory
"Thomas S. Hughes, P.C.",,,,El Paso,TX,El Paso,915-532-4984,,Criminal Defense,747 E San Antonio Ave Ste 202,79901,El Paso,5,1,2026-09-13,State Bar of Texas Member Directory
Todd Daniel Morten,,,,El Paso,TX,El Paso,915-546-8185,,Criminal Defense,500 E San Antonio Ave Rm 501,79901,El Paso,5,1,2026-09-13,State Bar of Texas Member Directory
"Townsend Allala, Coulter & Kludt, PLLC",https://www.elpasoelderlaw.com/,,,El Paso,TX,El Paso,915-533-0007,,Estate Planning,4131 Trowbridge Dr,79903,El Paso,2,2,2026-09-13,State Bar of Texas Member Directory; State Bar self-reported website
Tristan Law Office,https://tristanlawoffice.com/,,,El Paso,TX,El Paso,915-255-2222,,General,1731 Montana Ave,79902,El Paso,4,1,2026-09-13,State Bar of Texas Member Directory
Tristan Nicolas Bouilly,,,,El Paso,TX,El Paso,915-546-8185,,Criminal Defense,500 E San Antonio Ave Rm 501,79901,El Paso,5,1,2026-09-13,State Bar of Texas Member Directory
"Troy C Brown, Atty. at Law",,,,El Paso,TX,El Paso,915-543-9669,,Criminal Defense,PO Box 221588,79913,El Paso,5,1,2026-09-13,State Bar of Texas Member Directory
"Tu Voz Trial Attorneys, PLLC",,,,El Paso,TX,El Paso,915-209-1303,,Criminal Defense,609 Myrtle Ave,79901,El Paso,5,1,2026-09-13,State Bar of Texas Member Directory
U.S. Drug Enforcement Administration,,,,El Paso,TX,El Paso,571-387-5098,,Criminal Defense,660 S Mesa Hills Dr.,79912,El Paso,5,1,2026-09-13,State Bar of Texas Member Directory
United Neighborhood Organization,,,,El Paso,TX,El Paso,915-351-0099,,Immigration,717 E San Antonio Ave 4th Fl Fl 4,79901,El Paso,2,1,2026-09-13,State Bar of Texas Member Directory
VRO Law Firm,https://www.vrolawfirm.com/,,,El Paso,TX,El Paso,915-320-4363,info@vrolawfirm.com,Criminal Defense,609 Myrtle Ave Ste 100,79901,El Paso,5,1,2026-09-13,State Bar of Texas Member Directory; State Bar self-reported website
Valenzuela Law Firm,https://www.valenzuela-law.com/,,,El Paso,TX,El Paso,915-209-2719,,Criminal Defense,701 Magoffin Ave,79901,El Paso,5,2,2026-09-13,State Bar of Texas Member Directory; State Bar self-reported website
"Vann Law Firm, P.C.",http://www.vannlaw.com/,,,El Paso,TX,El Paso,915-845-3505,,Immigration,PO Box 13250,79913,El Paso,2,1,2026-09-13,State Bar of Texas Member Directory; State Bar self-reported website
Vazquez Hutterer PLLC,https://vhcivillaw.com/,,,El Paso,TX,El Paso,915-955-4939,,Personal Injury,5608 Cory Drive,79932,El Paso,5,1,2026-09-13,State Bar of Texas Member Directory; State Bar self-reported website
Vice President and Chief of Staff,,,,El Paso,TX,El Paso,915-747-5555,,Employment Law,The University of Texas at El Paso,79902,El Paso,3,1,2026-09-13,State Bar of Texas Member Directory
Victor Ivan Martinez,,,,El Paso,TX,El Paso,,,General,District Attorney's Office 500 E. San Antonio 2nd Floor,79901,El Paso,4,1,2026-09-13,State Bar of Texas Member Directory
Victor Serrano,,,,El Paso,TX,El Paso,915-533-3300,,Criminal Defense,310 N Mesa St Ste 325,79901,El Paso,5,1,2026-09-13,State Bar of Texas Member Directory
"Vielledent & Associates, PLLC",https://www.vielledentlaw.com/,,,El Paso,TX,El Paso,915-545-4408,,Personal Injury,6006 N Mesa St Ste 700,79912,El Paso,5,2,2026-09-13,State Bar of Texas Member Directory; State Bar self-reported website; manual verified search
"Villalpando Law Firm, PLLC",https://villalpandolaw.com/,,,El Paso,TX,El Paso,915-307-3496,contact@villalpandolaw.com,Immigration,1119 N Virginia St,79902,El Paso,2,1,2026-09-13,State Bar of Texas Member Directory; State Bar self-reported website
Villar & Garcia Law Firm,https://www.villargarcia.com/,,,El Paso,TX,El Paso,915-314-2363,,Immigration,2523 Montana Ave,79903,El Paso,2,1,2026-09-13,State Bar of Texas Member Directory; State Bar self-reported website
"Villegas Law Firm, PLLC",https://villegasfirm.com/,,,El Paso,TX,El Paso,915-412-6800,office@villegasfirm.com,Estate Planning,2211 Trawood Dr,79935,El Paso,2,1,2026-09-13,State Bar of Texas Member Directory; State Bar self-reported website
Viviana Salazar Patino,,,,El Paso,TX,El Paso,915-546-8185,,General,500 E San Antonio Ave Rm 501,79901,El Paso,4,1,2026-09-13,State Bar of Texas Member Directory
Walker Dispute Solutions PLLC,https://mcwadr.com/,,,El Paso,TX,El Paso,915-433-5587,,General,2252 Thawline Pl,79911,El Paso,4,1,2026-09-13,State Bar of Texas Member Directory; State Bar self-reported website
Waltraud Haley,,,,El Paso,TX,El Paso,,,Criminal Defense,2910 Wheeling Avenue,79930,El Paso,5,1,2026-09-13,State Bar of Texas Member Directory
Werge Law Firm PLLC,,,,El Paso,TX,El Paso,915-204-2582,,Criminal Defense,1413 Montana Ave,79902,El Paso,5,1,2026-09-13,State Bar of Texas Member Directory; State Bar self-reported website
"Wes Navidomskis, Attorney at law",,,,El Paso,TX,El Paso,915-730-8644,,Criminal Defense,221 N. Kansas St Ste 1505,79901,El Paso,5,1,2026-09-13,State Bar of Texas Member Directory
"West Texas Trial Lawyers, PLLC",https://wtxtrial.com/,,,El Paso,TX,El Paso,915-279-0000,,Criminal Defense,1005 N Mesa St,79902,El Paso,5,2,2026-09-13,State Bar of Texas Member Directory; State Bar self-reported website
WestStar Bank,,,,El Paso,TX,El Paso,915-747-4155,,Estate Planning,P.O. Box 99100,79999,El Paso,2,1,2026-09-13,State Bar of Texas Member Directory; State Bar self-reported website
William A. Elias,,,,El Paso,TX,El Paso,915-532-1907,,Personal Injury,1100 Montana Ave Ste 102,79902,El Paso,5,1,2026-09-13,State Bar of Texas Member Directory
William E. Moody,,,,El Paso,TX,El Paso,915-546-2101,,General,500 E San Antonio Ave Rm 905,79901,El Paso,4,1,2026-09-13,State Bar of Texas Member Directory
William R. Copeland,,,,El Paso,TX,El Paso,915-595-1533,,Criminal Defense,5749 Beaumont Pl,79912,El Paso,5,1,2026-09-13,State Bar of Texas Member Directory
"Windle Hood Norton Brittain & Jay, LLP",https://windlehood.com/,,,El Paso,TX,El Paso,915-545-4900,,Personal Injury,201 E Main Dr Ste 1350,79901,El Paso,5,4,2026-09-13,State Bar of Texas Member Directory; State Bar self-reported website
"Winterberg Law Firm, P.C.",https://epimmigrationlawyer.com/,,,El Paso,TX,El Paso,915-841-9777,,Immigration,1535 Hawkins Blvd Ste A,79925,El Paso,2,1,2026-09-13,State Bar of Texas Member Directory; State Bar self-reported website
Winton Law El Paso PC,https://wintonlawelpaso.com/,,,El Paso,TX,El Paso,915-201-2633,,Estate Planning,1533 N Lee Trevino Dr Ste 201,79936,El Paso,2,1,2026-09-13,State Bar of Texas Member Directory; State Bar self-reported website
"Wyatt Underwood, PLLC",https://wyattunderwoodtriallawyers.com/,,,El Paso,TX,El Paso,915-485-9100,,Criminal Defense,705 Texas Ave,79901,El Paso,5,4,2026-09-13,State Bar of Texas Member Directory; State Bar self-reported website
Zant Law Firm P.C.,https://www.zantlawfirm.com/,,,El Paso,TX,El Paso,915-799-0993,info@zantlawfirm.com,Personal Injury,10830 Martin Luther King Jr Blvd Ste 104 PMB 114,79934,El Paso,5,1,2026-09-13,State Bar of Texas Member Directory; State Bar self-reported website
avila law firm,,,,El Paso,TX,El Paso,214-929-8485,,Personal Injury,3330 Pershing Dr,79903,El Paso,5,1,2026-09-13,State Bar of Texas Member Directory
law office of christopher cox,,,,El Paso,TX,El Paso,915-330-2430,,General,512 Castile Ave,79912,El Paso,4,1,2026-09-13,State Bar of Texas Member Directory
law office of jose e. troche,,,,El Paso,TX,El Paso,915-838-8114,,Criminal Defense,1216 Montana Ave,79902,El Paso,5,1,2026-09-13,State Bar of Texas Member Directory
"rosendo ""sandy"" torres attorney at law",,,,El Paso,TX,El Paso,915-261-5251,,General,1113 E Yandell Dr,79902,El Paso,4,1,2026-09-13,State Bar of Texas Member Directory
terry@terrywhammond.com,,,,El Paso,TX,El Paso,915-200-4120,,Estate Planning,2531 Montana Ave,79903,El Paso,2,1,2026-09-13,State Bar of Texas Member Directory; Justia
Claudia Rocha Ochoa,,,,Fabens,TX,El Paso,915-539-4491,,Immigration,PO Box 384098,79838,El Paso,2,1,2026-09-13,State Bar of Texas Member Directory
Elia Garcia,,,,Socorro,TX,El Paso,915-209-2946,,Criminal Defense,250 Horizon Blvd.,79927,El Paso,5,1,2026-09-13,State Bar of Texas Member Directory
Law Office of Tony Aguilar,,,,Socorro,TX,El Paso,915-858-0225,,General,11405 N Loop Dr,79927,El Paso,4,1,2026-09-13,State Bar of Texas Member Directory
