law_firm_name,website,google_business_profile,legal_directory_listing,city,state,county,phone_number,email,practice_area,street_address,zip_code,msa,priority,number_of_lawyers,date_pulled,source
Aaron Joshua Bazan,,,,,TX,Hidalgo,,,General,,,McAllen-Edinburg-Mission,4,1,2026-09-13,State Bar of Texas Member Directory
Abiel Linan,,,,,TX,Hidalgo,,,General,,,McAllen-Edinburg-Mission,4,1,2026-09-13,State Bar of Texas Member Directory
Alec de la Cruz,,,,,TX,Hidalgo,,,General,,,McAllen-Edinburg-Mission,4,1,2026-09-13,State Bar of Texas Member Directory
Amanda Diane Austin,,,,,TX,Hidalgo,,,Criminal Defense,,,McAllen-Edinburg-Mission,5,1,2026-09-13,State Bar of Texas Member Directory
Anabel T. Maldonado,,,,,TX,Hidalgo,,,Personal Injury,,,McAllen-Edinburg-Mission,5,1,2026-09-13,State Bar of Texas Member Directory
Andrei V. Ibanez,,,,,TX,Hidalgo,,,General,,,McAllen-Edinburg-Mission,4,1,2026-09-13,State Bar of Texas Member Directory
Andres Castillo,,,,,TX,Hidalgo,,,General,,,McAllen-Edinburg-Mission,4,1,2026-09-13,State Bar of Texas Member Directory
Andrias Rebecca Jones,,,,,TX,Hidalgo,,,General,,,McAllen-Edinburg-Mission,4,1,2026-09-13,State Bar of Texas Member Directory
Anica Alfaro,,,,,TX,Hidalgo,,,General,,,McAllen-Edinburg-Mission,4,1,2026-09-13,State Bar of Texas Member Directory
Anthony Matthew Ortega,,,,,TX,Hidalgo,,,General,,,McAllen-Edinburg-Mission,4,1,2026-09-13,State Bar of Texas Member Directory
Ashley Aneliz Salinas,,,,,TX,Hidalgo,,,General,,,McAllen-Edinburg-Mission,4,1,2026-09-13,State Bar of Texas Member Directory
Azalea Aleman-Bendiks,,,,,TX,Hidalgo,,,Criminal Defense,,,McAllen-Edinburg-Mission,5,1,2026-09-13,State Bar of Texas Member Directory
"Baker, Donelson, Bearman, Caldwell & Berkowitz P.C.",,,,,TX,Hidalgo,,,General,,,McAllen-Edinburg-Mission,4,1,2026-09-13,State Bar of Texas Member Directory
Brittney Garza Ast,,,,,TX,Hidalgo,,,General,,,McAllen-Edinburg-Mission,4,1,2026-09-13,State Bar of Texas Member Directory
Cindy Aime Esquivel,,,,,TX,Hidalgo,,,Criminal Defense,,,McAllen-Edinburg-Mission,5,1,2026-09-13,State Bar of Texas Member Directory
Conservation International,,,,,TX,Hidalgo,,,General,,,McAllen-Edinburg-Mission,4,1,2026-09-13,State Bar of Texas Member Directory
Criselda Ivon Rincon,,,,,TX,Hidalgo,,,Criminal Defense,,,McAllen-Edinburg-Mission,5,1,2026-09-13,State Bar of Texas Member Directory
DOJ/EOIR HARLINGEN IMMIGRATION COURT,,,,,TX,Hidalgo,,,Immigration,,,McAllen-Edinburg-Mission,2,1,2026-09-13,State Bar of Texas Member Directory
Daniel Gonzalez,,,,,TX,Hidalgo,,,General,,,McAllen-Edinburg-Mission,4,1,2026-09-13,State Bar of Texas Member Directory
Denise Santa Ana,,,,,TX,Hidalgo,,,Criminal Defense,,,McAllen-Edinburg-Mission,5,1,2026-09-13,State Bar of Texas Member Directory
E. R. Contreras,,,,,TX,Hidalgo,,,General,,,McAllen-Edinburg-Mission,4,1,2026-09-13,State Bar of Texas Member Directory
Elias Alcantar,,,,,TX,Hidalgo,,,General,,,McAllen-Edinburg-Mission,4,1,2026-09-13,State Bar of Texas Member Directory
Francisco Martinez,,,,,TX,Hidalgo,,,General,,,McAllen-Edinburg-Mission,4,1,2026-09-13,State Bar of Texas Member Directory
Gerald Cregg Thompson,,,,,TX,Hidalgo,,,General,,,McAllen-Edinburg-Mission,4,1,2026-09-13,State Bar of Texas Member Directory
Glenn William Devino,,,,,TX,Hidalgo,,,General,,,McAllen-Edinburg-Mission,4,1,2026-09-13,State Bar of Texas Member Directory
Hannah Brooke Fawcett,,,,,TX,Hidalgo,,,General,,,McAllen-Edinburg-Mission,4,1,2026-09-13,State Bar of Texas Member Directory
Iliana Sepulveda,,,,,TX,Hidalgo,,,General,,,McAllen-Edinburg-Mission,4,1,2026-09-13,State Bar of Texas Member Directory
Isabel Trevino,,,,,TX,Hidalgo,,,General,,,McAllen-Edinburg-Mission,4,1,2026-09-13,State Bar of Texas Member Directory
Isabela Maria Pena-Gonzalez,,,,,TX,Hidalgo,,,General,,,McAllen-Edinburg-Mission,4,1,2026-09-13,State Bar of Texas Member Directory
Jaime Cantu,,,,,TX,Hidalgo,,,General,,,McAllen-Edinburg-Mission,4,1,2026-09-13,State Bar of Texas Member Directory
Jennifer Denise Garza-Smith,,,,,TX,Hidalgo,,,General,,,McAllen-Edinburg-Mission,4,1,2026-09-13,State Bar of Texas Member Directory
John David de la Garza,,,,,TX,Hidalgo,,,General,,,McAllen-Edinburg-Mission,4,1,2026-09-13,State Bar of Texas Member Directory
John Timothy Wilson,,,,,TX,Hidalgo,,,General,,,McAllen-Edinburg-Mission,4,1,2026-09-13,State Bar of Texas Member Directory
Jorge Villagomez,,,,,TX,Hidalgo,,,Criminal Defense,,,McAllen-Edinburg-Mission,5,1,2026-09-13,State Bar of Texas Member Directory
Jose Antonio Perez,,,,,TX,Hidalgo,,,General,,,McAllen-Edinburg-Mission,4,1,2026-09-13,State Bar of Texas Member Directory
Jose I. Cardenas,,,,,TX,Hidalgo,956-330-6763,,General,,,McAllen-Edinburg-Mission,4,1,2026-09-13,State Bar of Texas Member Directory
Jose Olivarez,,,,,TX,Hidalgo,,,General,,,McAllen-Edinburg-Mission,4,1,2026-09-13,State Bar of Texas Member Directory
Juan Christian Beltran,,,,,TX,Hidalgo,,,General,,,McAllen-Edinburg-Mission,4,1,2026-09-13,State Bar of Texas Member Directory
Juan Jose Becerra,,,,,TX,Hidalgo,,,General,,,McAllen-Edinburg-Mission,4,1,2026-09-13,State Bar of Texas Member Directory
Juan Pablo Muro,,,,,TX,Hidalgo,,,General,,,McAllen-Edinburg-Mission,4,1,2026-09-13,State Bar of Texas Member Directory
Juan R. Guajardo,,,,,TX,Hidalgo,,,General,,,McAllen-Edinburg-Mission,4,1,2026-09-13,State Bar of Texas Member Directory
Juan Ramon Partida,,,,,TX,Hidalgo,,,General,,,McAllen-Edinburg-Mission,4,1,2026-09-13,State Bar of Texas Member Directory
Kanishka Bhagia,,,,,TX,Hidalgo,,,General,,,McAllen-Edinburg-Mission,4,1,2026-09-13,State Bar of Texas Member Directory
Kevin D. Pagan,,,,,TX,Hidalgo,,,General,,,McAllen-Edinburg-Mission,4,1,2026-09-13,State Bar of Texas Member Directory
Kevin Lee Yarley,,,,,TX,Hidalgo,,,General,,,McAllen-Edinburg-Mission,4,1,2026-09-13,State Bar of Texas Member Directory
Laiza Andrea Palma,,,,,TX,Hidalgo,,,General,,,McAllen-Edinburg-Mission,4,1,2026-09-13,State Bar of Texas Member Directory
Laurel Theresa McLeaish,,,,,TX,Hidalgo,,,Employment Law,,,McAllen-Edinburg-Mission,3,1,2026-09-13,State Bar of Texas Member Directory
Lauren M. Esparza,,,,,TX,Hidalgo,,,General,,,McAllen-Edinburg-Mission,4,1,2026-09-13,State Bar of Texas Member Directory
Law Office of Anna M. De Leon,,,,,TX,Hidalgo,956-683-8384,,Personal Injury,,,McAllen-Edinburg-Mission,5,1,2026-09-13,State Bar of Texas Member Directory
Linda Reyna Yanez,,,,,TX,Hidalgo,956-451-1011,,Criminal Defense,,,McAllen-Edinburg-Mission,5,1,2026-09-13,State Bar of Texas Member Directory
"Lozano Legal, PLLC",,,,,TX,Hidalgo,,,Criminal Defense,,,McAllen-Edinburg-Mission,5,1,2026-09-13,State Bar of Texas Member Directory
Luciana Estefania Hampilos,,,,,TX,Hidalgo,,,General,,,McAllen-Edinburg-Mission,4,1,2026-09-13,State Bar of Texas Member Directory
Marcos Garcia Law PLLC,,,,,TX,Hidalgo,956-363-4527,,General,,,McAllen-Edinburg-Mission,4,1,2026-09-13,State Bar of Texas Member Directory
Mariel Juliana Gamboa,,,,,TX,Hidalgo,,,General,,,McAllen-Edinburg-Mission,4,1,2026-09-13,State Bar of Texas Member Directory
Martin Isac Garza,,,,,TX,Hidalgo,,,General,,,McAllen-Edinburg-Mission,4,1,2026-09-13,State Bar of Texas Member Directory
Martin L. Perez,,,,,TX,Hidalgo,956-778-1343,,Criminal Defense,,,McAllen-Edinburg-Mission,5,1,2026-09-13,State Bar of Texas Member Directory
Michael Allen Lawrence,,,,,TX,Hidalgo,,,Personal Injury,,,McAllen-Edinburg-Mission,5,1,2026-09-13,State Bar of Texas Member Directory
Michelle Vianney Beltran,,,,,TX,Hidalgo,,,General,,,McAllen-Edinburg-Mission,4,1,2026-09-13,State Bar of Texas Member Directory
Mona Nicolette Gonzalez,,,,,TX,Hidalgo,,,General,,,McAllen-Edinburg-Mission,4,1,2026-09-13,State Bar of Texas Member Directory
Nancy Benet,,,,,TX,Hidalgo,,,General,,,McAllen-Edinburg-Mission,4,1,2026-09-13,State Bar of Texas Member Directory
Nathan Riley Creger,,,,,TX,Hidalgo,,,General,,,McAllen-Edinburg-Mission,4,1,2026-09-13,State Bar of Texas Member Directory
Nicholas Manuel Socias,,,,,TX,Hidalgo,,,General,,,McAllen-Edinburg-Mission,4,1,2026-09-13,State Bar of Texas Member Directory
Noe Andres Gonzalez,,,,,TX,Hidalgo,,,General,,,McAllen-Edinburg-Mission,4,1,2026-09-13,State Bar of Texas Member Directory
Nuriddin Kalam,,,,,TX,Hidalgo,,,General,,,McAllen-Edinburg-Mission,4,1,2026-09-13,State Bar of Texas Member Directory
Omar Rene Gutierrez,,,,,TX,Hidalgo,,,General,,,McAllen-Edinburg-Mission,4,1,2026-09-13,State Bar of Texas Member Directory
PETA Foundation,,,,,TX,Hidalgo,,,General,,,McAllen-Edinburg-Mission,4,1,2026-09-13,State Bar of Texas Member Directory
Paola Limon,,,,,TX,Hidalgo,,,General,,,McAllen-Edinburg-Mission,4,1,2026-09-13,State Bar of Texas Member Directory
Paul Garcia & Associates,,,,,TX,Hidalgo,,,General,,,McAllen-Edinburg-Mission,4,1,2026-09-13,State Bar of Texas Member Directory
Polet Garza,,,,,TX,Hidalgo,,,Immigration,,,McAllen-Edinburg-Mission,2,1,2026-09-13,State Bar of Texas Member Directory
Ranjit Singh Lidhar,,,,,TX,Hidalgo,,,General,,,McAllen-Edinburg-Mission,4,1,2026-09-13,State Bar of Texas Member Directory
Raudel Eleuterio Guerra,,,,,TX,Hidalgo,,,General,,,McAllen-Edinburg-Mission,4,1,2026-09-13,State Bar of Texas Member Directory
Reynaldo Garza,,,,,TX,Hidalgo,,,General,,,McAllen-Edinburg-Mission,4,1,2026-09-13,State Bar of Texas Member Directory
Ricardo Hernandez,,,,,TX,Hidalgo,,,General,,,McAllen-Edinburg-Mission,4,1,2026-09-13,State Bar of Texas Member Directory
Robert Wells,,,,,TX,Hidalgo,,,Criminal Defense,,,McAllen-Edinburg-Mission,5,1,2026-09-13,State Bar of Texas Member Directory
Rodolfo Martinez,,,,,TX,Hidalgo,,,Criminal Defense,,,McAllen-Edinburg-Mission,5,1,2026-09-13,State Bar of Texas Member Directory
Roland Jose Miller,,,,,TX,Hidalgo,,,Criminal Defense,,,McAllen-Edinburg-Mission,5,1,2026-09-13,State Bar of Texas Member Directory
Roxana Lopez,,,,,TX,Hidalgo,,,Estate Planning,,,McAllen-Edinburg-Mission,2,1,2026-09-13,State Bar of Texas Member Directory
Ryan K. Sim,,,,,TX,Hidalgo,,,General,,,McAllen-Edinburg-Mission,4,1,2026-09-13,State Bar of Texas Member Directory
Ryan S. Hefley,,,,,TX,Hidalgo,,,General,,,McAllen-Edinburg-Mission,4,1,2026-09-13,State Bar of Texas Member Directory
Samantha Escalon,,,,,TX,Hidalgo,,,General,,,McAllen-Edinburg-Mission,4,1,2026-09-13,State Bar of Texas Member Directory
Samantha Jordon Cordon,,,,,TX,Hidalgo,,,General,,,McAllen-Edinburg-Mission,4,1,2026-09-13,State Bar of Texas Member Directory
Samantha Sue Allen Denton,,,,,TX,Hidalgo,,,General,,,McAllen-Edinburg-Mission,4,1,2026-09-13,State Bar of Texas Member Directory
Sandy Lynette Gonzalez,,,,,TX,Hidalgo,,,General,,,McAllen-Edinburg-Mission,4,1,2026-09-13,State Bar of Texas Member Directory
Sarah Jean Daguno Pineda,,,,,TX,Hidalgo,,,General,,,McAllen-Edinburg-Mission,4,1,2026-09-13,State Bar of Texas Member Directory
Solo practice,,,,,TX,Hidalgo,,,General,,,McAllen-Edinburg-Mission,4,1,2026-09-13,State Bar of Texas Member Directory
St. Matthew's Episcopal Church,,,,,TX,Hidalgo,956-278-0380,,General,,,McAllen-Edinburg-Mission,4,1,2026-09-13,State Bar of Texas Member Directory
Stacie Marie Morales,,,,,TX,Hidalgo,,,General,,,McAllen-Edinburg-Mission,4,1,2026-09-13,State Bar of Texas Member Directory
Stephanie Diane-Papa Enslein,,,,,TX,Hidalgo,,,Personal Injury,,,McAllen-Edinburg-Mission,5,1,2026-09-13,State Bar of Texas Member Directory
Stephen Edward Dimas,,,,,TX,Hidalgo,,,Criminal Defense,,,McAllen-Edinburg-Mission,5,1,2026-09-13,State Bar of Texas Member Directory
Stephen L. Crain,,,,,TX,Hidalgo,,,General,,,McAllen-Edinburg-Mission,4,1,2026-09-13,State Bar of Texas Member Directory
Susman Godfrey,,,,,TX,Hidalgo,,,General,,,McAllen-Edinburg-Mission,4,1,2026-09-13,State Bar of Texas Member Directory
"TEXAS LAND LAW, PLLC",,,,,TX,Hidalgo,,,Real Estate,,,McAllen-Edinburg-Mission,2,1,2026-09-13,State Bar of Texas Member Directory
Terry L. Leonard,,,,,TX,Hidalgo,956-585-6533,,Criminal Defense,,,McAllen-Edinburg-Mission,5,1,2026-09-13,State Bar of Texas Member Directory
Texas Senate,,,,,TX,Hidalgo,,,Personal Injury,,,McAllen-Edinburg-Mission,5,1,2026-09-13,State Bar of Texas Member Directory
Trevor Lane Marlar,,,,,TX,Hidalgo,,,General,,,McAllen-Edinburg-Mission,4,1,2026-09-13,State Bar of Texas Member Directory
Valeria Marie Rivera,,,,,TX,Hidalgo,,,General,,,McAllen-Edinburg-Mission,4,1,2026-09-13,State Bar of Texas Member Directory
Verónica Esmeralda Bernal,,,,,TX,Hidalgo,,,Criminal Defense,,,McAllen-Edinburg-Mission,5,1,2026-09-13,State Bar of Texas Member Directory
Victor R. Martinez,,,,,TX,Hidalgo,,,General,,,McAllen-Edinburg-Mission,4,1,2026-09-13,State Bar of Texas Member Directory
Victoria Ann Carrizales,,,,,TX,Hidalgo,,,General,,,McAllen-Edinburg-Mission,4,1,2026-09-13,State Bar of Texas Member Directory
Vito Luis Chavana,,,,,TX,Hidalgo,,,General,,,McAllen-Edinburg-Mission,4,1,2026-09-13,State Bar of Texas Member Directory
Yanairem Moreno,,,,,TX,Hidalgo,,,General,,,McAllen-Edinburg-Mission,4,1,2026-09-13,State Bar of Texas Member Directory
"Alamo Law Center, PLLC",,,,Alamo,TX,Hidalgo,956-601-0247,,Criminal Defense,127 N Alamo Rd,78516,McAllen-Edinburg-Mission,5,1,2026-09-13,State Bar of Texas Member Directory; State Bar self-reported website
"Armando P Duran, PLLC",,,,Alamo,TX,Hidalgo,956-781-2299,,Criminal Defense,PO Box 516,78516,McAllen-Edinburg-Mission,5,1,2026-09-13,State Bar of Texas Member Directory
Dorian Evans Ramirez,,,,Alamo,TX,Hidalgo,512-925-7956,,General,436 Rexine Dr,78516,McAllen-Edinburg-Mission,4,1,2026-09-13,State Bar of Texas Member Directory
Law Office Of Veronica Moncivais,,,,Alamo,TX,Hidalgo,956-457-8020,,Criminal Defense,1019 W US Highway 83,78516,McAllen-Edinburg-Mission,5,1,2026-09-13,State Bar of Texas Member Directory
"Law Office of Britny Rocha, PLLC",,,,Alamo,TX,Hidalgo,956-787-2471,,Criminal Defense,757 E Austin Ave,78516,McAllen-Edinburg-Mission,5,1,2026-09-13,State Bar of Texas Member Directory
"Law Office of Elba Rocha, PLLC",http://www.lawelbarocha.com/,,,Alamo,TX,Hidalgo,956-787-2471,,Criminal Defense,757 E. Austin,78516,McAllen-Edinburg-Mission,5,1,2026-09-13,State Bar of Texas Member Directory; State Bar self-reported website
Law Office of Eloy Tomas Sepulveda,,,,Alamo,TX,Hidalgo,956-310-2410,,Criminal Defense,1019 W US Highway 83,78516,McAllen-Edinburg-Mission,5,1,2026-09-13,State Bar of Texas Member Directory
Law Office of Ignacio Mendoza Jr. PLLC,,,,Alamo,TX,Hidalgo,956-617-3832,,Criminal Defense,757 E Austin Ave,78516,McAllen-Edinburg-Mission,5,1,2026-09-13,State Bar of Texas Member Directory
Law Office of Javier E Solis,,,,Alamo,TX,Hidalgo,956-547-9900,,Criminal Defense,1119 W Austin Ave,78516,McAllen-Edinburg-Mission,5,1,2026-09-13,State Bar of Texas Member Directory
Jesus Sotelo & Associates PLLC,,,,Donna,TX,Hidalgo,956-283-8484,,Personal Injury,509 Expressway 83,78537,McAllen-Edinburg-Mission,5,1,2026-09-13,State Bar of Texas Member Directory
"Law Office of Dennis Ramirez, PLLC",,,,Donna,TX,Hidalgo,956-461-2890,,Criminal Defense,111 N 17th St Ste D,78537,McAllen-Edinburg-Mission,5,1,2026-09-13,State Bar of Texas Member Directory; State Bar self-reported website
Law Office of Humberto Silva,,,,Donna,TX,Hidalgo,956-650-8435,,Criminal Defense,PO Box 2091,78537,McAllen-Edinburg-Mission,5,1,2026-09-13,State Bar of Texas Member Directory
Law Office of Robert J. Salinas & Assoc.,,,,Donna,TX,Hidalgo,956-464-2460,,Criminal Defense,2101 Wood Ave,78537,McAllen-Edinburg-Mission,5,1,2026-09-13,State Bar of Texas Member Directory
TIKUN Equity Advisors,,,,Donna,TX,Hidalgo,956-464-3113,,Real Estate,2213 S Victoria Rd,78537,McAllen-Edinburg-Mission,2,1,2026-09-13,State Bar of Texas Member Directory; State Bar self-reported website
206 Dist Court,,,,Edinburg,TX,Hidalgo,956-318-2265,,Criminal Defense,100 N Closner Blvd Fl 6 Hidalgo County Courthouse,78539,McAllen-Edinburg-Mission,5,1,2026-09-13,State Bar of Texas Member Directory
Aaron Ian Vela,http://www.velalaw.com/,,,Edinburg,TX,Hidalgo,956-381-4440,diana@velalaw.com,Personal Injury,1508 S Lone Star Way Ste 2,78539,McAllen-Edinburg-Mission,5,1,2026-09-13,State Bar of Texas Member Directory; State Bar self-reported website
Agustin Hernandez Law Firm,https://lawrgv.com/,,,Edinburg,TX,Hidalgo,956-255-5555,hernandezlawgroup@lawrgv.com,Criminal Defense,5403 S McColl Rd,78539,McAllen-Edinburg-Mission,5,1,2026-09-13,State Bar of Texas Member Directory; State Bar self-reported website
"Alan D. Monroe, Attorney at Law",,,,Edinburg,TX,Hidalgo,956-207-6712,,Real Estate,4205 Michael Blvd,78539,McAllen-Edinburg-Mission,2,1,2026-09-13,State Bar of Texas Member Directory
Alejandro Munoz,https://www.alejandromunozlaw.com/,,,Edinburg,TX,Hidalgo,956-348-2121,,Criminal Defense,210 W Cano St Ste A,78539,McAllen-Edinburg-Mission,5,1,2026-09-13,State Bar of Texas Member Directory
"Alvarez & Canales, PLLC",,,,Edinburg,TX,Hidalgo,956-287-0300,,Criminal Defense,112 S 12th Ave,78539,McAllen-Edinburg-Mission,5,2,2026-09-13,State Bar of Texas Member Directory
Andrea Angelica Maldonado,,,,Edinburg,TX,Hidalgo,,,Criminal Defense,100 East Cano st,78539,McAllen-Edinburg-Mission,5,1,2026-09-13,State Bar of Texas Member Directory
Andrew L. Almaguer,,,,Edinburg,TX,Hidalgo,956-345-3234,,Criminal Defense,214 E. University Dr.,78539,McAllen-Edinburg-Mission,5,1,2026-09-13,State Bar of Texas Member Directory
Armando Guerra - Attorney at Law,https://mandoguerra.com/,,,Edinburg,TX,Hidalgo,956-287-4165,,Criminal Defense,113 N 9th Ave,78541,McAllen-Edinburg-Mission,5,1,2026-09-13,State Bar of Texas Member Directory; State Bar self-reported website
Arnulfo Eduardo Martinez,,,,Edinburg,TX,Hidalgo,956-661-9292,,General,5213 S McColl Rd,78539,McAllen-Edinburg-Mission,4,1,2026-09-13,State Bar of Texas Member Directory
Aurelio Garza,https://www.aureliogarzalaw.com/,,,Edinburg,TX,Hidalgo,956-513-1117,,Criminal Defense,3009 S Bus Hwy 281,78539,McAllen-Edinburg-Mission,5,1,2026-09-13,State Bar of Texas Member Directory; State Bar self-reported website
"Barreiro Law Office, PLLC",,,,Edinburg,TX,Hidalgo,956-682-2431,,Criminal Defense,204 E Cano St Ste 2107,78539,McAllen-Edinburg-Mission,5,1,2026-09-13,State Bar of Texas Member Directory
Belinda Salinas Anzaldua Attorney At Law,,,,Edinburg,TX,Hidalgo,956-844-0010,,Criminal Defense,PO Box 62,78540,McAllen-Edinburg-Mission,5,1,2026-09-13,State Bar of Texas Member Directory
"Brasure Law Firm, PLLC",https://brasurelaw.com/,,,Edinburg,TX,Hidalgo,888-964-1116,chris@brasurelaw.com,Personal Injury,135 Paseo Del Prado Ave Ste 32,78539,McAllen-Edinburg-Mission,5,1,2026-09-13,State Bar of Texas Member Directory; State Bar self-reported website
Brent Cavazos Attorney at Law,,,,Edinburg,TX,Hidalgo,956-383-0526,,Criminal Defense,222 E University Dr,78539,McAllen-Edinburg-Mission,5,1,2026-09-13,State Bar of Texas Member Directory
Canche Law,,,,Edinburg,TX,Hidalgo,956-377-0187,,Criminal Defense,135 Paseo Del Prado Ave Ste 23,78539,McAllen-Edinburg-Mission,5,1,2026-09-13,State Bar of Texas Member Directory
"Cantu-Del Bosque, L.L.C.",,,,Edinburg,TX,Hidalgo,956-289-8215,,Criminal Defense,PO Box 2719,78540,McAllen-Edinburg-Mission,5,1,2026-09-13,State Bar of Texas Member Directory
Carmen Benavides Ramirez,,,,Edinburg,TX,Hidalgo,956-683-7070,,Estate Planning,4715 S Jackson Rd,78539,McAllen-Edinburg-Mission,2,1,2026-09-13,State Bar of Texas Member Directory
"Caso Law Firm, PLLC",,,,Edinburg,TX,Hidalgo,956-433-2276,,Personal Injury,112 E Cano St,78539,McAllen-Edinburg-Mission,5,1,2026-09-13,State Bar of Texas Member Directory; State Bar self-reported website
Cassandra Araceli Hernandez,,,,Edinburg,TX,Hidalgo,,,Criminal Defense,100 E. Cano,78539,McAllen-Edinburg-Mission,5,1,2026-09-13,State Bar of Texas Member Directory
"Castellanos Law Group, PLLC",,,,Edinburg,TX,Hidalgo,956-631-9550,,Personal Injury,4817 S Jackson Rd,78539,McAllen-Edinburg-Mission,5,1,2026-09-13,State Bar of Texas Member Directory; State Bar self-reported website
Ceaser Law,,,,Edinburg,TX,Hidalgo,956-300-2002,,Personal Injury,1400 S. 12th Ave. Edinburg,78539,McAllen-Edinburg-Mission,5,1,2026-09-13,State Bar of Texas Member Directory
Child Protection Court of the Rio Grande Valley West,,,,Edinburg,TX,Hidalgo,956-318-2671,,General,100 N Closner Blvd 3rd Fl Child Protection Court,78539,McAllen-Edinburg-Mission,4,1,2026-09-13,State Bar of Texas Member Directory
"Colvin, Saenz, Rodriguez & Kennamer, L.L.P.",https://www.rcclaw.com/,,,Edinburg,TX,Hidalgo,956-542-7441,,Personal Injury,323 W Cano St Ste 100,78539,McAllen-Edinburg-Mission,5,4,2026-09-13,State Bar of Texas Member Directory; State Bar self-reported website
Contreras Gutierrez & Associates,https://www.contrerasgutierrezlaw.com/,,,Edinburg,TX,Hidalgo,956-683-0057,info@ccglaw.net,Employment Law,1302 S 10th Ave,78539,McAllen-Edinburg-Mission,3,1,2026-09-13,State Bar of Texas Member Directory
"Crash Law Firm, PLLC",https://www.aftermycrash.com/,,,Edinburg,TX,Hidalgo,956-307-9696,mail@crashlawfirm.com,General,320 W McIntyre St Ste 5A,78541,McAllen-Edinburg-Mission,4,1,2026-09-13,State Bar of Texas Member Directory; State Bar self-reported website
Dania Yamel Pulido,,,,Edinburg,TX,Hidalgo,956-619-4222,,Immigration,"204 E. Cano St., Suite 2.104",78539,McAllen-Edinburg-Mission,2,1,2026-09-13,State Bar of Texas Member Directory
David R. Gorena,,,,Edinburg,TX,Hidalgo,956-381-5605,drgorena@netscape.com,Criminal Defense,420 W University Dr,78539,McAllen-Edinburg-Mission,5,1,2026-09-13,State Bar of Texas Member Directory; State Bar self-reported website
"De la Fuente & Solis, PLLC",,,,Edinburg,TX,Hidalgo,956-381-4357,office@381help.com,Criminal Defense,PO Box 2307,78540,McAllen-Edinburg-Mission,5,3,2026-09-13,State Bar of Texas Member Directory; manual verified search
Dieterich & Kelly Legal Group,,,,Edinburg,TX,Hidalgo,956-289-2199,,Personal Injury,11900 N 26th St Ste 200,78539,McAllen-Edinburg-Mission,5,10,2026-09-13,State Bar of Texas Member Directory
Dill Law Firm,,,,Edinburg,TX,Hidalgo,,,Civil Litigation,3206 E. Richardson Rd. Suite G,78542,McAllen-Edinburg-Mission,3,1,2026-09-13,State Bar of Texas Member Directory
Duberney Law Firm,,,,Edinburg,TX,Hidalgo,956-457-4685,,Criminal Defense,510 E. University Dr.,78539,McAllen-Edinburg-Mission,5,1,2026-09-13,State Bar of Texas Member Directory
Edna Escaname Cedillo,,,,Edinburg,TX,Hidalgo,956-720-4278,,General,909 S 10th Ave,78539,McAllen-Edinburg-Mission,4,1,2026-09-13,State Bar of Texas Member Directory
Eduardo Javier Garza,,,,Edinburg,TX,Hidalgo,,,Personal Injury,5317 S McColl Rd,78539,McAllen-Edinburg-Mission,5,1,2026-09-13,State Bar of Texas Member Directory; State Bar self-reported website
Enrique Omar Maldonado,,,,Edinburg,TX,Hidalgo,956-292-7740,,Criminal Defense,100 N Closner Blvd,78539,McAllen-Edinburg-Mission,5,1,2026-09-13,State Bar of Texas Member Directory
"Escobedo & Cardenas, L.L.P.",https://escobedocardenas.com/,,,Edinburg,TX,Hidalgo,956-630-2222,admin@escobedocardenas.com,Personal Injury,1602 Dulcenea St,78539,McAllen-Edinburg-Mission,5,2,2026-09-13,State Bar of Texas Member Directory; State Bar self-reported website
Eugene Delgado Law Firm,,,,Edinburg,TX,Hidalgo,956-414-3237,,Criminal Defense,PO Box 973,78540,McAllen-Edinburg-Mission,5,1,2026-09-13,State Bar of Texas Member Directory
Farah Law Group,https://gflawoffices.com/,,,Edinburg,TX,Hidalgo,956-306-3847,,Personal Injury,204 E. Cano St. Suite 1.109 Unit 2,78539,McAllen-Edinburg-Mission,5,1,2026-09-13,State Bar of Texas Member Directory; State Bar self-reported website
Federico Garza,,,,Edinburg,TX,Hidalgo,956-318-2390,,General,100 N Closner Blvd,78539,McAllen-Edinburg-Mission,4,1,2026-09-13,State Bar of Texas Member Directory
Fernando G. Mancias,,,,Edinburg,TX,Hidalgo,956-318-2255,,General,100 N Closner Blvd,78539,McAllen-Edinburg-Mission,4,1,2026-09-13,State Bar of Texas Member Directory
Flores & Casso,,,,Edinburg,TX,Hidalgo,956-383-5000,,Criminal Defense,108 N Jackson Rd Ste 2,78541,McAllen-Edinburg-Mission,5,1,2026-09-13,State Bar of Texas Member Directory
Francisco Enrique Gonzales,,,,Edinburg,TX,Hidalgo,956-383-5144,,Criminal Defense,2112 W University Dr Pmb 1214,78539,McAllen-Edinburg-Mission,5,1,2026-09-13,State Bar of Texas Member Directory
Francisco Javier Prado,,,,Edinburg,TX,Hidalgo,956-739-6842,,Criminal Defense,P.O. Box 3489,78540,McAllen-Edinburg-Mission,5,1,2026-09-13,State Bar of Texas Member Directory
"G. Lopez Law Group, PLLC",https://glopezlaw.com/,,,Edinburg,TX,Hidalgo,956-618-0837,greg@glopezlaw.com,Criminal Defense,1110 S 10th Ave,78539,McAllen-Edinburg-Mission,5,1,2026-09-13,State Bar of Texas Member Directory; State Bar self-reported website
"GARZA LAW OFFICE, PLLC",https://doraalicia.com/,,,Edinburg,TX,Hidalgo,956-329-1304,office@doraalicia.com,Criminal Defense,720 N 12th Ave,78541,McAllen-Edinburg-Mission,5,1,2026-09-13,State Bar of Texas Member Directory; Justia
"Garza Martinez, PLLC",http://www.garzamartinezlaw.com/,,,Edinburg,TX,Hidalgo,956-335-4900,,Personal Injury,202 E Sprague St,78539,McAllen-Edinburg-Mission,5,2,2026-09-13,State Bar of Texas Member Directory; State Bar self-reported website
"Garza Resendez, PLLC",https://grtriallaw.com/,,,Edinburg,TX,Hidalgo,956-696-4878,,Personal Injury,5317 S McColl Rd,78539,McAllen-Edinburg-Mission,5,1,2026-09-13,State Bar of Texas Member Directory; State Bar self-reported website
"Gibson Law, PLLC",,,,Edinburg,TX,Hidalgo,956-223-4733,,Criminal Defense,3205 W Alberta Rd,78539,McAllen-Edinburg-Mission,5,1,2026-09-13,State Bar of Texas Member Directory
"Hector L. Rodriguez Law Firm, PLLC",https://www.raulrudyrodriguezlaw.com/,,,Edinburg,TX,Hidalgo,956-380-1421,,Personal Injury,511 W University Dr,78539,McAllen-Edinburg-Mission,5,1,2026-09-13,State Bar of Texas Member Directory
Hernandez Law Firm PC,https://hdzfirm.com/,,,Edinburg,TX,Hidalgo,956-369-4480,efiling@hdzfirm.com,Estate Planning,4841 S Jackson Rd,78539,McAllen-Edinburg-Mission,2,2,2026-09-13,State Bar of Texas Member Directory; State Bar self-reported website
"Higdon Law Firm, P.C.",,,,Edinburg,TX,Hidalgo,956-682-3451,,Criminal Defense,4739 S Jackson Rd,78539,McAllen-Edinburg-Mission,5,1,2026-09-13,State Bar of Texas Member Directory
Isaac Villalon Sulemana,,,,Edinburg,TX,Hidalgo,956-731-0108,,Criminal Defense,1400 S. 12th Ave,78539,McAllen-Edinburg-Mission,5,1,2026-09-13,State Bar of Texas Member Directory
J. Pena Law P.L.L.C.,,,,Edinburg,TX,Hidalgo,956-383-0751,,Personal Injury,203 S 10th Ave,78539,McAllen-Edinburg-Mission,5,1,2026-09-13,State Bar of Texas Member Directory
JESSE CONTRERAS LAW FIRM,https://jessecontreras.law/,,,Edinburg,TX,Hidalgo,956-502-5777,admin@jessecontreras.law,Criminal Defense,5400 S Jackson Rd,78539,McAllen-Edinburg-Mission,5,2,2026-09-13,State Bar of Texas Member Directory; manual verified search
Jackielyn Adame,,,,Edinburg,TX,Hidalgo,956-292-7600,,General,100 E Cano St,78539,McAllen-Edinburg-Mission,4,1,2026-09-13,State Bar of Texas Member Directory
"Jacqueline Sandoval Law Firm, PLLC",https://txabogada.com/,,,Edinburg,TX,Hidalgo,210-895-8400,,Personal Injury,116 S 12th Ave.,78539,McAllen-Edinburg-Mission,5,1,2026-09-13,State Bar of Texas Member Directory; State Bar self-reported website
Jennifer Luise Mossack,,,,Edinburg,TX,Hidalgo,,,General,2112 W University Dr PMB 1100,78539,McAllen-Edinburg-Mission,4,1,2026-09-13,State Bar of Texas Member Directory
Jorge Munoz,,,,Edinburg,TX,Hidalgo,956-287-2889,,Criminal Defense,210 W Cano St Ste A,78539,McAllen-Edinburg-Mission,5,1,2026-09-13,State Bar of Texas Member Directory
"Jose A. Chapa Law Firm, PLLC",,,,Edinburg,TX,Hidalgo,,,General,141 Paseo del Prado,78539,McAllen-Edinburg-Mission,4,1,2026-09-13,State Bar of Texas Member Directory
"Jose Cano, Attorney at Law",,,,Edinburg,TX,Hidalgo,956-686-3820,,Estate Planning,3525 W Freddy Gonzalez Dr Ste B,78539,McAllen-Edinburg-Mission,2,1,2026-09-13,State Bar of Texas Member Directory
Kyle Thomas Pugh,,,,Edinburg,TX,Hidalgo,956-605-4198,,Criminal Defense,PO Box 1581,78540,McAllen-Edinburg-Mission,5,1,2026-09-13,State Bar of Texas Member Directory
"LAW OFFICE OF SAVANNAH GONZALEZ, PLLC",https://savannahgonzalez.com/,,,Edinburg,TX,Hidalgo,956-378-4060,,Criminal Defense,107 E Samano St,78539,McAllen-Edinburg-Mission,5,1,2026-09-13,State Bar of Texas Member Directory; State Bar self-reported website
"LAW OFFICES OF FANAFF, GONZALES, BALDWIN & CUNNINGHAM",,,,Edinburg,TX,Hidalgo,210-986-4119,,Personal Injury,"1409 S. 9th Ave., Suite 145",78539,McAllen-Edinburg-Mission,5,2,2026-09-13,State Bar of Texas Member Directory
Laurie Lee Guerra,,,,Edinburg,TX,Hidalgo,956-292-7600,,General,Hidalgo County District Attorney's Ofc. 100 East Cano St.,78539,McAllen-Edinburg-Mission,4,1,2026-09-13,State Bar of Texas Member Directory
Law Off Of George Villagomez,,,,Edinburg,TX,Hidalgo,956-380-1421,,Personal Injury,511 W. University,78539,McAllen-Edinburg-Mission,5,1,2026-09-13,State Bar of Texas Member Directory
Law Office Hollis Rankin III PLLC,,,,Edinburg,TX,Hidalgo,956-287-8400,,Real Estate,916 S McColl Rd,78539,McAllen-Edinburg-Mission,2,1,2026-09-13,State Bar of Texas Member Directory
Law Office Of Joseph L.Orendain,,,,Edinburg,TX,Hidalgo,956-802-3537,,General,3002 Hawthorne Ave,78539,McAllen-Edinburg-Mission,4,1,2026-09-13,State Bar of Texas Member Directory
Law Office Of Samuel Reyes PLLC,https://www.attorneyreyes.com/,,,Edinburg,TX,Hidalgo,956-212-4159,rocio@attorneyreyes.com,Criminal Defense,1524 S 7th Ave,78539,McAllen-Edinburg-Mission,5,1,2026-09-13,State Bar of Texas Member Directory; State Bar self-reported website
Law Office Roel Esquivel,,,,Edinburg,TX,Hidalgo,956-289-1414,,Criminal Defense,114 S 12th Ave,78539,McAllen-Edinburg-Mission,5,1,2026-09-13,State Bar of Texas Member Directory
Law Office of Abel Hinojosa,,,,Edinburg,TX,Hidalgo,956-682-3323,,General,3515 W Alberta Rd,78539,McAllen-Edinburg-Mission,4,1,2026-09-13,State Bar of Texas Member Directory
Law Office of Alma R. Garza,,,,Edinburg,TX,Hidalgo,956-383-8131,,Criminal Defense,320 W McIntyre St Ste 3,78541,McAllen-Edinburg-Mission,5,1,2026-09-13,State Bar of Texas Member Directory
Law Office of Ana Marrero de Diaz,https://marrerodediazlaw.com/,,,Edinburg,TX,Hidalgo,956-529-1980,,Criminal Defense,PO Box 851,78540,McAllen-Edinburg-Mission,5,1,2026-09-13,State Bar of Texas Member Directory; State Bar self-reported website
Law Office of Angel Davila PLLC,https://adavilalaw.com/,,,Edinburg,TX,Hidalgo,956-840-4040,your@email,Criminal Defense,1508 S Lone Star Way Ste 4,78539,McAllen-Edinburg-Mission,5,1,2026-09-13,State Bar of Texas Member Directory; State Bar self-reported website
"Law Office of Claudia M. Gonzalez, PLLC",https://cmglawtx.com/,,,Edinburg,TX,Hidalgo,956-821-5686,info@cmglawtx.com,Criminal Defense,214 W Cano St,78539,McAllen-Edinburg-Mission,5,1,2026-09-13,State Bar of Texas Member Directory; State Bar self-reported website
"Law Office of Dale Kasofsky, PC",https://www.dsklaw.net/lawyers/dale-s-kasofsky/,,,Edinburg,TX,Hidalgo,956-609-8995,,Personal Injury,2014 Remington Ave # A,78539,McAllen-Edinburg-Mission,5,1,2026-09-13,State Bar of Texas Member Directory; Justia
Law Office of Dalinda B. Garcia,,,,Edinburg,TX,Hidalgo,956-682-3777,,Criminal Defense,5313 S McColl Rd Ste 5,78539,McAllen-Edinburg-Mission,5,1,2026-09-13,State Bar of Texas Member Directory
Law Office of Daniel Mora III,,,,Edinburg,TX,Hidalgo,956-380-2703,,General,420 W University Dr,78539,McAllen-Edinburg-Mission,4,1,2026-09-13,State Bar of Texas Member Directory
"Law Office of David Rall, Jr.",,,,Edinburg,TX,Hidalgo,956-624-9203,,Estate Planning,712 W Samano St,78539,McAllen-Edinburg-Mission,2,1,2026-09-13,State Bar of Texas Member Directory
Law Office of Eddy Trevino,,,,Edinburg,TX,Hidalgo,956-316-2502,,General,1601 W Trenton Rd Ste L Ste L100,78539,McAllen-Edinburg-Mission,4,1,2026-09-13,State Bar of Texas Member Directory
Law Office of Efrain Carrera P.C.,,,,Edinburg,TX,Hidalgo,956-387-0909,,Criminal Defense,617 S 12th Ave,78539,McAllen-Edinburg-Mission,5,1,2026-09-13,State Bar of Texas Member Directory
Law Office of Eliakim Garcia PLLC,,,,Edinburg,TX,Hidalgo,,,General,2102 W University Dr,78539,McAllen-Edinburg-Mission,4,1,2026-09-13,State Bar of Texas Member Directory
Law Office of Eloy R. Garcia Jr.,,,,Edinburg,TX,Hidalgo,956-287-0416,,Criminal Defense,118 E Cano St,78539,McAllen-Edinburg-Mission,5,1,2026-09-13,State Bar of Texas Member Directory
Law Office of Gary Henrichson,,,,Edinburg,TX,Hidalgo,956-358-2045,,Real Estate,1321 Vance,78539,McAllen-Edinburg-Mission,2,1,2026-09-13,State Bar of Texas Member Directory
"Law Office of JR Ramirez, PLLC",https://www.lawofficeofjrramirez.law/,,,Edinburg,TX,Hidalgo,956-603-2352,contact@lawofficeofjrramirez.law,Personal Injury,222 W Cano St,78539,McAllen-Edinburg-Mission,5,1,2026-09-13,State Bar of Texas Member Directory; State Bar self-reported website
"Law Office of Jeanne E Holmes, P.C.",,,,Edinburg,TX,Hidalgo,956-618-5500,,Criminal Defense,1519 S McColl Rd Ste 4 PMB 1023,78539,McAllen-Edinburg-Mission,5,1,2026-09-13,State Bar of Texas Member Directory
"Law Office of Joe Richard Flores, PC",,,,Edinburg,TX,Hidalgo,956-381-1696,,Personal Injury,218 S Jackson Rd,78539,McAllen-Edinburg-Mission,5,1,2026-09-13,State Bar of Texas Member Directory
"Law Office of Jonathan L. Almanza, PLLC.",,,,Edinburg,TX,Hidalgo,956-603-1144,,Civil Litigation,222 W University Dr,78539,McAllen-Edinburg-Mission,3,1,2026-09-13,State Bar of Texas Member Directory
Law Office of Jose L. Bravo,,,,Edinburg,TX,Hidalgo,956-603-2352,,Criminal Defense,222 W Cano St,78539,McAllen-Edinburg-Mission,5,1,2026-09-13,State Bar of Texas Member Directory
"Law Office of Jose W. Hernandez, PLLC",,,,Edinburg,TX,Hidalgo,956-603-2058,,Personal Injury,206 W Stubbs St,78539,McAllen-Edinburg-Mission,5,1,2026-09-13,State Bar of Texas Member Directory; State Bar self-reported website
"Law Office of Karina Cerda, PLLC",https://karinacerdalaw.com/,,,Edinburg,TX,Hidalgo,,,Criminal Defense,204 E Cano St Ste 4.106,78539,McAllen-Edinburg-Mission,5,1,2026-09-13,State Bar of Texas Member Directory; State Bar self-reported website
Law Office of Katherine G. Perez,https://www.kperezlaw.net/,,,Edinburg,TX,Hidalgo,956-381-1800,katherine@kperezlaw.net,Criminal Defense,1013 S 10th Ave,78539,McAllen-Edinburg-Mission,5,1,2026-09-13,State Bar of Texas Member Directory; State Bar self-reported website
Law Office of Laura Martinez Barbosa,,,,Edinburg,TX,Hidalgo,956-720-4140,,Criminal Defense,PO Box 95,78540,McAllen-Edinburg-Mission,5,1,2026-09-13,State Bar of Texas Member Directory; State Bar self-reported website
Law Office of Lilly A. Gutierrez,,,,Edinburg,TX,Hidalgo,956-994-0987,,Criminal Defense,4901 S Jackson Rd,78539,McAllen-Edinburg-Mission,5,1,2026-09-13,State Bar of Texas Member Directory
Law Office of M. Teresa Coronado,,,,Edinburg,TX,Hidalgo,956-316-2266,,Criminal Defense,320 W University Dr,78539,McAllen-Edinburg-Mission,5,1,2026-09-13,State Bar of Texas Member Directory
Law Office of Mauricio A. Martinez,,,,Edinburg,TX,Hidalgo,956-252-4400,,Criminal Defense,208 W Cano St,78539,McAllen-Edinburg-Mission,5,1,2026-09-13,State Bar of Texas Member Directory
Law Office of Melissa R. Carranza,https://rgvlawcenter.com/,,,Edinburg,TX,Hidalgo,956-664-0500,melissa@mrclawfirm.com,Personal Injury,121 W Samano St,78539,McAllen-Edinburg-Mission,5,1,2026-09-13,State Bar of Texas Member Directory; State Bar self-reported website
Law Office of Melissa R. Montes,,,,Edinburg,TX,Hidalgo,956-380-3000,,Criminal Defense,320 W McIntyre St Ste 4,78541,McAllen-Edinburg-Mission,5,1,2026-09-13,State Bar of Texas Member Directory
Law Office of Monica Galvan,,,,Edinburg,TX,Hidalgo,956-287-7777,,Criminal Defense,3525 W Freddy Gonzalez Dr Ste C,78539,McAllen-Edinburg-Mission,5,1,2026-09-13,State Bar of Texas Member Directory; State Bar self-reported website
"Law Office of Osvaldo J. Morales, III",https://osvaldomoraleslaw.com/,,,Edinburg,TX,Hidalgo,956-584-1081,,Criminal Defense,106 S 12th Ave Ste 101,78539,McAllen-Edinburg-Mission,5,2,2026-09-13,State Bar of Texas Member Directory; manual verified search
"Law Office of Ramon Garcia, P.C.",https://www.ramongarcia-law.com/,,,Edinburg,TX,Hidalgo,956-383-7441,,Personal Injury,222 W University Dr,78539,McAllen-Edinburg-Mission,5,4,2026-09-13,State Bar of Texas Member Directory; State Bar self-reported website; Justia
"Law Office of Raul A. Guajardo, P.L.L.C.",https://rguajardofirm.com/,,,Edinburg,TX,Hidalgo,956-318-3200,,Personal Injury,706 E University Dr,78539,McAllen-Edinburg-Mission,5,1,2026-09-13,State Bar of Texas Member Directory; State Bar self-reported website
Law Office of Regina Richardson,,,,Edinburg,TX,Hidalgo,956-720-4688,,Criminal Defense,3525 W Freddy Gonzalez Dr,78539,McAllen-Edinburg-Mission,5,1,2026-09-13,State Bar of Texas Member Directory
Law Office of Ricardo Coronado Jr,,,,Edinburg,TX,Hidalgo,956-605-2797,,Criminal Defense,1028 N Terry Rd,78542,McAllen-Edinburg-Mission,5,1,2026-09-13,State Bar of Texas Member Directory
"Law Office of Richard A. Cantu, P.C.",https://cantulawfirm.net/,,,Edinburg,TX,Hidalgo,956-297-3335,,Real Estate,1506 S Lone Star Way Ste 5,78539,McAllen-Edinburg-Mission,2,2,2026-09-13,State Bar of Texas Member Directory; manual verified search
"Law Office of Robert Fernandez, P.C.",https://www.robertfernandezlaw.com/,,,Edinburg,TX,Hidalgo,956-316-3700,robert@robertfernandezlaw.com,Criminal Defense,215 W Stubbs St,78539,McAllen-Edinburg-Mission,5,1,2026-09-13,State Bar of Texas Member Directory
Law Office of Rubio Salinas,https://rubiosalinas.com/,,,Edinburg,TX,Hidalgo,956-381-4441,,Criminal Defense,310 W University Dr,78539,McAllen-Edinburg-Mission,5,2,2026-09-13,State Bar of Texas Member Directory; manual verified search
"Law Office of Tony Torres, PLLC",,,,Edinburg,TX,Hidalgo,956-217-0585,,General,118 E Cano St,78539,McAllen-Edinburg-Mission,4,1,2026-09-13,State Bar of Texas Member Directory
Law Offices Of Jose A. Gomez,,,,Edinburg,TX,Hidalgo,956-217-9290,,Criminal Defense,PO Box 1233,78540,McAllen-Edinburg-Mission,5,1,2026-09-13,State Bar of Texas Member Directory
"Law Offices of Brandy Wingate Voss, PLLC",https://www.brandyvosslaw.com/,,,Edinburg,TX,Hidalgo,956-688-9033,info@brandyvosslaw.com,Criminal Defense,208 W Cano St,78539,McAllen-Edinburg-Mission,5,1,2026-09-13,State Bar of Texas Member Directory; State Bar self-reported website
Law Offices of J. Enereo Bazan,,,,Edinburg,TX,Hidalgo,,,Criminal Defense,501 W Cano St,78539,McAllen-Edinburg-Mission,5,1,2026-09-13,State Bar of Texas Member Directory
"Law Offices of Rodolfo ""Rudy"" Ruiz, PLLC",https://mycarcrashattorney.com/,,,Edinburg,TX,Hidalgo,956-306-2066,jane@framer.com,Personal Injury,519 W University Dr,78539,McAllen-Edinburg-Mission,5,1,2026-09-13,State Bar of Texas Member Directory; State Bar self-reported website
Law Offices of Rodriguez & Rodriguez,https://www.raulrudyrodriguezlaw.com/,,,Edinburg,TX,Hidalgo,956-380-2117,,Criminal Defense,324 W University Dr,78539,McAllen-Edinburg-Mission,5,2,2026-09-13,State Bar of Texas Member Directory; manual verified search
"Law office of A. Andre Maldonado, PLLC",,,,Edinburg,TX,Hidalgo,956-305-8888,,Criminal Defense,1209 S 10th Ave,78539,McAllen-Edinburg-Mission,5,1,2026-09-13,State Bar of Texas Member Directory
Law office of Florencio Lopez,,,,Edinburg,TX,Hidalgo,956-393-9603,,Criminal Defense,1409 SOUTH 9TH STREET STE 104,78539,McAllen-Edinburg-Mission,5,1,2026-09-13,State Bar of Texas Member Directory
"Law offices of Carlos Quintana, P.C.",,,,Edinburg,TX,Hidalgo,956-687-9729,,Criminal Defense,135 Paseo Del Prado Ave Ste 9,78539,McAllen-Edinburg-Mission,5,1,2026-09-13,State Bar of Texas Member Directory
"Law offices of M. Mario Garcia, P.C.",,,,Edinburg,TX,Hidalgo,956-661-8025,,Criminal Defense,214 W Cano St,78539,McAllen-Edinburg-Mission,5,1,2026-09-13,State Bar of Texas Member Directory
Law offices of Reginaldo Ramirez,,,,Edinburg,TX,Hidalgo,956-521-9811,,Criminal Defense,PO Box 1347,78540,McAllen-Edinburg-Mission,5,1,2026-09-13,State Bar of Texas Member Directory
Law offices of Willie McAllen,,,,Edinburg,TX,Hidalgo,956-383-2143,,Criminal Defense,2102 W University Dr,78539,McAllen-Edinburg-Mission,5,1,2026-09-13,State Bar of Texas Member Directory
"Lesslie L. Eanes, Attorney at Law",,,,Edinburg,TX,Hidalgo,956-720-4498,,Real Estate,4740 S. Jackson Rd.,78539,McAllen-Edinburg-Mission,2,1,2026-09-13,State Bar of Texas Member Directory
Leticia Lopez,,,,Edinburg,TX,Hidalgo,956-318-2080,,Criminal Defense,100 North Closner 7th Floor 389th Court,78539,McAllen-Edinburg-Mission,5,1,2026-09-13,State Bar of Texas Member Directory
Lewis Pena Falcon & Cook,,,,Edinburg,TX,Hidalgo,956-383-4951,,Real Estate,3111 W Freddy Gonzalez Dr,78539,McAllen-Edinburg-Mission,2,3,2026-09-13,State Bar of Texas Member Directory
"Linebarger Goggan Blair & Sampson, LLP",https://www.lgbs.com/,,,Edinburg,TX,Hidalgo,956-383-4500,cmsmedia@lgbs.com,General,1512 S Lone Star Way,78539,McAllen-Edinburg-Mission,4,4,2026-09-13,State Bar of Texas Member Directory; State Bar self-reported website
Lone Star Defenders Office,,,,Edinburg,TX,Hidalgo,956-393-0635,,Criminal Defense,700 S Mon Mack Rd Unit K,78539,McAllen-Edinburg-Mission,5,1,2026-09-13,State Bar of Texas Member Directory
Lorin Connor Looney Runnels,,,,Edinburg,TX,Hidalgo,956-383-7032,,General,PO Box 118,78540,McAllen-Edinburg-Mission,4,1,2026-09-13,State Bar of Texas Member Directory
Magdalena Garza Hinojosa,,,,Edinburg,TX,Hidalgo,,,Criminal Defense,PO Box 4266,78540,McAllen-Edinburg-Mission,5,1,2026-09-13,State Bar of Texas Member Directory
Maldonado Law,,,,Edinburg,TX,Hidalgo,956-381-4600,,Criminal Defense,209 E University Dr,78539,McAllen-Edinburg-Mission,5,1,2026-09-13,State Bar of Texas Member Directory
Mariano Guerra,,,,Edinburg,TX,Hidalgo,956-292-7607,,Criminal Defense,100 E Cano St,78539,McAllen-Edinburg-Mission,5,1,2026-09-13,State Bar of Texas Member Directory; State Bar self-reported website
Mark Anthony Salinas,,,,Edinburg,TX,Hidalgo,956-929-1570,,Criminal Defense,310 W University Dr,78539,McAllen-Edinburg-Mission,5,1,2026-09-13,State Bar of Texas Member Directory
Marla Cuellar,,,,Edinburg,TX,Hidalgo,956-318-2270,,Criminal Defense,100 N Closner,78539,McAllen-Edinburg-Mission,5,1,2026-09-13,State Bar of Texas Member Directory
Martinez & Dieterich Legal Group,,,,Edinburg,TX,Hidalgo,956-289-2199,,Personal Injury,11900 N 26th St Ste 200,78539,McAllen-Edinburg-Mission,5,2,2026-09-13,State Bar of Texas Member Directory
Mary Angeline Alvarez,,,,Edinburg,TX,Hidalgo,,,General,100 E Cano St,78539,McAllen-Edinburg-Mission,4,1,2026-09-13,State Bar of Texas Member Directory
Melinda Diaz Attorney at Law,,,,Edinburg,TX,Hidalgo,956-383-2011,,Criminal Defense,3907 S Sugar Rd,78539,McAllen-Edinburg-Mission,5,1,2026-09-13,State Bar of Texas Member Directory
Melisandra Mendoza,,,,Edinburg,TX,Hidalgo,956-257-3717,,Criminal Defense,1420 S 10th Ave,78539,McAllen-Edinburg-Mission,5,1,2026-09-13,State Bar of Texas Member Directory
"Michael L. Garza Law Firm, P.L.L.C.",,,,Edinburg,TX,Hidalgo,956-380-1421,,Criminal Defense,511 W University Dr,78539,McAllen-Edinburg-Mission,5,2,2026-09-13,State Bar of Texas Member Directory
National Border Patrol Council (NBPC),,,,Edinburg,TX,Hidalgo,956-686-7980,,Criminal Defense,4179 Crosspoint Blvd,78539,McAllen-Edinburg-Mission,5,1,2026-09-13,State Bar of Texas Member Directory
Neil Ernest Norquest,,,,Edinburg,TX,Hidalgo,956-369-5423,,General,1221 N Sugard Rd,78541,McAllen-Edinburg-Mission,4,1,2026-09-13,State Bar of Texas Member Directory
"Nereyda Morales-Martinez, Attorney at Law",,,,Edinburg,TX,Hidalgo,956-686-4229,,Criminal Defense,320 W University Dr,78539,McAllen-Edinburg-Mission,5,1,2026-09-13,State Bar of Texas Member Directory
Office of Chief Counsel,,,,Edinburg,TX,Hidalgo,,,General,U.S. Customs and Border Protection 4400 S. Expressway 281,78542,McAllen-Edinburg-Mission,4,1,2026-09-13,State Bar of Texas Member Directory
Orlando Javier Esquivel,,,,Edinburg,TX,Hidalgo,956-318-2900,,General,100 N Closner Blvd Fl 430,78539,McAllen-Edinburg-Mission,4,1,2026-09-13,State Bar of Texas Member Directory
Oxford & Gonzalez,,,,Edinburg,TX,Hidalgo,956-383-5654,ric@oxfordandgonzalez.com,Personal Injury,124 S 12th Ave,78539,McAllen-Edinburg-Mission,5,1,2026-09-13,State Bar of Texas Member Directory; State Bar self-reported website
"PALMA LAW, PLLC",https://palmalaw.com/,,,Edinburg,TX,Hidalgo,575-222-2222,,General,509 S Closner Blvd,78539,McAllen-Edinburg-Mission,4,1,2026-09-13,State Bar of Texas Member Directory; State Bar self-reported website
"PLM & Associates, PLLC",https://www.plmlawgroup.com/,,,Edinburg,TX,Hidalgo,956-287-0555,contact@plmlawgroup.com,Criminal Defense,218 W Cano St,78539,McAllen-Edinburg-Mission,5,5,2026-09-13,State Bar of Texas Member Directory; State Bar self-reported website
"Palacios Thompson, P.C.",https://pgtlawfirm.com/,,,Edinburg,TX,Hidalgo,956-318-0507,,Criminal Defense,2724 W Canton Rd,78539,McAllen-Edinburg-Mission,5,4,2026-09-13,State Bar of Texas Member Directory; manual verified search
Palker Law Firm,https://palkerlaw.com/,,,Edinburg,TX,Hidalgo,956-320-0270,,Personal Injury,4428 S McColl Rd,78539,McAllen-Edinburg-Mission,5,4,2026-09-13,State Bar of Texas Member Directory; State Bar self-reported website
Patricia Yvonne Ocana-Olivarez,,,,Edinburg,TX,Hidalgo,956-292-7036,,General,100 N. Closner County Court at Law No. 9,78539,McAllen-Edinburg-Mission,4,1,2026-09-13,State Bar of Texas Member Directory
"Perez Renteria, PLLC",,,,Edinburg,TX,Hidalgo,956-668-1181,,Immigration,5125 S McColl Rd Ste A,78539,McAllen-Edinburg-Mission,2,1,2026-09-13,State Bar of Texas Member Directory
Prestia & Ornelas,,,,Edinburg,TX,Hidalgo,956-383-6251,,Estate Planning,PO Box 876,78540,McAllen-Edinburg-Mission,2,1,2026-09-13,State Bar of Texas Member Directory
Rachel Marie McDonald,,,,Edinburg,TX,Hidalgo,,,General,4400 S Expressway 281,78542,McAllen-Edinburg-Mission,4,1,2026-09-13,State Bar of Texas Member Directory
Ramon Law Firm,https://ramonlegal.com/,,,Edinburg,TX,Hidalgo,956-627-3070,jim@ramonlegal.com,Criminal Defense,1506 S Lone Star Way Ste 5A,78539,McAllen-Edinburg-Mission,5,1,2026-09-13,State Bar of Texas Member Directory
"Ramon Worthington Cantu, P.L.L.C.",https://ramonworthington.com/,,,Edinburg,TX,Hidalgo,956-294-4800,,Personal Injury,1506 S Lone Star Way Ste 5,78539,McAllen-Edinburg-Mission,5,7,2026-09-13,State Bar of Texas Member Directory; State Bar self-reported website
Rebecca Leah Villanueva,,,,Edinburg,TX,Hidalgo,956-731-0118,,Personal Injury,"204 E. Cano St., #418",78539,McAllen-Edinburg-Mission,5,1,2026-09-13,State Bar of Texas Member Directory
Rebecca Marie Saldana,,,,Edinburg,TX,Hidalgo,,,General,100 E. Cano,78539,McAllen-Edinburg-Mission,4,1,2026-09-13,State Bar of Texas Member Directory
"Rebecca Vela, PC",,,,Edinburg,TX,Hidalgo,956-513-1176,,Personal Injury,PO Box 4139,78540,McAllen-Edinburg-Mission,5,1,2026-09-13,State Bar of Texas Member Directory
"Rene Ramirez Law, PLLC",https://rramirezlaw.com/,,,Edinburg,TX,Hidalgo,956-778-4886,,Criminal Defense,204 E Cano St Ste 3.102,78539,McAllen-Edinburg-Mission,5,2,2026-09-13,State Bar of Texas Member Directory; State Bar self-reported website; manual verified search
"Resnick & Louis, P.C.",https://rlattorneys.com/,,,Edinburg,TX,Hidalgo,956-284-6171,aleff@rlattorneys.com,Personal Injury,204 E Cano St,78539,McAllen-Edinburg-Mission,5,3,2026-09-13,State Bar of Texas Member Directory; State Bar self-reported website
Richard Garza,,,,Edinburg,TX,Hidalgo,956-316-1088,,Criminal Defense,4610 S Closner Blvd,78539,McAllen-Edinburg-Mission,5,1,2026-09-13,State Bar of Texas Member Directory
Richard R Alamia Attorney at Law,https://www.alamia.lawyer/,,,Edinburg,TX,Hidalgo,956-381-5766,,Criminal Defense,619 S 12th Ave,78539,McAllen-Edinburg-Mission,5,1,2026-09-13,State Bar of Texas Member Directory; State Bar self-reported website
Robert M. Capello,,,,Edinburg,TX,Hidalgo,956-381-5868,,Criminal Defense,106 S 12th Ave Ste 111,78539,McAllen-Edinburg-Mission,5,1,2026-09-13,State Bar of Texas Member Directory
Rogers Legal Group PLLC,,,,Edinburg,TX,Hidalgo,956-279-9298,,Criminal Defense,204 E Cano St,78539,McAllen-Edinburg-Mission,5,1,2026-09-13,State Bar of Texas Member Directory; Justia
Rolando Garza,,,,Edinburg,TX,Hidalgo,956-318-1102,,Criminal Defense,310 W University Dr,78539,McAllen-Edinburg-Mission,5,1,2026-09-13,State Bar of Texas Member Directory
"Salinas & Associates, PC",,,,Edinburg,TX,Hidalgo,956-686-0715,,Criminal Defense,"135 Paseo Del Prado, Ste. 5",78539,McAllen-Edinburg-Mission,5,1,2026-09-13,State Bar of Texas Member Directory
Sandra L. Martinez Attorney and Counselo,,,,Edinburg,TX,Hidalgo,956-992-8800,,Estate Planning,3525 W Freddy Gonzalez Dr Ste B,78539,McAllen-Edinburg-Mission,2,1,2026-09-13,State Bar of Texas Member Directory
Santos Maldonado,https://www.santosmaldonadolaw.com/,,,Edinburg,TX,Hidalgo,956-381-4600,smjlawoffice@yahoo.com,Criminal Defense,209 E University Dr,78539,McAllen-Edinburg-Mission,5,1,2026-09-13,State Bar of Texas Member Directory; State Bar self-reported website
Sergio J. Valdez,,,,Edinburg,TX,Hidalgo,956-292-7780,,General,100 N. Closner,78539,McAllen-Edinburg-Mission,4,1,2026-09-13,State Bar of Texas Member Directory
"Sergio Munoz, Jr. Attorney at Law, P.C.",,,,Edinburg,TX,Hidalgo,956-381-5555,,Criminal Defense,1110 S Closner Blvd,78539,McAllen-Edinburg-Mission,5,1,2026-09-13,State Bar of Texas Member Directory
Sofia Arizpe,,,,Edinburg,TX,Hidalgo,956-381-4200,,Criminal Defense,106 S 12th Ave Ste 116,78539,McAllen-Edinburg-Mission,5,1,2026-09-13,State Bar of Texas Member Directory
Sonia Yanet Salinas-Cerda,,,,Edinburg,TX,Hidalgo,956-651-9484,,Criminal Defense,P.O. Box 3892,78540,McAllen-Edinburg-Mission,5,1,2026-09-13,State Bar of Texas Member Directory
Sylvia Vega,,,,Edinburg,TX,Hidalgo,,,Criminal Defense,106 S 12th Ave,78539,McAllen-Edinburg-Mission,5,1,2026-09-13,State Bar of Texas Member Directory
Taylor Peri Modi,,,,Edinburg,TX,Hidalgo,,,General,323 W Cano St Suite 100,78539,McAllen-Edinburg-Mission,4,1,2026-09-13,State Bar of Texas Member Directory
"Terry Canales Attorney at Law, P.L.L.C.",https://rgvattorney.com/,,,Edinburg,TX,Hidalgo,956-316-2223,,Criminal Defense,310 S Closner Blvd,78539,McAllen-Edinburg-Mission,5,3,2026-09-13,State Bar of Texas Member Directory; State Bar self-reported website
The Castillo Law Firm,,,,Edinburg,TX,Hidalgo,956-784-2587,,Criminal Defense,P.O. Box 2741,78540,McAllen-Edinburg-Mission,5,1,2026-09-13,State Bar of Texas Member Directory
"The Ed Martinez Law Firm, PLLC",https://martinezlegal.com/,,,Edinburg,TX,Hidalgo,956-638-2000,admin@martinezlegal.com,Personal Injury,PO BOX 517,78540,McAllen-Edinburg-Mission,5,1,2026-09-13,State Bar of Texas Member Directory
The Law Office of Efrain Molina PLLC,,,,Edinburg,TX,Hidalgo,956-391-2754,,General,113 W Samano St,78539,McAllen-Edinburg-Mission,4,1,2026-09-13,State Bar of Texas Member Directory
"The Law Office of Flores & Flores, PLLC",,,,Edinburg,TX,Hidalgo,956-386-9115,,Criminal Defense,1400 S 12th Ave,78539,McAllen-Edinburg-Mission,5,1,2026-09-13,State Bar of Texas Member Directory
"The Law Office of Flores and Dietz, PLLC",,,,Edinburg,TX,Hidalgo,,,Criminal Defense,1400 S 12th Ave,78539,McAllen-Edinburg-Mission,5,1,2026-09-13,State Bar of Texas Member Directory
"The Law Office of Hector Hernandez, Jr.",https://hhernandezlaw.com/,,,Edinburg,TX,Hidalgo,956-587-1914,,Criminal Defense,321 E Baker Dr,78539,McAllen-Edinburg-Mission,5,1,2026-09-13,State Bar of Texas Member Directory; State Bar self-reported website
The Law Office of Jaime Aleman,,,,Edinburg,TX,Hidalgo,956-631-9007,,Criminal Defense,3305 W Alberta Rd,78539,McAllen-Edinburg-Mission,5,1,2026-09-13,State Bar of Texas Member Directory
"The Law Office of Justino ""J.R."" Garza, PC",https://www.jrgarzalawfirm.com/,,,Edinburg,TX,Hidalgo,956-664-0011,,Criminal Defense,120 S 12th Ave,78539,McAllen-Edinburg-Mission,5,2,2026-09-13,State Bar of Texas Member Directory; State Bar self-reported website; manual verified search
"The Law Office of Michael R. De Leon, PLLC",,,,Edinburg,TX,Hidalgo,956-630-4800,,Real Estate,3613 West Alberta Road,78539,McAllen-Edinburg-Mission,2,1,2026-09-13,State Bar of Texas Member Directory
"The Law Office of Pamela S. Alexander, PLLC",,,,Edinburg,TX,Hidalgo,956-391-2754,,Criminal Defense,113 W Samano St,78539,McAllen-Edinburg-Mission,5,1,2026-09-13,State Bar of Texas Member Directory
"The Law Office of Wendoli Rodriguez, PLLC.",,,,Edinburg,TX,Hidalgo,956-601-2000,,General,PO Box 642,78540,McAllen-Edinburg-Mission,4,1,2026-09-13,State Bar of Texas Member Directory
"The Law Offices of Gerardo L. Garcia, Jr., PLLC",https://956verdict.com/,,,Edinburg,TX,Hidalgo,956-833-3333,,Personal Injury,PO Box 3134,78540,McAllen-Edinburg-Mission,5,1,2026-09-13,State Bar of Texas Member Directory; State Bar self-reported website
"The Ricky Rod Law Group, PLLC",https://www.rickyrodlaw.com/,,,Edinburg,TX,Hidalgo,956-335-5555,,Personal Injury,505 W Cano St,78539,McAllen-Edinburg-Mission,5,4,2026-09-13,State Bar of Texas Member Directory; State Bar self-reported website; manual verified search
"Tijerina Law Firm, PC",https://tijerinalawfirmpc.com/,,,Edinburg,TX,Hidalgo,956-261-5609,tijerinalawfirm@gmail.com,Criminal Defense,2112 W University Drive #554,78539,McAllen-Edinburg-Mission,5,1,2026-09-13,State Bar of Texas Member Directory; State Bar self-reported website
"Tijerina, Denzer & Sabo, PLLC",https://www.tdlawtx.com/,,,Edinburg,TX,Hidalgo,956-758-0300,,Personal Injury,202 N 10th Ave,78541,McAllen-Edinburg-Mission,5,8,2026-09-13,State Bar of Texas Member Directory; State Bar self-reported website
Traci Evans Law Firm,https://tracievanslaw.com/,,,Edinburg,TX,Hidalgo,956-318-0099,monica@tracievanslaw.com,Criminal Defense,PO Box 3244,78540,McAllen-Edinburg-Mission,5,1,2026-09-13,State Bar of Texas Member Directory; State Bar self-reported website
"Trevino Law Firm, PLLC",https://www.neldatrevinolaw.com/,,,Edinburg,TX,Hidalgo,956-242-4171,nt@trevino-lawfirm.com,Personal Injury,4435 S Jackson Rd Ste B,78539,McAllen-Edinburg-Mission,5,1,2026-09-13,State Bar of Texas Member Directory; State Bar self-reported website
U.S. Customs and Border Protection,,,,Edinburg,TX,Hidalgo,,,General,4400 S Expressway 281,78542,McAllen-Edinburg-Mission,4,1,2026-09-13,State Bar of Texas Member Directory
VARGAS LAW FIRM,https://bigdanlaw.com/,,,Edinburg,TX,Hidalgo,956-287-3743,,Criminal Defense,324 W University Dr,78539,McAllen-Edinburg-Mission,5,1,2026-09-13,State Bar of Texas Member Directory; State Bar self-reported website
Vanessa Mendoza,,,,Edinburg,TX,Hidalgo,,,General,100 N Closner Blvd Fl 5,78539,McAllen-Edinburg-Mission,4,1,2026-09-13,State Bar of Texas Member Directory
"Walsh McGurk Cordova Nixon, PLLC",https://www.wmcnlaw.com/,,,Edinburg,TX,Hidalgo,956-632-5010,,Personal Injury,1506 S Lone Star Way Ste 10,78539,McAllen-Edinburg-Mission,5,5,2026-09-13,State Bar of Texas Member Directory; State Bar self-reported website
Williamson Law Firm,,,,Edinburg,TX,Hidalgo,956-259-8120,,Personal Injury,210 W Samano St,78539,McAllen-Edinburg-Mission,5,1,2026-09-13,State Bar of Texas Member Directory
YOUNGS & ROSILLO LAWFIRM PLLC,https://youngsrosillolaw.com/,,,Edinburg,TX,Hidalgo,956-420-9999,,Criminal Defense,702 N Closner Blvd,78541,McAllen-Edinburg-Mission,5,2,2026-09-13,State Bar of Texas Member Directory; State Bar self-reported website; manual verified search
Law Office of Rene Reyes,,,,Elsa,TX,Hidalgo,,,Criminal Defense,PO Box 2367,78543,McAllen-Edinburg-Mission,5,1,2026-09-13,State Bar of Texas Member Directory
Kelly K. McKinnis,https://www.kellymckinnislaw.com/,,,Hidalgo,TX,Hidalgo,956-560-8588,mckinnis22@yahoo.com,General,302 E Coma Ave PMB B,78557,McAllen-Edinburg-Mission,4,1,2026-09-13,State Bar of Texas Member Directory; State Bar self-reported website
"Aaron Daniel Rivera Accident & Injury Law, PLLC",,,,Mcallen,TX,Hidalgo,956-621-7576,,General,1722 Pecan Blvd,78501,McAllen-Edinburg-Mission,4,1,2026-09-13,State Bar of Texas Member Directory
Abner Burnett,,,,Mcallen,TX,Hidalgo,956-534-4829,,General,205 W Gardenia Ave,78501,McAllen-Edinburg-Mission,4,1,2026-09-13,State Bar of Texas Member Directory
"Adelante Group, LLC",,,,Mcallen,TX,Hidalgo,956-688-5626,,Real Estate,1300 N 10th St Ste 100,78501,McAllen-Edinburg-Mission,2,1,2026-09-13,State Bar of Texas Member Directory
"Al Alvarez Attorney, PLLC",,,,Mcallen,TX,Hidalgo,956-686-3700,,Criminal Defense,4409 N McColl Rd,78504,McAllen-Edinburg-Mission,5,1,2026-09-13,State Bar of Texas Member Directory
Alberto Barbosa,,,,Mcallen,TX,Hidalgo,956-686-7721,,Criminal Defense,3000 N McColl Rd Ste A7,78501,McAllen-Edinburg-Mission,5,1,2026-09-13,State Bar of Texas Member Directory
Alberto Diaz,,,,Mcallen,TX,Hidalgo,956-686-3700,,General,4409 N McColl Rd,78504,McAllen-Edinburg-Mission,4,1,2026-09-13,State Bar of Texas Member Directory
Alejandra Gonzalez,,,,Mcallen,TX,Hidalgo,956-948-2221,,General,3900 N 10th St. Floor 11,78501,McAllen-Edinburg-Mission,4,1,2026-09-13,State Bar of Texas Member Directory
Alfred Tilden Denham,,,,Mcallen,TX,Hidalgo,956-994-8800,,General,3700 N 10th St Ste 100,78501,McAllen-Edinburg-Mission,4,1,2026-09-13,State Bar of Texas Member Directory
"Alfredo Morales, Jr.",,,,Mcallen,TX,Hidalgo,956-536-8800,,Criminal Defense,5520 N. 10th Street,78504,McAllen-Edinburg-Mission,5,1,2026-09-13,State Bar of Texas Member Directory; State Bar self-reported website
Alliance San Diego,,,,Mcallen,TX,Hidalgo,619-269-1823,,Civil Rights,PO Box 2436,78502,McAllen-Edinburg-Mission,3,1,2026-09-13,State Bar of Texas Member Directory; State Bar self-reported website
"Amanda Saldana Law Firm, PLLC",,,,Mcallen,TX,Hidalgo,956-607-6169,,Real Estate,5111 N 10th St PMB 115,78504,McAllen-Edinburg-Mission,2,1,2026-09-13,State Bar of Texas Member Directory
Amelia Ines Guerra,,,,Mcallen,TX,Hidalgo,,,Criminal Defense,PO Box 4191,78502,McAllen-Edinburg-Mission,5,1,2026-09-13,State Bar of Texas Member Directory
Andrew Rogers Swartz,,,,Mcallen,TX,Hidalgo,,,Criminal Defense,1701 W US Highway 83 Ste 600,78501,McAllen-Edinburg-Mission,5,1,2026-09-13,State Bar of Texas Member Directory
Anna Lisa Holand Miller,,,,Mcallen,TX,Hidalgo,956-631-7131,,General,PO Box 610,78505,McAllen-Edinburg-Mission,4,1,2026-09-13,State Bar of Texas Member Directory
"Aounallah Law, PLLC",,,,Mcallen,TX,Hidalgo,,,Personal Injury,914 N Main St Ste 6,78501,McAllen-Edinburg-Mission,5,1,2026-09-13,State Bar of Texas Member Directory
Arredondo Law Firm,,,,Mcallen,TX,Hidalgo,956-682-9477,,Criminal Defense,5526 N 10th St,78504,McAllen-Edinburg-Mission,5,1,2026-09-13,State Bar of Texas Member Directory
Arturo R. Cantu,,,,Mcallen,TX,Hidalgo,956-668-1346,,Criminal Defense,10113 N 10th St Ste H,78504,McAllen-Edinburg-Mission,5,1,2026-09-13,State Bar of Texas Member Directory
"Atlas, Hall & Rodriguez, LLP",https://www.atlashall.com/,,,Mcallen,TX,Hidalgo,956-682-5501,,Personal Injury,PO Box 3725,78501,McAllen-Edinburg-Mission,5,23,2026-09-13,State Bar of Texas Member Directory; State Bar self-reported website
Attorney Johnathan Ball,,,,Mcallen,TX,Hidalgo,956-501-6565,,Personal Injury,7022 N 1st Ln,78504,McAllen-Edinburg-Mission,5,1,2026-09-13,State Bar of Texas Member Directory; State Bar self-reported website
Aura Virginia Salazar,https://robertsalazar.com/,,,Mcallen,TX,Hidalgo,956-900-9000,robertosalazarlaw@gmail.com,Personal Injury,4601 N McColl Rd,78504,McAllen-Edinburg-Mission,5,1,2026-09-13,State Bar of Texas Member Directory; State Bar self-reported website
"Ayala & Acosta, P.L.L.C.",https://www.ayalaacostalaw.com/,,,Mcallen,TX,Hidalgo,956-627-4051,,Criminal Defense,721 E Esperanza Ave,78501,McAllen-Edinburg-Mission,5,2,2026-09-13,State Bar of Texas Member Directory; State Bar self-reported website; manual verified search
Ayala Law PLLC,https://www.ayalalawrgv.com/,,,Mcallen,TX,Hidalgo,956-833-1827,jc@ayalalawrgv.com,Real Estate,4900 N 10th St Ste B,78504,McAllen-Edinburg-Mission,2,1,2026-09-13,State Bar of Texas Member Directory; State Bar self-reported website
Ballesteros Gonzalez Law Firm P.L.L.C.,,,,Mcallen,TX,Hidalgo,956-800-4418,,Criminal Defense,3900 N 10th St Ste 980,78501,McAllen-Edinburg-Mission,5,1,2026-09-13,State Bar of Texas Member Directory
"Barrera, Sanchez & Associates, P.C.",https://barrerasanchez.com/,,,Mcallen,TX,Hidalgo,956-287-7555,,Personal Injury,10113 N 10th St Ste B,78504,McAllen-Edinburg-Mission,5,2,2026-09-13,State Bar of Texas Member Directory; State Bar self-reported website
Benjamin Kai Miller,,,,Mcallen,TX,Hidalgo,956-618-8080,,General,"1701 W Business Hwy 83, Ste 805",78501,McAllen-Edinburg-Mission,4,1,2026-09-13,State Bar of Texas Member Directory
Benjamin Lyles,,,,Mcallen,TX,Hidalgo,,,Criminal Defense,1701 W US Highway 83 Ste 600,78501,McAllen-Edinburg-Mission,5,1,2026-09-13,State Bar of Texas Member Directory
Bert Ogden Auto Group,,,,Mcallen,TX,Hidalgo,956-686-6666,,Real Estate,3201 N 10th St,78501,McAllen-Edinburg-Mission,2,1,2026-09-13,State Bar of Texas Member Directory; State Bar self-reported website
Bruce Buirkle,,,,Mcallen,TX,Hidalgo,214-457-2624,,General,"1600 W Dove Ave Cove Apartments, Unit 33",78504,McAllen-Edinburg-Mission,4,1,2026-09-13,State Bar of Texas Member Directory; State Bar self-reported website
"Cacheaux, Cavazos, and Newton, L.L.P.",https://ccn-law.com/es/inicio/,,,Mcallen,TX,Hidalgo,956-686-5883,contact@ccn-law.com,Estate Planning,1401 N Main St,78501,McAllen-Edinburg-Mission,2,2,2026-09-13,State Bar of Texas Member Directory; State Bar self-reported website
Carlos H. Ochoa,,,,Mcallen,TX,Hidalgo,956-687-8888,,General,PO Box 720452,78504,McAllen-Edinburg-Mission,4,1,2026-09-13,State Bar of Texas Member Directory
Cesar Palma,,,,Mcallen,TX,Hidalgo,,,Personal Injury,1200 S Col Rowe Blvd Ste 4A,78501,McAllen-Edinburg-Mission,5,1,2026-09-13,State Bar of Texas Member Directory
Christian Y. Alvarez Law LLC,https://alvarezimmigration.com/,,,Mcallen,TX,Hidalgo,646-453-7722,,Immigration,"5400 N WARE RD, STE 40",78504,McAllen-Edinburg-Mission,2,1,2026-09-13,State Bar of Texas Member Directory; State Bar self-reported website
Cleveland Law Office,,,,Mcallen,TX,Hidalgo,956-668-8600,,Personal Injury,1615 N Main St,78501,McAllen-Edinburg-Mission,5,1,2026-09-13,State Bar of Texas Member Directory
Connet Law Office,https://connetlawfirm.com/,,,Mcallen,TX,Hidalgo,956-631-9675,,Criminal Defense,2403 N 10th St Ste B PMB 108,78501,McAllen-Edinburg-Mission,5,1,2026-09-13,State Bar of Texas Member Directory; State Bar self-reported website
"Dale & Klein, L.L.P.",https://www.daleandkleinllp.com/,,,Mcallen,TX,Hidalgo,956-687-8700,office@daleklein.com,Personal Injury,1100 E Jasmine Ave Ste 202,78501,McAllen-Edinburg-Mission,5,2,2026-09-13,State Bar of Texas Member Directory; State Bar self-reported website
"Dang & Zapata Law Firm, PLLC",https://dzlawfirm.com/,,,Mcallen,TX,Hidalgo,956-884-0422,,Personal Injury,1400 N McColl Rd Ste 204,78501,McAllen-Edinburg-Mission,5,1,2026-09-13,State Bar of Texas Member Directory; State Bar self-reported website
Darling Law Office,,,,Mcallen,TX,Hidalgo,956-648-5143,,Employment Law,1225 S. Peking St.,78501,McAllen-Edinburg-Mission,3,1,2026-09-13,State Bar of Texas Member Directory
David A. Ewers,,,,Mcallen,TX,Hidalgo,956-630-9401,,Real Estate,PO Box 720059,78504,McAllen-Edinburg-Mission,2,1,2026-09-13,State Bar of Texas Member Directory
David Castillo,,,,Mcallen,TX,Hidalgo,210-535-3271,,General,1300 N 10th St Ste 230,78501,McAllen-Edinburg-Mission,4,1,2026-09-13,State Bar of Texas Member Directory
David E Cazares PC,https://davidcazareslaw.com/,,,Mcallen,TX,Hidalgo,956-664-2000,dcazareslaw@yahoo.com,Criminal Defense,3016 N McColl Rd Ste B,78501,McAllen-Edinburg-Mission,5,1,2026-09-13,State Bar of Texas Member Directory; State Bar self-reported website
David R. Cantu Attorney At Law,,,,Mcallen,TX,Hidalgo,956-513-8012,,Criminal Defense,10113 N 10th St Ste H,78504,McAllen-Edinburg-Mission,5,1,2026-09-13,State Bar of Texas Member Directory
Davis Law Firm - Of Counsel,https://jeffdavislawfirm.com/,,,Mcallen,TX,Hidalgo,956-444-4444,,Personal Injury,107 West Nolana,78054,McAllen-Edinburg-Mission,5,1,2026-09-13,State Bar of Texas Member Directory
Daw & Ray LLP,http://www.dawray.com/,,,Mcallen,TX,Hidalgo,956-687-3121,,Personal Injury,3900 N 10th St Ste 820,78501,McAllen-Edinburg-Mission,5,2,2026-09-13,State Bar of Texas Member Directory; manual verified search
De Luna Law Group PLLC,https://www.rgvinjury.com/,,,Mcallen,TX,Hidalgo,956-703-4878,scheduling@rgvinjury.com,Personal Injury,2416 Buddy Owens Ave,78504,McAllen-Edinburg-Mission,5,2,2026-09-13,State Bar of Texas Member Directory; State Bar self-reported website
Dennis A. Longoria,https://texaslawlawyer.com/,,,Mcallen,TX,Hidalgo,956-451-2440,dennis@texaslawlawyer.com,Personal Injury,PO Box 3540,78502,McAllen-Edinburg-Mission,5,1,2026-09-13,State Bar of Texas Member Directory; State Bar self-reported website
Doctors Hospital at Renaissance Health System,,,,Mcallen,TX,Hidalgo,956-362-7138,,Real Estate,608 Yucca Ave,78504,McAllen-Edinburg-Mission,2,1,2026-09-13,State Bar of Texas Member Directory; State Bar self-reported website
"Donnell, Kieschnick, Wolter & Gamez",,,,Mcallen,TX,Hidalgo,956-618-4477,,Personal Injury,801 E Fern Ave Ste 148,78501,McAllen-Edinburg-Mission,5,1,2026-09-13,State Bar of Texas Member Directory
Driscoll & Driscoll,,,,Mcallen,TX,Hidalgo,956-800-5373,,Personal Injury,1021 Martin Ave,78504,McAllen-Edinburg-Mission,5,1,2026-09-13,State Bar of Texas Member Directory
Dykema,https://www.dykema.com/people/kevin-m-sanchez.html,,,Mcallen,TX,Hidalgo,956-984-7415,,General,801 E Fern Ave Ste 103,78501,McAllen-Edinburg-Mission,4,1,2026-09-13,State Bar of Texas Member Directory; State Bar self-reported website
"EKR Attorneys, LLP",,,,Mcallen,TX,Hidalgo,956-682-2440,,Personal Injury,6521 N 10th St Ste A,78504,McAllen-Edinburg-Mission,5,1,2026-09-13,State Bar of Texas Member Directory; State Bar self-reported website
Ellen C Stone Attorney at Law,,,,Mcallen,TX,Hidalgo,,,Bankruptcy,PO Box 720102,78504,McAllen-Edinburg-Mission,2,1,2026-09-13,State Bar of Texas Member Directory
"Emmanuel Espinoza Law Group, PLLC",https://www.eelawgroup.com/,,,Mcallen,TX,Hidalgo,956-467-4491,attorney@eelawgroup.com,Criminal Defense,4016 N. 22nd St.,78504,McAllen-Edinburg-Mission,5,1,2026-09-13,State Bar of Texas Member Directory; State Bar self-reported website
Escamilla Law Firm,https://www.escamillalawfirm.com/,,,Mcallen,TX,Hidalgo,956-618-4999,,Personal Injury,1021 Martin Ave,78504,McAllen-Edinburg-Mission,5,1,2026-09-13,State Bar of Texas Member Directory; State Bar self-reported website
"Escobar Law Firm, PLLC",,,,Mcallen,TX,Hidalgo,956-631-3384,,Personal Injury,100 S Bicentennial Blvd,78501,McAllen-Edinburg-Mission,5,1,2026-09-13,State Bar of Texas Member Directory
"Espinosa Law Firm, P.L.L.C.",http://www.espinosalawfirm.com/,,,Mcallen,TX,Hidalgo,956-686-6490,legal@espinosalawfirm.com,Estate Planning,4300 N McColl Rd,78504,McAllen-Edinburg-Mission,2,2,2026-09-13,State Bar of Texas Member Directory; State Bar self-reported website
"Esponjas Development, Ltd.",,,,Mcallen,TX,Hidalgo,956-800-1333,,General,2912 S Jackson Rd,78503,McAllen-Edinburg-Mission,4,1,2026-09-13,State Bar of Texas Member Directory
Evyn Nicole Sakulenzki,,,,Mcallen,TX,Hidalgo,956-630-1713,,General,2021 Industrial Dr,78504,McAllen-Edinburg-Mission,4,1,2026-09-13,State Bar of Texas Member Directory
F&P Development,,,,Mcallen,TX,Hidalgo,,,General,1200 Auburn Ave Ste 295,78504,McAllen-Edinburg-Mission,4,1,2026-09-13,State Bar of Texas Member Directory
Fidencio M. Guerra,,,,Mcallen,TX,Hidalgo,956-682-1465,,Criminal Defense,PO Box 4227 8o4 pecan blvd.,78502,McAllen-Edinburg-Mission,5,1,2026-09-13,State Bar of Texas Member Directory
Flores Attorneys at Law,,,,Mcallen,TX,Hidalgo,956-631-7188,,Estate Planning,3331 N Ware Rd,78501,McAllen-Edinburg-Mission,2,3,2026-09-13,State Bar of Texas Member Directory
"Frank Guerra Law Firm, PLLC",,,,Mcallen,TX,Hidalgo,956-627-1066,,Criminal Defense,1122 Pecan Blvd,78501,McAllen-Edinburg-Mission,5,1,2026-09-13,State Bar of Texas Member Directory
"Franz Law Group, PLLC",https://www.franzlawgroup.com/,,,Mcallen,TX,Hidalgo,956-686-3300,,Personal Injury,400 N McColl Rd Ste B,78501,McAllen-Edinburg-Mission,5,2,2026-09-13,State Bar of Texas Member Directory; State Bar self-reported website
"Fryer & Hansen, PLLC",https://www.fryerandhansen.com/,,,Mcallen,TX,Hidalgo,956-686-6606,,Civil Litigation,1352 Pecan Blvd,78501,McAllen-Edinburg-Mission,3,2,2026-09-13,State Bar of Texas Member Directory; State Bar self-reported website
"Garcia & Garcia, Attorneys at Law P.L.L.C.",https://garciagarcialaw.com/,,,Mcallen,TX,Hidalgo,956-668-1690,,Criminal Defense,2504 Buddy Owens Ave,78504,McAllen-Edinburg-Mission,5,2,2026-09-13,State Bar of Texas Member Directory; State Bar self-reported website
"Garcia & Villarreal, PLLC",,,,Mcallen,TX,Hidalgo,956-630-0081,,Personal Injury,4401 N McColl Rd,78504,McAllen-Edinburg-Mission,5,3,2026-09-13,State Bar of Texas Member Directory
"Garcia, Quintanilla & Palacios, Law Firm",,,,Mcallen,TX,Hidalgo,956-682-9477,,Criminal Defense,5526 N 10th St,78504,McAllen-Edinburg-Mission,5,1,2026-09-13,State Bar of Texas Member Directory
George Pitchford,,,,Mcallen,TX,Hidalgo,956-630-6400,,General,3016 N McColl Rd Ste A,78501,McAllen-Edinburg-Mission,4,1,2026-09-13,State Bar of Texas Member Directory
Godinez Law Firm PC,http://www.godinezlaw.com/,,,Mcallen,TX,Hidalgo,956-682-5434,,Personal Injury,2415 N 10th St,78501,McAllen-Edinburg-Mission,5,1,2026-09-13,State Bar of Texas Member Directory; State Bar self-reported website
Gonzalez & Associates Law Firm Ltd,https://jgonzalezlawfirm.com/,,,Mcallen,TX,Hidalgo,956-664-0100,,Personal Injury,817 E Esperanza Ave,78501,McAllen-Edinburg-Mission,5,4,2026-09-13,State Bar of Texas Member Directory; State Bar self-reported website
"Gonzalez Castillo, LLP",http://valleyfirm.com/,,,Mcallen,TX,Hidalgo,956-618-0115,law@valleyfirm.com,Personal Injury,1317 E Quebec Ave,78503,McAllen-Edinburg-Mission,5,4,2026-09-13,State Bar of Texas Member Directory; State Bar self-reported website
"Gregory E. Turley, Attorney At Law",,,,Mcallen,TX,Hidalgo,,,Estate Planning,224 Canary Ave.,78504,McAllen-Edinburg-Mission,2,1,2026-09-13,State Bar of Texas Member Directory
Griffith Law Group,https://rgvfirm.com/,,,Mcallen,TX,Hidalgo,956-971-9446,,Personal Injury,4228 N McColl Rd,78504,McAllen-Edinburg-Mission,5,6,2026-09-13,State Bar of Texas Member Directory; State Bar self-reported website
Guerra LLP,https://guerrallp.com/,,,Mcallen,TX,Hidalgo,210-447-0500,,Personal Injury,4201 N McColl Rd,78212,McAllen-Edinburg-Mission,5,5,2026-09-13,State Bar of Texas Member Directory; State Bar self-reported website
"Guerra, Scott & Molina, PLLC",,,,Mcallen,TX,Hidalgo,956-383-4300,,Personal Injury,10213 N 10th St,78504,McAllen-Edinburg-Mission,5,2,2026-09-13,State Bar of Texas Member Directory
"HKC LAW FIRM, PLLC",https://hkclawfirm.com/,,,Mcallen,TX,Hidalgo,956-212-1601,hkc@hkclawfirm.com,Criminal Defense,517 W Nolana Ave Ste 7,78504,McAllen-Edinburg-Mission,5,1,2026-09-13,State Bar of Texas Member Directory; State Bar self-reported website
Harrison McPherson,,,,Mcallen,TX,Hidalgo,,,Personal Injury,1300 Hibiscus Ave,78501,McAllen-Edinburg-Mission,5,1,2026-09-13,State Bar of Texas Member Directory
Henrichson Law PLLC,,,,Mcallen,TX,Hidalgo,956-383-3535,,Personal Injury,10113 N 10th St Ste E,78504,McAllen-Edinburg-Mission,5,1,2026-09-13,State Bar of Texas Member Directory; State Bar self-reported website
Herrman & Herrman P.L.L.C.,https://www.herrmanandherrman.com/,,,Mcallen,TX,Hidalgo,956-630-9797,,Personal Injury,4121 N 23rd St,78504,McAllen-Edinburg-Mission,5,1,2026-09-13,State Bar of Texas Member Directory; State Bar self-reported website
Hien Ngoc Thi Nguyen,,,,Mcallen,TX,Hidalgo,,,Criminal Defense,1701 W. Business Hwy Suite 600,78504,McAllen-Edinburg-Mission,5,1,2026-09-13,State Bar of Texas Member Directory
"Hole & Alvarez, L.L.P.",,,,Mcallen,TX,Hidalgo,956-631-2891,,Personal Injury,612 W Nolana Ave Ste 370,78504,McAllen-Edinburg-Mission,5,1,2026-09-13,State Bar of Texas Member Directory; State Bar self-reported website
Jacqueline Salinas Bazan,,,,Mcallen,TX,Hidalgo,,,Criminal Defense,2816 Shasta Ave,78504,McAllen-Edinburg-Mission,5,1,2026-09-13,State Bar of Texas Member Directory
"Jaime Hernández Law Firm, PLLC",,,,Mcallen,TX,Hidalgo,956-588-2150,,Criminal Defense,10125 N. 10th St.,78504,McAllen-Edinburg-Mission,5,1,2026-09-13,State Bar of Texas Member Directory
Jaime Javier Rivas,,,,Mcallen,TX,Hidalgo,,,General,2925 N 1st St,78501,McAllen-Edinburg-Mission,4,1,2026-09-13,State Bar of Texas Member Directory
Jaime Pena,,,,Mcallen,TX,Hidalgo,956-948-2221,,General,3900 N 10th St Fl 11,78501,McAllen-Edinburg-Mission,4,1,2026-09-13,State Bar of Texas Member Directory
Jane Sunha Shin,,,,Mcallen,TX,Hidalgo,956-661-8000,,General,1901 S Taylor Rd,78503,McAllen-Edinburg-Mission,4,1,2026-09-13,State Bar of Texas Member Directory
Jefferson Crabb Attorney at Law PLLC,,,,Mcallen,TX,Hidalgo,956-668-0328,,Real Estate,PO Box 720032,78504,McAllen-Edinburg-Mission,2,1,2026-09-13,State Bar of Texas Member Directory
John J. Baker,,,,Mcallen,TX,Hidalgo,956-618-8100,,General,1701 W US Highway 83 Ste 1100,78501,McAllen-Edinburg-Mission,4,1,2026-09-13,State Bar of Texas Member Directory
John Saenz & Associates PC,https://www.johnsaenzlaw.com/,,,Mcallen,TX,Hidalgo,956-467-0111,,Personal Injury,1400 N McColl Rd Ste 104-B,78501,McAllen-Edinburg-Mission,5,1,2026-09-13,State Bar of Texas Member Directory
Jorge Fernando Ramirez Tubilla,,,,Mcallen,TX,Hidalgo,956-429-3515,,Real Estate,2812 W Nolana Ave Mcalle STE 140 PMB 285,78504,McAllen-Edinburg-Mission,2,1,2026-09-13,State Bar of Texas Member Directory
Jose Luis Flores,,,,Mcallen,TX,Hidalgo,956-682-0924,,General,1111 W Nolana Ave,78504,McAllen-Edinburg-Mission,4,1,2026-09-13,State Bar of Texas Member Directory
Jose Manuel Martinez,,,,Mcallen,TX,Hidalgo,956-682-5297,,Criminal Defense,5804 N 23rd St,78504,McAllen-Edinburg-Mission,5,1,2026-09-13,State Bar of Texas Member Directory
Jose Roberto Flores,,,,Mcallen,TX,Hidalgo,956-318-2260,,General,PO Box 4379,78502,McAllen-Edinburg-Mission,4,1,2026-09-13,State Bar of Texas Member Directory
Joseph R Preston Attorney at Law,https://www.josephrpreston.com/,,,Mcallen,TX,Hidalgo,956-687-9604,,Estate Planning,5111 N 10th St PMB 242,78504,McAllen-Edinburg-Mission,2,1,2026-09-13,State Bar of Texas Member Directory; State Bar self-reported website
Juan Antonio Garcia,,,,Mcallen,TX,Hidalgo,,,General,4704 N. 5th Street,78504,McAllen-Edinburg-Mission,4,1,2026-09-13,State Bar of Texas Member Directory
"Juan Ramos Law Group, PLLC",https://juanramoslawfirm.com/,,,Mcallen,TX,Hidalgo,956-398-5542,frontdesk@jramoslawgroup.com,Criminal Defense,4415 N McColl Rd,78504,McAllen-Edinburg-Mission,5,1,2026-09-13,State Bar of Texas Member Directory; State Bar self-reported website
"Julian Rodriguez, Jr. & Associates P.C.",https://www.julianrodriguezlaw.net/,,,Mcallen,TX,Hidalgo,956-287-0088,,Personal Injury,10113 N 10th St Ste C,78504,McAllen-Edinburg-Mission,5,1,2026-09-13,State Bar of Texas Member Directory; State Bar self-reported website
"Justice Law Group, P.C.",,,,Mcallen,TX,Hidalgo,956-866-7139,,Immigration,5808 N. 23rd St.,78504,McAllen-Edinburg-Mission,2,1,2026-09-13,State Bar of Texas Member Directory
Kahana Feld,https://kahanafeld.com/,,,Mcallen,TX,Hidalgo,956-899-3041,marketing@kahanafeld.com,Personal Injury,"801 W. Nolana Ave., Ste. 320 & 321",78504,McAllen-Edinburg-Mission,5,1,2026-09-13,State Bar of Texas Member Directory; State Bar self-reported website
Karam Law Firm,,,,Mcallen,TX,Hidalgo,956-630-5700,,Personal Injury,825 Quince Ave,78501,McAllen-Edinburg-Mission,5,1,2026-09-13,State Bar of Texas Member Directory; State Bar self-reported website
"Kenna S Giffin, Attorney at Law, PLLC",,,,Mcallen,TX,Hidalgo,956-283-4669,,Estate Planning,PO Box 3784,78502,McAllen-Edinburg-Mission,2,1,2026-09-13,State Bar of Texas Member Directory
King Guerra Davis & Garcia,,,,Mcallen,TX,Hidalgo,956-279-0026,kgdg@swbell.net,General,3108 Heron Ave,78504,McAllen-Edinburg-Mission,4,1,2026-09-13,State Bar of Texas Member Directory; State Bar self-reported website
KingLawFirm,https://kingrgvlaw.com/,,,Mcallen,TX,Hidalgo,956-687-6294,,Civil Litigation,3409 N 10th St Ste 100,78501,McAllen-Edinburg-Mission,3,2,2026-09-13,State Bar of Texas Member Directory; State Bar self-reported website; manual verified search
"Koeneke & Gutierrez, PLLC",https://thekglawoffice.com/,,,Mcallen,TX,Hidalgo,956-627-3560,,General,801 E Esperanza Ave,78501,McAllen-Edinburg-Mission,4,2,2026-09-13,State Bar of Texas Member Directory; State Bar self-reported website; manual verified search
Kwangeun Lee,,,,Mcallen,TX,Hidalgo,,,General,201 E QUAMASIA AVE,78504,McAllen-Edinburg-Mission,4,1,2026-09-13,State Bar of Texas Member Directory
"L & F Distributors, LLC",,,,Mcallen,TX,Hidalgo,956-687-7751,,General,3900 N McColl Rd,78501,McAllen-Edinburg-Mission,4,1,2026-09-13,State Bar of Texas Member Directory
L.A. Law Firm,,,,Mcallen,TX,Hidalgo,956-630-0003,,Criminal Defense,301 N Main St Ste 3A,78501,McAllen-Edinburg-Mission,5,1,2026-09-13,State Bar of Texas Member Directory
LAW OFFICE OF ALEX MARTINEZ,https://alexmartinezlaw.com/,,,Mcallen,TX,Hidalgo,956-540-2255,gethelp@alexmartinezlaw.com,Personal Injury,1201 W Houston Ave,78501,McAllen-Edinburg-Mission,5,1,2026-09-13,State Bar of Texas Member Directory; State Bar self-reported website
LAW OFFICE OF ATT. FRANCISCO MARTINEZ,,,,Mcallen,TX,Hidalgo,956-971-0972,,Criminal Defense,3501 N Ware Rd,78501,McAllen-Edinburg-Mission,5,1,2026-09-13,State Bar of Texas Member Directory
"LAW OFFICE OF J. FRANCISCO TINOCO, P.C.",,,,Mcallen,TX,Hidalgo,956-683-8300,,Criminal Defense,200 S 10th St Ste 802,78501,McAllen-Edinburg-Mission,5,1,2026-09-13,State Bar of Texas Member Directory; State Bar self-reported website
LAW OFFICE OF LAURO B. TREJO III,,,,Mcallen,TX,Hidalgo,956-380-3838,,Criminal Defense,4309 N 10th St Ste F1,78504,McAllen-Edinburg-Mission,5,1,2026-09-13,State Bar of Texas Member Directory
"Laguna Law, PLLC",https://laguna-law.com/,,,Mcallen,TX,Hidalgo,956-605-1581,jeana@laguna-law.com,Civil Litigation,3400 N McColl Rd Ste 20A,78501,McAllen-Edinburg-Mission,3,1,2026-09-13,State Bar of Texas Member Directory; State Bar self-reported website
Lara Flores Law Firm PLLC,,,,Mcallen,TX,Hidalgo,956-627-6383,,Civil Litigation,"4124 N. 23rd St., Suite 1",78504,McAllen-Edinburg-Mission,3,1,2026-09-13,State Bar of Texas Member Directory
Law Firm of Ricardo A. Garcia,https://personalinjurylawyerrg.com/,,,Mcallen,TX,Hidalgo,956-630-2882,,Personal Injury,820 S Main St,78501,McAllen-Edinburg-Mission,5,3,2026-09-13,State Bar of Texas Member Directory; State Bar self-reported website
"Law Ofc of Carlos E. Hernandez, Jr., P.C.",,,,Mcallen,TX,Hidalgo,956-731-4324,,Employment Law,4129 N 22nd St Ste 8,78504,McAllen-Edinburg-Mission,3,1,2026-09-13,State Bar of Texas Member Directory; State Bar self-reported website
"Law Office Of David Saenz, PLLC",,,,Mcallen,TX,Hidalgo,956-330-0657,,Criminal Defense,2003 W Nolana Ave,78504,McAllen-Edinburg-Mission,5,1,2026-09-13,State Bar of Texas Member Directory
Law Office Of Jaime M. Morales,,,,Mcallen,TX,Hidalgo,956-682-9477,,Criminal Defense,5526 N 10th St,78504,McAllen-Edinburg-Mission,5,1,2026-09-13,State Bar of Texas Member Directory
Law Office Of Jose G. Gonzalez,,,,Mcallen,TX,Hidalgo,956-731-4324,,Criminal Defense,4129 N 22nd St Ste 8,78504,McAllen-Edinburg-Mission,5,1,2026-09-13,State Bar of Texas Member Directory; State Bar self-reported website
Law Office Of Shiree D. Salinas PLLC,,,,Mcallen,TX,Hidalgo,956-631-9112,,Personal Injury,3700 N 10th St Ste 303,78501,McAllen-Edinburg-Mission,5,1,2026-09-13,State Bar of Texas Member Directory; State Bar self-reported website
Law Office of A. Ricardo Flores,,,,Mcallen,TX,Hidalgo,956-687-8344,,Criminal Defense,300 E Pecan Blvd,78501,McAllen-Edinburg-Mission,5,2,2026-09-13,State Bar of Texas Member Directory
Law Office of Aaron Fonseca,https://afonsecalaw.com/,,,Mcallen,TX,Hidalgo,956-510-9800,,Criminal Defense,10125 N 10th St Ste C,78504,McAllen-Edinburg-Mission,5,1,2026-09-13,State Bar of Texas Member Directory; State Bar self-reported website
"Law Office of Antonio Martinez, Jr., P.C.",,,,Mcallen,TX,Hidalgo,956-683-1090,,Criminal Defense,515 W Nolana Ave Ste B,78504,McAllen-Edinburg-Mission,5,1,2026-09-13,State Bar of Texas Member Directory
Law Office of Arnulfo Guerra,,,,Mcallen,TX,Hidalgo,956-322-8767,,Criminal Defense,2403 N 10th St Ste B,78501,McAllen-Edinburg-Mission,5,1,2026-09-13,State Bar of Texas Member Directory
Law Office of Audra Palacios Cruz,,,,Mcallen,TX,Hidalgo,956-682-9477,,Criminal Defense,5526 N 10th St,78504,McAllen-Edinburg-Mission,5,1,2026-09-13,State Bar of Texas Member Directory
Law Office of Brittany L Gabrielson,,,,Mcallen,TX,Hidalgo,956-778-2748,,Estate Planning,PO Box 6150,78502,McAllen-Edinburg-Mission,2,1,2026-09-13,State Bar of Texas Member Directory
Law Office of Catarina S. Alvarado,,,,Mcallen,TX,Hidalgo,956-377-2757,,Criminal Defense,"4313 North 10th St., Suite E",78504,McAllen-Edinburg-Mission,5,1,2026-09-13,State Bar of Texas Member Directory
Law Office of Charles Raadt,https://raadtlaw.com/,,,Mcallen,TX,Hidalgo,956-332-2292,charles@raadtlaw.com,Criminal Defense,7017 N 10th St Ste N2 PMB 324,78504,McAllen-Edinburg-Mission,5,2,2026-09-13,State Bar of Texas Member Directory; State Bar self-reported website; manual verified search
Law Office of Chris Sanchez P.C.,https://therelentlesslawyer.com/,,,Mcallen,TX,Hidalgo,956-616-2020,lawofficeofchrissanchez@gmail.com,Personal Injury,317 W Nolana Ave Ste A,78504,McAllen-Edinburg-Mission,5,1,2026-09-13,State Bar of Texas Member Directory; State Bar self-reported website
"Law Office of Dan Alfaro, PLLC",http://danalfarolaw.com/,,,Mcallen,TX,Hidalgo,956-661-9898,dan@danalfarolaw.com,Personal Injury,1317 N 10th St Ste 120,78501,McAllen-Edinburg-Mission,5,1,2026-09-13,State Bar of Texas Member Directory; State Bar self-reported website
"Law Office of Daniel Santos, P.C.",,,,Mcallen,TX,Hidalgo,956-630-5781,,Personal Injury,605 E Violet Ave Ste 2,78504,McAllen-Edinburg-Mission,5,1,2026-09-13,State Bar of Texas Member Directory; State Bar self-reported website
Law Office of David Ayala,,,,Mcallen,TX,Hidalgo,956-212-5681,,Immigration,PO Box 6707,78502,McAllen-Edinburg-Mission,2,1,2026-09-13,State Bar of Texas Member Directory
"Law Office of David Davila, PC",,,,Mcallen,TX,Hidalgo,956-687-2070,,Bankruptcy,PO Box 4765,78502,McAllen-Edinburg-Mission,2,1,2026-09-13,State Bar of Texas Member Directory
"Law Office of Della Fay Perez, PLLC",,,,Mcallen,TX,Hidalgo,956-533-2594,,Estate Planning,1305 E Nolana Ave Ste D,78504,McAllen-Edinburg-Mission,2,1,2026-09-13,State Bar of Texas Member Directory
"Law Office of Donald K. Malagon, PLLC",,,,Mcallen,TX,Hidalgo,956-291-0660,,Estate Planning,5208 N 10th St PMB 244,78504,McAllen-Edinburg-Mission,2,1,2026-09-13,State Bar of Texas Member Directory
Law Office of Ezequiel Tovar,,,,Mcallen,TX,Hidalgo,956-687-4363,,General,1111 W Nolana Ave,78504,McAllen-Edinburg-Mission,4,1,2026-09-13,State Bar of Texas Member Directory
Law Office of Fabian Guerrero,,,,Mcallen,TX,Hidalgo,956-627-4878,,Criminal Defense,3900 W Expressway 83,78501,McAllen-Edinburg-Mission,5,1,2026-09-13,State Bar of Texas Member Directory
Law Office of Federico G. Hinojosa,,,,Mcallen,TX,Hidalgo,956-339-6889,,General,PO Box 5275,78502,McAllen-Edinburg-Mission,4,1,2026-09-13,State Bar of Texas Member Directory
Law Office of Fela B Olivarez,,,,Mcallen,TX,Hidalgo,956-702-2226,,General,PO Box 3538,78502,McAllen-Edinburg-Mission,4,1,2026-09-13,State Bar of Texas Member Directory
Law Office of Felix Ramos,,,,Mcallen,TX,Hidalgo,956-630-6046,,Criminal Defense,425 W Nolana Ave Ste A,78504,McAllen-Edinburg-Mission,5,1,2026-09-13,State Bar of Texas Member Directory
Law Office of Francisco J. Rodriguez,,,,Mcallen,TX,Hidalgo,956-687-4363,,Personal Injury,1111 W Nolana Ave Ste A,78504,McAllen-Edinburg-Mission,5,3,2026-09-13,State Bar of Texas Member Directory
Law Office of Genaro Fraustro,,,,Mcallen,TX,Hidalgo,956-994-8072,,Criminal Defense,1412 Duke Ave,78504,McAllen-Edinburg-Mission,5,1,2026-09-13,State Bar of Texas Member Directory; State Bar self-reported website
Law Office of Gerardo Arriaga,,,,Mcallen,TX,Hidalgo,956-681-6228,,Criminal Defense,117 W Hawk Ave,78504,McAllen-Edinburg-Mission,5,1,2026-09-13,State Bar of Texas Member Directory
"Law Office of Jaime Lopez, PLLC",,,,Mcallen,TX,Hidalgo,956-874-4527,,Personal Injury,2023 N Jackson Rd,78501,McAllen-Edinburg-Mission,5,1,2026-09-13,State Bar of Texas Member Directory
"Law Office of Javier Villalobos, P.C.",,,,Mcallen,TX,Hidalgo,956-687-4000,,Criminal Defense,5804 N 23rd St,78504,McAllen-Edinburg-Mission,5,1,2026-09-13,State Bar of Texas Member Directory
"Law Office of Jorge Salinas, PLLC",https://www.jorgesalinaslaw.com/,,,Mcallen,TX,Hidalgo,956-278-3529,attorney@jorgesalinaslaw.com,Criminal Defense,4415 N McColl Rd,78504,McAllen-Edinburg-Mission,5,1,2026-09-13,State Bar of Texas Member Directory; State Bar self-reported website
"Law Office of Jose A. Barbeito, PLLC",https://barbeitolaw.com/en/home/,,,Mcallen,TX,Hidalgo,956-630-6020,jose@barbeitolaw.com,Immigration,702 N Bicentennial Blvd Ste A,78501,McAllen-Edinburg-Mission,2,1,2026-09-13,State Bar of Texas Member Directory; State Bar self-reported website
Law Office of Judith A. Cantu,,,,Mcallen,TX,Hidalgo,956-213-8011,judithacantu@yahoo.com,Criminal Defense,6521 N 10th St Ste D,78504,McAllen-Edinburg-Mission,5,1,2026-09-13,State Bar of Texas Member Directory; State Bar self-reported website
"Law Office of Karla Olivarez, LLC",,,,Mcallen,TX,Hidalgo,210-787-7105,,Immigration,525 W Nolana Ave,78504,McAllen-Edinburg-Mission,2,1,2026-09-13,State Bar of Texas Member Directory
"Law Office of Krystal Garza, P.C.",https://krystalgarzalaw.com/,,,Mcallen,TX,Hidalgo,956-558-1618,,Personal Injury,1300 N 10th St Ste 420,78501,McAllen-Edinburg-Mission,5,1,2026-09-13,State Bar of Texas Member Directory; State Bar self-reported website
Law Office of Kurt Stephen PLLC,,,,Mcallen,TX,Hidalgo,956-631-3381,,Bankruptcy,100 S Bicentennial Blvd,78501,McAllen-Edinburg-Mission,2,1,2026-09-13,State Bar of Texas Member Directory
"Law Office of L G ""JERRY"" CANALES",,,,Mcallen,TX,Hidalgo,956-687-7763,,Real Estate,6013 N. 10th,78504,McAllen-Edinburg-Mission,2,1,2026-09-13,State Bar of Texas Member Directory
Law Office of Lisa Y. Guerra,,,,Mcallen,TX,Hidalgo,202-492-0329,,Employment Law,"1111 W. Nolana Ave., Ste. O",78504,McAllen-Edinburg-Mission,3,1,2026-09-13,State Bar of Texas Member Directory
Law Office of Marina Dominguez,,,,Mcallen,TX,Hidalgo,956-687-6649,,Estate Planning,5525 North McColl Road,78504,McAllen-Edinburg-Mission,2,1,2026-09-13,State Bar of Texas Member Directory
Law Office of Maxine Nash,,,,Mcallen,TX,Hidalgo,956-682-2835,,Criminal Defense,PO Box 720446,78504,McAllen-Edinburg-Mission,5,1,2026-09-13,State Bar of Texas Member Directory
Law Office of Noel Gonzalez,,,,Mcallen,TX,Hidalgo,956-616-4151,,Criminal Defense,520 Pecan Blvd Ste G,78501,McAllen-Edinburg-Mission,5,1,2026-09-13,State Bar of Texas Member Directory
Law Office of Oscar Alvarez,https://www.alvarezatty.com/,,,Mcallen,TX,Hidalgo,956-631-6363,oscar@alvarezatty.com,Criminal Defense,512 W Expressway 83,78501,McAllen-Edinburg-Mission,5,2,2026-09-13,State Bar of Texas Member Directory; State Bar self-reported website
"Law Office of Patrick Moore, PLLC",,,,Mcallen,TX,Hidalgo,956-971-9200,,Real Estate,701 E Expressway 83 Ste 330,78501,McAllen-Edinburg-Mission,2,2,2026-09-13,State Bar of Texas Member Directory
Law Office of Pete Diaz IV,,,,Mcallen,TX,Hidalgo,956-507-0268,,Civil Litigation,1305 E Nolana Ave Ste F,78504,McAllen-Edinburg-Mission,3,1,2026-09-13,State Bar of Texas Member Directory
"Law Office of Peter E. McGraw, PLLC",,,,Mcallen,TX,Hidalgo,956-450-3203,,Civil Rights,520 Pecan Blvd,78501,McAllen-Edinburg-Mission,3,1,2026-09-13,State Bar of Texas Member Directory
Law Office of R P (Bob) Sanchez,,,,Mcallen,TX,Hidalgo,956-878-6600,,Personal Injury,PO Box 4137,78502,McAllen-Edinburg-Mission,5,1,2026-09-13,State Bar of Texas Member Directory
"Law Office of Ramon Vega III, PLLC",https://vegalawoffice.net/,,,Mcallen,TX,Hidalgo,956-664-8006,rvega@vegalawoffice.net,Real Estate,1012 Martin Ave Ste C,78504,McAllen-Edinburg-Mission,2,1,2026-09-13,State Bar of Texas Member Directory; State Bar self-reported website
"Law Office of Raul Medina, P.C.",,,,Mcallen,TX,Hidalgo,956-994-9933,,General,3101 N Jackson Road,78501,McAllen-Edinburg-Mission,4,1,2026-09-13,State Bar of Texas Member Directory
Law Office of Reynaldo M. Merino,https://www.reymerinolaw.com/,,,Mcallen,TX,Hidalgo,956-630-2000,,Criminal Defense,5111 N 10th PMB 155,78504,McAllen-Edinburg-Mission,5,1,2026-09-13,State Bar of Texas Member Directory; State Bar self-reported website
Law Office of Reynaldo Ortiz,https://lawyer-mcallen.com/,,,Mcallen,TX,Hidalgo,956-687-4567,,Personal Injury,1109 W Nolana Ave Ste 205,78504,McAllen-Edinburg-Mission,5,2,2026-09-13,State Bar of Texas Member Directory; manual verified search
Law Office of Ricardo A Ramos,,,,Mcallen,TX,Hidalgo,956-618-2214,,Estate Planning,4712 N McColl Rd,78504,McAllen-Edinburg-Mission,2,1,2026-09-13,State Bar of Texas Member Directory
Law Office of Rick Montalvo,,,,Mcallen,TX,Hidalgo,956-594-4007,,Criminal Defense,7017 N 10th St Ste N2,78504,McAllen-Edinburg-Mission,5,1,2026-09-13,State Bar of Texas Member Directory
"Law Office of Robert D. Puente, P",,,,Mcallen,TX,Hidalgo,956-502-5258,,Criminal Defense,"1111 W Nolana Avenue, Suite G",78501,McAllen-Edinburg-Mission,5,1,2026-09-13,State Bar of Texas Member Directory; State Bar self-reported website
Law Office of Roberto A Guerrero,,,,Mcallen,TX,Hidalgo,956-631-1394,,Bankruptcy,2217 N 23rd St,78501,McAllen-Edinburg-Mission,2,1,2026-09-13,State Bar of Texas Member Directory
Law Office of Roberto Salazar,https://robertsalazar.com/,,,Mcallen,TX,Hidalgo,956-682-1017,robertosalazarlaw@gmail.com,Criminal Defense,4601 N McColl Rd Ste S,78504,McAllen-Edinburg-Mission,5,2,2026-09-13,State Bar of Texas Member Directory; State Bar self-reported website
"Law Office of Roel Gutierrez, PLLC",,,,Mcallen,TX,Hidalgo,956-655-1336,,Criminal Defense,4415 N McColl Rd,78504,McAllen-Edinburg-Mission,5,1,2026-09-13,State Bar of Texas Member Directory
Law Office of Roger H. Reed,,,,Mcallen,TX,Hidalgo,956-631-9119,,Personal Injury,3900 N 10th St Ste 850,78501,McAllen-Edinburg-Mission,5,1,2026-09-13,State Bar of Texas Member Directory
Law Office of Ryan C. PLLC,http://rsolislaw.com/,,,Mcallen,TX,Hidalgo,956-686-9600,support@rsolislaw.com,Personal Injury,820 E Hackberry Ave,78501,McAllen-Edinburg-Mission,5,1,2026-09-13,State Bar of Texas Member Directory; State Bar self-reported website
"Law Office of S. Mangi, P.C.",,,,Mcallen,TX,Hidalgo,956-800-4303,,Personal Injury,6521 N 10th St Ste D,78504,McAllen-Edinburg-Mission,5,1,2026-09-13,State Bar of Texas Member Directory
Law Office of San Juanita Sanchez,,,,Mcallen,TX,Hidalgo,956-686-5005,,Estate Planning,5804 N. 23rd Street,78504,McAllen-Edinburg-Mission,2,1,2026-09-13,State Bar of Texas Member Directory
Law Office of Thomas P. Wingate,,,,Mcallen,TX,Hidalgo,956-501-6777,,Real Estate,5605 N 4th St,78504,McAllen-Edinburg-Mission,2,1,2026-09-13,State Bar of Texas Member Directory
Law Office of Vance W. Gonzales,,,,Mcallen,TX,Hidalgo,956-332-2428,,Criminal Defense,300 E Pecan Blvd,78501,McAllen-Edinburg-Mission,5,1,2026-09-13,State Bar of Texas Member Directory
Law Office of Victor M. Carrera,,,,Mcallen,TX,Hidalgo,956-874-9811,,Personal Injury,5400 N 1st St,78504,McAllen-Edinburg-Mission,5,1,2026-09-13,State Bar of Texas Member Directory
Law Office of Yolanda Jurado-Gesswein,,,,Mcallen,TX,Hidalgo,956-566-7127,,Criminal Defense,PO Box 2403 N. 10th Street Ste B189,78502,McAllen-Edinburg-Mission,5,1,2026-09-13,State Bar of Texas Member Directory
"Law Office of Zelene Zaleta, PLLC",https://abogadazaleta.com/,,,Mcallen,TX,Hidalgo,956-513-6767,info@abogadazaleta.com,Criminal Defense,1305 E Nolana Ave Ste A,78504,McAllen-Edinburg-Mission,5,1,2026-09-13,State Bar of Texas Member Directory; State Bar self-reported website
"Law Office of bobby garcia, P.C.",https://bobbygarcia.com/,,,Mcallen,TX,Hidalgo,956-668-7400,,Personal Injury,PO Box 5729,78502,McAllen-Edinburg-Mission,5,1,2026-09-13,State Bar of Texas Member Directory
"Law Offices of Alya Vasquez, PLLC",,,,Mcallen,TX,Hidalgo,956-578-9267,,Criminal Defense,2416 BUDDY OWENS AVE,78504,McAllen-Edinburg-Mission,5,1,2026-09-13,State Bar of Texas Member Directory
Law Offices of Daniel Ramirez,,,,Mcallen,TX,Hidalgo,956-686-2401,,Criminal Defense,1536 W Dove Ave,78504,McAllen-Edinburg-Mission,5,1,2026-09-13,State Bar of Texas Member Directory
Law Offices of Glenn Jarvis,http://www.glennjarvis.com/,,,Mcallen,TX,Hidalgo,956-682-2660,,Real Estate,1801 S 2nd St # 550,78503,McAllen-Edinburg-Mission,2,1,2026-09-13,State Bar of Texas Member Directory; State Bar self-reported website
Law Offices of Hugo Pina,https://www.pinalaw.com/,,,Mcallen,TX,Hidalgo,956-458-4974,,Criminal Defense,601 S 12th St,78501,McAllen-Edinburg-Mission,5,1,2026-09-13,State Bar of Texas Member Directory; State Bar self-reported website
Law Offices of Jose M. Martinez,,,,Mcallen,TX,Hidalgo,,,Personal Injury,4001 burns court,78503,McAllen-Edinburg-Mission,5,1,2026-09-13,State Bar of Texas Member Directory
Law Offices of Joseph A. Connors III,,,,Mcallen,TX,Hidalgo,956-687-8217,,Criminal Defense,106 W Fern Ave,78501,McAllen-Edinburg-Mission,5,1,2026-09-13,State Bar of Texas Member Directory
Law Offices of L Aron Pena,,,,Mcallen,TX,Hidalgo,956-383-5311,,Criminal Defense,10113 N 10th St Ste D,78504,McAllen-Edinburg-Mission,5,1,2026-09-13,State Bar of Texas Member Directory
"Law Offices of Mario Davila, PLLC",https://encasodeaccidente.com/en/,,,Mcallen,TX,Hidalgo,956-682-3535,,Personal Injury,PO Box 3726,78502,McAllen-Edinburg-Mission,5,2,2026-09-13,State Bar of Texas Member Directory
Law Offices of Michael E Flanagan,,,,Mcallen,TX,Hidalgo,956-683-0333,,Personal Injury,809 Chicago Ave,78501,McAllen-Edinburg-Mission,5,1,2026-09-13,State Bar of Texas Member Directory
Law Offices of Michael M. Guerra,,,,Mcallen,TX,Hidalgo,956-682-5999,,Personal Injury,PO Box 5371,78502,McAllen-Edinburg-Mission,5,1,2026-09-13,State Bar of Texas Member Directory; State Bar self-reported website
Law Offices of Roberto M Garcia,,,,Mcallen,TX,Hidalgo,956-223-2550,,Employment Law,PO Box 3960,78502,McAllen-Edinburg-Mission,3,1,2026-09-13,State Bar of Texas Member Directory; State Bar self-reported website
Law Offices of Rojelio Garza,,,,Mcallen,TX,Hidalgo,956-664-0009,,Personal Injury,4405 N McColl Rd,78504,McAllen-Edinburg-Mission,5,1,2026-09-13,State Bar of Texas Member Directory
Leas Legal Group,,,,Mcallen,TX,Hidalgo,956-499-5327,,Criminal Defense,PO Box 2257,78502,McAllen-Edinburg-Mission,5,1,2026-09-13,State Bar of Texas Member Directory
"Lennard K. Whittaker, Attorney",https://whittaker.law/,,,Mcallen,TX,Hidalgo,956-821-9918,,Criminal Defense,PO Box 720876,78504,McAllen-Edinburg-Mission,5,1,2026-09-13,State Bar of Texas Member Directory; State Bar self-reported website
Lindenmuth Law Firm,https://www.lindenmuthlaw.com/,,,Mcallen,TX,Hidalgo,956-897-0020,david@lindenmuthlaw.com,Criminal Defense,515 Pecan Blvd,78501,McAllen-Edinburg-Mission,5,1,2026-09-13,State Bar of Texas Member Directory; State Bar self-reported website
Livesay Law Office,,,,Mcallen,TX,Hidalgo,956-928-0149,,General,517 W Nolana Ave,78504,McAllen-Edinburg-Mission,4,1,2026-09-13,State Bar of Texas Member Directory
Loncar Lyon Jenkins,,,,Mcallen,TX,Hidalgo,956-382-7440,,Personal Injury,321 S 12th St.,78501,McAllen-Edinburg-Mission,5,1,2026-09-13,State Bar of Texas Member Directory
Maria Antonia Ramirez,,,,Mcallen,TX,Hidalgo,956-618-4642,tramirez402@rgvbts.com,Estate Planning,402 N Main St,78501,McAllen-Edinburg-Mission,2,1,2026-09-13,State Bar of Texas Member Directory; State Bar self-reported website
Maria Luisa Garcia Davila,,,,Mcallen,TX,Hidalgo,,,General,3700 N 10th St Ste 210,78501,McAllen-Edinburg-Mission,4,1,2026-09-13,State Bar of Texas Member Directory
Mariana Leticia Lozano,,,,Mcallen,TX,Hidalgo,,,General,818 Pecan Blvd,78501,McAllen-Edinburg-Mission,4,1,2026-09-13,State Bar of Texas Member Directory
"Marissa Anna Carranza Hernandez, Attorney at Law, PLLC",,,,Mcallen,TX,Hidalgo,956-386-9733,,Estate Planning,804 Pecan Blvd Ste 110,78501,McAllen-Edinburg-Mission,2,1,2026-09-13,State Bar of Texas Member Directory
Mask & Guerrero,https://www.masklaw.com/,,,Mcallen,TX,Hidalgo,956-524-4040,,Personal Injury,1100 E. Jasmine Ave. Suite 204,78501,McAllen-Edinburg-Mission,5,2,2026-09-13,State Bar of Texas Member Directory; manual verified search
Matulewicz & Associates PC,https://www.matulewicz.com/,,,Mcallen,TX,Hidalgo,956-972-0330,,Immigration,521 S Broadway St,78501,McAllen-Edinburg-Mission,2,1,2026-09-13,State Bar of Texas Member Directory; State Bar self-reported website
Mayfair | Rioco,,,,Mcallen,TX,Hidalgo,956-630-9400,,Real Estate,900 E Lakeview Dr,78501,McAllen-Edinburg-Mission,2,1,2026-09-13,State Bar of Texas Member Directory
McAllen Mediation Center,https://mcallenmediation.com/,,,Mcallen,TX,Hidalgo,956-631-5444,marivel@mcallenmediation.com,Personal Injury,3900 N 10th St Ste 850,78501,McAllen-Edinburg-Mission,5,2,2026-09-13,State Bar of Texas Member Directory; State Bar self-reported website
McGinnis Lochridge,https://www.mcginnislaw.com/,,,Mcallen,TX,Hidalgo,956-489-5958,,Bankruptcy,PO Box 720788,78504,McAllen-Edinburg-Mission,2,1,2026-09-13,State Bar of Texas Member Directory; State Bar self-reported website
"Meyer & Guerrero, L.L.P.",,,,Mcallen,TX,Hidalgo,956-631-8121,,Estate Planning,308 N 15th St,78501,McAllen-Edinburg-Mission,2,2,2026-09-13,State Bar of Texas Member Directory
Michael Allen Fallek,,,,Mcallen,TX,Hidalgo,956-687-5217,,Employment Law,4316 N 10th St,78504,McAllen-Edinburg-Mission,3,1,2026-09-13,State Bar of Texas Member Directory
Michael J. Daley,https://www.michaeldaley.com/,,,Mcallen,TX,Hidalgo,956-661-9992,,Estate Planning,PO Box 4313,78502,McAllen-Edinburg-Mission,2,1,2026-09-13,State Bar of Texas Member Directory; State Bar self-reported website
Millin & Millin PLLC,http://millinmillin.com/,,,Mcallen,TX,Hidalgo,956-631-5600,service@millinmillin.com,Personal Injury,4107 N 22nd St,78504,McAllen-Edinburg-Mission,5,2,2026-09-13,State Bar of Texas Member Directory; State Bar self-reported website
Montalvo Law,https://www.montalvo-law.com/,,,Mcallen,TX,Hidalgo,956-631-1185,,Employment Law,900 N Main St,78501,McAllen-Edinburg-Mission,3,2,2026-09-13,State Bar of Texas Member Directory; manual verified search
Moore Law Firm,https://moore-firm.com/,,,Mcallen,TX,Hidalgo,956-631-0745,,Personal Injury,1300 N 10th St Ste 400,78501,McAllen-Edinburg-Mission,5,2,2026-09-13,State Bar of Texas Member Directory; State Bar self-reported website
"Mount Law, PLLC",,,,Mcallen,TX,Hidalgo,956-905-9342,,Criminal Defense,7017 N 10th St Ste N2 PMB 348,78504,McAllen-Edinburg-Mission,5,1,2026-09-13,State Bar of Texas Member Directory; State Bar self-reported website
Oliva Law,https://olivalaw.com/,,,Mcallen,TX,Hidalgo,956-683-7800,,Bankruptcy,223 W Nolana Ave,78504,McAllen-Edinburg-Mission,2,1,2026-09-13,State Bar of Texas Member Directory; State Bar self-reported website
Omar Ochoa Law Firm PC,https://www.omarochoalaw.com/,,,Mcallen,TX,Hidalgo,956-630-3266,info@gmail.com,Personal Injury,121 N. 10th St.,78501,McAllen-Edinburg-Mission,5,4,2026-09-13,State Bar of Texas Member Directory; State Bar self-reported website
Orendain & Dominguez,https://odlawfirmgroup.com/,,,Mcallen,TX,Hidalgo,956-683-0111,info@odlawfirmgroup.com,Personal Injury,320 S 8th St,78501,McAllen-Edinburg-Mission,5,2,2026-09-13,State Bar of Texas Member Directory; manual verified search
"Oscar O. Gomez, PC",,,,Mcallen,TX,Hidalgo,956-662-9333,,Personal Injury,4900 N 10th St Ste B,78504,McAllen-Edinburg-Mission,5,1,2026-09-13,State Bar of Texas Member Directory
Oscar Perez Ramirez,,,,Mcallen,TX,Hidalgo,956-682-0070,,Criminal Defense,817 E Esperanza Ave,78501,McAllen-Edinburg-Mission,5,1,2026-09-13,State Bar of Texas Member Directory
Oscar Vega,,,,Mcallen,TX,Hidalgo,956-630-1970,,Criminal Defense,2415 N 10th St,78501,McAllen-Edinburg-Mission,5,1,2026-09-13,State Bar of Texas Member Directory
"P.Garza Law Firm, P.C. d/b/a Garza Law",,,,Mcallen,TX,Hidalgo,956-627-2724,,Criminal Defense,1410 W Dove Ave,78504,McAllen-Edinburg-Mission,5,1,2026-09-13,State Bar of Texas Member Directory
Pablo J. Escobedo,,,,Mcallen,TX,Hidalgo,,,Criminal Defense,"4313 N. 10th St., STE E",78504,McAllen-Edinburg-Mission,5,1,2026-09-13,State Bar of Texas Member Directory
"Padilla Law Firm, PLLC",https://www.padillalawfirm.com/,,,Mcallen,TX,Hidalgo,956-429-3639,,Personal Injury,1548 W Dove Ave,78504,McAllen-Edinburg-Mission,5,2,2026-09-13,State Bar of Texas Member Directory; State Bar self-reported website
Patino & Associates,https://www.patinolawoffice.com/,,,Mcallen,TX,Hidalgo,956-631-3535,patinolaw@yahoo.com,Criminal Defense,1802 N 10th St Ste A,78501,McAllen-Edinburg-Mission,5,1,2026-09-13,State Bar of Texas Member Directory; State Bar self-reported website
Peralez Franz LLP,https://peralezfranzlaw.com/,,,Mcallen,TX,Hidalgo,956-682-3660,,Personal Injury,1416 W Dove Ave,78504,McAllen-Edinburg-Mission,5,3,2026-09-13,State Bar of Texas Member Directory; manual verified search
"Perdue Brandon Fielder Collins & Mott, LLP",https://www.pbfcm.com/,,,Mcallen,TX,Hidalgo,956-734-2372,,General,PO Box 2916,78502,McAllen-Edinburg-Mission,4,2,2026-09-13,State Bar of Texas Member Directory; manual verified search
Perez Law Firm,http://www.perezlegal.com/,,,Mcallen,TX,Hidalgo,956-782-2700,,Personal Injury,208 Lindberg Ave,78501,McAllen-Edinburg-Mission,5,2,2026-09-13,State Bar of Texas Member Directory; manual verified search
Peña Aleczander,https://www.penaaleczander.com/,,,Mcallen,TX,Hidalgo,956-948-2221,,Civil Litigation,3900 N 10th St Fl 11,78501,McAllen-Edinburg-Mission,3,2,2026-09-13,State Bar of Texas Member Directory; State Bar self-reported website
"Peña, Garcia PLLC",,,,Mcallen,TX,Hidalgo,956-948-2221,,Criminal Defense,3900 N. 10th St. 11th Floor,78501,McAllen-Edinburg-Mission,5,1,2026-09-13,State Bar of Texas Member Directory
"Pollom & Yzaguirre, PLLC",,,,Mcallen,TX,Hidalgo,956-682-4308,,Civil Litigation,6521 N 10th St Ste D,78504,McAllen-Edinburg-Mission,3,1,2026-09-13,State Bar of Texas Member Directory; State Bar self-reported website
Quintana Law Firm PLLC,,,,Mcallen,TX,Hidalgo,956-843-0139,,Civil Litigation,1016 La Vista Ave Ste D,78501,McAllen-Edinburg-Mission,3,1,2026-09-13,State Bar of Texas Member Directory
Quintanilla Law Office P.L.L.C.,,,,Mcallen,TX,Hidalgo,956-279-0809,,Criminal Defense,5526 N 10th Street,78504,McAllen-Edinburg-Mission,5,1,2026-09-13,State Bar of Texas Member Directory
"ROBERT R. DEANDA, PLLC",,,,Mcallen,TX,Hidalgo,956-800-4469,,General,"600 E. NOLANA AVENUE, STE. 201",78504,McAllen-Edinburg-Mission,4,1,2026-09-13,State Bar of Texas Member Directory
"Ray Thomas, PC",https://raythomaspc.com/,,,Mcallen,TX,Hidalgo,956-632-5022,rthomas@raythomaspc.com,Criminal Defense,4900-B N. 10th St.,78504,McAllen-Edinburg-Mission,5,2,2026-09-13,State Bar of Texas Member Directory; State Bar self-reported website
Rebecca A Solis,,,,Mcallen,TX,Hidalgo,956-878-6074,,Employment Law,8125 N. 1st Street,78504,McAllen-Edinburg-Mission,3,1,2026-09-13,State Bar of Texas Member Directory
Regalado Law & Mediation Center,,,,Mcallen,TX,Hidalgo,956-630-7546,,Criminal Defense,705 E Pecan Blvd,78501,McAllen-Edinburg-Mission,5,1,2026-09-13,State Bar of Texas Member Directory
Ricardo Alanis,,,,Mcallen,TX,Hidalgo,956-867-1120,,Criminal Defense,1630 N 10th St,78501,McAllen-Edinburg-Mission,5,1,2026-09-13,State Bar of Texas Member Directory
Rigney Law Firm,http://www.rigneylawfirm.net/,,,Mcallen,TX,Hidalgo,956-638-6421,,Criminal Defense,4712 N McColl Rd,78504,McAllen-Edinburg-Mission,5,2,2026-09-13,State Bar of Texas Member Directory; State Bar self-reported website
Robert Cramer Miller,,,,Mcallen,TX,Hidalgo,956-631-7131,,Real Estate,PO Box 2287,78502,McAllen-Edinburg-Mission,2,1,2026-09-13,State Bar of Texas Member Directory
"Robert R. Flores, P.C.",https://rrfloreslaw.com/,,,Mcallen,TX,Hidalgo,956-329-1099,,Criminal Defense,612 W Nolana Ave Ste 310,78504,McAllen-Edinburg-Mission,5,1,2026-09-13,State Bar of Texas Member Directory; State Bar self-reported website
"Roerig, Oliveira & Fisher, L.L.P.",https://www.rofllp.com/,,,Mcallen,TX,Hidalgo,956-393-6300,,Personal Injury,10225 N 10th St Ste B,78504,McAllen-Edinburg-Mission,5,6,2026-09-13,State Bar of Texas Member Directory; State Bar self-reported website
Rogelio Garza,,,,Mcallen,TX,Hidalgo,956-316-1375,,General,PO Box 720074,78504,McAllen-Edinburg-Mission,4,1,2026-09-13,State Bar of Texas Member Directory
Ruben R. Ramirez Law Firm PLLC,,,,Mcallen,TX,Hidalgo,956-704-0000,,Personal Injury,"804 Pecan Blvd, Ste 101",78501,McAllen-Edinburg-Mission,5,1,2026-09-13,State Bar of Texas Member Directory
"Rubio and Associates, PLLC",http://www.grubiolaw.com/,,,Mcallen,TX,Hidalgo,956-631-9999,grubio@grubiolaw.com,Personal Injury,3608 Buddy Owens Ave Ste A,78504,McAllen-Edinburg-Mission,5,2,2026-09-13,State Bar of Texas Member Directory; State Bar self-reported website; manual verified search
Ruiz Law Firm - Labor & Employment Attorney,,,,Mcallen,TX,Hidalgo,956-259-8200,,Personal Injury,118 Pecan Blvd,78501,McAllen-Edinburg-Mission,5,1,2026-09-13,State Bar of Texas Member Directory; State Bar self-reported website
"Ruy Mireles Law Firm, PLLC",https://www.ruymireles.com/,,,Mcallen,TX,Hidalgo,956-300-3000,ruymireleslawfirm@gmail.com,Personal Injury,PO Box 52330,78505,McAllen-Edinburg-Mission,5,1,2026-09-13,State Bar of Texas Member Directory; State Bar self-reported website
SahadiLaw,,,,Mcallen,TX,Hidalgo,956-287-3156,,Criminal Defense,PO Box 720252,78504,McAllen-Edinburg-Mission,5,1,2026-09-13,State Bar of Texas Member Directory; State Bar self-reported website
Samantha H. Rodriguez,,,,Mcallen,TX,Hidalgo,956-618-8083,,General,1701 W US Bus Hwy 83 Ste 928,78501,McAllen-Edinburg-Mission,4,1,2026-09-13,State Bar of Texas Member Directory
"Sanchez Medina, PLLC",https://www.sanchez-medina.com/,,,Mcallen,TX,Hidalgo,956-631-3313,contact@smlaw.group,Criminal Defense,6521 N 10th St Ste D,78504,McAllen-Edinburg-Mission,5,2,2026-09-13,State Bar of Texas Member Directory; State Bar self-reported website
"Sergio S. Garza Law Firm, P.L.L.C.",,,,Mcallen,TX,Hidalgo,956-540-7076,,Personal Injury,809 E Esperanza Ave Ste A,78501,McAllen-Edinburg-Mission,5,1,2026-09-13,State Bar of Texas Member Directory; State Bar self-reported website
Servando H. Gonzales,,,,Mcallen,TX,Hidalgo,956-687-8233,,Personal Injury,1501 W. Iris Ave.,78501,McAllen-Edinburg-Mission,5,1,2026-09-13,State Bar of Texas Member Directory
Skaggs & Guerra,,,,Mcallen,TX,Hidalgo,956-687-8203,,Personal Injury,5606 N Cynthia St,78504,McAllen-Edinburg-Mission,5,1,2026-09-13,State Bar of Texas Member Directory
Slusher & Associates,,,,Mcallen,TX,Hidalgo,956-682-4842,,Estate Planning,4900 N 10th St Ste E2,78504,McAllen-Edinburg-Mission,2,1,2026-09-13,State Bar of Texas Member Directory
South Texas Health Law Firm,,,,Mcallen,TX,Hidalgo,956-562-3232,,General,"813 N. Main Street, Suite 805",78501,McAllen-Edinburg-Mission,4,1,2026-09-13,State Bar of Texas Member Directory
"Statesman Law Firm, PLLC",https://statesmanlex.com/,,,Mcallen,TX,Hidalgo,956-515-2551,,Criminal Defense,1200 Auburn Ave Ste 490,78504,McAllen-Edinburg-Mission,5,1,2026-09-13,State Bar of Texas Member Directory; State Bar self-reported website
"THE J. ARANDA LAW FIRM, PLLC",,,,Mcallen,TX,Hidalgo,956-731-0604,,General,"4900 W. Expressway 83, Ste. 253",78501,McAllen-Edinburg-Mission,4,1,2026-09-13,State Bar of Texas Member Directory
The Almaguer Law Firm,https://almaguerlaw.com/,,,Mcallen,TX,Hidalgo,956-451-3811,email@almaguerlaw.com,Estate Planning,801 E Fern Ave Ste 139,78501,McAllen-Edinburg-Mission,2,1,2026-09-13,State Bar of Texas Member Directory; State Bar self-reported website
The Almaraz Law Firm,https://www.almarazlaw.com/,,,Mcallen,TX,Hidalgo,956-800-1046,,Personal Injury,212 W Nolana Ave,78504,McAllen-Edinburg-Mission,5,1,2026-09-13,State Bar of Texas Member Directory; State Bar self-reported website
"The Christopher P. Cavazos Law Firm, PLLC",https://www.chriscavazoslaw.com/,,,Mcallen,TX,Hidalgo,956-383-2143,,Criminal Defense,4417 N. McColl Rd,78504,McAllen-Edinburg-Mission,5,2,2026-09-13,State Bar of Texas Member Directory; State Bar self-reported website; manual verified search
"The Cisneros Law Firm, L.L.P.",https://cisneroslawfirm.com/,,,Mcallen,TX,Hidalgo,956-682-1883,,Personal Injury,108 Pecan Blvd,78501,McAllen-Edinburg-Mission,5,2,2026-09-13,State Bar of Texas Member Directory; State Bar self-reported website
The DeGroot Law Firm,,,,Mcallen,TX,Hidalgo,956-627-2787,,Real Estate,3827 N 10th St Ste 304,78501,McAllen-Edinburg-Mission,2,1,2026-09-13,State Bar of Texas Member Directory
"The Garcia Legal Firm, PLLC",https://garcialegalfirm.com/,,,Mcallen,TX,Hidalgo,956-627-0060,,Personal Injury,4905 N McColl Rd,78504,McAllen-Edinburg-Mission,5,1,2026-09-13,State Bar of Texas Member Directory; State Bar self-reported website
"The Julian C. Gomez Law Firm, PLLC",https://www.jcglf.com/,,,Mcallen,TX,Hidalgo,956-331-2500,,Personal Injury,"1300 North 10th Street, Suite 480C",78501,McAllen-Edinburg-Mission,5,1,2026-09-13,State Bar of Texas Member Directory; State Bar self-reported website
The Law Firm of Aparicio & McLaren LLC,https://www.mclarenlaw.net/,,,Mcallen,TX,Hidalgo,956-686-9400,,Estate Planning,5123 N McColl Rd,78504,McAllen-Edinburg-Mission,2,2,2026-09-13,State Bar of Texas Member Directory; State Bar self-reported website
The Law Office Mark Freeland,,,,Mcallen,TX,Hidalgo,956-682-8316,,Real Estate,806 Pecan Blvd,78501,McAllen-Edinburg-Mission,2,1,2026-09-13,State Bar of Texas Member Directory
"The Law Office of Abraham Pena, PLLC",https://www.attorneypena.com/,,,Mcallen,TX,Hidalgo,737-999-3335,,Personal Injury,813 N Main St Suite 404,78501,McAllen-Edinburg-Mission,5,1,2026-09-13,State Bar of Texas Member Directory; State Bar self-reported website
"The Law Office of Derek I. Salinas, PLLC.",,,,Mcallen,TX,Hidalgo,956-287-4416,,Criminal Defense,5111 N 10th St PMB 288,78504,McAllen-Edinburg-Mission,5,1,2026-09-13,State Bar of Texas Member Directory
The Law Office of Jorge Luis Ortegon II,,,,Mcallen,TX,Hidalgo,,,Criminal Defense,4010 North 22nd St.,78504,McAllen-Edinburg-Mission,5,1,2026-09-13,State Bar of Texas Member Directory
The Law Office of Juan R. Zamora,,,,Mcallen,TX,Hidalgo,956-686-4220,,Criminal Defense,1113 Nightingale Ave,78504,McAllen-Edinburg-Mission,5,1,2026-09-13,State Bar of Texas Member Directory
The Law Office of Lino H. Ochoa,https://www.linoslaw.com/,,,Mcallen,TX,Hidalgo,956-815-0055,,Personal Injury,6316 N 10th St Ste D102,78504,McAllen-Edinburg-Mission,5,1,2026-09-13,State Bar of Texas Member Directory; State Bar self-reported website
The Law Office of Robert De La Garza,,,,Mcallen,TX,Hidalgo,956-533-1426,,Criminal Defense,6600 North 23rd Street,78504,McAllen-Edinburg-Mission,5,2,2026-09-13,State Bar of Texas Member Directory
The Law Office of Romeo Rendon III,,,,Mcallen,TX,Hidalgo,,,Personal Injury,"6521 N 10th St, Suite C",78504,McAllen-Edinburg-Mission,5,1,2026-09-13,State Bar of Texas Member Directory
The Law Office of Rudy Moreno,https://rmorenolaw.com/,,,Mcallen,TX,Hidalgo,956-682-9477,,Criminal Defense,5526 N 10th St,78504,McAllen-Edinburg-Mission,5,1,2026-09-13,State Bar of Texas Member Directory; State Bar self-reported website
"The Mangi Law Office, P.C.",,,,Mcallen,TX,Hidalgo,956-800-4303,,Criminal Defense,6521 N 10th St Ste D,78504,McAllen-Edinburg-Mission,5,1,2026-09-13,State Bar of Texas Member Directory
The Osorio Law Firm,,,,Mcallen,TX,Hidalgo,956-780-8279,,Criminal Defense,PO Box 3930,78502,McAllen-Edinburg-Mission,5,1,2026-09-13,State Bar of Texas Member Directory
"The Ramirez Law Firm, PLLC",https://www.theramirezlawfirm.com/,,,Mcallen,TX,Hidalgo,956-668-8100,,Personal Injury,820 E Hackberry Ave,78501,McAllen-Edinburg-Mission,5,3,2026-09-13,State Bar of Texas Member Directory; State Bar self-reported website
The Rodriguez Law Firm,https://www.rodriguezlawfirmpc.com/,,,Mcallen,TX,Hidalgo,956-971-0067,lawfirm@rodriguezlawfirmpc.com,Personal Injury,1111 W Nolana Ave,78504,McAllen-Edinburg-Mission,5,1,2026-09-13,State Bar of Texas Member Directory; State Bar self-reported website
The Sanchez Law Firm,https://www.sergiosanchezlaw.com/,,,Mcallen,TX,Hidalgo,956-687-7700,,Criminal Defense,6400 N 10th St Ste A Ste 30,78504,McAllen-Edinburg-Mission,5,1,2026-09-13,State Bar of Texas Member Directory; State Bar self-reported website
The Tippit Law Firm LLP,,,,Mcallen,TX,Hidalgo,956-627-0303,,Personal Injury,820 W Nolana Ave Ste C,78504,McAllen-Edinburg-Mission,5,1,2026-09-13,State Bar of Texas Member Directory
"The Vela Law Group, P.C.",,,,Mcallen,TX,Hidalgo,956-474-8352,,General,"6521 North 10th Street, Suite C",78504,McAllen-Edinburg-Mission,4,1,2026-09-13,State Bar of Texas Member Directory
The Villeda Law Group,https://mybusinesslawyer.com/,,,Mcallen,TX,Hidalgo,956-631-9100,,Civil Litigation,6316 N 10th St Ste B200,78504,McAllen-Edinburg-Mission,3,2,2026-09-13,State Bar of Texas Member Directory; State Bar self-reported website; manual verified search
"Thornton Biechlin Reynolds & Guerra, LC",https://thorntonfirm.com/,,,Mcallen,TX,Hidalgo,956-630-3080,,Personal Injury,418 E Dove Ave,78504,McAllen-Edinburg-Mission,5,3,2026-09-13,State Bar of Texas Member Directory; State Bar self-reported website
Thornton Biechlin Segrato Reynolds & Gue,https://www.thorntonfirm.com/,,,Mcallen,TX,Hidalgo,956-630-3080,,Personal Injury,418 E Dove Ave,78504,McAllen-Edinburg-Mission,5,1,2026-09-13,State Bar of Texas Member Directory; State Bar self-reported website
Tijerina Legal Group,https://tlegalgroup.com/,,,Mcallen,TX,Hidalgo,956-777-7000,,Personal Injury,"1200 S Col Rowe, Suite 4A",78501,McAllen-Edinburg-Mission,5,4,2026-09-13,State Bar of Texas Member Directory; State Bar self-reported website
Timothy Audrey Davis,,,,Mcallen,TX,Hidalgo,956-540-7807,,Personal Injury,"3016 N. McColl Road, Suite B",78501,McAllen-Edinburg-Mission,5,1,2026-09-13,State Bar of Texas Member Directory; State Bar self-reported website
"Twenhafel Law, PLLC",,,,Mcallen,TX,Hidalgo,956-687-6225,,Bankruptcy,PO Box 3766,78502,McAllen-Edinburg-Mission,2,1,2026-09-13,State Bar of Texas Member Directory
"Valdez & Monarrez, PLLC",https://www.vamoslawfirm.com/,,,Mcallen,TX,Hidalgo,956-627-2855,info@valdezmonarrez.com,Personal Injury,207 N 15th St,78501,McAllen-Edinburg-Mission,5,1,2026-09-13,State Bar of Texas Member Directory; State Bar self-reported website
"Valdez, Monarrrez & San Miguel",,,,Mcallen,TX,Hidalgo,956-627-2855,,Immigration,207 N 15th St,78501,McAllen-Edinburg-Mission,2,1,2026-09-13,State Bar of Texas Member Directory
Vantage Bank Texas,,,,Mcallen,TX,Hidalgo,956-664-8423,,Employment Law,1801 S 2nd St,78503,McAllen-Edinburg-Mission,3,1,2026-09-13,State Bar of Texas Member Directory
"Veritum Law Group, PLLC",,,,Mcallen,TX,Hidalgo,956-502-0949,,Criminal Defense,1200 Auburn Ave Ste 490,78504,McAllen-Edinburg-Mission,5,1,2026-09-13,State Bar of Texas Member Directory; State Bar self-reported website
Victor E. Jaramillo Sosa,,,,Mcallen,TX,Hidalgo,956-732-7832,,Criminal Defense,5526 N 10th St,78504,McAllen-Edinburg-Mission,5,1,2026-09-13,State Bar of Texas Member Directory
"Vidaurri, Rodriguez, & Reyna, LLP",https://www.vrrtxlaw.com/,,,Mcallen,TX,Hidalgo,956-381-6602,,Criminal Defense,10225 N 10th St Ste A,78504,McAllen-Edinburg-Mission,5,6,2026-09-13,State Bar of Texas Member Directory; State Bar self-reported website
"Villalobos & Villalobos, PC",,,,Mcallen,TX,Hidalgo,956-682-3939,,Criminal Defense,8701 N 23rd St,78504,McAllen-Edinburg-Mission,5,1,2026-09-13,State Bar of Texas Member Directory; State Bar self-reported website
Villalobos Law Firm,https://villaloboslawfirm.com/,,,Mcallen,TX,Hidalgo,956-682-3939,mailbox@villaloboslawfirm.com,Criminal Defense,8701 N 23rd St,78504,McAllen-Edinburg-Mission,5,3,2026-09-13,State Bar of Texas Member Directory; State Bar self-reported website
"Walker Legal, P.L.L.C.",,,,Mcallen,TX,Hidalgo,956-803-0092,,Estate Planning,PO Box 3350,78502,McAllen-Edinburg-Mission,2,1,2026-09-13,State Bar of Texas Member Directory; State Bar self-reported website
Wilkins & Wilkins,,,,Mcallen,TX,Hidalgo,956-682-4551,,Civil Litigation,PO Box 3609,78502,McAllen-Edinburg-Mission,3,1,2026-09-13,State Bar of Texas Member Directory
"William Garza Law Firm, PLLC",,,,Mcallen,TX,Hidalgo,956-929-7000,,Criminal Defense,"10113 N. 10th St., Suite D",78504,McAllen-Edinburg-Mission,5,1,2026-09-13,State Bar of Texas Member Directory
William H. McPherson,,,,Mcallen,TX,Hidalgo,956-878-9122,,Criminal Defense,1300 Hibiscus Avenue,78501,McAllen-Edinburg-Mission,5,1,2026-09-13,State Bar of Texas Member Directory
"Wingate Law Offices, PLLC",,,,Mcallen,TX,Hidalgo,956-682-0100,,Real Estate,7000 N 10th St Ste C5 Fl 2,78504,McAllen-Edinburg-Mission,2,2,2026-09-13,State Bar of Texas Member Directory
"Wood, Smith, Henning & Berman LLP",https://www.wshblaw.com/,,,Mcallen,TX,Hidalgo,956-696-2190,,Personal Injury,4900 N 10th St Ste A1,78504,McAllen-Edinburg-Mission,5,8,2026-09-13,State Bar of Texas Member Directory; State Bar self-reported website
Yamil Farid Yunes,,,,Mcallen,TX,Hidalgo,956-618-8060,,General,"United States Courthouse 1701 W Business Hwy 83, Suite 805",78501,McAllen-Edinburg-Mission,4,1,2026-09-13,State Bar of Texas Member Directory
Zachary Michael Hansen,,,,Mcallen,TX,Hidalgo,956-618-0115,,Personal Injury,1317 E Quebec Avenue,78504,McAllen-Edinburg-Mission,5,1,2026-09-13,State Bar of Texas Member Directory
Zambrano Law Firm,https://www.zambranolawfirm.com/,,,Mcallen,TX,Hidalgo,956-627-0908,,Personal Injury,3900 N 10th St Ste 970,78501,McAllen-Edinburg-Mission,5,2,2026-09-13,State Bar of Texas Member Directory; State Bar self-reported website
alaniz,,,,Mcallen,TX,Hidalgo,956-703-6505,,General,1200 S 2nd St,78501,McAllen-Edinburg-Mission,4,1,2026-09-13,State Bar of Texas Member Directory
Barry Evan Jones,,,,Mercedes,TX,Hidalgo,956-565-8490,,Estate Planning,324 W 3rd St,78570,McAllen-Edinburg-Mission,2,1,2026-09-13,State Bar of Texas Member Directory
Michael Rene Salinas,,,,Mercedes,TX,Hidalgo,,,Personal Injury,P.O. Box 1244,78570,McAllen-Edinburg-Mission,5,1,2026-09-13,State Bar of Texas Member Directory
Abel Garza Attorney at Law,,,,Mission,TX,Hidalgo,956-424-1114,,Criminal Defense,PO Box 427,78573,McAllen-Edinburg-Mission,5,1,2026-09-13,State Bar of Texas Member Directory
"Amber DeSutter, Attorney at Law",,,,Mission,TX,Hidalgo,,,General,207 N. Bryan Rd,78572,McAllen-Edinburg-Mission,4,1,2026-09-13,State Bar of Texas Member Directory
Andres Aaron Ramos,,,,Mission,TX,Hidalgo,956-316-1991,,Criminal Defense,403 N Conway Ave,78572,McAllen-Edinburg-Mission,5,1,2026-09-13,State Bar of Texas Member Directory
Anglican Legal Aid & Reconciliation,,,,Mission,TX,Hidalgo,956-377-0195,,Criminal Defense,221 E 12th St,78572,McAllen-Edinburg-Mission,5,1,2026-09-13,State Bar of Texas Member Directory; State Bar self-reported website
Benfrancis Anacin Abila,,,,Mission,TX,Hidalgo,,,Personal Injury,2011 N Conway Ave,78572,McAllen-Edinburg-Mission,5,1,2026-09-13,State Bar of Texas Member Directory
Cameron Weston Guerra,,,,Mission,TX,Hidalgo,,,General,2416 Dorado Dr.,78573,McAllen-Edinburg-Mission,4,1,2026-09-13,State Bar of Texas Member Directory
Carlos Eduardo Ortegon,,,,Mission,TX,Hidalgo,956-213-8080,,Criminal Defense,504 E 9th St. Ste. A,78572,McAllen-Edinburg-Mission,5,1,2026-09-13,State Bar of Texas Member Directory
Cesar Omar Aguilar,,,,Mission,TX,Hidalgo,,,Criminal Defense,2112 S Shary Rd Ste 15,78572,McAllen-Edinburg-Mission,5,1,2026-09-13,State Bar of Texas Member Directory
Eduardo Alejandro Izaguirre,,,,Mission,TX,Hidalgo,,,Criminal Defense,2020 E Griffin Pkwy,78572,McAllen-Edinburg-Mission,5,1,2026-09-13,State Bar of Texas Member Directory
Flores Law Firm,,,,Mission,TX,Hidalgo,,,Criminal Defense,2204 N Shary Rd,78572,McAllen-Edinburg-Mission,5,1,2026-09-13,State Bar of Texas Member Directory
"George P. Powell, P.C.",,,,Mission,TX,Hidalgo,956-686-2413,,Civil Rights,1616 E Griffin Pkwy PMB 248,78572,McAllen-Edinburg-Mission,3,1,2026-09-13,State Bar of Texas Member Directory
Gustavo Martinez,,,,Mission,TX,Hidalgo,,,General,1107 Elm st,78572,McAllen-Edinburg-Mission,4,1,2026-09-13,State Bar of Texas Member Directory
Horacio Pena,,,,Mission,TX,Hidalgo,956-581-8800,,Criminal Defense,1926 E Griffin Pkwy Ste 200,78572,McAllen-Edinburg-Mission,5,1,2026-09-13,State Bar of Texas Member Directory
Julia Bondar,,,,Mission,TX,Hidalgo,678-677-3248,,General,3009 N Conway Ave Ste 4,78574,McAllen-Edinburg-Mission,4,1,2026-09-13,State Bar of Texas Member Directory
Kelsey Lynn Dominguez,,,,Mission,TX,Hidalgo,,,General,2910 sundrop avenue,78574,McAllen-Edinburg-Mission,4,1,2026-09-13,State Bar of Texas Member Directory
Law Nerd LLC,,,,Mission,TX,Hidalgo,956-777-8785,,General,2112 S Shary Rd Ste 13,78572,McAllen-Edinburg-Mission,4,1,2026-09-13,State Bar of Texas Member Directory
Law Office of Carlos Garcia,https://thegarciafirm.com/,,,Mission,TX,Hidalgo,956-584-1448,,Criminal Defense,208 W Ferguson St Ste 2,78572,McAllen-Edinburg-Mission,5,3,2026-09-13,State Bar of Texas Member Directory; State Bar self-reported website
Law Office of Marco A. De Luna,,,,Mission,TX,Hidalgo,956-992-8870,,Criminal Defense,1301 Encanto Blvd.,78574,McAllen-Edinburg-Mission,5,1,2026-09-13,State Bar of Texas Member Directory
Law Office of Monica M. Moreno,,,,Mission,TX,Hidalgo,956-600-7471,,Immigration,1221 East Interstate Highway2,78572,McAllen-Edinburg-Mission,2,1,2026-09-13,State Bar of Texas Member Directory; State Bar self-reported website
Law Office of Noel J. Salazar,,,,Mission,TX,Hidalgo,956-432-6142,,Criminal Defense,1009 GREENLAWN,78572,McAllen-Edinburg-Mission,5,1,2026-09-13,State Bar of Texas Member Directory
Law Office of Oscar Longoria,https://www.oscarlongorialaw.com/,,,Mission,TX,Hidalgo,956-630-5297,,Criminal Defense,2028 E. Griffin Parkway,78572,McAllen-Edinburg-Mission,5,1,2026-09-13,State Bar of Texas Member Directory; State Bar self-reported website
Law Office of Rene A. Flores,https://www.reneaflores.com/,,,Mission,TX,Hidalgo,956-316-1991,,Criminal Defense,3905 Hummingbird Ln,78572,McAllen-Edinburg-Mission,5,3,2026-09-13,State Bar of Texas Member Directory; State Bar self-reported website; manual verified search
Law Office of Ricardo A Rodriguez,,,,Mission,TX,Hidalgo,956-458-4310,,Criminal Defense,1105 Fairway Dr,78572,McAllen-Edinburg-Mission,5,1,2026-09-13,State Bar of Texas Member Directory
Law Office of Robert Steindel,,,,Mission,TX,Hidalgo,956-468-2711,,Criminal Defense,1616 E Griffin Parkway #237,78572,McAllen-Edinburg-Mission,5,1,2026-09-13,State Bar of Texas Member Directory
Law Office of Roland Garza,,,,Mission,TX,Hidalgo,956-686-6490,,Criminal Defense,1610 E 28th St,78574,McAllen-Edinburg-Mission,5,1,2026-09-13,State Bar of Texas Member Directory
Law Office of William C. Romo,,,,Mission,TX,Hidalgo,956-686-3707,,Estate Planning,315 N Shary Rd Ste 1015,78572,McAllen-Edinburg-Mission,2,1,2026-09-13,State Bar of Texas Member Directory
Law Offices of Salinas-Flores,,,,Mission,TX,Hidalgo,956-584-3900,,Criminal Defense,2011 N Conway Ave,78572,McAllen-Edinburg-Mission,5,1,2026-09-13,State Bar of Texas Member Directory
Louis C Brown Attorney at Law,https://www.louisbrownlaw.com/,,,Mission,TX,Hidalgo,956-607-5044,,Estate Planning,2001 Spring Glen st.,78572,McAllen-Edinburg-Mission,2,1,2026-09-13,State Bar of Texas Member Directory
Nelson Estefan Dockery,,,,Mission,TX,Hidalgo,956-476-5475,,Employment Law,"315 N. Shary Rd, Suite 1052",78572,McAllen-Edinburg-Mission,3,1,2026-09-13,State Bar of Texas Member Directory; State Bar self-reported website
Norman E. McInnis,,,,Mission,TX,Hidalgo,956-458-7091,,Criminal Defense,821 Rio Grande Dr,78572,McAllen-Edinburg-Mission,5,1,2026-09-13,State Bar of Texas Member Directory
Paul Douglass,,,,Mission,TX,Hidalgo,956-802-4405,,Real Estate,3103 Santa Rita,78572,McAllen-Edinburg-Mission,2,1,2026-09-13,State Bar of Texas Member Directory
Ramirez Legal Group,https://kennysramirezlaw.com/,,,Mission,TX,Hidalgo,956-244-7291,,Criminal Defense,2575 E Griffin Pkwy Ste 10,78572,McAllen-Edinburg-Mission,5,1,2026-09-13,State Bar of Texas Member Directory
"Sosa Legal, PLLC",,,,Mission,TX,Hidalgo,956-575-6644,,Personal Injury,2112 S Shary Rd Ste 22,78572,McAllen-Edinburg-Mission,5,1,2026-09-13,State Bar of Texas Member Directory
Tania Ramirez Law Group,https://www.taniaramirezlaw.com/es,,,Mission,TX,Hidalgo,956-777-8785,info@taniaramirezlaw.com,Criminal Defense,2112 S Shary Rd Ste 13,78572,McAllen-Edinburg-Mission,5,1,2026-09-13,State Bar of Texas Member Directory
The Law Office of Ciro Ochoa Jr,,,,Mission,TX,Hidalgo,956-780-3952,,Personal Injury,315 N Shary Rd Ste 1021,78572,McAllen-Edinburg-Mission,5,1,2026-09-13,State Bar of Texas Member Directory
"The Law Office of Orlando Mercado, PLLC",https://www.omercadolaw.com/,,,Mission,TX,Hidalgo,956-205-2203,omercadolaw@gmail.com,Criminal Defense,"6200 N. La Homa Rd, Suite A",78574,McAllen-Edinburg-Mission,5,1,2026-09-13,State Bar of Texas Member Directory; State Bar self-reported website
"The Law Offices of Abiel Flores, PLLC",https://www.mcallentxlawyer.com/,,,Mission,TX,Hidalgo,956-630-7777,abiel@afloreslaw.com,Criminal Defense,2508 E Griffin Pkwy,78572,McAllen-Edinburg-Mission,5,1,2026-09-13,State Bar of Texas Member Directory; State Bar self-reported website
"The Osiris A. Gonzalez Law Firm, P.L.L.C",https://oaglawfirm.com/,,,Mission,TX,Hidalgo,956-583-4404,,Personal Injury,2015 E Griffin Pkwy,78572,McAllen-Edinburg-Mission,5,2,2026-09-13,State Bar of Texas Member Directory; State Bar self-reported website
"Acevedo Law Group, PLLC",,,,Palmview,TX,Hidalgo,956-240-1216,,Personal Injury,605 W Palma Vista Dr.,78572,McAllen-Edinburg-Mission,5,2,2026-09-13,State Bar of Texas Member Directory; State Bar self-reported website
"Law Office of Roberto Jackson, Jr.",,,,Palmview,TX,Hidalgo,956-585-6938,robertojackson43@gmail.com,Criminal Defense,412 Palmview Commercial Drive,78574,McAllen-Edinburg-Mission,5,1,2026-09-13,State Bar of Texas Member Directory; State Bar self-reported website
"Alamo System Industries, LLC",,,,Pharr,TX,Hidalgo,,,Real Estate,3405A S. Jackson Road,78577,McAllen-Edinburg-Mission,2,1,2026-09-13,State Bar of Texas Member Directory
Anaya Law Firm PLLC,,,,Pharr,TX,Hidalgo,956-821-6579,,Criminal Defense,7801 S Cage Blvd Ste 101,78577,McAllen-Edinburg-Mission,5,1,2026-09-13,State Bar of Texas Member Directory
GUERRERO LAW FIRM,,,,Pharr,TX,Hidalgo,956-457-0444,,Employment Law,914 E Alan St,78577,McAllen-Edinburg-Mission,3,1,2026-09-13,State Bar of Texas Member Directory
Gustavo L. Acevedo,,,,Pharr,TX,Hidalgo,956-787-4441,glacevedo@aol.com,Employment Law,814 Del Oro Ln,78577,McAllen-Edinburg-Mission,3,1,2026-09-13,State Bar of Texas Member Directory; State Bar self-reported website
Israel L. Rivas,,,,Pharr,TX,Hidalgo,956-331-8777,,Criminal Defense,3920 S Jackson Rd,78577,McAllen-Edinburg-Mission,5,1,2026-09-13,State Bar of Texas Member Directory
J Roel Garcia Law Office PC,,,,Pharr,TX,Hidalgo,956-702-2400,,Criminal Defense,125 W Cherokee Ave,78577,McAllen-Edinburg-Mission,5,1,2026-09-13,State Bar of Texas Member Directory
"Law Offceof Arturo Martinez, P.C.",,,,Pharr,TX,Hidalgo,956-781-6203,,General,414 S Cage Blvd,78577,McAllen-Edinburg-Mission,4,1,2026-09-13,State Bar of Texas Member Directory
Law Office of Celeste Guerra,,,,Pharr,TX,Hidalgo,956-787-8182,,Personal Injury,814 Del Oro Ln,78577,McAllen-Edinburg-Mission,5,1,2026-09-13,State Bar of Texas Member Directory
"Law Office of Gina Vela, PLLC",,,,Pharr,TX,Hidalgo,956-874-9588,,General,814 Del Oro Ln,78577,McAllen-Edinburg-Mission,4,1,2026-09-13,State Bar of Texas Member Directory
Law Office of Gregorio Trevino,,,,Pharr,TX,Hidalgo,956-283-0067,,Criminal Defense,300 E Interstate 2 Ste I,78577,McAllen-Edinburg-Mission,5,1,2026-09-13,State Bar of Texas Member Directory
"Law Office of Ismael Rivera, PLLC",,,,Pharr,TX,Hidalgo,956-685-1055,,Criminal Defense,213 W Interstate 2 Ste E,78577,McAllen-Edinburg-Mission,5,1,2026-09-13,State Bar of Texas Member Directory
Law Office of Lorraine Orozco,,,,Pharr,TX,Hidalgo,956-782-5447,,Personal Injury,1138 E Interstate 2 Ste C,78577,McAllen-Edinburg-Mission,5,1,2026-09-13,State Bar of Texas Member Directory
Law Office of Ricardo Ramirez,https://rramirezlaw.com/,,,Pharr,TX,Hidalgo,956-320-1281,,Criminal Defense,P.O. Box 1616,78577,McAllen-Edinburg-Mission,5,1,2026-09-13,State Bar of Texas Member Directory; State Bar self-reported website
"Law Office of Richard D. Gonzales, P.C.",,,,Pharr,TX,Hidalgo,956-513-8011,,Criminal Defense,814 Del Oro Lane,78577,McAllen-Edinburg-Mission,5,1,2026-09-13,State Bar of Texas Member Directory; State Bar self-reported website
Law Office of Ruben J. Luna PLLC,,,,Pharr,TX,Hidalgo,956-900-4357,,Criminal Defense,PO Box 1606,78577,McAllen-Edinburg-Mission,5,1,2026-09-13,State Bar of Texas Member Directory; State Bar self-reported website
Law offices of Leo Pruneda,,,,Pharr,TX,Hidalgo,956-783-1236,,Criminal Defense,1401 W Polk Ave,78577,McAllen-Edinburg-Mission,5,1,2026-09-13,State Bar of Texas Member Directory
Leah Wise Law Firm,https://leahwiselaw.com/,,,Pharr,TX,Hidalgo,956-291-4127,,Personal Injury,4502 N Cage Blvd,78577,McAllen-Edinburg-Mission,5,3,2026-09-13,State Bar of Texas Member Directory; State Bar self-reported website
"O'Hanlon, Demerath & Castillo",https://www.808west.com/,,,Pharr,TX,Hidalgo,956-318-0555,plozano@808west.com,Personal Injury,426 W Caffery Ave,78577,McAllen-Edinburg-Mission,5,6,2026-09-13,State Bar of Texas Member Directory; State Bar self-reported website
Sebastian Rene Trevino,,,,Pharr,TX,Hidalgo,,,General,"300 E. Interstate 2, Ste. I",78577,McAllen-Edinburg-Mission,4,1,2026-09-13,State Bar of Texas Member Directory
Tamez and Ortegon Law Firm,https://www.tamezandortegon.com/index.html,,,Pharr,TX,Hidalgo,956-630-0885,,Personal Injury,1009 E Expressway 83,78577,McAllen-Edinburg-Mission,5,2,2026-09-13,State Bar of Texas Member Directory; State Bar self-reported website
"The Law Offices of Damian C. Orozco, P.C",https://orozco-law.com/,,,Pharr,TX,Hidalgo,956-782-5447,dorozco@orozco-law.com,Criminal Defense,1138 E Interstate 2 Ste C,78577,McAllen-Edinburg-Mission,5,1,2026-09-13,State Bar of Texas Member Directory; State Bar self-reported website
"The Pruneda Law Firm, PLLC",https://www.michaelpruneda.com/,,,Pharr,TX,Hidalgo,956-702-9675,,Personal Injury,POB 1664,78577,McAllen-Edinburg-Mission,5,1,2026-09-13,State Bar of Texas Member Directory; State Bar self-reported website
The Vasquez Law Firm,,,,Pharr,TX,Hidalgo,956-787-8182,,Personal Injury,814 Del Oro Ln,78577,McAllen-Edinburg-Mission,5,1,2026-09-13,State Bar of Texas Member Directory
Erick Franco,,,,San Juan,TX,Hidalgo,,,General,1002 N. Raul Longoria Rd. Ste. B,78589,McAllen-Edinburg-Mission,4,1,2026-09-13,State Bar of Texas Member Directory; State Bar self-reported website
Jaime J Munoz,,,,San Juan,TX,Hidalgo,,,Criminal Defense,PO Box 47,78589,McAllen-Edinburg-Mission,5,1,2026-09-13,State Bar of Texas Member Directory
Law Office of Jesus Hernandez,,,,San Juan,TX,Hidalgo,,,General,1201 Garden Ridge Ave.,78589,McAllen-Edinburg-Mission,4,1,2026-09-13,State Bar of Texas Member Directory
Law Office of Ramon Vela,,,,San Juan,TX,Hidalgo,956-638-7221,,General,1200 South Nebraska Ave.,78589,McAllen-Edinburg-Mission,4,1,2026-09-13,State Bar of Texas Member Directory
Eloy Sepulveda,,,,Weslaco,TX,Hidalgo,956-968-1937,,Criminal Defense,716 S Texas Blvd,78596,McAllen-Edinburg-Mission,5,1,2026-09-13,State Bar of Texas Member Directory
Ezequiel Reyna Law Office,https://www.zreynalaw.com/,,,Weslaco,TX,Hidalgo,956-968-9556,,Personal Injury,"702 W Expressway 83, #100",78596,McAllen-Edinburg-Mission,5,7,2026-09-13,State Bar of Texas Member Directory; State Bar self-reported website
"FRANK GARZA LAW FIRM, P.L.L.C.",,,,Weslaco,TX,Hidalgo,956-520-7011,,Criminal Defense,PO Box 1635,78599,McAllen-Edinburg-Mission,5,1,2026-09-13,State Bar of Texas Member Directory
Fidel Luis Pena,,,,Weslaco,TX,Hidalgo,956-702-3939,,Criminal Defense,"505 Angelita Dr., Ste. 15",78599,McAllen-Edinburg-Mission,5,1,2026-09-13,State Bar of Texas Member Directory
Guerra Bravo Law Firm,https://www.guerrabravolaw.com/,,,Weslaco,TX,Hidalgo,956-647-4747,iris@guerrabravolaw.com,Criminal Defense,301 S Bridge Ave,78596,McAllen-Edinburg-Mission,5,1,2026-09-13,State Bar of Texas Member Directory; State Bar self-reported website
"Hector E. Garcia Law Office, Mediation & Arbitration Services",,,,Weslaco,TX,Hidalgo,956-472-8603,,Personal Injury,P.O. Box 442,78599,McAllen-Edinburg-Mission,5,1,2026-09-13,State Bar of Texas Member Directory
"Hinojosa Law, P.L.L.C.",https://www.hinojosalaw.com/,,,Weslaco,TX,Hidalgo,956-686-2413,e-service@hinojosalaw.com,Criminal Defense,3110 E Business 83 Ste B,78596,McAllen-Edinburg-Mission,5,2,2026-09-13,State Bar of Texas Member Directory; State Bar self-reported website
J.Balli Law & Mediation Center,,,,Weslaco,TX,Hidalgo,956-467-8575,,General,"415 S. Westgate Dr., #2",78596,McAllen-Edinburg-Mission,4,1,2026-09-13,State Bar of Texas Member Directory
Jaime Javier Pena,,,,Weslaco,TX,Hidalgo,956-969-2777,,General,711 S Texas,78596,McAllen-Edinburg-Mission,4,1,2026-09-13,State Bar of Texas Member Directory
"Jones & Crane, Attorneys",https://www.diezandcrane.com/,,,Weslaco,TX,Hidalgo,956-968-5468,,Immigration,PO Box 1045,78599,McAllen-Edinburg-Mission,2,3,2026-09-13,State Bar of Texas Member Directory; manual verified search
"Jones, Galligan, Key & Lozano, L.L.P.",https://jgkl.com/,,,Weslaco,TX,Hidalgo,956-968-5402,,Estate Planning,PO Box 1247,78596,McAllen-Edinburg-Mission,2,11,2026-09-13,State Bar of Texas Member Directory; State Bar self-reported website
"Law Office of Carlos J Garza, PC",https://garzapclaw.com/,,,Weslaco,TX,Hidalgo,956-973-9430,,Criminal Defense,161 S Texas Blvd,78596,McAllen-Edinburg-Mission,5,1,2026-09-13,State Bar of Texas Member Directory; State Bar self-reported website
"Law Office of Cynthia L. Benavides, P.L.L.C. a/k/a Benavides Law Firm",https://benavideslawfirmweslaco.com/,,,Weslaco,TX,Hidalgo,956-854-4363,info@clbenavideslaw.com,Personal Injury,107 W 6th St,78596,McAllen-Edinburg-Mission,5,1,2026-09-13,State Bar of Texas Member Directory; State Bar self-reported website
Law Office of David Gamez Jr,,,,Weslaco,TX,Hidalgo,956-973-1500,,Criminal Defense,161 S Texas Blvd Ste B,78596,McAllen-Edinburg-Mission,5,1,2026-09-13,State Bar of Texas Member Directory
"Law Office of Diana Fuentes Aguilar, PLLC",https://www.dfalawtx.com/,,,Weslaco,TX,Hidalgo,956-975-2550,,Criminal Defense,600 N Milanos Rd,78596,McAllen-Edinburg-Mission,5,1,2026-09-13,State Bar of Texas Member Directory; State Bar self-reported website
Law Office of Juan E. Gonzalez,,,,Weslaco,TX,Hidalgo,956-447-5585,,Criminal Defense,710 S Texas Blvd,78596,McAllen-Edinburg-Mission,5,1,2026-09-13,State Bar of Texas Member Directory
Law Office of Melinda D. Garza,,,,Weslaco,TX,Hidalgo,956-969-1155,,Estate Planning,420 S Missouri Ave,78596,McAllen-Edinburg-Mission,2,1,2026-09-13,State Bar of Texas Member Directory
Law Office of Richard S. Talbert,,,,Weslaco,TX,Hidalgo,956-968-1578,,Estate Planning,612 S Texas Blvd,78596,McAllen-Edinburg-Mission,2,1,2026-09-13,State Bar of Texas Member Directory
"M. A. Ruiz Law Firm, PLLC",https://maruizlaw.com/,,,Weslaco,TX,Hidalgo,956-532-4003,miguel@maruizlaw.com,General,PO Box 1541,78599,McAllen-Edinburg-Mission,4,1,2026-09-13,State Bar of Texas Member Directory; State Bar self-reported website
"Robert E Brunkenhoefer,P. C.",,,,Weslaco,TX,Hidalgo,361-533-2383,robertbrunk@mac.com,General,1206 S. Border Ave.Unit 653,78596,McAllen-Edinburg-Mission,4,1,2026-09-13,State Bar of Texas Member Directory; State Bar self-reported website
The Law Office of Moises Flores Jr,,,,Weslaco,TX,Hidalgo,956-272-4436,,Criminal Defense,260 S Texas Blvd Ste 306,78596,McAllen-Edinburg-Mission,5,1,2026-09-13,State Bar of Texas Member Directory
The Lopez Law Group,https://fernandojlopez.com/,,,Weslaco,TX,Hidalgo,956-968-7800,,Criminal Defense,2611 N Texas Blvd Ste 1,78599,McAllen-Edinburg-Mission,5,1,2026-09-13,State Bar of Texas Member Directory; State Bar self-reported website
