law_firm_name,website,google_business_profile,legal_directory_listing,city,state,county,phone_number,email,practice_area,street_address,zip_code,msa,priority
Adams Law Offices,http://adamslawoffices.com/,https://www.google.com/maps/place/?q=place_id:ChIJcW9U1aAbwYcR3a6BjgXanLE,,Blue Springs,MO,Jackson,(816) 228-1776,adamslawoffices@sbcglobal.net,Criminal Defense,1400 US-40,64015,Kansas City,5
"Baylard Law Office, LLC",http://www.baylardlaw.com,,,Blue Springs,MO,Jackson,(816) 224-2550,,General,2307 NW South Outer Road,64015,Kansas City,4
Blue Springs Law Office,https://bluespringslawoffice.com/,https://www.google.com/maps/place/?q=place_id:ChIJw3iNEbQbwYcRMB41jOEt3Yk,,Blue Springs,MO,Jackson,(816) 224-9500,,Personal Injury,1114 W Main St,64015,Kansas City,5
Bredehoft Law Firm,http://www.lawyerbluesprings.com/,https://www.google.com/maps/place/?q=place_id:ChIJ8Wqd4qsbwYcR857VSYbm8OE,,Blue Springs,MO,Jackson,(816) 229-8533,,Criminal Defense,1200 NW S Outer Rd # 109,64015,Kansas City,5
Burmeister Gilmore LLP,http://www.bgattorney.com/,https://www.google.com/maps/place/?q=place_id:ChIJOf1dEJriwIcRM3PCaHkjLms,,Blue Springs,MO,Jackson,(816) 373-5590,info@BGattorney.com,Personal Injury,2525 NW S Outer Rd SUITE B,64015,Kansas City,5
Dale Law Firm,http://www.thedalelawfirm.com/,https://www.google.com/maps/place/?q=place_id:ChIJw3iNEbQbwYcRySiLkHkzo5g,,Blue Springs,MO,Jackson,(816) 467-4500,,Estate Planning,1114 W Main St,64015,Kansas City,2
Eskew J Brand ATY J Brand Eskew,https://www.terlaw.com/j-brand-eskew,,,Blue Springs,MO,Jackson,(816) 228-6400,,General,1600 NE Coronado Dr,64014,Kansas City,4
Gardner Paul H,https://duckduckgo.com/l/?uddg=https%3A%2F%2Fwww.attorneyhelp.org%2Fattorneys%2Flisting_fffc23ec664cfc056dfb96c260ea6a85.html&rut=329ae49f044a1b49375a7cd08243735a10e08033b84bbbcf53e327e4d9f864fe,,,Blue Springs,MO,Jackson,(816) 224-3005,,General,801 NW Vesper St,64015,Kansas City,4
Garten Kendall R,http://www.gartenlawfirm.com/,https://www.google.com/maps/place/?q=place_id:ChIJu0zeg3AawYcRuGt1SBAAWAs,,Blue Springs,MO,Jackson,(816) 229-1299,,Personal Injury,2012 NW S Outer Rd,64015,Kansas City,5
Hollingshead & Dudley - DWI Lawyers,http://kansascitydwis.com,https://www.google.com/maps/place/?q=place_id:ChIJPZv-EbQbwYcRB1zHIQ8U6hg,,Blue Springs,MO,Jackson,(816) 895-7070,,DUI,1114 W Main St,64015,Kansas City,5
Joe Don Butcher,,https://www.google.com/maps/place/?q=place_id:ChIJob1zLqsbwYcRXvXiyimayao,,Blue Springs,MO,Jackson,(816) 228-2424,,Criminal Defense,1080 NW S Outer Rd #202,64015,Kansas City,5
"Jordan Law, LLC",https://www.jordanlawkc.com/contact-us-1,https://www.google.com/maps/place/?q=place_id:ChIJVVV5zA_vwIcRpkE2YVqUqxE,,Blue Springs,MO,Jackson,(816) 429-1950,alfred@jordanlawkc.com,Estate Planning,1080 NW S Outer Rd #202,64015,Kansas City,2
Joyce B. Kerber P.C.,http://bluespringslawfirm.com,,,Blue Springs,MO,Jackson,(816) 607-8116,,General,1200 NW South Outer Rd,64015,Kansas City,4
King J Scott,http://www.scottkingelderlaw.com,,,Blue Springs,MO,Jackson,(816) 478-6699,,General,601 NW Jefferson St,64014,Kansas City,4
Law Office of Brian D. Webb LLC,https://www.brianwebblaw.com/,https://www.google.com/maps/place/?q=place_id:ChIJR8zc7-XiwIcRvf7tbeCVEio,,Blue Springs,MO,Jackson,(816) 350-9888,attywebb2@netscape.net,DUI,601 NW Jefferson St Ste 5B,64014,Kansas City,5
Law Office of Jerry W Potocnik,http://potocniklaw.com,,,Blue Springs,MO,Jackson,(816) 224-3133,,General,1200 NW South Outer Rd,64015,Kansas City,4
"Law Office of John Adams Christiansen, L.C.",http://www.johnadamschristiansenlawoffice.com/,https://www.google.com/maps/place/?q=place_id:ChIJJZfxq5wZwYcRJfzG8jxZQ-8,,Blue Springs,MO,Jackson,(816) 416-7070,,General,333 SW Lake Village Blvd,64014,Kansas City,4
Law Office of Leslie A Williams,http://lesliewilliamslaw.com/,https://www.google.com/maps/place/?q=place_id:ChIJb_N9bEsawYcRv5Ohs876CBc,,Blue Springs,MO,Jackson,(816) 220-1781,,Personal Injury,1114 W Main St,64015,Kansas City,5
Law Offices of Dana Outlaw,http://danaoutlawfirm.com/,https://www.google.com/maps/place/?q=place_id:ChIJyfAeYKYbwYcRUdmIPLPvUEE,,Blue Springs,MO,Jackson,(816) 293-2156,dana@danaoutlawfirm.com,Family Law,1946 NW Copper Oaks Cir,64015,Kansas City,4
"Law Offices of Robert Alton Clarke, LLC",https://www.grundydisabilitygroup.com,,,Blue Springs,MO,Jackson,(816) 394-7900,info@grundydisabilitygroup.com,Social Security Disability,1114 W Main St,64015,Kansas City,1
Legal Fulfillment Group,http://www.lfg-kc.com,,,Blue Springs,MO,Jackson,(816) 810-6154,,General,216 SW Elmwood Dr,64014,Kansas City,4
"Lighthouse Legal, LLC",http://www.lighthouselegalkc.com/?utm_source=google&utm_medium=organic&utm_campaign=gbp_listing,https://www.google.com/maps/place/?q=place_id:ChIJj_38eKsbwYcRRMJHJTT5uz4,,Blue Springs,MO,Jackson,(816) 228-4383,Info@LighthouseLegalKC.com,Estate Planning,1401 NW Jefferson St,64015,Kansas City,2
McLaughlin Law LLC,https://www.mclaughlinlawkc.com/about-us/,https://www.google.com/maps/place/?q=place_id:ChIJn06u_FQawYcRhf_JJZUM9PA,,Blue Springs,MO,Jackson,(816) 944-1735,,Personal Injury,601 NW Jefferson St,64014,Kansas City,5
Mitchell & Associates LC,https://www.mitchellandassociateslc.com/,https://www.google.com/maps/place/?q=place_id:ChIJJ_h3HckbwYcR2xc5DQpeY50,,Blue Springs,MO,Jackson,(816) 224-1100,David@bluespringslaw.com,DUI,1080 NW S Outer Rd,64015,Kansas City,5
Moore Law LLC,,https://www.google.com/maps/place/?q=place_id:ChIJ8Wqd4qsbwYcRIOntXT7mANs,,Blue Springs,MO,Jackson,(816) 229-7270,,Criminal Defense,1200 NW S Outer Rd,64015,Kansas City,5
Mullins Law Firm,http://legalattorneybluesprings.com,,,Blue Springs,MO,Jackson,(816) 318-7976,,General,1400 NW South Outer Rd Ste C,64015,Kansas City,4
Oswald Rew LLC,http://www.or-law.com/,https://www.google.com/maps/place/?q=place_id:ChIJw4jjo1YawYcRpVKv5JRGa6c,,Blue Springs,MO,Jackson,(816) 229-8121,info@or-law.com,Personal Injury,601 NW Jefferson St # 1,64014,Kansas City,5
"Shrout, Howard L - Howard Shrout Law Office",,,,Blue Springs,MO,Jackson,(816) 229-3330,,General,1124 W Main St,64015,Kansas City,4
"Spiegel Law, LLC",http://www.spiegellaw.net/,https://www.google.com/maps/place/?q=place_id:ChIJxaPGgnAawYcRCUAyRtvXmj8,,Blue Springs,MO,Jackson,(816) 229-2132,,Personal Injury,1400 SW State Rte 7,64014,Kansas City,5
Stansell Walter,,https://www.google.com/maps/place/?q=place_id:ChIJKYHuav4cwYcRtUYYngADlIM,,Blue Springs,MO,Jackson,(816) 795-0800,,Personal Injury,1200 NW S Outer Rd Suite 110,64015,Kansas City,5
Starke Law Office,https://www.starkelawoffices.com/?npcmp=dir:local:1568363:64015,https://www.google.com/maps/place/?q=place_id:ChIJs24CzUwawYcRSLSsclpxdT4,,Blue Springs,MO,Jackson,(816) 229-9111,,Personal Injury,801 NW Vesper St,64015,Kansas City,5
The Cochran Law Firm LLC.,http://jackcochranlaw.com,,,Blue Springs,MO,Jackson,(816) 229-2661,,General,1080 NW South Outer Rd,64015,Kansas City,4
The Mullins Law Firm,http://jeffmullinslaw.com/,https://www.google.com/maps/place/?q=place_id:ChIJc4LDQKkbwYcR2N7I1s5qmIw,,Blue Springs,MO,Jackson,(816) 463-3010,mary@jeffmullinslaw.com,Criminal Defense,601 NW Jefferson St Ste 3,64014,Kansas City,5
The Storie Tax Lawyers,,,,Blue Springs,MO,Jackson,(816) 287-2328,,General,22400 NW Pink Hill Rd,64015,Kansas City,4
Troy J. Leavitt Law Firm,https://leavittlawonline.com/,https://www.google.com/maps/place/?q=place_id:ChIJF68oPhX9wIcR9ceAou5r6wI,,Blue Springs,MO,Jackson,(816) 228-6000,troy@leavittlawonline.com,Personal Injury,1500 NW Hwy 7 #300,64014,Kansas City,5
"Waits Family Law, LLC",http://waitsfamilylaw.com/,https://www.google.com/maps/place/?q=place_id:ChIJ24_BxhgbwYcRxolSuonQx0Q,,Blue Springs,MO,Jackson,(816) 541-8600,,General,601 NW Jefferson St #8,64014,Kansas City,4
"Weigel Law Office, LLC",http://weigellawllc.com/www.weigellawllc.com,https://www.google.com/maps/place/?q=place_id:ChIJAQD8yq8QwYcRtoxShPjdGNQ,,Blue Springs,MO,Jackson,(816) 516-6555,,General,505 Foot Hill Dr,64029,Kansas City,4
Williston Law Firm,https://willistonlawfirm.com/,https://www.google.com/maps/place/?q=place_id:ChIJazsi4PoZwYcRBgbu-6AOiFE,,Blue Springs,MO,Jackson,(913) 207-5450,logo@2x.png,Personal Injury,201 SE Williamsburg Dr,64014,Kansas City,5
Phillips John J,,,,Grain Valley,MO,Jackson,(816) 847-5550,,General,302 S Main St,64029,Kansas City,4
"The Law Office of Lorri L. Wilbee-Kobe, LLC",,https://www.google.com/maps/place/?q=place_id:ChIJJVmAMNwQwYcRXOym46pAuiI,,Grain Valley,MO,Jackson,(816) 847-2606,,Criminal Defense,510 N Main St,64029,Kansas City,5
Valley Law,https://valleylawkc.com/,https://www.google.com/maps/place/?q=place_id:ChIJFYbtzW8RwYcRAlyiY5Uj2ws,,Grain Valley,MO,Jackson,(816) 443-8922,info@valleylawkc.com,Estate Planning,115 SW Eagles Pkwy,64029,Kansas City,2
Weigel Law Office LLC,,https://www.google.com/maps/place/?q=place_id:ChIJ9SeqIrsQwYcRuTcWar6qe_M,,Grain Valley,MO,Jackson,(816) 443-2192,,Criminal Defense,1422 SW Eagles Pkwy,64029,Kansas City,5
C Curry Charles Attorney,,,,Grandview,MO,Jackson,(816) 761-7575,,General,12718 S US Highway 71,64030,Kansas City,4
Crow Donald L,http://www.kansas-city-criminal-law-attorney.com/,https://www.google.com/maps/place/?q=place_id:ChIJtxeF-WfdwIcRTuN8N-3DMJI,,Grandview,MO,Jackson,(816) 765-7888,donaldlcrow@gmail.com,Personal Injury,1323 Main St,64030,Kansas City,5
Darrell W Moore Attorney at Law,,https://www.google.com/maps/place/?q=place_id:ChIJXaTVSATdwIcRj5f6gKPIbww,,Grandview,MO,Jackson,(816) 380-7500,,Personal Injury,14214 S U.S. 71 Hwy,64106,Kansas City,5
David Curotto Law Office,http://curottolaw.com/,https://www.google.com/maps/place/?q=place_id:ChIJKXm_rnfdwIcRukYf-pbpDE4,,Grandview,MO,Jackson,(816) 832-8099,david@curottolaw.com,Personal Injury,13010 White Ave STE B,64106,Kansas City,5
Gersh & Reppell,,https://www.google.com/maps/place/?q=place_id:ChIJx_ELV2LdwIcRpDBecxELywE,,Grandview,MO,Jackson,(816) 761-6161,,Criminal Defense,12507 Grandview Rd,64106,Kansas City,5
"Gillerra Law, LLC",https://gillerralaw.com/,https://www.google.com/maps/place/?q=place_id:ChIJ_wvyfMTdwIcRNzNGGqrZSC4,,Grandview,MO,Jackson,(816) 908-7721,admin@gillerralaw.com,Estate Planning,1503 Main St,64030,Kansas City,2
Lauri J. Laughland Attorney and Counselor at Law,https://www.laughlandlaw.com/,https://www.google.com/maps/place/?q=place_id:ChIJ_7ncWWXdwIcRinPLh-FRhF0,,Grandview,MO,Jackson,(816) 765-5666,,Personal Injury,12220 Blue Ridge Blvd Suite G,64106,Kansas City,5
Law Offices of Michael E. Lungstrum,http://michaellungstrumlaw.com,,,Grandview,MO,Jackson,(816) 447-0919,,General,723 Main St,64030,Kansas City,4
"Michael R. Lawless, P.C.",http://kcworkcompattorney.com/,https://www.google.com/maps/place/?q=place_id:ChIJweOIrnfdwIcRePWfYAwOAeA,,Grandview,MO,Jackson,(816) 966-0099,271e9fa3230b4eec94b02bf95780f5f2@sentry.wixpress.com,Personal Injury,13010 White Ave,64106,Kansas City,5
Peebles Law Office,http://www.peebleslawoffice.com/,https://www.google.com/maps/place/?q=place_id:ChIJxTA8QW7dwIcR1H2kV8pnrSs,,Grandview,MO,Jackson,(816) 767-1400,peebleslawoffice@gmail.com,Personal Injury,1102 Main St,64030,Kansas City,5
Ryan Law Center,http://jryanlaw.com,https://www.google.com/maps/place/?q=place_id:ChIJCdRrbAvdwIcRfakzba0MNyw,,Grandview,MO,Jackson,(816) 966-9800,,General,13601 E Frontage Rd,64106,Kansas City,4
A2JLaw,https://a2jlaw.org,,,Independence,MO,Jackson,(816) 503-6739,,General,19401 E US Highway 40 Ste 130,64055,Kansas City,4
"Albano, Richart, Welch & Bajackson, LLC",https://www.arwblegal.com/,https://www.google.com/maps/place/?q=place_id:ChIJ63bM6D_9wIcRcgJ8ErZeQKs,,Independence,MO,Jackson,(816) 836-8000,,Criminal Defense,311 W Kansas Ave,64050,Kansas City,5
Aldana's Business Tax Relief Lawyers,,,,Independence,MO,Jackson,(816) 832-4547,,General,1525 E 23rd St S,64055,Kansas City,4
Anthony M Totta Law Office,http://www.jimcrabtreelaw.com,https://www.google.com/maps/place/?q=place_id:ChIJzQs_tFUdwYcRHzn6WfQ3QDw,,Independence,MO,Jackson,(816) 252-2332,,Personal Injury,19049 E Valley View Pkwy ste. b,64102,Kansas City,5
Baldwin & Vernon,https://baldwinvernon.com,,,Independence,MO,Jackson,(816) 842-1102,,DUI,108 S Pleasant St,64050,Kansas City,5
Beck & Beck Missouri Car Accident Lawyers,https://becklawmo.com/independence-mo-car-accident-lawyer/?utm_source=google&utm_medium=organic&utm_campaign=gbp_independence,https://www.google.com/maps/place/?q=place_id:ChIJcb6gNOj9wIcRGvGPSOwp95M,,Independence,MO,Jackson,(816) 382-6915,,Personal Injury,136 E Walnut St #351,64050,Kansas City,5
Boatright Law LLC,http://www.boatright-law.com/,https://www.google.com/maps/place/?q=place_id:ChIJM5FcWqH9wIcRrMu1y_evbfg,,Independence,MO,Jackson,(816) 534-9068,,Family Law,4224 South Hocker Ave Building 11,64055,Kansas City,4
Boman Dennis A,http://bomanlaw.com,,,Independence,MO,Jackson,(816) 461-5100,,General,2601 S Hub Dr,64055,Kansas City,4
Boyd Kenter Thomas & Parrish LLC,http://www.bktplaw.com/,https://www.google.com/maps/place/?q=place_id:ChIJxU4-AED9wIcRH0DkdNYxums,,Independence,MO,Jackson,(816) 471-4511,boydkenterthomasparrish@gmail.com,Personal Injury,221 W Lexington Ave,64050,Kansas City,5
Bratcher Gockel Law,http://www.bgklawyers.com/,https://www.google.com/maps/place/?q=place_id:ChIJ0YCe8F3wwIcRBBQqC1buOPE,,Independence,MO,Jackson,(816) 221-1614,lynne@bgklawyers.com,Employment Law,4014b S Lynn Ct Dr,64055,Kansas City,3
Bright Bankruptcy Firm,http://www.brightbk.com/independence-bankruptcy-attorney/,,,Independence,MO,Jackson,(816) 537-1600,,General,13720 E 42nd Ter S #200,64055,Kansas City,4
Burnett Law Office,http://www.independencetraffictickets.com/,https://www.google.com/maps/place/?q=place_id:ChIJmU3AfGr9wIcRamUar4BLJGs,,Independence,MO,Jackson,(816) 254-0400,,Criminal Defense,201 N Spring St,64050,Kansas City,5
Centurion law office,http://www.centurionlawoffice.com,,,Independence,MO,Jackson,(816) 350-1859,,General,17201 E US Highway 40,64055,Kansas City,4
Child's Play LLC,http://childsplayllc.com,,,Independence,MO,Jackson,(816) 254-4130,,General,9611 E Truman Rd,64052,Kansas City,4
"Constance, Minton & Baker LLC",https://www.cmb-legal.com/,https://www.google.com/maps/place/?q=place_id:ChIJ4aJQjhX9wIcRUr0ZFzw6GF4,,Independence,MO,Jackson,(816) 833-1800,,General,501 W Lexington Ave,64050,Kansas City,4
Cook Ellis LLC,https://www.cookellislaw.com/,https://www.google.com/maps/place/?q=place_id:ChIJK44nlEH9wIcRge7nvtgsYgk,,Independence,MO,Jackson,(816) 376-3266,,DUI,4016 S Lynn Ct Dr,64055,Kansas City,5
Cordell & Cordell | Family Law & Divorce,https://cordellcordell.com/offices/missouri/independence/,https://www.google.com/maps/place/?q=place_id:ChIJvyykDbYfwYcR--WNp7C4L6s,,Independence,MO,Jackson,(816) 842-2400,contactus@cordelllaw.com,Family Law,4200 Little Blue Pkwy #550,64057,Kansas City,4
Crabtree Law Office,,,,Independence,MO,Jackson,(816) 214-9080,,General,19049 E Valley View Pkwy,64055,Kansas City,4
David Wylie,http://www.wylielawkc.com/,https://www.google.com/maps/place/?q=place_id:ChIJ-d1Q6k_9wIcRpYvYNVvA1Gk,,Independence,MO,Jackson,(816) 836-3619,amkryukov@gmail.com,Personal Injury,201 N Spring St,64050,Kansas City,5
"Deluccie & O'Hara Law Offices, LLC",http://www.deluccieohara.com,https://www.google.com/maps/place/?q=place_id:ChIJycHVPUD9wIcRWC1vfFicNP0,,Independence,MO,Jackson,(816) 836-1112,,General,411 W Maple Ave C,64050,Kansas City,4
Easter Law,http://www.easterlawllc.com/,https://www.google.com/maps/place/?q=place_id:ChIJm66RwWLwwIcRFX8xO3KXq5Q,,Independence,MO,Jackson,(816) 608-2313,paralegal@easterlawllc.com,Criminal Defense,1112 S Hardy Ave,64052,Kansas City,5
Foley Law - KC Metro Traffic,http://www.kcmetrotraffic.com,,,Independence,MO,Jackson,(816) 472-4357,,General,4016 S Lynn Ct Dr Ste B,64055,Kansas City,4
"Foxx Law, L.L.C.",http://foxxlawkc.com/?utm_source=gmb&utm_medium=referral,https://www.google.com/maps/place/?q=place_id:ChIJ1wq4eyz9wIcR1OWHdZBO20o,,Independence,MO,Jackson,(816) 599-0424,jessica@foxxlawkc.com,Family Law,501 W Lexington Ave,64050,Kansas City,4
"Gabriele Law Firm, LLC",https://www.gabrielelawfirm.com/#utm_source=GMB&utm_medium=Organic&utm_campaign=Listing,https://www.google.com/maps/place/?q=place_id:ChIJW6cPrGr9wIcR6yceKKXc1XM,,Independence,MO,Jackson,(816) 352-8510,daniel@gabrielelawfirm.com,Criminal Defense,201 N Spring St,64050,Kansas City,5
Gepford Law Group Lc,http://gepfordlaw.com,https://www.google.com/maps/place/?q=place_id:ChIJCTzHYiDpwIcR2qOdhHEYUiQ,,Independence,MO,Jackson,(816) 333-9600,,General,300 S Liberty St,64050,Kansas City,4
"Grubb Law Firm, P.C.",https://www.grubblawfirm.com,,,Independence,MO,Jackson,(816) 252-8848,,General,114 S Main St Ste 101,64050,Kansas City,4
Halas Law,,,,Independence,MO,Jackson,(816) 461-1800,,General,3600 S Noland Rd Ste L,64055,Kansas City,4
Jacoby Law Firm LLC,http://www.michaelsmithlegal.com/,https://www.google.com/maps/place/?q=place_id:ChIJMUwqPhX9wIcRnHKxL32oK6I,,Independence,MO,Jackson,(816) 228-3332,,Family Law,201 N Spring St,64050,Kansas City,4
"Jennifer Benedict Law Office, LLC",https://www.jbenedictlaw.com/,https://www.google.com/maps/place/?q=place_id:ChIJUZhmcxX9wIcRJ3lEEtFqOTk,,Independence,MO,Jackson,(816) 252-9400,jennifer.benedict@jbenedictlaw.com,Personal Injury,411 W Maple Ave C,64050,Kansas City,5
John Sommer Attorney at Law,http://www.johnsommerlawoffice.vpweb.com,,,Independence,MO,Jackson,(816) 795-7000,,Social Security Disability,19049 E Valley View Pkwy Ste B,64055,Kansas City,1
Kasey W Benjamin,http://www.hfmlegal.com/,https://www.google.com/maps/place/?q=place_id:ChIJW6cPrGr9wIcRn9hgv2-Q2sc,,Independence,MO,Jackson,(816) 836-5050,contact@hfmlegal.com,Personal Injury,221 W Lexington Ave Suite 400,64050,Kansas City,5
Kelli Caldwell Law Office,http://lawyerofficeindependence.com,,,Independence,MO,Jackson,(816) 399-5195,,General,110 W Maple Ave,64050,Kansas City,4
Kellogg Charles A,http://www.mudd-law.net,https://www.google.com/maps/place/?q=place_id:ChIJ3V7B2T_9wIcR5lxMd7bQsAg,,Independence,MO,Jackson,(816) 461-1380,,General,400 W Kansas Ave,64050,Kansas City,4
Kennedy Law,http://www.dankennedylaw.com,,,Independence,MO,Jackson,(913) 274-9220,,General,201 N Spring St,64050,Kansas City,4
Law Office of Kevin D Brown,,,,Independence,MO,Jackson,(816) 859-5787,,General,3300 S Seminole Ct,64057,Kansas City,4
Law Offices of Brian R Barjenbruch,http://www.barjenbruchlaw.com,,,Independence,MO,Jackson,(816) 668-5323,,General,3720 Arrowhead Ave,64057,Kansas City,4
"Law Offices of Thomas R. Bellmann, P.C.",http://independencemolawyers.com,,,Independence,MO,Jackson,(816) 492-2881,,General,311 W Kansas Ave,64050,Kansas City,4
Law Tymes Savr,,,,Independence,MO,Jackson,(816) 373-1244,,General,4731 S Cochise Dr,64055,Kansas City,4
Leonard L Meyer Law Office,,,,Independence,MO,Jackson,(816) 373-0977,,General,14701 E 42nd St S,64055,Kansas City,4
Leongatha Law,,,,Independence,MO,Jackson,(816) 373-8100,,General,14801 E 42nd St S,64055,Kansas City,4
Levota Law Office,http://www.phillevota.com,,,Independence,MO,Jackson,(816) 889-9200,plevota@yahoo.com,Intellectual Property,1218 S Noland Rd,64055,Kansas City,1
"Mark Forest, Attorney At Law",https://markforestlaw.com/,https://www.google.com/maps/place/?q=place_id:ChIJ9YNWd2r9wIcRZY5nhfXqfk4,,Independence,MO,Jackson,(816) 472-0082,mforestlawoffice@scbglobal.net,Personal Injury,221 W Lexington Ave STE 100,64050,Kansas City,5
Mcardle Law Firm,http://www.mcardlelawfirm.com,,,Independence,MO,Jackson,(816) 533-3652,,General,4710 S Cedar Crest Ct,64055,Kansas City,4
"Michael J Englert, Attorney at Law-",http://michaelenglertlaw.com,,,Independence,MO,Jackson,(816) 252-2132,mikejoeenglert@gmail.com,Criminal Defense,209 W Lexington Ave,64050,Kansas City,5
Missouri Bankruptcy Center,http://www.missouri-bankruptcy.com/,https://www.google.com/maps/place/?q=place_id:ChIJK44nlEH9wIcR3vZBD68Hfts,,Independence,MO,Jackson,(816) 373-7379,,Bankruptcy,4016 S Lynn Ct Dr,64055,Kansas City,2
Patton Knipp Dean,http://www.pattonknipp.com,,,Independence,MO,Jackson,(913) 495-9998,,Social Security Disability,3720 Arrowhead Ave,64057,Kansas City,1
Pender Sharlie,,,,Independence,MO,Jackson,(816) 254-3395,,General,10510 E 23rd St S,64052,Kansas City,4
Piedimonte James R,http://www.jpiedimontelaw.com,,,Independence,MO,Jackson,(816) 254-6477,james@jpiedimontelaw.com,Family Law,209 S Spring St,64050,Kansas City,4
Piedimonte Law Firm,,,,Independence,MO,Jackson,(816) 398-7405,,General,"317 W Kansas Ave, Independence, MO 64050",64050,Kansas City,4
Raymond E Moore PC,http://www.raymondemoorepc.com,,https://lawyers.justia.com/lawyer/raymond-moore-950190,Independence,MO,Jackson,(816) 373-3003,info@raymondemoorepc.com,Estate Planning,1000 E US Highway 24,64050,Kansas City,2
Richard J Koury II,http://www.kouryinvestments.com/lawoffice.htm,,,Independence,MO,Jackson,(816) 836-4500,,General,315 W Kansas Ave,64050,Kansas City,4
Scaglia Law Firm,http://www.scaglialaw.com,,,Independence,MO,Jackson,(816) 221-7224,,General,4215 S Hocker Dr,64055,Kansas City,4
"Sloan Law Office, LLC",https://sloanlawkc.com/,https://www.google.com/maps/place/?q=place_id:ChIJyYYAb74dwYcRRVJkTNQ_fYA,,Independence,MO,Jackson,(816) 777-1340,,General,19049 E Valley View Pkwy ste. b,64102,Kansas City,4
"Spitaleri Law Firm, LLC",http://www.spitalerilaw.com/locations/,https://www.google.com/maps/place/?q=place_id:ChIJY4kVzj_9wIcRrzgb2KSawXM,,Independence,MO,Jackson,(816) 787-1898,,Social Security Disability,200 S Spring St #200,64050,Kansas City,1
"Stange Law Firm, PC",,,,Independence,MO,Jackson,(816) 875-4505,,General,,64102,Kansas City,4
"Stilley Law Office, LLC",http://www.stilleylaw.com,,,Independence,MO,Jackson,(816) 291-4614,,General,19401 E US Highway 40 Ste 150,64055,Kansas City,4
Sypher Law Group,http://www.sypherlaw.com,,,Independence,MO,Jackson,(816) 833-8391,,Bankruptcy,3640 S Noland Rd,64055,Kansas City,2
Ted D. Barnes Attorney At Law,,https://www.google.com/maps/place/?q=place_id:ChIJ63YNFZriwIcRR9Ig9PU5-M0,,Independence,MO,Jackson,(816) 373-2060,,Criminal Defense,14801 E 42nd St S,64102,Kansas City,5
"The Backer Law Firm, LLC",https://www.backerlaw.net/?npcmp=dir:local:3411044:64055,https://www.google.com/maps/place/?q=place_id:ChIJ6wVEOJriwIcRHEzMtw7kGvw,,Independence,MO,Jackson,(816) 399-5219,,Personal Injury,14801 E 42nd St S Suite 100,64102,Kansas City,5
The Gordon Law Firm,http://www.gordonlawkc.com/,https://www.google.com/maps/place/?q=place_id:ChIJeYLpdB7jwIcRmHdv8QtjvW8,,Independence,MO,Jackson,(816) 569-6925,,Family Law,114 S Main St,64050,Kansas City,4
"The Horn Law Firm, P.C.",http://www.hornlaw.com/,https://www.google.com/maps/place/?q=place_id:ChIJKYHuav4cwYcRDUXUkwjjnWM,,Independence,MO,Jackson,(816) 795-7500,dhorn@hornlaw.com,Personal Injury,19049 E Valley View Pkwy ste j,64102,Kansas City,5
The Law Offices of Larry Buccero,http://www.buccerolaw.com/,https://www.google.com/maps/place/?q=place_id:ChIJ7XMRL2fwwIcRuSwNWJAZZpk,,Independence,MO,Jackson,(816) 842-6228,,Personal Injury,14801 E 42nd St S Suite 1500,64102,Kansas City,5
"The Law Offices of Les D. Wight, LLC",http://www.familymatter.com/,https://www.google.com/maps/place/?q=place_id:ChIJ4aJQjhX9wIcRgFY2cAunQlM,,Independence,MO,Jackson,(816) 836-4000,thelaw@familymatter.com,Criminal Defense,530 East 23rd St S,64055,Kansas City,5
"The Patel Law Firm, LLC",http://www.kpatellaw.com/,https://www.google.com/maps/place/?q=place_id:ChIJkeEjKUD9wIcRl5g02KWDhZc,,Independence,MO,Jackson,(888) 428-9427,,Personal Injury,114 S Main St Suite 104,64050,Kansas City,5
The Thompson Tax Lawyer Group,,,,Independence,MO,Jackson,(816) 287-4565,,General,18001 E. 24 Highway #32,64055,Kansas City,4
Vest Professional Placement Firm,https://www.vestpros.com,,,Independence,MO,Jackson,(816) 282-6288,Recruiters@VestPros.com,Immigration,12626 E US Highway 40,64055,Kansas City,2
W M Law - Independence Office,https://kansascitybankruptcy.com/independence-mo/,https://www.google.com/maps/place/?q=place_id:ChIJ12yiNSTwwIcR8vPHLxhVi5s,,Independence,MO,Jackson,(913) 422-0909,,General,3720 Arrowhead Ave #102,64057,Kansas City,4
Waits Dennis R,,https://www.google.com/maps/place/?q=place_id:ChIJBRb6GUD9wIcR9UAYGW58nt8,,Independence,MO,Jackson,(816) 461-4242,,Criminal Defense,200 S Spring St,64050,Kansas City,5
Waits Law Firm LLC,https://waitslawfirm.cliogrow.com/,https://www.google.com/maps/place/?q=place_id:ChIJBRb6GUD9wIcRit8XqkMzHzc,,Independence,MO,Jackson,(816) 283-3337,courtney@waits-law.com,Family Law,200 S Spring St,64050,Kansas City,4
"White, Graham, Buckley & Carr LLC",https://wgbclaw.com/,https://www.google.com/maps/place/?q=place_id:ChIJKYHuav4cwYcRmuKxdWOYZfo,,Independence,MO,Jackson,(816) 373-9080,"bcarr@wagblaw.com, bcochran@wagblaw.com",Personal Injury,19049 E Valley View Pkwy,64102,Kansas City,5
William L. Hall,https://www.mehkpclaw.com/william-hall,https://www.google.com/maps/place/?q=place_id:ChIJd99jekD9wIcREPBP6wZr9fM,,Independence,MO,Jackson,(816) 836-2437,,Personal Injury,233 W Walnut St,64050,Kansas City,5
Wrabec Law,http://www.wrabeclaw.com,,,Independence,MO,Jackson,(816) 252-0095,info@wrabeclaw.com,Personal Injury,16643 E 23rd St S,64055,Kansas City,5
Wulff Law,http://www.wulfflaw.net/,https://www.google.com/maps/place/?q=place_id:ChIJKYHuav4cwYcRvvlVwfxJNVw,,Independence,MO,Jackson,(816) 795-5455,office@wulfflaw.net,DUI,4200 Little Blue Pkwy #680,64057,Kansas City,5
wipple law firm,http://www.thewhipplelawfirm.com,,,Independence,MO,Jackson,(816) 842-6411,,Personal Injury,201 N Spring St,64050,Kansas City,5
AGH Law,https://www.agh-lawfirm.com/about,https://www.google.com/maps/place/?q=place_id:ChIJ-7XOgJfxwIcR4zhG61AvefY,,Kansas City,MO,Jackson,(816) 320-5547,ahernandez@agh-lawfirm.com,Personal Injury,1100 Main St UNIT 400,64105,Kansas City,5
"Abella Law Firm, L.L.C.",https://www.abellalaw.com/?utm_source=google-local&utm_medium=organic&utm_campaign=526,https://www.google.com/maps/place/?q=place_id:ChIJnx801WDwwIcRnsXnzpeEQbg,,Kansas City,MO,Jackson,(816) 421-7755,greg@abellalaw.com,Criminal Defense,221 E 11th St,64106,Kansas City,5
Accurso Law Firm,http://www.accursolaw.com/,https://www.google.com/maps/place/?q=place_id:ChIJrxXVA7bvwIcRboVhIwGvfZg,,Kansas City,MO,Jackson,(816) 561-3900,,Social Security Disability,4646 Roanoke Pkwy,64112,Kansas City,1
Ace In The Hole Bail Bonds,,,,Kansas City,MO,Jackson,(816) 763-7300,,General,7911 Prospect Ave,64132,Kansas City,4
Advocates For Families,,https://www.google.com/maps/place/?q=place_id:ChIJGbo3H3jjwIcRt1oCurNsPmQ,,Kansas City,MO,Jackson,(816) 509-6224,,Criminal Defense,5155 Raytown Rd,64133,Kansas City,5
Affordable Lawyer LLC,,https://www.google.com/maps/place/?q=place_id:ChIJ_RZkMUblwIcRc4P5CgW7l98,,Kansas City,MO,Jackson,(816) 325-9327,,Criminal Defense,3906 Indiana Ave,64130,Kansas City,5
Agron Law Office,http://agronlawoffice.com,,,Kansas City,MO,Jackson,(816) 931-3311,,Personal Injury,420 Nichols Rd Ste 200,64112,Kansas City,5
Aimee the Attorney,https://aimeetheattorney.com/,https://www.google.com/maps/place/?q=place_id:ChIJ0YCe8F3wwIcR6748DDt-Q4s,,Kansas City,MO,Jackson,(816) 471-1114,help@aimeetheattorney.com,DUI,606 W 39th St,64111,Kansas City,5
Alex Hodges Law Firm,https://alexhodgeslaw.com,,,Kansas City,MO,Jackson,(816) 995-8520,,General,3770 Broadway Blvd,64111,Kansas City,4
Alexander Law LLC,,,,Kansas City,MO,Jackson,(816) 892-0444,,General,3145 Broadway Blvd,64111,Kansas City,4
"Apex Injury Attorneys, LLC",https://www.apexinjuryattorneys.com/,https://www.google.com/maps/place/?q=place_id:ChIJMRgy2XjpwIcRYc-OduXcVVQ,,Kansas City,MO,Jackson,(816) 451-8100,Steve@apexinjuryattorneys.com,Personal Injury,9237 Ward Pkwy Suite 100B,64114,Kansas City,5
Aramjoo Law Firm,https://aramjoolawfirm.com,,,Kansas City,MO,Jackson,(816) 578-8229,,Personal Injury,1903 Wyandotte St Ste 10,64108,Kansas City,5
Armstrong Teasdale LLP,https://www.armstrongteasdale.com/office-locations/kansas-city-mo/,https://www.google.com/maps/place/?q=place_id:ChIJo8Epy2rwwIcR9n8Tbzp57S8,,Kansas City,MO,Jackson,(816) 221-3420,,Criminal Defense,2345 Grand Blvd Ste 1500,64108,Kansas City,5
Arthur Benson Law Firm,https://bensonlaw.com/quick.html,,,Kansas City,MO,Jackson,(816) 531-6565,,Civil Litigation,4006 Central St,64111,Kansas City,3
Ashcroft Law Firm,http://ashcroftgroupllc.com,,,Kansas City,MO,Jackson,(816) 285-7600,,General,1100 Main St,64105,Kansas City,4
Associates In Dispute Resolution,http://www.adrmediate.com/index.cfm,,,Kansas City,MO,Jackson,(816) 531-1001,,General,1600 Genessee St,64102,Kansas City,4
Austin F Shute,http://www.austinshute.com,,,Kansas City,MO,Jackson,(816) 966-0668,,General,3707 E 104th St,64137,Kansas City,4
Austin Living Trust Law Firm,http://www.austinlivingtrust.com,,,Kansas City,MO,Jackson,(816) 765-3900,,General,5904 E Bannister Rd,64134,Kansas City,4
BKTP Bankruptcy Law,http://kcbankruptcylawyer.com,,,Kansas City,MO,Jackson,(816) 246-9446,,Family Law,229 SE Douglas St #210B,64063,Kansas City,4
Baker Sterchi Cowden & Rice LLC,http://www.bakersterchi.com/,https://www.google.com/maps/place/?q=place_id:ChIJOUPvVBTwwIcROS86iafiRvs,,Kansas City,MO,Jackson,(816) 471-2121,benevides@bakersterchi.com,Personal Injury,2400 E Pershing Rd #500,64108,Kansas City,5
Bankruptcy Law Center,http://www.bankruptcylawkansascity.com,,,Kansas City,MO,Jackson,(816) 941-8973,,General,9229 Ward Pkwy Ste 260,64114,Kansas City,4
Barnes Law Firm,https://www.law4321.com/?npcmp=dir:local:1101672:64112,,,Kansas City,MO,Jackson,(816) 608-4065,,General,919 W 47th St,64112,Kansas City,4
Bates & Merryman Law Firm,https://www.bmmblaw.com/,https://www.google.com/maps/place/?q=place_id:ChIJLTnPretrw4MR99OHD2wTId0,,Kansas City,MO,Jackson,(816) 608-2570,mmerryman@bmmblaw.com;%20nbates@bmmblaw.com,Personal Injury,7132 Main St,64114,Kansas City,5
Bautista LeRoy LLC,https://www.bautistaleroy.com,,,Kansas City,MO,Jackson,(816) 221-0382,,Personal Injury,3770 Broadway Blvd,64111,Kansas City,5
Befort Law Firm,http://www.befortlawkc.com,,,Kansas City,MO,Jackson,(816) 569-6673,jeff@befortlawkc.com,Personal Injury,4035 Central St,64111,Kansas City,5
"Bell Law, LLC",https://bell-law-kc.com/consumer-protection-attorney-kansas-city/,https://www.google.com/maps/place/?q=place_id:ChIJb7gLAUHwwIcRK_oA2znR1D0,,Kansas City,MO,Jackson,(816) 886-8206,,Business Law,2600 Grand Blvd #580,64108,Kansas City,2
Belleview Law Firm,https://www.kansascitydivorcefirm.com/,https://www.google.com/maps/place/?q=place_id:ChIJp67k4rXvwIcR7dmQYaP8w_k,,Kansas City,MO,Jackson,(816) 875-0557,,Personal Injury,4700 Belleview Ave #404,64112,Kansas City,5
Benge Law Firm,http://www.bengelaw.net,,,Kansas City,MO,Jackson,(816) 581-3700,,General,900 Westport Rd,64111,Kansas City,4
Berkowitz Oliver Williams Shaw & Eisenbrandt LLP,http://www.berkowitzoliver.com/,https://www.google.com/maps/place/?q=place_id:ChIJOaHWkj3wwIcR06yEpPGynxU,,Kansas City,MO,Jackson,(816) 561-7007,,Civil Litigation,2600 Grand Blvd #1200,64108,Kansas City,3
Bill Kenney Law Firm,http://www.billkenneylaw.com,,,Kansas City,MO,Jackson,(816) 842-2455,,Personal Injury,1101 Walnut St Ste 102,64106,Kansas City,5
Blevins & Pietz,http://blevinsandpietz.com/index.html,,,Kansas City,MO,Jackson,(816) 478-6900,,General,4971 NE Goodview Cir,64064,Kansas City,4
"Bond Law Office, LLC",http://www.bondlawofficekc.com/,https://www.google.com/maps/place/?q=place_id:ChIJ__9PO2fwwIcR9tIxLqHmDy8,,Kansas City,MO,Jackson,(816) 945-8855,info@indiantypefoundry.com,Social Security Disability,2300 Main St Ste 900,64108,Kansas City,1
Bortnick & McKeon P.C.,http://www.kclegalservices.com,,,Kansas City,MO,Jackson,(816) 221-2470,,General,1222 McGee St,64106,Kansas City,4
Boulton Law Firm,http://www.boultonlaw.com,,,Kansas City,MO,Jackson,(816) 931-7500,jonathan@boultonlaw.com,Personal Injury,3700 Broadway Blvd Ste 350,64111,Kansas City,5
"Bower Law Firm, LLC",http://bowerlawfirm.com,,,Kansas City,MO,Jackson,(816) 506-6397,,General,210 SW Market St # 206,64063,Kansas City,4
Breyfogle Douglas B.,http://dougbreyfogle.com,,,Kansas City,MO,Jackson,(816) 285-6009,,General,4550 Belleview Ave,64111,Kansas City,4
Brian Tillema Law Office,,,,Kansas City,MO,Jackson,(816) 246-8500,,General,800 NE Vanderbilt Ln,64064,Kansas City,4
Brown & Crouppen,https://www.brownandcrouppen.com/kansas-city/?utm_source=google&utm_medium=organic&utm_campaign=gbp-kansascity,https://www.google.com/maps/place/?q=place_id:ChIJ70o38mrwwIcRNo5AfokXNm8,,Kansas City,MO,Jackson,(816) 662-7070,,Personal Injury,2345 Grand Blvd #675,64108,Kansas City,5
"Brown & James, P.C.",http://www.brownjames.com/,https://www.google.com/maps/place/?q=place_id:ChIJI8kr5V3wwIcRzYDo73CcLzA,,Kansas City,MO,Jackson,(816) 472-0800,bg-footer@2x.png,Personal Injury,2345 Grand Blvd #2100,64108,Kansas City,5
Brown Law Firm,http://www.brownlawfirm-llc.com,,,Kansas City,MO,Jackson,(816) 474-4114,,General,2405 Grand Blvd Ste 300,64108,Kansas City,4
"Burgess Law Firm, PC",https://www.burgesslawkc.com,,,Kansas City,MO,Jackson,(816) 471-1700,,Personal Injury,4310 Madison Ave,64111,Kansas City,5
By the Law,http://www.bythelawrehab.com,,,Kansas City,MO,Jackson,(816) 882-4894,,General,215 Garfield Ave,64124,Kansas City,4
C Anderson Law Office,http://cramerandersonlaw.com,,,Kansas City,MO,Jackson,(816) 607-7130,,General,113 SE Green St,64063,Kansas City,4
Campbell Law Firm,http://campbell-law-firm.com,,,Kansas City,MO,Jackson,(816) 221-7007,,General,1627 Main St,64108,Kansas City,4
"Canady Law Firm, LLC",http://www.canadylawkc.com/,https://www.google.com/maps/place/?q=place_id:ChIJRa7tuAPxwIcRkKiHOKg6e_I,,Kansas City,MO,Jackson,(816) 699-6307,info@canadylawkc.com,Personal Injury,406 W 34th St Suite 500,64111,Kansas City,5
Cannon Law,https://www.cannoninjurylaw.com/?npcmp=dir:local:5258687:64131,,,Kansas City,MO,Jackson,(816) 942-1000,,General,400 E Red Bridge Rd,64131,Kansas City,4
Cantor Injury Law,https://www.cantorinjurylaw.com/kansas-city-office,,,Kansas City,MO,Jackson,(816) 819-1339,,Personal Injury,111 W 10th St,64105,Kansas City,5
Carl W Bussey & Associates,,https://www.google.com/maps/place/?q=place_id:ChIJva_oe2bwwIcRsO2DoK-q5RY,,Kansas City,MO,Jackson,(816) 474-3440,,Criminal Defense,324 E 11th St Suite 1604,64106,Kansas City,5
Carter Law Offices,https://www.carterlaw.org/?npcmp=dir:local:2205492:64108,https://www.google.com/maps/place/?q=place_id:ChIJcbB58D3wwIcRPkpb6VFgW_Q,,Kansas City,MO,Jackson,(816) 283-3500,,Personal Injury,2600 Grand Blvd #560,64108,Kansas City,5
Case Linden Kurtz Buck PC,https://www.caselinden.com/?npcmp=dir:local:3357324:64108,https://www.google.com/maps/place/?q=place_id:ChIJswyacUDwwIcRKtycnynSVOo,,Kansas City,MO,Jackson,(816) 897-6548,,Personal Injury,2600 Grand Blvd Suite 300,64108,Kansas City,5
Cassandra Terhune Law Office,http://www.attorneyskc.com,,,Kansas City,MO,Jackson,(816) 524-7007,,General,108 SE Eastridge St,64063,Kansas City,4
Castle Law Office,http://castlelaw-kc.com/,https://www.google.com/maps/place/?q=place_id:ChIJswyacUDwwIcRdZ2h6Ng_2xk,,Kansas City,MO,Jackson,(816) 842-6200,,Personal Injury,811 Grand Blvd Ste 101,64106,Kansas City,5
Chionuma Law Firm - Accident & Injury Attorneys,https://www.chionuma.com/?utm_source=google&utm_medium=local&utm_campaign=gmb-kansascity,https://www.google.com/maps/place/?q=place_id:ChIJk5HpdV7wwIcRMIcokdzXg-w,,Kansas City,MO,Jackson,(816) 327-1761,,Personal Injury,406 W 34th St Ste 820,64111,Kansas City,5
Combs Waterkotte,https://www.combswaterkotte.com/locations/kansas-city-mo/,https://www.google.com/maps/place/?q=place_id:ChIJb93wCfrxwIcREPUyWvjFUqc,,Kansas City,MO,Jackson,(913) 772-7463,info@robersontool.com,Personal Injury,2300 Main St Ste 900,64108,Kansas City,5
"Complete Estate & Probate Law, LLC",http://www.completelawkc.com/,https://www.google.com/maps/place/?q=place_id:ChIJH48Cy9_pwIcRFdyKZNcOeVc,,Kansas City,MO,Jackson,(816) 601-1234,planning@completelawkc.com,Medical Malpractice,10401 Holmes Rd Ste 210,64101,Kansas City,5
"Consumer Law Center of Kansas City, LLC",http://www.pittmanlaw-kc.com,,,Kansas City,MO,Jackson,(816) 581-3900,,General,700 E 8th St Unit 300,64106,Kansas City,4
"Consumer Law KC, LLC",http://www.kcbankruptcylawfirm.com,,,Kansas City,MO,Jackson,(816) 434-7300,,General,1308 NE Windsor Dr,64086,Kansas City,4
Corley Law Firm,http://www.corleylawfirm.com,,,Kansas City,MO,Jackson,(816) 753-5556,,General,4010 Washington St,64111,Kansas City,4
Cox Law Firm,https://www.coxlaw.us/contact/,https://www.google.com/maps/place/?q=place_id:ChIJq6qa-SDpwIcRdEfm9-W4sWs,,Kansas City,MO,Jackson,(816) 897-7902,,Personal Injury,1609 W 92 St,64114,Kansas City,5
Credit Law Center,http://creditlawcenter.com,,,Kansas City,MO,Jackson,(800) 994-3070,,Intellectual Property,"255 Northwest Blue Parkway, Suite 200",64063,Kansas City,1
Criterion Law,http://www.criterionlc.com,,,Kansas City,MO,Jackson,(816) 897-0554,,Personal Injury,800 W 47th St,64112,Kansas City,5
"Crozier Law, LLC",http://www.crozierlaw.net/?utm_source=google-local&utm_medium=organic,https://www.google.com/maps/place/?q=place_id:ChIJdTKUcYvowIcRDpiTWoCsIqY,,Kansas City,MO,Jackson,(816) 695-5287,justin@crozierlaw.net,Criminal Defense,800 E 101st Terrace #350,64131,Kansas City,5
Curry Law Firm,http://www.brownandcurry.com,,,Kansas City,MO,Jackson,(816) 756-5458,,General,406 W 34th St Ste 810,64111,Kansas City,4
Cushing Law Office PC,,,,Kansas City,MO,Jackson,(816) 246-5297,,General,226 SE Douglas St,64063,Kansas City,4
"Cutter Law Firm, LLC",http://www.jlclaw.com,,,Kansas City,MO,Jackson,(816) 561-4144,,General,"3100 Broadway Blvd, Suite 600",64111,Kansas City,4
Cynthia M Dodge,http://cdodgelaw.com,,,Kansas City,MO,Jackson,(816) 686-2000,,General,233 SW Greenwich Dr,64082,Kansas City,4
DM Injury Law Kansas City,https://www.dmlawusa.com/?utm_source=GMB&utm_medium=organic&utm_campaign=kansascity,https://www.google.com/maps/place/?q=place_id:ChIJu3TTTcXvwIcRnA0ICXy305w,,Kansas City,MO,Jackson,(816) 323-5259,contact@dmlawusa.com,Personal Injury,4600 Madison Ave Suite 1200,64112,Kansas City,5
Daniel C. Miller Attorney,http://www.danmillerlawoffice.com,,,Kansas City,MO,Jackson,(816) 875-0470,,General,618 SE 4th St,64063,Kansas City,4
Daniels Law Firm PC,,,,Kansas City,MO,Jackson,(816) 472-5300,,General,1125 Grand Blvd,64106,Kansas City,4
David Rosenberg Law,http://mayerrosenberg.com,,,Kansas City,MO,Jackson,(816) 510-6757,,General,9229 Ward Pkwy,64114,Kansas City,4
Davis Attorneys,http://www.davisattorneyskc.com/,https://www.google.com/maps/place/?q=place_id:ChIJexDOnW3vwIcRSPHNmD5JSKE,,Kansas City,MO,Jackson,(816) 531-1330,contact@davisattorneyskc.com,Personal Injury,629 E Meyer Blvd,64131,Kansas City,5
Davis George Mook LLC,https://davisgeorge.com/areas-of-practice/,https://www.google.com/maps/place/?q=place_id:ChIJU0eXnrLxwIcRUKEv9jajaJA,,Kansas City,MO,Jackson,(816) 569-2629,info@dgmlawyers.com,Employment Law,1600 Genessee St #328,64102,Kansas City,3
"Davis, Bethune & Jones LLC.",http://www.dbjlaw.net/,https://www.google.com/maps/place/?q=place_id:ChIJ0YCe8F3wwIcR4YUEb9Se08w,,Kansas City,MO,Jackson,(816) 421-1600,info@dbjlaw.net,Personal Injury,1100 Main St #2930,64105,Kansas City,5
DeVaughn James Injury Lawyers,https://www.devaughnjames.com/locations/kansas-city/kansas-city-personal-injury-attorney/,https://www.google.com/maps/place/?q=place_id:ChIJH_KCaHzpwIcR3Ug36POG1wY,,Kansas City,MO,Jackson,(816) 999-9999,,Personal Injury,10450 Holmes Rd Ste 110,64101,Kansas City,5
Denker Law Firm,http://www.denkerlawfirm.com,,,Kansas City,MO,Jackson,(816) 434-6610,,Estate Planning,229 SE Douglas St Ste 210,64063,Kansas City,2
Denlow & Henry,https://www.denlow.com,,,Kansas City,MO,Jackson,(816) 472-5252,pghenry@henrymeuret.com,Social Security Disability,4700 Belleview Ave Ste 215,64112,Kansas City,1
Devkota Law Firm,https://devkotalawfirm.com/?utm_source=google&utm_medium=businessprofile&utm_campaign=googlemaps,https://www.google.com/maps/place/?q=place_id:ChIJtSdIxNrvwIcRrJsI6RAFzXk,,Kansas City,MO,Jackson,(816) 451-0618,,Personal Injury,4010 Washington St Suite 350,64111,Kansas City,5
Dickerson Oxton,http://www.dickersonoxton.com,,,Kansas City,MO,Jackson,(816) 268-1960,,General,1200 Main St Ste 2120,64105,Kansas City,4
Dodig Law Firm,http://www.dodiglaw.com,,,Kansas City,MO,Jackson,(816) 554-1599,dodig@dodiglaw.com,Employment Law,300 SW Main St,64063,Kansas City,3
"Dollar, Burns, Becker & Hershewe",https://dollar-law.com/?utm_source=google&utm_medium=organic&utm_campaign=gmblisting,https://www.google.com/maps/place/?q=place_id:ChIJI8kr5V3wwIcRZ2bm23QqYVw,,Kansas City,MO,Jackson,(816) 876-2600,,Personal Injury,1100 Main St Suite 2600,64105,Kansas City,5
Donald E Maxwell,https://www.donmaxwelllaw.com,,,Kansas City,MO,Jackson,(816) 421-2021,dmaxwell@donmaxwelllaw.com,Estate Planning,4700 Belleview Ave,64112,Kansas City,2
Edelman & Thompson Law Firm,https://edelmanthompson.com/kansas-city-personal-injury-lawyers/,https://www.google.com/maps/place/?q=place_id:ChIJ12yiNSTwwIcRw2jFLUggZKM,,Kansas City,MO,Jackson,(816) 561-3400,estrautman@etkclaw.com,Personal Injury,4520 Main St # 500,64111,Kansas City,5
"Edelman, Liesen & Myers Law Firm",http://www.elmlawkc.com,,,Kansas City,MO,Jackson,(816) 607-1529,kmyers@elmlawkc.com,Employment Law,208 W Linwood Blvd,64111,Kansas City,3
Edgar Law Firm,https://www.edgarlawfirm.com/?npcmp=dir:local:3394828:64105,,,Kansas City,MO,Jackson,(816) 399-5158,,Personal Injury,1032 Pennsylvania Ave,64108,Kansas City,5
Employee Rights Law Firm,https://www.employeerightslawfirm.com/,https://www.google.com/maps/place/?q=place_id:ChIJexy0mrLxwIcRDvw8W3bkZ6A,,Kansas City,MO,Jackson,(816) 474-4600,christie.jess@employeerightslawfirm.com,Personal Injury,1600 Genessee St,64102,Kansas City,5
"Eslinger Law Firm, LLC",https://www.eslingerlawfirm.com,,,Kansas City,MO,Jackson,(816) 259-5226,,Personal Injury,2517 Jefferson St,64108,Kansas City,5
"Evans & Dixon, LLC",https://www.evans-dixon.com/kansas-city-office.aspx,https://www.google.com/maps/place/?q=place_id:ChIJ0YCe8F3wwIcRGm-O1OGOhFU,,Kansas City,MO,Jackson,(816) 472-4600,contact@evans-dixon.com,Family Law,,64105,Kansas City,4
Family First Law LLC,http://www.familyfirstlawkc.com/,https://www.google.com/maps/place/?q=place_id:ChIJKcs01WDwwIcRPEfd0VOVL4g,,Kansas City,MO,Jackson,(816) 701-9221,office@ffl-kc.com,Intellectual Property,1600 Genessee St Ste 635,64102,Kansas City,1
"Fields & Brown, LLC",http://www.fieldsandbrown.com/,https://www.google.com/maps/place/?q=place_id:ChIJ0YCe8F3wwIcRgtrSYCATeWA,,Kansas City,MO,Jackson,(816) 474-1700,cbrown@fieldsandbrown.com,Social Security Disability,1100 Main St #1600,64105,Kansas City,1
Fisher Law LLC,https://www.fisherlawkc.com/,https://www.google.com/maps/place/?q=place_id:ChIJ7WpnM1nwwIcRD9KoHRwjSzM,,Kansas City,MO,Jackson,(816) 471-7008,,Family Law,4505 Madison Ave STE 100,64111,Kansas City,4
Fitzgerald Edward,,,,Kansas City,MO,Jackson,(816) 523-3922,,General,619 W 116th St,64114,Kansas City,4
"Fletcher Law Office, LLC",https://www.fletcherlawusa.com/kansas-city-car-accident-lawyer/,https://www.google.com/maps/place/?q=place_id:ChIJf1C12r_vwIcRH_IBQzCiReY,,Kansas City,MO,Jackson,(816) 631-2868,,Personal Injury,751 E 63rd St Suite #430,64110,Kansas City,5
Flick Law Firm - Car & Truck Accident Attorney,http://www.flicklawfirm.com,,,Kansas City,MO,Jackson,(816) 221-0501,contact@flicktruckaccidentlaw.com,Personal Injury,107 W 9th St # 216,64105,Kansas City,5
Foster Wallace Personal Injury Lawyers,http://fosterwallace.com/?utm_source=google&utm_medium=organic&utm_campaign=gbp-listing-kansas-city,https://www.google.com/maps/place/?q=place_id:ChIJL0_P9wnvwIcRMets3xggv_I,,Kansas City,MO,Jackson,(816) 408-3466,,Personal Injury,4700 Belleview Ave Ste 304,64112,Kansas City,5
Franke Schultz & Mullen,https://www.fsmlawfirm.com/,https://www.google.com/maps/place/?q=place_id:ChIJ_eZeGifpwIcRakB0fkknNTE,,Kansas City,MO,Jackson,(816) 421-7100,bsylwester@fsmlawfirm.com,Personal Injury,8900 Ward Pkwy #200,64114,Kansas City,5
"Fulcher & Schultz, LLC",http://www.gallas-schultz.com,,,Kansas City,MO,Jackson,(816) 822-8100,,General,9140 Ward Pkwy Ste 200,64114,Kansas City,4
G. Gray Law,http://www.ggraylaw.org,,,Kansas City,MO,Jackson,(816) 888-3145,ggraylaw@outlook.com,Personal Injury,104 W 9th St,64105,Kansas City,5
Garrett Law KC,http://www.garrettlawkc.com,,,Kansas City,MO,Jackson,(816) 523-1183,jeff@garrettlawkc.com,Personal Injury,222 W Gregory Blvd Ste 325,64114,Kansas City,5
Gillis John B,http://johngilliskc.com,,,Kansas City,MO,Jackson,(816) 474-0179,,Estate Planning,222 W Gregory Blvd Ste 238,64114,Kansas City,2
Grass Pad Lee's Summit,http://www.GrassPad.com,,,Kansas City,MO,Jackson,(816) 525-8885,,Social Security Disability,1711 NE Rice Rd,64086,Kansas City,1
"Gregory Leyh, P.C.",http://www.leyhlaw.com/,https://www.google.com/maps/place/?q=place_id:ChIJL5cAuOb3wIcRmwWi18vPwhc,,Kansas City,MO,Jackson,(816) 283-3380,anapbm@gmail.com,Civil Litigation,1600 Genessee St,64102,Kansas City,3
Griggs Injury Law,http://www.griggsinjurylaw.com,,,Kansas City,MO,Jackson,(816) 474-0202,chosen-sprite@2x.png,Personal Injury,800 W 47th St Ste 705,64112,Kansas City,5
"Grissom Miller Law Firm, LLC",http://www.grissommiller.com/,https://www.google.com/maps/place/?q=place_id:ChIJR_C2hwfxwIcRkTBFsh2xa8w,,Kansas City,MO,Jackson,(816) 336-1213,Info@GrissomMiller.com,Personal Injury,1600 Genessee St # 460,64102,Kansas City,5
Grover Law Firm,https://groverlawkc.com,,,Kansas City,MO,Jackson,(913) 766-2330,,Personal Injury,221 E 11th St,64106,Kansas City,5
Gunther John Attorney At Law,,,,Kansas City,MO,Jackson,(816) 246-7343,,General,229 NW Blue Pkwy,64063,Kansas City,4
HKM Employment Attorneys LLP,https://hkm.com/kansascity/?utm_source=gbp&utm_medium=organic&utm_campaign=website&utm_term=kansas+city,https://www.google.com/maps/place/?q=place_id:ChIJ2WqexsDvwIcRrWz2cvdK6rg,,Kansas City,MO,Jackson,(816) 607-4691,,Sexual Assault,1600 Genessee St Suite 754,64102,Kansas City,4
Hague Law Blog,https://www.haguelawblog.com,,,Kansas City,MO,Jackson,(816) 200-1383,hlb@vikinglaw.us,Personal Injury,6525 Charlotte St,64131,Kansas City,5
Hardy Law Firm,http://www.kcattorneyonline.com,,,Kansas City,MO,Jackson,(913) 667-9625,,General,4218 Roanoke Rd,64111,Kansas City,4
Hartmann Law Office LLC,http://www.hlawkc.com/,https://www.google.com/maps/place/?q=place_id:ChIJYeaVDrbvwIcRnuZ1gZ7Kw6g,,Kansas City,MO,Jackson,(816) 599-6638,,Estate Planning,2029 Wyandotte St # 100,64108,Kansas City,2
Heartland Law,http://www.heartlandlawyer.com,,,Kansas City,MO,Jackson,(816) 842-6700,,Personal Injury,,64106,Kansas City,5
"Herrin Law Firm, LLC",,https://www.google.com/maps/place/?q=place_id:ChIJQYaiBsXpwIcR_s4PHkPWr4A,,Kansas City,MO,Jackson,(816) 537-1199,,Family Law,1600 Genessee St Suite 607,64102,Kansas City,4
Hilty Law Firm LLC,http://hilty-law.com/,https://www.google.com/maps/place/?q=place_id:ChIJL4K6_wrpwIcRTBVLgjtH3f4,,Kansas City,MO,Jackson,(660) 351-2865,,General,800 E 101st Terrace #350,64131,Kansas City,4
Hubbard & Kurtz LLP,http://www.mokanlaw.com/,https://www.google.com/maps/place/?q=place_id:ChIJewoZ0WnwwIcR2vt_BQfEmuU,,Kansas City,MO,Jackson,(816) 472-4673,dmclaughlin@mokanlaw.com,Personal Injury,1718 Walnut St,64108,Kansas City,5
Hursh & Young LC,http://www.hurshyounglaw.com,,,Kansas City,MO,Jackson,(816) 822-1400,,General,405 W 89th St,64114,Kansas City,4
Husch Blackwell,https://www.huschblackwell.com/offices/kansascity_mo,https://www.google.com/maps/place/?q=place_id:ChIJyxdKvb7vwIcRoXeH6Bxyr5I,,Kansas City,MO,Jackson,(816) 983-8000,,Family Law,4801 Main St #1000,64112,Kansas City,4
IRS Tax Settlement Attorneys,http://www.tax-defense-network.com,,,Kansas City,MO,Jackson,(816) 581-0487,info@taxdefensenetwork.com,Social Security Disability,2300 Main St Ste 136,64108,Kansas City,1
Injury Law Associates,https://www.injurylaw-kc.com/,https://www.google.com/maps/place/?q=place_id:ChIJASJ9r2_vwIcRosy_cjW6OQQ,,Kansas City,MO,Jackson,(816) 866-7711,,Personal Injury,701 E 63rd St Fl 3,64110,Kansas City,5
Irvin Tax Lawyers of KC,,,,Kansas City,MO,Jackson,(816) 581-0537,,General,8700 E 63rd St #3,64133,Kansas City,4
JPLaw Criminal Defense Attorney,https://johnpicerno.com/?utm_source=google-local&utm_medium=organic&utm_campaign=3925,https://www.google.com/maps/place/?q=place_id:ChIJva_oe2bwwIcRXTorHYdBmEY,,Kansas City,MO,Jackson,(816) 471-3330,jplaw@johnpicerno.com,Personal Injury,2526 Holmes St,64108,Kansas City,5
Jackoboice Law Firm,http://www.jackoboicelaw.com,,,Kansas City,MO,Jackson,(816) 756-0080,,Family Law,4505 Madison Ave,64111,Kansas City,4
James E Martin,http://www.lojemkc.com,,,Kansas City,MO,Jackson,(816) 931-7797,,General,1600 Genessee St,64102,Kansas City,4
Jane L. Williams,http://www.jlwlawfirm.com,,,Kansas City,MO,Jackson,(816) 249-2122,jane@jlwlawfirm.com,Estate Planning,1441 E 104th St Ste 100,64131,Kansas City,2
"Janeece L. Dent-Bennett, P.C. Attorney At Law",,,,Kansas City,MO,Jackson,(816) 524-0007,,General,704 SE 3rd St,64063,Kansas City,4
Jeffrey Carey - BKTP Law Firm,https://www.careypersonalinjury.com,,,Kansas City,MO,Jackson,(816) 246-9445,,Personal Injury,229 SE Douglas St Ste 210,64063,Kansas City,5
Jenkins Law Firm,http://www.jenkinslawfirmofkc.com,,,Kansas City,MO,Jackson,(816) 268-1038,,General,4310 Madison Ave,64111,Kansas City,4
Johnson Deborah S,http://deborahsjohnsonesq.com,,,Kansas City,MO,Jackson,(816) 943-0100,,Social Security Disability,9923 State Line Rd,64114,Kansas City,1
"Johnston Law Firm, LLC",https://johnstonlawkc.com,,,Kansas City,MO,Jackson,(816) 787-0310,,Criminal Defense,811 Grand Blvd #101 Ste A,64106,Kansas City,5
"Joseph, Hollander & Craft LLC",https://josephhollander.com/kansas-city/?utm_source=google&utm_medium=organic&utm_campaign=gbp-listing,https://www.google.com/maps/place/?q=place_id:ChIJ2fDzKqrxwIcRI9-uJZLN304,,Kansas City,MO,Jackson,(816) 296-9191,,Personal Injury,926 Cherry St,64106,Kansas City,5
Joy J Michael Attorney,http://juris99.com,,,Kansas City,MO,Jackson,(816) 246-7600,,Criminal Defense,740 NW Blue Pkwy,64086,Kansas City,5
Jungle Law,https://www.junglelaw.com/,https://www.google.com/maps/place/?q=place_id:ChIJl1PFcUDwwIcR8H6cOMdo9Dg,,Kansas City,MO,Jackson,(816) 816-9111,18d2f96d279149989b95faf0a4b41882@sentry-next.wixpress.com,Personal Injury,,64108,Kansas City,5
"KC Defenders, LLC",http://kcdefenders.com/,https://www.google.com/maps/place/?q=place_id:ChIJI1AR6fTwwIcR3Vl-nLFUWJ0,,Kansas City,MO,Jackson,(816) 573-2523,info@kcdefenders.com,Criminal Defense,2750 Cherry St Ste. 102,64108,Kansas City,5
KC Defense Counsel,https://kcdefensecounsel.com/,https://www.google.com/maps/place/?q=place_id:ChIJv5phveb3wIcRS8bMGzi5G9A,,Kansas City,MO,Jackson,(816) 287-3787,,Personal Injury,2300 Main St Ste 900,64108,Kansas City,5
Kane Law Office,http://www.bkanelaw.com/,https://www.google.com/maps/place/?q=place_id:ChIJtab2sljwwIcRjS-KiRX17qA,,Kansas City,MO,Jackson,(816) 229-2708,brandon@bkanelaw.com,Criminal Defense,1100 Main St Suite 2820,64105,Kansas City,5
Kansas City Accident Injury Attorneys,https://www.kansascityaccidentinjuryattorneys.com/,https://www.google.com/maps/place/?q=place_id:ChIJcdfsLWfwwIcRN1xIIXh3yZw,,Kansas City,MO,Jackson,(816) 441-4228,,Personal Injury,510 Walnut St suite 100,64106,Kansas City,5
Kansas City Divorce Attorney,http://kansascitydivorceattorney.org,,,Kansas City,MO,Jackson,(816) 974-0223,,General,506 Grand Blvd,64106,Kansas City,4
Karon D Ramsey Law Office,,https://www.google.com/maps/place/?q=place_id:ChIJL1dfE2_vwIcRIxV7lV4Ci-U,,Kansas City,MO,Jackson,(816) 333-1414,,Criminal Defense,1115 E 65th St,64131,Kansas City,5
"Keenan & Bhatia, LLC",https://keenanbhatia.com/,https://www.google.com/maps/place/?q=place_id:ChIJWX-h64rwwIcRemQs9VfhS54,,Kansas City,MO,Jackson,(816) 809-2100,hello@rfuenzalida.com,Workers' Compensation,4600 Madison Ave,64112,Kansas City,5
Kendall Law Group | Personal Injury Lawyer,https://www.kendallinjurylaw.com/?utm_source=google-local&utm_medium=organic&utm_campaign=2008,https://www.google.com/maps/place/?q=place_id:ChIJqWuoN2TxwIcR-dufCHvX2GU,,Kansas City,MO,Jackson,(816) 793-6739,,Personal Injury,117 W 20th St #201,64108,Kansas City,5
Kentner Law LLC,https://www.kentnerlaw.com/,https://www.google.com/maps/place/?q=place_id:ChIJOXlTfRp5pYsRDoRYuFA2AbM,,Kansas City,MO,Jackson,(573) 708-7870,jace@kentnerlaw.com,Personal Injury,107 W 9th St 2nd Fl #0449,64105,Kansas City,5
Kentner Wyatt LLC,,,,Kansas City,MO,Jackson,(816) 527-0010,,General,435 Nichols Rd Ste 200,64112,Kansas City,4
Kevin Hoop Law Offices,https://www.kevinhooplaw.com/,https://www.google.com/maps/place/?q=place_id:ChIJjW-3Cd7owIcR_BU74lcYw1s,,Kansas City,MO,Jackson,(816) 523-4667,khoop@kevinhooplaw.com,Family Law,9229 Ward Pkwy #370,64114,Kansas City,4
Kevin McManus Law,https://www.kevinmcmanuslaw.com/?utm_source=google&utm_medium=organic&utm_campaign=gbp-listing-kansas-city,https://www.google.com/maps/place/?q=place_id:ChIJu3ArXw7xwIcRVHBomZVGVEI,,Kansas City,MO,Jackson,(816) 441-4495,,Personal Injury,1100 Main St #2300,64105,Kansas City,5
"Kevin Puckett Attorney at Law, LLC",https://www.kevinpuckett.attorney/,https://www.google.com/maps/place/?q=place_id:ChIJeclhvIHvwIcRfTNX4jsaRkA,https://lawyers.justia.com/lawyer/kevin-w-puckett-1531621,Kansas City,MO,Jackson,(816) 384-1640,,Family Law,4700 Belleview Ave Suite 100C,64112,Kansas City,4
King Roy Jr,,,,Kansas City,MO,Jackson,(816) 333-0220,,General,1734 E 63rd St Ste 512,64110,Kansas City,4
Kivett Amanda - The Norris Law Firm,http://www.kivettlaw.com/,https://www.google.com/maps/place/?q=place_id:ChIJly29tqvpwIcRyoxOBq2a6m0,,Kansas City,MO,Jackson,(816) 942-1900,amanda@kivettlaw.com,Family Law,1600 Genessee St Ste 635,64102,Kansas City,4
Klein Mark J,http://www.kleinfranchiselaw.com,,,Kansas City,MO,Jackson,(816) 822-1495,,General,8301 State Line Rd,64114,Kansas City,4
Klenofsky & Steward,https://www.powerinjurylaw.com/,https://www.google.com/maps/place/?q=place_id:ChIJ4QRkM1nwwIcRGseCxQsqC2A,,Kansas City,MO,Jackson,(816) 441-5494,info@powerinjurylaw.com/,Personal Injury,4505 Madison Ave #210,64111,Kansas City,5
Klenofsky Law Firm,,,,Kansas City,MO,Jackson,(816) 865-5700,,General,4310 Madison Ave,64111,Kansas City,4
Kopit Law Firm,https://www.kopitlaw.com/,https://www.google.com/maps/place/?q=place_id:ChIJv_cfIctMWgoRSECSLCzc7QY,,Kansas City,MO,Jackson,(816) 878-4400,michael@kopitlaw.com,Personal Injury,,64131,Kansas City,5
Kotlyarov Law Group,http://www.disabilitylawkc.com,,,Kansas City,MO,Jackson,(913) 725-0735,,General,107 W 9th St Ste 318,64105,Kansas City,4
Krause & Kinsman Law Firm,https://krauseandkinsman.com/?utm_source=GMBlisting&utm_medium=organic,https://www.google.com/maps/place/?q=place_id:ChIJB2nHNbHwwIcRCCZP0VToLwI,,Kansas City,MO,Jackson,(816) 200-2900,,Bankruptcy,4717 Grand Ave # 300,64112,Kansas City,2
Krause Law LLC,,,,Kansas City,MO,Jackson,(816) 735-0222,,General,1600 Genessee St Ste 460,64102,Kansas City,4
Krigel & Krigel,https://knmlaw.com/,https://www.google.com/maps/place/?q=place_id:ChIJKfYoJMrvwIcRsKdpb_Q4jxo,,Kansas City,MO,Jackson,(816) 756-5800,careers@knmlaw.com,Personal Injury,4520 Main St #700,64111,Kansas City,5
LG Law LLC,https://www.lglawllc.com/?npcmp=dir:local:4661533:64102,https://www.google.com/maps/place/?q=place_id:ChIJexy0mrLxwIcRQkH1PC8kA9o,,Kansas City,MO,Jackson,(816) 442-7002,lewis@lglawllc.com,Employment Law,1600 Genessee St #918,64102,Kansas City,3
LLC Gomez Law,,,,Kansas City,MO,Jackson,(816) 806-5131,,General,233 SW Greenwich Dr,64082,Kansas City,4
"Langley Law, LLC",https://berkowitz-cook.com/our-firm/jessica-r-langley/,https://www.google.com/maps/place/?q=place_id:ChIJeRV9kfDpwIcRFVEmGjHyRKE,,Kansas City,MO,Jackson,(816) 753-5000,,Family Law,9229 Ward Pkwy #370,64114,Kansas City,4
Lasalle James Of Office Law,,,,Kansas City,MO,Jackson,(816) 842-4343,,General,6314 Brookside Plz,64113,Kansas City,4
Law Firm,http://www.kansascitypersonalinjurylawfirm.com,,,Kansas City,MO,Jackson,(816) 470-0255,,Personal Injury,2600 Grand Blvd,64108,Kansas City,5
Law Firm of Roderick E Smith,,https://www.google.com/maps/place/?q=place_id:ChIJZZSn3t3lwIcRgZ3M05UMC8o,,Kansas City,MO,Jackson,(816) 898-4226,,Criminal Defense,3331 Woodland Ave,64109,Kansas City,5
"Law Office Of Daniel E. Stuart, P.A.",https://stuartlaw.net/,https://www.google.com/maps/place/?q=place_id:ChIJ2c_gYrv7wIcR5uAc59F1aR4,,Kansas City,MO,Jackson,(816) 688-8957,dan@stuartlaw.net,Personal Injury,2400 E Truman Rd suite 250,64127,Kansas City,5
Law Office Of Jessica Piedra,https://www.jpiedralaw.com/home,https://www.google.com/maps/place/?q=place_id:ChIJQ29m2zfwwIcRkKZ3flywHHs,,Kansas City,MO,Jackson,(816) 895-6363,info@jpiedralaw.com,Social Security Disability,,64105,Kansas City,1
Law Office Of Ronald K Barker,,,,Kansas City,MO,Jackson,(816) 246-7650,,General,211 suite J nw executive way,64063,Kansas City,4
Law Office of B. Jerome Wheeler,,,,Kansas City,MO,Jackson,(816) 806-6060,,General,5609 Wornall Rd,64113,Kansas City,4
Law Office of Eric Todd Ree,https://etrlawoffice.com/,https://www.google.com/maps/place/?q=place_id:ChIJc9tP7fDxwIcRMWWCfVfnef8,,Kansas City,MO,Jackson,(816) 807-0072,eric@etrlawoffice.com,Criminal Defense,50 E 13th St,64106,Kansas City,5
"Law Office of Jason Norbury, PC",http://www.norburylaw.com,,,Kansas City,MO,Jackson,(816) 272-5544,,General,230 SW Main St Ste 210,64063,Kansas City,4
Law Office of Jennifer Dodson,http://www.jdodsonlaw.com,,,Kansas City,MO,Jackson,(816) 977-2763,info@inductosense.com,DUI,435 Nichols Rd Ste 200,64112,Kansas City,5
"Law Office of Jill Turner, LLC",http://jillturnerlaw.com,,,Kansas City,MO,Jackson,(816) 804-7496,jillturnerlaw@gmail.com,Criminal Defense,104 W 9th St Ste 404,64105,Kansas City,5
"Law Office of Paul Samuel Franco, LLC",https://pfranco1.wixsite.com/website,,,Kansas City,MO,Jackson,(816) 920-6613,pfranco1@att.net,Social Security Disability,4519 Independence Ave,64124,Kansas City,1
Law Office of R. Brent Hankins P.C.,https://www.brenthankins.com/?utm_source=google-local&utm_medium=organic,https://www.google.com/maps/place/?q=place_id:ChIJ7XMRL2fwwIcRV21pqFoeCsc,,Kansas City,MO,Jackson,(816) 471-8419,brent@hankinslaw-pc.com,Personal Injury,117 W 20th St #201,64108,Kansas City,5
Law Office of Stephen W. Lynn,http://www.swlynnlaw.com,,,Kansas City,MO,Jackson,(816) 931-0760,,General,800 W 47th St Ste 301,64112,Kansas City,4
"Law Office of Talia Ravis, PA",http://www.erisakc.com,,,Kansas City,MO,Jackson,(816) 333-8955,talia@erisakc.com,Social Security Disability,9229 Ward Pkwy,64114,Kansas City,1
Law Office of Tom Ryan,,,,Kansas City,MO,Jackson,(816) 525-6200,,General,,64063,Kansas City,4
Law Office of Will M. Helixon,http://www.helixongroup.com,,,Kansas City,MO,Jackson,(913) 839-9762,info@helixongroup.com,Criminal Defense,435 Nichols Rd Ste 200,64112,Kansas City,5
Law Offices of Edward A Stump,https://stumpkcinjurylaw.com,,,Kansas City,MO,Jackson,(816) 214-5810,law.offices.edstump@gmail.com,Personal Injury,204 W Linwood Blvd,64111,Kansas City,5
"Law Offices of Leslie Lawson, LLC",http://www.leslielawson.com,https://www.google.com/maps/place/?q=place_id:ChIJly29tqvpwIcRzygcb3ewzTY,,Kansas City,MO,Jackson,(816) 524-3838,,General,9001 State Line Rd #220,64114,Kansas City,4
Law Offices of Nick A. Cutrera,,,,Kansas City,MO,Jackson,(816) 525-5226,,General,212 NE Tudor Rd,64086,Kansas City,4
"Law Offices of Richard D. Vandever, LLC",https://vandeverlawfirm.com/?utm_source=google-local&utm_medium=organic&utm_campaign=3044,https://www.google.com/maps/place/?q=place_id:ChIJ12yiNSTwwIcRNm2sF2PFrGM,,Kansas City,MO,Jackson,(816) 444-4994,,Personal Injury,800 E 101st Terrace #350,64131,Kansas City,5
Law Tigers Motorcycle Injury Lawyers - Kansas City,https://www.lawtigers.com,,,Kansas City,MO,Jackson,(816) 670-3230,,Personal Injury,605 West 47th Street,64112,Kansas City,5
Lawson Law Center,http://www.llckc.com,,,Kansas City,MO,Jackson,(816) 802-6677,kyle.godon@beamlocal.com,Social Security Disability,1600 Genessee St,64102,Kansas City,1
Legal Aid of Western Missouri,http://www.lawmo.org/,https://www.google.com/maps/place/?q=place_id:ChIJ7XMRL2fwwIcRNQZ5HDBe7zo,,Kansas City,MO,Jackson,(816) 474-6750,,General,4001 Dr. Martin Luther King Jr. Blvd #300,64130,Kansas City,4
Levy Craig Law Firm,http://levycraig.com,,,Kansas City,MO,Jackson,(816) 460-1825,,Family Law,1301 Oak St,64106,Kansas City,4
"Lewis Brisbois Bisgaard & Smith, LLP",http://www.lewisbrisbois.com/,https://www.google.com/maps/place/?q=place_id:ChIJ3RO6SNnvwIcRplEFlS6SI0E,,Kansas City,MO,Jackson,(816) 299-4244,,Business Law,4600 Madison Ave #700,64112,Kansas City,2
"Lewis Law Office, PC",,,,Kansas City,MO,Jackson,(816) 875-4516,,General,700 E Langsford Rd,64063,Kansas City,4
Lewis Rice,https://www.lewisrice.com/,https://www.google.com/maps/place/?q=place_id:ChIJBdKiumDwwIcRWsbpZc7Bngs,,Kansas City,MO,Jackson,(816) 421-2500,,General,1010 Walnut St # 500,64106,Kansas City,4
Linda F Dycus Law Office,,https://www.google.com/maps/place/?q=place_id:ChIJ26foVCvowIcRSn3JQ7zvVRY,,Kansas City,MO,Jackson,(816) 942-5400,,Criminal Defense,12500 Summit St,64101,Kansas City,5
Ludeman Law Firm,http://www.ludemanlaw.com,,,Kansas City,MO,Jackson,(816) 984-1677,info@ludemanlaw.com,Social Security Disability,700 E 8th St,64106,Kansas City,1
MABLAW- KC,,,,Kansas City,MO,Jackson,(816) 499-8800,,General,1100 Main St #1650,64105,Kansas City,4
MP Law,http://mplawkc.com,,,Kansas City,MO,Jackson,(816) 282-6064,,General,8080 Ward Pkwy,64114,Kansas City,4
Mann Law Firm P.A.,https://mannlawfirmkc.com,,,Kansas City,MO,Jackson,(913) 730-6266,,General,1821 Wyandotte St Ste 200,64108,Kansas City,4
"Mark A. Wortman, Attorney at Law, LC",https://www.mwortmanlaw.com/,https://www.google.com/maps/place/?q=place_id:ChIJjW-3Cd7owIcResHDginJ678,,Kansas City,MO,Jackson,(816) 523-6100,info@mwortmanlaw.com,Family Law,9229 Ward Pkwy #255,64114,Kansas City,4
Martin M Gorin Law Office,http://www.mgorinlaw.com,https://www.google.com/maps/place/?q=place_id:ChIJhzuubh7wwIcRbXlc9xq32Ao,,Kansas City,MO,Jackson,(816) 753-3444,,General,3261 Gillham Plaza,64109,Kansas City,4
"Martin, Pringle, Oliver, Wallace & Bauer, L.L.P.",http://www.martinpringle.com,https://www.google.com/maps/place/?q=place_id:ChIJvzVL4bXvwIcRE-FMHv42tAM,,Kansas City,MO,Jackson,(816) 753-6006,,Personal Injury,300 E 39th St Suite LL1,64111,Kansas City,5
Martinez Law Firm,http://www.martinezlaw.net,,,Kansas City,MO,Jackson,(816) 221-9967,,General,215 W 18th St,64108,Kansas City,4
Mashburn Law Office,http://mashburnpatentlaw.com,,,Kansas City,MO,Jackson,(816) 525-2233,,General,800 NE Vanderbilt Ln,64064,Kansas City,4
"Master Tax Relief | Tax Attorneys, Tax Debt Settlement, Free Consultation",https://resolveyourtaxesnow.com/,https://www.google.com/maps/place/?q=place_id:ChIJG4-716vpwIcRDuJ68QSDpCw,,Kansas City,MO,Jackson,(913) 392-5954,,Social Security Disability,800 E 101st Terrace #350,64131,Kansas City,1
Mauer Law Firm,http://www.mauerlawfirm.com/,https://www.google.com/maps/place/?q=place_id:ChIJ0YCe8F3wwIcRbReT1QXvbUE,,Kansas City,MO,Jackson,(816) 759-3300,,Criminal Defense,1100 Main St #2100,64105,Kansas City,5
McCambridge Law,http://www.mccambridgelaw.com,,,Kansas City,MO,Jackson,(816) 389-8345,,General,1308 NE Windsor Dr,64086,Kansas City,4
McCausland Barrett & Bartalos,http://harrismccausland.com,,,Kansas City,MO,Jackson,(816) 523-3000,,General,9233 Ward Pkwy #270,64114,Kansas City,4
McDowell Rice Smith & Buchanan PC,https://mcdowellrice.com/,https://www.google.com/maps/place/?q=place_id:ChIJeW_J9bfvwIcRfUmLdSQBPUQ,,Kansas City,MO,Jackson,(816) 753-5400,info@mcdowellrice.com,Personal Injury,605 W 47th St #350,64112,Kansas City,5
McKinney Law Group LLC,https://www.chrisbmckinney.com/,https://www.google.com/maps/place/?q=place_id:ChIJv5y49c7vwIcR1uZP6cDTX7I,,Kansas City,MO,Jackson,(816) 416-7021,info@chrisbmckinney.com,DUI,601 E 63rd St Suite 448,64110,Kansas City,5
McNamara Kathleen Attorney-At-Law,,,,Kansas City,MO,Jackson,(816) 523-0600,,General,1441 E 104th St,64131,Kansas City,4
"McShane & Brady, LLC",http://www.mcshanebradylaw.com/,https://www.google.com/maps/place/?q=place_id:ChIJVYbIAV7wwIcRtKqFV9VTUGo,,Kansas City,MO,Jackson,(816) 888-8010,firm@mcshanebradylaw.com,Personal Injury,4006 Central St,64111,Kansas City,5
Mesothelioma Lawyer Center,https://www.mesotheliomalawyercenter.org/mesothelioma-lawyer/missouri/kansas-city/?utm_source=google&utm_medium=gmb&utm_campaign=kansas-city,https://www.google.com/maps/place/?q=place_id:ChIJU5mHMb7pwIcRLQwdGrJGbcw,,Kansas City,MO,Jackson,(816) 399-2347,,Personal Injury,400 E Red Bridge Rd Suite 205,64131,Kansas City,5
"Meyerkord, Russell & Hergott",https://www.kansascityinjuryfirm.com/,https://www.google.com/maps/place/?q=place_id:ChIJi4_NlLPwwIcRMwYVYaUrRvA,,Kansas City,MO,Jackson,(816) 221-7555,,General,105 E 5th St,64106,Kansas City,4
Mike Kinder Law Office,https://rymaps.xyz/business/mike-kinder-law-office-bk7cfz,https://www.google.com/maps/place/?q=place_id:ChIJ12yiNSTwwIcRI_6HF51Fnc4,,Kansas City,MO,Jackson,(816) 695-1703,,General,3100 Broadway Blvd Suite #103,64111,Kansas City,4
Miller Attorneys At Law,http://www.millerco.com,,,Kansas City,MO,Jackson,(816) 561-4999,,Social Security Disability,4929 Main St,64112,Kansas City,1
"Missouri DWI & Criminal Law Center at Benjamin Law Firm, LLC",https://www.dwicriminallawcenter.com/,https://www.google.com/maps/place/?q=place_id:ChIJ-yn2sjTvwIcRQJQ8msTrfuo,,Kansas City,MO,Jackson,(816) 800-9572,,Personal Injury,1475 Walnut St,64106,Kansas City,5
Mohlman Injury Law,https://mjminjurylaw.com/,https://www.google.com/maps/place/?q=place_id:ChIJhVC9IXPswIcRp7qqqg121Jo,,Kansas City,MO,Jackson,(816) 648-6000,,General,701 E 63rd St Suite 300,64110,Kansas City,4
Monge & Associates Injury and Accident Attorneys,https://www.becauseyouwanttowin.com/kansas-city-mo-personal-injury-lawyer/,https://www.google.com/maps/place/?q=place_id:ChIJd8nhZ9LxwIcRggUqbGHxg00,,Kansas City,MO,Jackson,(816) 239-2604,,Personal Injury,20 W 9th St Suite 602,64105,Kansas City,5
"Monsees & Mayer, Personal Injury Law Firm",https://monseesmayer.com/kansas-city-personal-injury-attorney/?utm_source=Google&utm_medium=Google+Business+Profile-KC&utm_campaign=GBP-KC,https://www.google.com/maps/place/?q=place_id:ChIJoQnh8rjvwIcRlrWuk_oCv1c,,Kansas City,MO,Jackson,(816) 368-8273,,Personal Injury,4717 Grand Ave Ste 820,64112,Kansas City,5
"Montee Law Firm, P.C.",https://www.monteelawfirm.com,,,Kansas City,MO,Jackson,(816) 533-3332,,Personal Injury,10200 Holmes Rd,64131,Kansas City,5
Mook Law Firm LLC,https://www.mooklawfirm.com/?utm_source=google-local&utm_medium=organic&utm_campaign=4137,https://www.google.com/maps/place/?q=place_id:ChIJ1e7WF3HxwIcRla6vYhxGtT0,,Kansas City,MO,Jackson,(816) 569-4793,ben@mooklawfirm.com,Personal Injury,1600 Genessee St ste 328 a,64102,Kansas City,5
"Moore Ramirez Law Firm, LLC",http://www.mooreramirezlawfirm.com,,,Kansas City,MO,Jackson,(816) 745-3556,mario@mooreramirezlawfirm.com,Criminal Defense,4743 Troost Ave,64110,Kansas City,5
More Than Conquerors Coaching and Consulting Firm,https://morethanconquerorscoachingandconsulting.com,,,Kansas City,MO,Jackson,(913) 701-7722,morethanconquerorscoach@gmail.com,Social Security Disability,107 W 9th St,64105,Kansas City,1
"Moreno Law, LLC",https://morenolawkc.com/,https://www.google.com/maps/place/?q=place_id:ChIJWc3GQV7wwIcRZM0eTJb73Tw,,Kansas City,MO,Jackson,(816) 200-0467,anthony@morenolawkc.com,Personal Injury,601 Walnut Suite 200 - 2nd Floor,64106,Kansas City,5
Murphy & Tobin,,https://www.google.com/maps/place/?q=place_id:ChIJeYLpdB7jwIcRIB91iJAA5BU,,Kansas City,MO,Jackson,(816) 737-1555,,Criminal Defense,4240 Blue Ridge Blvd,64133,Kansas City,5
Nash & Franciskato Law Firm,https://nashfranciskato.com/,https://www.google.com/maps/place/?q=place_id:ChIJA435C0DwwIcRtHyGB5L5OQs,,Kansas City,MO,Jackson,(816) 221-6600,,Personal Injury,2300 Main St Suite 170,64108,Kansas City,5
Nichols Law Firm,http://www.kcmolawfirm.com,,,Kansas City,MO,Jackson,(816) 421-2050,,General,920 Main St,64105,Kansas City,4
"Nigro Law Firm, LLC",http://www.nigrolawfirm.com/,https://www.google.com/maps/place/?q=place_id:ChIJR3jbgtDvwIcRAkQpIFvE_kU,,Kansas City,MO,Jackson,(816) 753-4830,office@nigrolawfirm.com,Personal Injury,606 W 39th St,64111,Kansas City,5
"Norman and Graves, LLC",http://normanandgraves.com/,https://www.google.com/maps/place/?q=place_id:ChIJeVuIx87vwIcRT-TW9Z_3CgM,,Kansas City,MO,Jackson,(816) 895-8989,adam@ngkclaw.com,Personal Injury,4505 Madison Ave #220,64111,Kansas City,5
Ofodu Law Firm,http://ofodulaw.com,,,Kansas City,MO,Jackson,(816) 471-3401,,Intellectual Property,324 E 11th St,64106,Kansas City,1
Ogletree Deakins Law Firm,http://ogletreedeakins.com,,,Kansas City,MO,Jackson,(816) 471-1301,63cb1417881f4993b82e09c6129ad17a@o487278.ingest.sentry.io,Employment Law,1101 McGee St,64106,Kansas City,3
Oppenheimer Law,http://oppenheimer-law.com/,https://www.google.com/maps/place/?q=place_id:ChIJseCM8C_xwIcRU6bs_17WewI,,Kansas City,MO,Jackson,(816) 375-6408,sebastian@aldusleaf.org,Business Law,3145 Broadway Blvd,64111,Kansas City,2
Parmele Law Firm,http://parmelelawfirm.com/kansas-city-missouri,,,Kansas City,MO,Jackson,(816) 531-3330,,General,2301 McGee St,64108,Kansas City,4
Paths Elder Law,https://elderlawmo.com,,,Kansas City,MO,Jackson,(816) 524-7999,kcmba-logo@2x.png,Medical Malpractice,3300 NE Ralph Powell Rd,64064,Kansas City,5
"Peterson & Associates, P.C.",https://www.petersonlawfirm.com/?utm_source=google&utm_medium=gmb,https://www.google.com/maps/place/?q=place_id:ChIJzcxsSLbvwIcRa3KHPq46REU,,Kansas City,MO,Jackson,(816) 399-3247,,Personal Injury,801 W 47th St #107,64112,Kansas City,5
"Plaza Injury Law, LLC",https://plazainjurylaw.com/,https://www.google.com/maps/place/?q=place_id:ChIJ08z-K7jvwIcReP46ta7PfXc,,Kansas City,MO,Jackson,(816) 945-4409,donovan@plazainjurylaw.com,Personal Injury,420 Nichols Rd Second Floor,64112,Kansas City,5
Polsinelli,http://www.polsinelli.com/,https://www.google.com/maps/place/?q=place_id:ChIJO7U5xbfvwIcRX0WScW9MhfQ,,Kansas City,MO,Jackson,(816) 753-1000,,General,900 W 48th Pl,64112,Kansas City,4
Popham Injury Law,https://www.pophamlaw.com/?utm_source=google&utm_medium=organic&utm_campaign=GBP_Kansas_City,https://www.google.com/maps/place/?q=place_id:ChIJ9QZpS1_wwIcRWFqmxQotA-g,,Kansas City,MO,Jackson,(816) 221-2288,,Personal Injury,712 Broadway Blvd #100,64105,Kansas City,5
Pospisil Swift LLC,https://pslawkc.com/?utm_source=google-local&utm_medium=organic&utm_campaign=854,https://www.google.com/maps/place/?q=place_id:ChIJ-ysmfGbwwIcRj4gmOQ4lTKI,,Kansas City,MO,Jackson,(816) 895-6440,mts@pslawkc.com,Personal Injury,1600 Genessee St # 340,64102,Kansas City,5
Presley & Presley Trial Lawyers,https://www.presleyandpresley.com/?utm_source=GMB&utm_medium=organic&utm_campaign=kansas_city,https://www.google.com/maps/place/?q=place_id:ChIJ6dtPpr_vwIcRWNOnOG8Kgks,,Kansas City,MO,Jackson,(816) 307-6681,,Personal Injury,4801 Main St Suite 375,64112,Kansas City,5
Protzman Law Firm,http://propertylawfirm.com,,,Kansas City,MO,Jackson,(816) 421-5100,,Real Estate,1100 Main St,64105,Kansas City,2
"Quinn & Quinn Law, P.C.",https://quinnlawkc.com/,https://www.google.com/maps/place/?q=place_id:ChIJLzVZiSbpwIcRVUuNlBQNYyU,,Kansas City,MO,Jackson,(816) 444-7474,,Personal Injury,9229 Ward Pkwy Suite 260,64114,Kansas City,5
RS LAW,http://www.rslawkc.com/,https://www.google.com/maps/place/?q=place_id:ChIJveyJ7noewYcRKanHWl2JptM,,Kansas City,MO,Jackson,(816) 287-8080,info@rslawkc.com,Personal Injury,2405 Grand Blvd #1040,64108,Kansas City,5
"Ralph K Phalen, Attorney at Law",http://www.ralphkphalen.com,,,Kansas City,MO,Jackson,(816) 589-0753,,General,"1000 Broadway St, Suite 400",64105,Kansas City,4
"Rapp Law Firm, LLC",https://rapplawfirm.com/,https://www.google.com/maps/place/?q=place_id:ChIJ_bNPGaLxwIcRA4ZnO7G_VqY,,Kansas City,MO,Jackson,(816) 633-3463,,Social Security Disability,1600 Genessee St Suite 435,64102,Kansas City,1
Raysik Law Offices,,,,Kansas City,MO,Jackson,(816) 525-1919,,General,200 SW Market St,64063,Kansas City,4
Reaves Law Firm PC,http://reaveslawfirm.com,,,Kansas City,MO,Jackson,(816) 756-2100,,Estate Planning,4400 Madison Ave,64111,Kansas City,2
Reavey Law LLC,https://www.reaveylaw.com/,https://www.google.com/maps/place/?q=place_id:ChIJexy0mrLxwIcRdB1rB-RgBMY,,Kansas City,MO,Jackson,(816) 474-6300,,Workers' Compensation,1600 Genessee St # 303,64102,Kansas City,5
Redfearn Law Firm,https://www.redfearnlawfirm.com,,,Kansas City,MO,Jackson,(816) 421-5301,,Personal Injury,3731 NE Troon Dr,64064,Kansas City,5
Robert S. Thedinger Attorney at Law,http://www.rsthedinger.com,https://www.google.com/maps/place/?q=place_id:ChIJpcrISpzEwIcRE5brVVj5kMY,,Kansas City,MO,Jackson,(816) 322-2629,,General,903 E 104 St Suite 800,64131,Kansas City,4
Robert W McKinley Attorney,http://lathropgage.com,,,Kansas City,MO,Jackson,(816) 460-5636,,Employment Law,2345 Grand Blvd,64108,Kansas City,3
"Roberts Law Office, LLC",https://www.robertslawkc.com/,https://www.google.com/maps/place/?q=place_id:ChIJI2lwgeLvwIcR6Evy9gPwvCM,,Kansas City,MO,Jackson,(816) 381-9380,info@robertslawkc.com,Criminal Defense,3770 Broadway Blvd First Floor,64111,Kansas City,5
Royce Injury Lawyers,https://royceinjury.com/,https://www.google.com/maps/place/?q=place_id:ChIJt4XIfyHxwIcRDI3onNb6RFI,,Kansas City,MO,Jackson,(816) 656-2561,jason@royceinjurylawyers.com,Personal Injury,1222 Pennsylvania Ave #3112,64105,Kansas City,5
SWL Personal Injury Lawyers,https://swlinjurylaw.com/,https://www.google.com/maps/place/?q=place_id:ChIJ9SxekNHxwIcRRcMBZ7YqAc0,,Kansas City,MO,Jackson,(844) 795-9467,attorney@swlinjurylaw.com,Personal Injury,1100 Main St #2890,64105,Kansas City,5
Sader Law Firm,https://www.saderlawfirm.com/?utm_source=google&utm_medium=organic&utm_campaign=gmb,https://www.google.com/maps/place/?q=place_id:ChIJr6QZ1rXvwIcRv56knH5DJIY,,Kansas City,MO,Jackson,(816) 561-1818,abc_logo-gray@2x.png,Bankruptcy,2345 Grand Blvd #2150,64108,Kansas City,2
Sakoulas Law,http://sakoulaslaw.com/,https://www.google.com/maps/place/?q=place_id:ChIJ6QNq-2bwwIcRYD0YuAkIJUY,,Kansas City,MO,Jackson,(816) 474-9300,steve@sakoulaslaw.com,Criminal Defense,1029 Pennsylvania Ave,64105,Kansas City,5
Sanat Law Firm,http://www.harshmanlaw.com,,,Kansas City,MO,Jackson,(816) 379-4383,info@harshmanlaw.com,Personal Injury,8080 Ward Pkwy,64114,Kansas City,5
Sandage Law LLC,https://www.sandagelaw.com/?utm_source=google&utm_medium=organic&utm_campaign=gmb_local_growthlab,https://www.google.com/maps/place/?q=place_id:ChIJvzVL4bXvwIcRO7dNv0Hjyi4,,Kansas City,MO,Jackson,(816) 753-0800,info@sandagelaw.com,Criminal Defense,1600 Genessee St Ste 662,64102,Kansas City,5
Sanders & Simpson PC,https://www.sandersandsimpsonpc.com/,https://www.google.com/maps/place/?q=place_id:ChIJBWFTD2DowIcR2eZ4FmzuLQ4,,Kansas City,MO,Jackson,(816) 471-6444,wrsimpson@ssfs.com,Personal Injury,10401 Holmes Rd #490,64101,Kansas City,5
Savory McClendon,http://www.savorylawfirm.com/,https://www.google.com/maps/place/?q=place_id:ChIJAQAAABDlwIcRvzcXUWwj8ls,,Kansas City,MO,Jackson,(816) 945-4030,contact@savorylawfirm.com,Criminal Defense,8401 E Blue Pkwy Dr Suite 208,64133,Kansas City,5
Saxton Law Firm,https://www.saxtonlawfirm.com/?utm_source=GMB&utm_medium=organic&utm_campaign=organic,https://www.google.com/maps/place/?q=place_id:ChIJAQAwn7LxwIcRBVaeTGHlka0,,Kansas City,MO,Jackson,(816) 810-3207,,Business Law,1600 Genessee St Suite 433,64102,Kansas City,2
Schmelzer Law Firm,https://www.hastylaw.com,,,Kansas City,MO,Jackson,(816) 960-1700,,General,4310 Madison Ave,64111,Kansas City,4
Schmitt Law Firm,https://kansascitylawyers.com/,https://www.google.com/maps/place/?q=place_id:ChIJL3gxNyLwwIcRlPu2uTZroVU,,Kansas City,MO,Jackson,(816) 400-1000,,Personal Injury,2600 Grand Blvd #380,64108,Kansas City,5
Scudder Law Firm,http://www.callahanlawkc.com,,,Kansas City,MO,Jackson,(816) 994-9940,,Estate Planning,222 W Gregory Blvd,64114,Kansas City,2
Shachtman Law Firm,https://www.kcmotriallawyer.com,,,Kansas City,MO,Jackson,(816) 389-8340,,Personal Injury,4600 Madison Ave Ste 810,64112,Kansas City,5
Shannon Law Firm,,,,Kansas City,MO,Jackson,(816) 805-7984,,General,1100 Main St,64105,Kansas City,4
Sharma-Crawford Attorneys At Law,http://www.sharma-crawford.com/,https://www.google.com/maps/place/?q=place_id:ChIJZXEQekfwwIcRgnpi_fDDw5c,,Kansas City,MO,Jackson,(816) 994-2300,,Employment Law,515 Avenida Cesar E Chavez,64108,Kansas City,3
"Shook, Hardy & Bacon L.L.P.",https://www.shb.com/,https://www.google.com/maps/place/?q=place_id:ChIJzZDs9T3wwIcR0adn-CHj520,,Kansas City,MO,Jackson,(816) 474-6550,,Social Security Disability,2555 Grand Blvd,64108,Kansas City,1
Show Me Settlements Injury Lawyers LLC,https://www.showmesettlements.com/,https://www.google.com/maps/place/?q=place_id:ChIJ83r-2yPvwIcR9aff1nl-ato,,Kansas City,MO,Jackson,(800) 805-5323,info@showmesettlements.com,Personal Injury,435 Nichols Rd STE 200,64112,Kansas City,5
Simon & Katz Law Firm,https://www.simonandkatz.com,,,Kansas City,MO,Jackson,(816) 471-7837,Katzlaw1@gmail.com,Personal Injury,312 W 8th St,64105,Kansas City,5
Solomon & Peter LLP,http://www.solomonandpeter.com/,https://www.google.com/maps/place/?q=place_id:ChIJRzs_dF7wwIcRTLupjD1kFzU,,Kansas City,MO,Jackson,(816) 800-9529,,Criminal Defense,140 Walnut St Suite 202,64106,Kansas City,5
Speeding Ticket KC Traffic Law Firm,https://speedingticketkc.com/,https://www.google.com/maps/place/?q=place_id:ChIJixQGUZzvwIcRfl8sJbj7-ok,,Kansas City,MO,Jackson,(816) 398-8772,info@speedingticketkc.com,Personal Injury,6301 Rockhill Rd #100c,64131,Kansas City,5
Speer Law Firm,http://speerlawfirm.com,,,Kansas City,MO,Jackson,(816) 472-3560,,General,104 W 9th St,64105,Kansas City,4
Spradlin Kennedy Richman Law Firm,https://www.spradlinkennedy.com/?utm_source=google&utm_medium=organic&utm_campaign=gmb_local_growthlab,https://www.google.com/maps/place/?q=place_id:ChIJ6Sl-FRX9wIcR_oiU6eb74Wk,,Kansas City,MO,Jackson,(816) 768-6900,tracy@spradlinkennedy.com,Personal Injury,4510 Belleview Ave Suite 200A,64111,Kansas City,5
Stacee Cohn Law,http://staceecohnlaw.com/,https://www.google.com/maps/place/?q=place_id:ChIJoxJmOdTuwIcRp9aDt2JOEN0,,Kansas City,MO,Jackson,(816) 361-0100,staceecohnlaw@gmail.com,Intellectual Property,7920 Ward Pkwy #205,64114,Kansas City,1
Stacy Shaw & Associates LLC,http://www.stacyshawlaw.com/,https://www.google.com/maps/place/?q=place_id:ChIJbcjp5z_9wIcRAErfaYuMlwE,,Kansas City,MO,Jackson,(816) 359-1877,stacy@stacyshawlaw.com,Personal Injury,1301 Oak St Suite 704,64106,Kansas City,5
"Stewart, Wald & McCulley | Rails-to-Trails Law Firm",http://www.swm.legal,,,Kansas City,MO,Jackson,(816) 303-1500,tebbe@swm.legal,General,2100 Central St,64108,Kansas City,4
Stinson LLP,https://www.stinson.com/,https://www.google.com/maps/place/?q=place_id:ChIJ7YBmQWfwwIcRg37QZ5y6GEI,,Kansas City,MO,Jackson,(816) 842-8600,elle.moxley@stinson.com,Bankruptcy,1201 Walnut St # 2900,64106,Kansas City,2
"Sullivan Law, LLC",https://www.sullivantrial.com,,,Kansas City,MO,Jackson,(816) 221-9922,,General,1600 Baltimore Avenue,64108,Kansas City,4
"Sumner Law Group, LLC",http://www.sumnerlawgroup.com,,,Kansas City,MO,Jackson,(314) 218-0003,,Personal Injury,435 Nichols Rd Ste 201,64112,Kansas City,5
"Susan Ingalls Law Office, LLC",,,,Kansas City,MO,Jackson,(816) 500-7497,,General,500 Delaware St Ste 6,64105,Kansas City,4
Suzanne Hale Robinson Attorney at Law,https://hrrlawyers.com/?utm_source=GBP&utm_medium=Organic&utm_campaign=GBP-Website,https://www.google.com/maps/place/?q=place_id:ChIJRWKkXozxwIcRVNBkv9QRSOE,,Kansas City,MO,Jackson,(816) 605-1734,,General,511 Delaware St Suite 100,64105,Kansas City,4
"TH Law Firm, LLC",http://www.thlawfirm.com,,,Kansas City,MO,Jackson,(816) 605-6770,,General,2300 Main St Ste 900H1,64108,Kansas City,4
"Tabory Law, LLC",http://www.taborylaw.com,,,Kansas City,MO,Jackson,(816) 299-1136,,General,109 E Gregory Blvd Ste B,64114,Kansas City,4
The Alsobrook Law Firm,https://www.alsobrooklawfirm.com/?utm_source=google-local&utm_medium=organic&utm_campaign=1365,https://www.google.com/maps/place/?q=place_id:ChIJd_tZVo3vwIcRffcBBNquN7E,,Kansas City,MO,Jackson,(816) 986-9858,,General,3770 Broadway Blvd,64111,Kansas City,4
The Alvarez Law Firm,https://www.alvarezlawkc.com,,,Kansas City,MO,Jackson,(816) 459-4900,,General,1800 Wyandotte St #203,64108,Kansas City,4
"The Angles Law Firm, LLC",http://www.angleslaw.com/,https://www.google.com/maps/place/?q=place_id:ChIJ0bqb-SDpwIcRdujJXbNlmwI,,Kansas City,MO,Jackson,(816) 471-5777,18d2f96d279149989b95faf0a4b41882@sentry-next.wixpress.com,Criminal Defense,1609 W 92 St,64114,Kansas City,5
The Binder Firm,http://www.thebinderfirm.com/,https://www.google.com/maps/place/?q=place_id:ChIJb6nqB97owIcR-FT_9tz-SPA,,Kansas City,MO,Jackson,(816) 866-8264,%20communication@thebinderfirm.com,Estate Planning,9229 Ward Pkwy Suite 390,64114,Kansas City,2
"The Blauvelt Law Firm, LLC",http://blauveltlaw.com/,https://www.google.com/maps/place/?q=place_id:ChIJexy0mrLxwIcR2sg4miTpnQU,,Kansas City,MO,Jackson,(816) 556-0818,,General,1600 Genessee St #818,64102,Kansas City,4
The Bowers Law Office LLC,http://www.bowerslawkc.com/attorney-profiles.html,https://www.google.com/maps/place/?q=place_id:ChIJe6A21WDwwIcRcJWoVU01c34,,Kansas City,MO,Jackson,(816) 448-6000,,General,221 E 11th St,64106,Kansas City,4
The Bradley Law Firm,https://www.thebradleylawfirm.com,,,Kansas City,MO,Jackson,(816) 384-9666,info@thebradleylawfirm.com,Personal Injury,107 W 9th St,64105,Kansas City,5
The Brooks Law Firm,http://www.brookslawkc.com,,,Kansas City,MO,Jackson,(816) 931-1988,,General,420 Nichols Rd,64112,Kansas City,4
The Bruning Law Firm,http://www.bruninglegal.com/?utm_source=local&utm_medium=organic&utm_campaign=gmb,https://www.google.com/maps/place/?q=place_id:ChIJBeT6ox_xwIcRH9gTm5yzlCc,,Kansas City,MO,Jackson,(816) 370-5384,,Personal Injury,4420 Madison Ave # 104,64111,Kansas City,5
"The Christopher Scott Law Office, LLC",https://scottlawkc.com/,https://www.google.com/maps/place/?q=place_id:ChIJ7Wkc_2nwwIcRCeutp3S4y7U,,Kansas City,MO,Jackson,(913) 706-2547,chris@scottlawkc.com,Criminal Defense,,64108,Kansas City,5
The Cox Law Firm,http://thecoxlawfirm.net,,,Kansas City,MO,Jackson,(816) 335-1000,,General,1609 W 92nd St.,64114,Kansas City,4
The Cribbs IRS Tax Lawyers,,,,Kansas City,MO,Jackson,(816) 303-0626,,General,14 W 62nd Ter #3,64113,Kansas City,4
The DeFeo Law Firm,http://www.defeolaw.com/,https://www.google.com/maps/place/?q=place_id:ChIJ9090bXHxwIcRLiwzbzEbe5g,,Kansas City,MO,Jackson,(816) 581-4600,contact@defeolaw.com,Personal Injury,4435 Main St,64111,Kansas City,5
The Denning Law Firm,https://www.denninglawfirm.com,,,Kansas City,MO,Jackson,(816) 522-9281,media@denning.editor.legalfit.com,Personal Injury,4717 Grand Ave Ste 130,64112,Kansas City,5
The Fiorella Law Firm,http://fiolaw.com/,https://www.google.com/maps/place/?q=place_id:ChIJsSNKyNnvwIcRn5a5K6Txtxo,,Kansas City,MO,Jackson,(816) 718-2753,,General,7408 Wornall Rd,64114,Kansas City,4
The Flynn Law Firm,http://www.theflynnlawfirm.com,,,Kansas City,MO,Jackson,(816) 283-3400,,General,1150 Grand Blvd Ste 300,64106,Kansas City,4
"The Fulcher Law Firm, P.C.",http://www.thefulcherfirm.com,,,Kansas City,MO,Jackson,(816) 474-1010,,Personal Injury,"104 West 9th Street, Suite 402",64105,Kansas City,5
The Gentry Law Firm,http://thegentrylawfirm.com/,https://www.google.com/maps/place/?q=place_id:ChIJo3ZoOWPDwIcRqYCvauCNgfs,,Kansas City,MO,Jackson,(816) 601-2838,,General,6247 Brookside Blvd,64113,Kansas City,4
"The Gorny Law Firm, LC",http://www.gornylawfirm.com/contact-us/,,,Kansas City,MO,Jackson,(816) 756-5071,,Personal Injury,4330 Belleview Ave Ste 200,64111,Kansas City,5
The Goss Law Firm,https://thegosslawfirm.com/?utm_source=google&utm_medium=local&utm_campaign=kansas_city_gbp&utm_content=main_button,https://www.google.com/maps/place/?q=place_id:ChIJGbpFKsrvwIcRPbPUslGhT1E,,Kansas City,MO,Jackson,(816) 527-8658,info@goss-lawfirm.com,Personal Injury,1501 Westport Rd,64111,Kansas City,5
The Hartley Law Firm,https://www.thehartleylawfirm.com/,https://www.google.com/maps/place/?q=place_id:ChIJv-Pwrx7xwIcRbGxeGkl_IHs,,Kansas City,MO,Jackson,(816) 451-0909,Alec@TheHartleyLawFirm.com,Criminal Defense,908 Baltimore Ave Suite #304,64106,Kansas City,5
The Healy Law Firm,http://healylawyers.com/contactus.html,,,Kansas City,MO,Jackson,(816) 472-8800,website@healylawyers.com,Personal Injury,3640 NE Ralph Powell Rd,64064,Kansas City,5
"The Heartland Group A Law Practice LLC (David H. Johnson, attorney)",,https://www.google.com/maps/place/?q=place_id:ChIJexy0mrLxwIcREm8LmYmgIH8,,Kansas City,MO,Jackson,(816) 531-7100,,Criminal Defense,1600 Genessee St #818,64102,Kansas City,5
The Hood Law Group,https://hoodlawgroupkc.com/,https://www.google.com/maps/place/?q=place_id:ChIJ4bpXeGrvwIcRS8Iv1Ftnl9A,,Kansas City,MO,Jackson,(816) 561-5000,info@hoodlawgroupkc.com,DUI,4233 Roanoke Rd STE 200,64111,Kansas City,5
"The Jacobs Law Firm, LLC",https://www.thejacobslawfirmkc.com/,https://www.google.com/maps/place/?q=place_id:ChIJFxoy-V7vwIcROdddyfendKs,,Kansas City,MO,Jackson,(913) 981-2524,,Personal Injury,1100 Main St #2620,64105,Kansas City,5
The Klamann Law Firm,http://www.klamannlaw.com,,,Kansas City,MO,Jackson,(816) 421-2626,ajs@klamannlaw.com,Employment Law,929 Walnut St,64106,Kansas City,3
The Koranda Law Firm,,,,Kansas City,MO,Jackson,(816) 291-4599,,General,4717 Grand Ave,64112,Kansas City,4
The Kueser Law Firm,https://www.jmkesquire.com,,,Kansas City,MO,Jackson,(816) 374-5865,,General,312 NE Viewpark Dr,64086,Kansas City,4
The Lake Firm LLC,http://www.kcmetrolawyer.com/,https://www.google.com/maps/place/?q=place_id:ChIJqYLR2nDvwIcRLibxhZJYCzI,,Kansas City,MO,Jackson,(816) 600-8000,lake@kcmetrolawyer.com,Personal Injury,817 E 31st St,64109,Kansas City,5
The Landers Law Firm,,,,Kansas City,MO,Jackson,(816) 298-6458,,General,1656 Washington St Ste 270,64108,Kansas City,4
The Law Office Of Chad G Gardner P C,,https://www.google.com/maps/place/?q=place_id:ChIJj6jLmEfwwIcRjWymOO_RBgQ,,Kansas City,MO,Jackson,(816) 795-6197,,Criminal Defense,11514 Hickman Mills Dr,64101,Kansas City,5
"The Law Office Of Debora L. Hale, LLC",http://www.deborahale.com,,,Kansas City,MO,Jackson,(816) 246-5555,attorney@deborahale.com,Family Law,609 NE State Route 291 Ste 110,64086,Kansas City,4
The Law Office Of Joe Ramboldt,,,,Kansas City,MO,Jackson,(816) 533-3347,,General,1411 E 104th St Ste 100,64131,Kansas City,4
The Law Office Of Larry LaVigne II,http://larrydoesit.com/,https://www.google.com/maps/place/?q=place_id:ChIJZQlx52bwwIcRhrw62JwCvp4,,Kansas City,MO,Jackson,(816) 266-8831,larrythelawyerkc@gmail.com,Personal Injury,905 McGee St #219,64106,Kansas City,5
The Law Office of Jared A. Rose,https://www.roselawkc.com,,,Kansas City,MO,Jackson,(816) 221-4335,jared@roselawkc.com,Personal Injury,919 West 47th Street,64112,Kansas City,5
The Law Office of Michael J. Joshi,http://www.joshilaw.com,,,Kansas City,MO,Jackson,(816) 945-4474,,Personal Injury,107 W 9th St,64105,Kansas City,5
The Law Office of Micki Buschart,https://www.immigrationlawyerkc.com,,,Kansas City,MO,Jackson,(816) 944-3448,info@immigrationlawyerkc.com,Business Law,4049 Pennsylvania Ave Ste 201,64111,Kansas City,2
The Law Office of Richard W. Johnson,http://defenselawkc.com,,,Kansas City,MO,Jackson,(816) 521-8249,,General,2750 Cherry St,64108,Kansas City,4
"The Law Office of William G. Cownie, LLC",https://www.cownielaw.com,,,Kansas City,MO,Jackson,(816) 525-9200,,General,212 NE Tudor Rd,64086,Kansas City,4
The Law Offices Donovan Bradley Dodrill,http://injurylawyerskansascitymo.com,,,Kansas City,MO,Jackson,(816) 977-2680,,General,435 Nichols Rd,64112,Kansas City,4
The Law Offices of Brian Timothy Meyers,http://www.btm-law.com/,https://www.google.com/maps/place/?q=place_id:ChIJ7XMRL2fwwIcRHIL_Y1DZ298,,Kansas City,MO,Jackson,(816) 842-0006,logo@1.5x.png,Personal Injury,1044 Main St UNIT 400,64105,Kansas City,5
The Law Offices of Denise Kirby,https://www.denisekirbylaw.com/?utm_source=GBP&utm_medium=organic,https://www.google.com/maps/place/?q=place_id:ChIJswyacUDwwIcRwga-OO3pl8w,,Kansas City,MO,Jackson,(816) 221-3691,,Criminal Defense,2300 Main St Ste 900,64108,Kansas City,5
"The Law Offices of Jeremiah Johnson, LLC",http://www.lesionpersonalkc.com/,,,Kansas City,MO,Jackson,(816) 255-2913,liz@kcatty.com,Personal Injury,1627 Main St,64108,Kansas City,5
"The Law Offices of Lance Loewenstein, P.C.",http://www.lancelawkc.com/,https://www.google.com/maps/place/?q=place_id:ChIJldRVsHT7wIcRcD7CvpAK_mg,,Kansas City,MO,Jackson,(816) 296-9080,zach@lancelawkc.com,Estate Planning,2400 E Truman Rd,64127,Kansas City,2
The Law Offices of Roderick C. White,http://www.igotyou.net/,https://www.google.com/maps/place/?q=place_id:ChIJ_w8M8NjvwIcRvg4iNEyZ6xI,,Kansas City,MO,Jackson,(855) 446-8968,roderick@igotyou.net,Personal Injury,420 Nichols Rd,64112,Kansas City,5
The Lunceford Law Firm,http://www.davidluncefordlaw.com,,,Kansas City,MO,Jackson,(816) 525-4701,,DUI,201 SE 1st St,64063,Kansas City,5
The McCallister Law Firm,https://www.mccallisterlawfirm.com,,,Kansas City,MO,Jackson,(816) 931-2229,,Personal Injury,917 W 43rd St,64111,Kansas City,5
The McLeod Law Firm,http://www.mcleodlaw.com,,,Kansas City,MO,Jackson,(816) 421-5656,info@mclaw.com,Personal Injury,2020 Wyandotte St,64108,Kansas City,5
The Mcintosh Law Firm,http://www.hwmpc.com,,,Kansas City,MO,Jackson,(816) 233-8371,,General,1125 Grand Blvd Ste 1800,64106,Kansas City,4
The Mencl Law Firm,http://www.mencllawfirm.com,,,Kansas City,MO,Jackson,(816) 525-1250,,General,304 SE 3rd St,64063,Kansas City,4
"The Meyers Law Firm, LC",http://www.meyerslaw.com/,https://www.google.com/maps/place/?q=place_id:ChIJ-WZ-LT3vwIcRbk6mQVwPb_U,,Kansas City,MO,Jackson,(816) 994-3240,,Personal Injury,4435 Main St #503,64111,Kansas City,5
The Murphy Law Firm,,,,Kansas City,MO,Jackson,(816) 753-2800,,General,4700 Belleview Ave Ste 210,64112,Kansas City,4
The Nail Law Firm,https://www.kctriallaw.com/,https://www.google.com/maps/place/?q=place_id:ChIJSc5MwLjvwIcRmmtCYYcEXOk,,Kansas City,MO,Jackson,(816) 251-1001,,Personal Injury,201 W 47th St,64112,Kansas City,5
The Nicol Law Firm,https://www.nicolfirm.com,,,Kansas City,MO,Jackson,(816) 514-1178,jdn@nicolfirm.com,Business Law,420 Nichols Rd Fl 2,64112,Kansas City,2
"The O'Connor Law Firm, P.C.",https://www.ockclaw.com/,https://www.google.com/maps/place/?q=place_id:ChIJr-OIWYrwwIcRKcAL4hu9q_o,,Kansas City,MO,Jackson,(816) 567-6288,,General,1301 Oak St Suite 706,64106,Kansas City,4
The O'Malley Law Firm,http://www.omalleylawkc.com/,https://www.google.com/maps/place/?q=place_id:ChIJR1o9JXzCwIcRcNQd10BOVi0,,Kansas City,MO,Jackson,(816) 942-4008,ednita@omalleylawkc.com,Workers' Compensation,1050 W Blue Ridge Blvd,64145,Kansas City,5
The Pottenger Law Firm,http://www.pottengerlaw.com,,,Kansas City,MO,Jackson,(816) 531-6006,jpottenger@pottengerlaw.com,Personal Injury,919 W 47th St,64112,Kansas City,5
The Quitmeier Law Firm,https://www.wmqlaw.com/?npcmp=dir:local:5021883:64153,https://www.google.com/maps/place/?q=place_id:ChIJ130-b-ZewIcRNu7LCIeFb3M,,Kansas City,MO,Jackson,(816) 340-6738,,Personal Injury,10150 N Ambassador Dr #100,64101,Kansas City,5
"The Service Law Offices, LLC",https://servicelaw.net/?utm_source=gbp&utm_medium=organic&utm_campaign=google+business+profile,https://www.google.com/maps/place/?q=place_id:ChIJB1ik43XwwIcRWdTPiT4A3bA,,Kansas City,MO,Jackson,(816) 286-4140,henry@servicelaw.net,Criminal Defense,1601 E 18th St Ste 370,64108,Kansas City,5
"The Sicola Law Firm, LLC",https://local.yobi.com/lawyer/the-sicola-law-firm-llc-kansas-city-mo/,https://www.google.com/maps/place/?q=place_id:ChIJY23I44rwwIcRFFCDZo2xnQw,,Kansas City,MO,Jackson,(816) 241-8599,,Personal Injury,105 E 5th St #503,64106,Kansas City,5
"The Simon Law Firm, P.C.",https://simonlawpc.com/contact-us/kansas-city/,https://www.google.com/maps/place/?q=place_id:ChIJKYeOFqLxwIcRSA10vnAhO7s,,Kansas City,MO,Jackson,(816) 447-3499,,Personal Injury,3145 Broadway Blvd,64111,Kansas City,5
"The Starosta Law Firm, LLC",http://www.816attorney.com,,,Kansas City,MO,Jackson,(816) 399-5733,,General,"524 Walnut Street, Suite 210",64106,Kansas City,4
The Steele Law Firm,http://www.jsteelelawfirm.com,,,Kansas City,MO,Jackson,(816) 286-2537,,General,1301 Oak St,64106,Kansas City,4
The Surgeon Lawyer,https://www.thesurgeonlawyer.com/,https://www.google.com/maps/place/?q=place_id:ChIJ5RLmRevpwIcRsXmdtlvLR8I,,Kansas City,MO,Jackson,(816) 669-0000,michael@thesurgeonlawyer.com,Personal Injury,1221 103rd St ste 245,64114,Kansas City,5
The Tourigny Law Firm LLC,https://www.tourignylaw.com/?utm_source=google-local&utm_medium=organic&utm_campaign=4108,https://www.google.com/maps/place/?q=place_id:ChIJu4URfMzvwIcRAsyZ6-PcrmY,,Kansas City,MO,Jackson,(816) 945-2861,,Personal Injury,4600 Madison Ave Ste 810,64112,Kansas City,5
Throneberry Law Group,https://www.mesolawcenter.com,,,Kansas City,MO,Jackson,(816) 702-5252,chosen-sprite@2x.png,Personal Injury,107 W 9th St Fl 2,64105,Kansas City,5
Thurmond Law Firm,http://www.thurmondlawfirm.com/welcome,,,Kansas City,MO,Jackson,(816) 895-2858,,General,204 Linwood Boulevard,64111,Kansas City,4
Traffic Law Center,http://www.trafficlawcenters.com,,,Kansas City,MO,Jackson,(816) 756-2999,jsinovic@trafficlawcenter.com,Criminal Defense,705 SE Melody Ln,64063,Kansas City,5
Travis W Mccallon Attorney,https://www.lathropgpm.com/Travis-McCallon,,,Kansas City,MO,Jackson,(816) 292-2000,travis.mccallon@lathropgpm.com,Business Law,2345 Grand Blvd,64108,Kansas City,2
"Troppito Miller Griffin, LLC",https://www.troppitomiller.com/?utm_source=google&utm_medium=organic&utm_campaign=organic,https://www.google.com/maps/place/?q=place_id:ChIJsTrh44rwwIcRAF1l1rEsW_c,,Kansas City,MO,Jackson,(816) 221-6006,flags@2x.png,Personal Injury,105 E 5th St #500,64106,Kansas City,5
Turner & Sweeny,https://www.turnersweeny.com/,https://www.google.com/maps/place/?q=place_id:ChIJBWFTD2DowIcR4-bLSfiNSx8,,Kansas City,MO,Jackson,(816) 942-5100,csweeny@turnersweeny.com,Personal Injury,10401 Holmes Rd #250,64101,Kansas City,5
U.S. Attorney's Office - Western District of Missouri,https://www.justice.gov/usao-wdmo,,,Kansas City,MO,Jackson,(816) 426-3122,usamow.webmaster@usdoj.gov,Business Law,400 E 9th St Fl 5,64106,Kansas City,2
UMKC School of Law,http://www.law.umkc.edu,,,Kansas City,MO,Jackson,(816) 235-1657,,General,500 E 52nd St,64110,Kansas City,4
VNJ Law,https://www.vnjlaw.com/,https://www.google.com/maps/place/?q=place_id:ChIJA824fefowIcRyvaFrI9cX34,,Kansas City,MO,Jackson,(816) 895-8800,,Personal Injury,9237 Ward Pkwy Suite 100,64114,Kansas City,5
Vick Law Firm,,,,Kansas City,MO,Jackson,(816) 421-1769,,General,106 W 11th St Ste 1123,64105,Kansas City,4
"Waits, Brownlee, Berger & DeWoskin, Attorneys At Law",http://wbbhj.com,,,Kansas City,MO,Jackson,(816) 363-5466,rthomas@wbbhj.com,Personal Injury,401 W 89th St,64114,Kansas City,5
"Wallentine Injury Law, LLC",https://www.kc-attorney.com/personal-injury-lawyer-kansas-city,,,Kansas City,MO,Jackson,(816) 934-6333,,Personal Injury,720 Main St,64105,Kansas City,5
"Warhurst, Martin D",,,,Kansas City,MO,Jackson,(816) 472-0325,,General,1125 Grand Blvd,64106,Kansas City,4
Watson & Dameron LLP,http://watsonanddameron.com/attorneys/henri-watson/,https://www.google.com/maps/place/?q=place_id:ChIJzdX6wxPwwIcRz7TKuIpqGX0,,Kansas City,MO,Jackson,(816) 474-3350,,General,2500 Holmes St,64108,Kansas City,4
Watt and Young,https://kcmetrodefense.com/,https://www.google.com/maps/place/?q=place_id:ChIJD0vwP17wwIcR6KFHgh1o6vQ,,Kansas City,MO,Jackson,(913) 433-3849,,Criminal Defense,700 Broadway Blvd,64105,Kansas City,5
"Webster Law, LLC",https://www.swebsterlaw.com,,,Kansas City,MO,Jackson,(816) 384-2272,,Personal Injury,712 Broadway Blvd Ste 100,64105,Kansas City,5
Weis Law LLC,https://weislawllc.com,,,Kansas City,MO,Jackson,(844) 991-3113,,General,300 E 39th St #28,64111,Kansas City,4
Wendt Law Firm P.C.,https://www.wendtlaw.com/?utm_source=google&utm_medium=organic&utm_campaign=gmb_local_growthlab,https://www.google.com/maps/place/?q=place_id:ChIJI8kr5V3wwIcREzhVIrwCKYQ,,Kansas City,MO,Jackson,(816) 531-4415,,Personal Injury,4520 Main St Suite 1000,64111,Kansas City,5
Werner Law,https://www.wernerlawllc.com,,,Kansas City,MO,Jackson,(816) 944-0529,,General,6314 Brookside Plz,64113,Kansas City,4
"Wichman Law Firm, LLC",http://www.wichmanlawfirm.com/,https://www.google.com/maps/place/?q=place_id:ChIJjQw-5zfwwIcRYv5wVJyASXk,,Kansas City,MO,Jackson,(816) 787-1529,,Personal Injury,1005 Westport Rd,64111,Kansas City,5
William G Dietrich Law Offices,http://www.roselaw.org,,,Kansas City,MO,Jackson,(816) 822-2600,,Family Law,6155 Oak St,64113,Kansas City,4
Wirken Law Firm,http://wirkenlaw.com,,,Kansas City,MO,Jackson,(816) 994-9200,,General,411 Nichols Rd,64112,Kansas City,4
Wood Brian Wickham Wood Law Office Kansas City,,,,Kansas City,MO,Jackson,(816) 753-8751,,General,107 W 9th St,64105,Kansas City,4
Wood Ikram Law Firm,https://www.woodikramlaw.com,,,Kansas City,MO,Jackson,(816) 875-4649,,Personal Injury,105 E 5th St Ste 402,64106,Kansas City,5
Wood Law Firm,https://www.woodlaw.com,,,Kansas City,MO,Jackson,(816) 256-3582,,General,1100 Main St,64105,Kansas City,4
Wright Green & Baughman,http://www.wgblaw.com,,,Kansas City,MO,Jackson,(816) 373-2755,,Personal Injury,4959 NE Goodview Cir,64064,Kansas City,5
Wrisinger Law Firm,http://www.wrisingerlaw.com,,,Kansas City,MO,Jackson,(816) 251-4624,,Personal Injury,"200 NE Missouri Rd #200, Lees Summit, MO 64086",64086,Kansas City,5
"Your Traffic Ticket Lawyer, LLC",https://yourtrafficticketlawyer.com/?utm_source=google-local&utm_medium=organic&utm_campaign=1619,https://www.google.com/maps/place/?q=place_id:ChIJvWX_qL_vwIcRPitwFZ5Pw7s,,Kansas City,MO,Jackson,(816) 897-3381,,Criminal Defense,4717 Grand Ave # 300,64112,Kansas City,5
Zarate Daniel,https://www.courts.mo.gov/page.jsp?id=158874,https://www.google.com/maps/place/?q=place_id:ChIJMXvddb7wwIcRHv2E0evW6WM,,Kansas City,MO,Jackson,(816) 221-6042,,General,221 E 11th St,64106,Kansas City,4
Zeiler Law Firm LC,,,,Kansas City,MO,Jackson,(816) 988-7215,,General,325 NE Hidden Valley Way,64064,Kansas City,4
benton lloyd & chung,http://blcfirm.com/contact/,https://www.google.com/maps/place/?q=place_id:ChIJq6rqw0PwwIcRHy8FdrbiRgo,,Kansas City,MO,Jackson,(816) 588-6825,shomari@blcfirm.com,Business Law,208 W 19 St,64108,Kansas City,2
Aaron L Love Law Office,http://lovelawgroup.com/,https://www.google.com/maps/place/?q=place_id:ChIJq3T8i2EewYcR6CzLhw_0YSI,,Lee's Summit,MO,Jackson,(816) 554-3330,planning@lovelawgroup.com,Medical Malpractice,3435 NE Ralph Powell Rd,64064,Kansas City,5
Attorney Mike Reneau,http://www.mikereneau.com/,https://www.google.com/maps/place/?q=place_id:ChIJVYz67HoewYcR6cLTh5mGaBg,,Lee's Summit,MO,Jackson,(816) 434-6200,mreneau@reneaulawoffice.com,Personal Injury,3720 NE Troon Dr,64064,Kansas City,5
Barnds Law,https://www.barndslaw.com/,https://www.google.com/maps/place/?q=place_id:ChIJd3FrXJEfwYcRERaT8Z9NFaU,,Lee's Summit,MO,Jackson,(913) 514-0909,,Criminal Defense,3300 NE Ralph Powell Rd,64064,Kansas City,5
"Bushyhead, LLC",http://www.bushyheadlaw.com/,https://www.google.com/maps/place/?q=place_id:ChIJzewZsowfwYcR8Qorl5E2uzY,,Lee's Summit,MO,Jackson,(816) 207-6032,stephanie@bushyheadlaw.com,Business Law,315 SE Main St #1400,64063,Kansas City,2
Cain & Cain,http://www.cainandcain.com/,https://www.google.com/maps/place/?q=place_id:ChIJwcaq5TIcwYcRNESGnANb6s8,,Lee's Summit,MO,Jackson,(816) 795-7714,randy@cainandcain.com,Personal Injury,200 NE Missouri Rd Suit 200,64086,Kansas City,5
"Chinnery Evans & Nail, P.C.",https://www.chinnery.com/,https://www.google.com/maps/place/?q=place_id:ChIJQ8MasWAewYcRkaSn8AWFcsk,,Lee's Summit,MO,Jackson,(816) 525-2050,info@chinnery.com,Estate Planning,800 NE Vanderbilt Ln,64064,Kansas City,2
Cynthia M. Dodge LLC,,https://www.google.com/maps/place/?q=place_id:ChIJC7oCu_QfwYcR1J1bmi62W2c,,Lee's Summit,MO,Jackson,(816) 246-9200,,Criminal Defense,312 SW Greenwich Dr #10,64082,Kansas City,5
"David M. Lurie, Criminal Defense Attorney",https://www.the-law.com/?npcmp=dir:local:4244112:64063,https://www.google.com/maps/place/?q=place_id:ChIJ2QztktkfwYcRwXaGQ68uUc8,,Lee's Summit,MO,Jackson,(816) 525-1500,,Criminal Defense,688 SE Bayberry Ln STE 105,64063,Kansas City,5
Gedbaw Law Firm,https://gedbawlaw.com/,https://www.google.com/maps/place/?q=place_id:ChIJS4dycrQbwYcRRsHzJrXO3lw,,Lee's Summit,MO,Jackson,(816) 379-5329,jgedbaw@gedbawlawfirm.com,Criminal Defense,618 SE 4th St Suite 204,64063,Kansas City,5
Geib Law Group,https://www.geiblaw.com/,https://www.google.com/maps/place/?q=place_id:ChIJt0xUGhodwYcR8mNW9uhu0qw,,Lee's Summit,MO,Jackson,(816) 908-9676,info@geiblaw.com,Personal Injury,4971 NE Goodview Cir suite b,64064,Kansas City,5
Gilmore Law Firm,https://www.midwestattorneys.com/,https://www.google.com/maps/place/?q=place_id:ChIJ7Tqrn4wfwYcRvnMRVPofagc,,Lee's Summit,MO,Jackson,(816) 524-0404,mark@midwestattorneys.com,Personal Injury,332 SE Douglas St,64063,Kansas City,5
J. D. Williamson Mediation & Dispute Resolution,,https://www.google.com/maps/place/?q=place_id:ChIJ70JpS70YwYcRus2GQg8R-Rc,,Lee's Summit,MO,Jackson,(816) 898-4808,,Criminal Defense,10821 Milton Thompson Rd,64104,Kansas City,5
James R. Anderson Attorney at Law,,https://www.google.com/maps/place/?q=place_id:ChIJV13gMfUfwYcRx9howmrjcWg,,Lee's Summit,MO,Jackson,(816) 524-1022,,Criminal Defense,2800 SE Ranson Rd,64082,Kansas City,5
"Jennifer Ward McKenna, Attorney at Law",https://jennifermckennalaw.com/,https://www.google.com/maps/place/?q=place_id:ChIJjyMJO78fwYcRRQvsP3Mywmc,,Lee's Summit,MO,Jackson,(816) 929-8089,Jennifer@JWMLaw.net,Medical Malpractice,3500 NE Ralph Powell Rd,64064,Kansas City,5
KC Elder Law,http://www.kcelderlaw.com/,https://www.google.com/maps/place/?q=place_id:ChIJQ9XI2bUfwYcRpedDIJ63E8U,,Lee's Summit,MO,Jackson,(816) 220-4119,contact@kcelderlaw.com,Medical Malpractice,301 NE Mulberry St #204,64086,Kansas City,5
"Kapke Willerth, LLC",http://www.kapkewillerth.com/,https://www.google.com/maps/place/?q=place_id:ChIJBft-IGEewYcR6KR5aDd2Xzw,,Lee's Summit,MO,Jackson,(816) 461-3800,kwlawkc@kwlawkc.com,Personal Injury,3304 NE Ralph Powell Rd,64064,Kansas City,5
"Keefe Family Law, LLC",http://keefefamilylaw.com/,https://www.google.com/maps/place/?q=place_id:ChIJD-bz6DIhwYcRIO8Gef-ocAE,,Lee's Summit,MO,Jackson,(816) 974-0689,kkeefe@keefefamilylaw.com,Family Law,3500 NE Ralph Powell Rd Ste A,64064,Kansas City,4
Kelly & Jansen LLC,https://www.mokanlegal.com/,https://www.google.com/maps/place/?q=place_id:ChIJIeEOf_MfwYcRJM34XFazeB0,,Lee's Summit,MO,Jackson,(816) 347-1818,dave@mokanlegal.com,Personal Injury,114 SW 3rd St,64063,Kansas City,5
Lauber Municipal Law,http://www.laubermunicipallaw.com/,https://www.google.com/maps/place/?q=place_id:ChIJAQAAAIQfwYcR7Tmq15viHrM,,Lee's Summit,MO,Jackson,(816) 525-7881,,Business Law,4031 NE Lakewood Way,64064,Kansas City,2
"Law Office of Camron Hoorfar, PC",http://www.kclegalteam.com/,https://www.google.com/maps/place/?q=place_id:ChIJ8WlfovMfwYcRE2mQQtKa9XI,,Lee's Summit,MO,Jackson,(816) 524-4949,,Criminal Defense,202 SW Market St,64063,Kansas City,5
Law Office of J. Denise Carter,https://www.carterputnam.com/?npcmp=dir:local:4839070:64063,https://www.google.com/maps/place/?q=place_id:ChIJLSeFruIfwYcRe-HLc_j0Swc,,Lee's Summit,MO,Jackson,(816) 246-8881,,General,211 NW Executive Way suite g,64063,Kansas City,4
"Law Office of Kirby L. Minor, LLC",http://kirbyminor.com/,https://www.google.com/maps/place/?q=place_id:ChIJveyJ7noewYcRX0wg_goR9fg,,Lee's Summit,MO,Jackson,(816) 888-0632,2062d0a4929b45348643784b5cb39c36@sentry.wixpress.com,Family Law,215 SE Douglas St,64063,Kansas City,4
"Law Office of Kristen M. Buzzelli, LLC",https://www.buzzellilaw.com/,https://www.google.com/maps/place/?q=place_id:ChIJ__9b6I8fwYcRwvlPSUU9uBI,,Lee's Summit,MO,Jackson,(816) 581-2020,,Family Law,529 SE 2nd St Suite A,64063,Kansas City,4
Law Quill,http://www.lawquill.com/,https://www.google.com/maps/place/?q=place_id:ChIJRXHYEEYdwYcRDXy5xYOt1v8,,Lee's Summit,MO,Jackson,,,General,210 SW Market St Suite 138,64063,Kansas City,4
Lund Law Offices LLC,http://www.lundlawoffices.com/,https://www.google.com/maps/place/?q=place_id:ChIJbfyaeaYfwYcRx2nFAJq6XxQ,,Lee's Summit,MO,Jackson,(816) 875-2380,zach@lundlawoffices.com,Estate Planning,1308 NE Windsor Dr,64086,Kansas City,2
Michael L Gatrost PC,,https://www.google.com/maps/place/?q=place_id:ChIJS_Fo2dcYwYcRSJ8XS-TDaps,,Lee's Summit,MO,Jackson,(816) 554-4555,,Criminal Defense,9203 Cyclone School Rd,64064,Kansas City,5
Miller & Terry Attorneys at Law,http://millerterrylaw.com/,https://www.google.com/maps/place/?q=place_id:ChIJQdJIe4UfwYcRU9z2s2fte7s,,Lee's Summit,MO,Jackson,(816) 524-8718,,General,618 SE 4th St,64063,Kansas City,4
Moehlman Law Firm,https://www.moehlmanlaw.com/,https://www.google.com/maps/place/?q=place_id:ChIJE05Km_4fwYcRKJDa0yXGgZg,,Lee's Summit,MO,Jackson,(816) 272-5301,info@moehlmanlaw.com,Estate Planning,2641 NE McBaine Dr,64064,Kansas City,2
Myers Law Firm,http://www.myersfirm.net/,https://www.google.com/maps/place/?q=place_id:ChIJvyykDbYfwYcR5eou63FoCw8,,Lee's Summit,MO,Jackson,(816) 251-4540,rossmyers.attorney@gmail.com,Criminal Defense,200 NE Missouri Rd Suit 200,64086,Kansas City,5
Paths Law Firm,https://pathslawfirm.com/?utm_source=google&utm_medium=google-business-profile,https://www.google.com/maps/place/?q=place_id:ChIJ9YYWX8wdwYcRR3_o87v3sSI,,Lee's Summit,MO,Jackson,(816) 370-6578,kcmba-logo@2x.png,Medical Malpractice,5008 NE Lakewood Way,64064,Kansas City,5
"Pearson Law, Llc",https://pearsonlawkc.com/contact,https://www.google.com/maps/place/?q=place_id:ChIJA3lY_YAbwYcRA7tuQRN-O3U,,Lee's Summit,MO,Jackson,(816) 866-9700,,General,210 SW Market St #205,64063,Kansas City,4
Ridings Estate Planning Law Firm,https://www.ridingslegal.com/,https://www.google.com/maps/place/?q=place_id:ChIJbYXZuKQfwYcRy_Pg5KU9hUw,,Lee's Summit,MO,Jackson,(816) 774-1002,office@ridingslegal.com,Estate Planning,210 SW Market St Suite 243,64063,Kansas City,2
Shipman Dehardt Law,https://www.shipman-dehardtlaw.com/?utm_source=google-local&utm_medium=organic&utm_campaign=3455,https://www.google.com/maps/place/?q=place_id:ChIJV3wrevMfwYcRiYxlszID5Qc,,Lee's Summit,MO,Jackson,(816) 525-3993,,Criminal Defense,100 SW 3rd St STE C,64063,Kansas City,5
Siegel Family Law,http://www.siegel-family-law.com/,https://www.google.com/maps/place/?q=place_id:ChIJZwdh57kfwYcRrmKdDdM5PXY,,Lee's Summit,MO,Jackson,(816) 836-9950,,General,215 SE Douglas St,64063,Kansas City,4
"Speckman Law, LLC",https://speckmanlawllc.com/,https://www.google.com/maps/place/?q=place_id:ChIJZbEc_g8fwYcRkZeFw4dOl0w,,Lee's Summit,MO,Jackson,(816) 875-6027,jspeckman@speckmanlawllc.com,Family Law,1308 NE Windsor Dr,64086,Kansas City,4
"Stange Law Firm, PC",https://www.stangelawfirm.com/?utm_campaign=gmb,https://www.google.com/maps/place/?q=place_id:ChIJEf3SH78fwYcROTTv0omK3ek,,Lee's Summit,MO,Jackson,(855) 947-4042,chosen-sprite@2x.png,Family Law,256 NE Tudor Rd,64086,Kansas City,4
Stephen Marshall Law,https://stephenmarshalllaw.com/,https://www.google.com/maps/place/?q=place_id:ChIJmbsC1r4fwYcR4Q5EjNzFE0E,,Lee's Summit,MO,Jackson,(816) 592-0724,,Bankruptcy,282 NE Tudor Rd,64086,Kansas City,2
"Stover Law Firm, LLC",http://www.stoverlawfirm.com/,https://www.google.com/maps/place/?q=place_id:ChIJCYKaQPq9wIcRAug1eRgnJWg,,Lee's Summit,MO,Jackson,(816) 778-2992,,Estate Planning,3300 NE Ralph Powell Rd,64064,Kansas City,2
Swisher Law Office and Summit Mediation Services,https://www.michaelpaulswisher.com/contact/,https://www.google.com/maps/place/?q=place_id:ChIJWcf7w5ofwYcRYA13Uzc1gE4,,Lee's Summit,MO,Jackson,(816) 897-6939,,Family Law,304 SE 3rd St,64063,Kansas City,4
Symonds Law Firm,http://symondslawkc.com/,https://www.google.com/maps/place/?q=place_id:ChIJ0wX1XIQfwYcRNFXHyzmr4E8,,Lee's Summit,MO,Jackson,(816) 463-2311,,Personal Injury,114 SW 3rd St,64063,Kansas City,5
The Haggerty Law Firm,https://www.thehaggertylawfirm.com/?utm_campaign=google_business_profile,https://www.google.com/maps/place/?q=place_id:ChIJNfy7HR_gwIcRkMz-slY4O_w,,Lee's Summit,MO,Jackson,(816) 479-6902,,Estate Planning,704 SE 3rd St,64063,Kansas City,2
"The Kuhl Law Firm, LLC",https://www.abekuhl.com/,https://www.google.com/maps/place/?q=place_id:ChIJvcIWMGIewYcRqqPIC5C08XQ,,Lee's Summit,MO,Jackson,(816) 246-9981,,Family Law,3300 NE Ralph Powell Rd,64064,Kansas City,4
"The Law Office of Michael R. Taylor, LLC",https://www.taylordefenselaw.com/,https://www.google.com/maps/place/?q=place_id:ChIJmbsC1r4fwYcRVvtbWQTJF2Y,,Lee's Summit,MO,Jackson,(816) 287-2456,mtaylor@taylordefenselaw.com,Personal Injury,211 NW Executive Way suite g,64063,Kansas City,5
The Law Office of Traci Fann,http://kctrafficattorneys.com/,https://www.google.com/maps/place/?q=place_id:ChIJCYg4WGLwwIcRCmca_tV2VEQ,,Lee's Summit,MO,Jackson,(816) 678-1809,tracifann65@gmail.com,Criminal Defense,211 NW Executive Way suite g,64063,Kansas City,5
"The Stanford Law Firm, LLC",https://www.thestanfordlaw.com/,https://www.google.com/maps/place/?q=place_id:ChIJtSdIxNrvwIcRg7LFBNcmBwk,,Lee's Summit,MO,Jackson,(816) 531-2490,18d2f96d279149989b95faf0a4b41882@sentry-next.wixpress.com,Personal Injury,600 SW Jefferson St Suite 203,64063,Kansas City,5
The Worstell Law Firm,https://www.worstellfirm.com/,https://www.google.com/maps/place/?q=place_id:ChIJw6C24b4fwYcREXK4VfqgZJk,,Lee's Summit,MO,Jackson,(816) 338-7877,,Family Law,218 NE Tudor Rd,64086,Kansas City,4
Weavers Law,http://www.weavers-law.com/,https://www.google.com/maps/place/?q=place_id:ChIJWwrC1xSFuWQRRouEbwYrnTE,,Lee's Summit,MO,Jackson,(816) 200-2215,samantha@weavers-law.com,Family Law,215 SE Douglas St,64063,Kansas City,4
"Williams & Campo, P.C.",http://publiclawfirm.com/,https://www.google.com/maps/place/?q=place_id:ChIJZWlyk2_hwIcR7fAxSUsR6uQ,,Lee's Summit,MO,Jackson,(816) 524-4646,pcampo@publiclawfirm.com,Intellectual Property,200 Unity Cir N Suite G,64086,Kansas City,1
Schnieders Robert H,https://www.bartonhall.net/?npcmp=dir:local:2509058:64075,https://www.google.com/maps/place/?q=place_id:ChIJkUAM84wTwYcRD4RR_TIUz7s,,Oak Grove,MO,Jackson,(816) 690-4111,,Personal Injury,1117 S Broadway,64075,Kansas City,5
Downing and Strickland LLC,http://www.downingandstrickland.com,,,Raytown,MO,Jackson,(816) 353-2242,,Tax Law,10310 E 63rd Ter,64133,Kansas City,2
Geraldine Mims,https://nextdoor.com/pages/mims-law-office-llc-raytown-mo/recommendations/,https://www.google.com/maps/place/?q=place_id:ChIJS3qKkZTjwIcRQjYJ-jix3Xo,,Raytown,MO,Jackson,(816) 356-7997,icon-tag-blue-small@2x.ed634383.png,Real Estate,6220 Blue Ridge Cutoff Suite 200,64133,Kansas City,2
Jeff A Burmeister Law Office,http://renterscashservice.com,https://www.google.com/maps/place/?q=place_id:ChIJA0_VHuDjwIcRRxXcNTzvcHc,,Raytown,MO,Jackson,(816) 353-9700,,General,7300 Raytown Rd,64133,Kansas City,4
Katz Law Firm Lc,http://www.rkatzlaw.com,,,Raytown,MO,Jackson,(816) 931-5040,rkatz@rkatzlaw.com,DUI,7608 Raytown Rd,64138,Kansas City,5
Law Offices of Robert M. Davis,,https://www.google.com/maps/place/?q=place_id:ChIJpZtoqtDjwIcR0r7ghCWHTTo,,Raytown,MO,Jackson,(816) 522-3549,,Criminal Defense,6530 Raytown Rd F,64133,Kansas City,5
Michael W. Hanna Law Office,https://www.hannalegal.com/?utm_source=google-local&utm_medium=organic&utm_campaign=973,https://www.google.com/maps/place/?q=place_id:ChIJ8Ystk7_jwIcRw4k9iG_GxP0,,Raytown,MO,Jackson,(816) 358-5655,,Criminal Defense,10408 E 63 Terrace,64105,Kansas City,5
Morrison Wiley W,,,,Raytown,MO,Jackson,(816) 353-8787,,General,7608 Raytown Rd,64138,Kansas City,4
Odneal Roger D,http://rgneds.com/,https://www.google.com/maps/place/?q=place_id:ChIJYTQJtFjhwIcR46czUKb-kmU,,Raytown,MO,Jackson,(816) 353-8881,,General,7608 Raytown Rd,64138,Kansas City,4
Petrie Jim R,,https://www.google.com/maps/place/?q=place_id:ChIJ5a7yx5XjwIcRzeeT3KUyDZE,,Raytown,MO,Jackson,(816) 353-1102,,Criminal Defense,6119 Blue Ridge Blvd Suite 101,64133,Kansas City,5
Playter Trial Lawyers,https://www.playter.com/,https://www.google.com/maps/place/?q=place_id:ChIJQ9XI2bUfwYcRGwCvG3IB5gI,,Raytown,MO,Jackson,(816) 666-8902,eric@playter.com,Personal Injury,7608 Raytown Rd,64138,Kansas City,5
Stilley Fowler & Stilley,,https://www.google.com/maps/place/?q=place_id:ChIJSeKpj5TjwIcR8QCqeKjKKdw,,Raytown,MO,Jackson,(816) 737-2771,,Criminal Defense,6240 Raytown Rd,64133,Kansas City,5
The Ezeh Law Firm Inc.,http://www.ezehlaw.com/,https://www.google.com/maps/place/?q=place_id:ChIJd10p13zvwIcRf-bLgO5Npyw,,Raytown,MO,Jackson,(816) 822-8088,info@mysite.com,Personal Injury,6225 Raytown Trafficway,64133,Kansas City,5
The Traffic Lawyers of Kopecky Law PA,http://www.kansascitytrafficlawyer.com/,https://www.google.com/maps/place/?q=place_id:ChIJR0J9epbjwIcRTXeZbCddCyE,,Raytown,MO,Jackson,(816) 421-0100,info@kansascitytrafficlawyer.com,Personal Injury,6105 Blue Ridge Blvd,64133,Kansas City,5
Williams Barbara,,https://www.google.com/maps/place/?q=place_id:ChIJAVxx907hwIcRLmXhlj2wzNo,,Raytown,MO,Jackson,(816) 356-9482,,Criminal Defense,9315 E 83rd St,64138,Kansas City,5
"Welch, Robert C",,,,Sugar Creek,MO,Jackson,(816) 252-1795,,General,10703 Anderson Ct,64054,Kansas City,4
