provider_name,website,phone_number,provider_type,city,state,county,street_address,zip_code,email,npi_number
Michael L Ray,https://www.google.com/maps/search/?api=1&query=Michael%20L%20Ray%20Andover%20KS,(316) 361-0620,Chiropractor,Andover,KS,Johnson County,1145 N Andover Rd Ste 109,67002,,1033535695
"Don Reith, Dc, Pa","https://www.google.com/maps/search/?api=1&query=Don+Reith,+Dc,+Pa+De Soto+KS",(913) 583-3700,Chiropractor,De Soto,KS,Johnson County,33255 Lexington Ave Suite B,66018,,1912108531
Beck Chiropractic Center Llc,https://www.google.com/maps/search/?api=1&query=Beck+Chiropractic+Center+Llc+Gardner+KS,(319) 504-5806,Chiropractor,Gardner,KS,Johnson County,969 E Lincoln Ln,66030,,1124788419
"Britney Ward, Chiropractic Doctor",https://www.google.com/maps/search/?api=1&query=Britney%20Ward%2C%20Chiropractic%20Doctor%20Gardner%20KS,(913) 856-7067,Chiropractor,Gardner,KS,Johnson County,122 E Park St,66030,,1821605007
Catalyst Chiropractic Llc,https://catalystchiropractic.org,(913) 286-4968,Chiropractor,Gardner,KS,Johnson County,122 E Park St,66030,,1124618178
Cook Family Chiropractic Inc.,https://cookfamilychiropractic.com,(913) 244-4704,Chiropractor,Gardner,KS,Johnson County,969 E. Lincoln Ln.,66030,,1609061795
"David A Hedman, D.C.",https://www.google.com/maps/search/?api=1&query=David%20A%20Hedman.%20Gardner%20KS,(913) 884-2057,Chiropractor,Gardner,KS,Johnson County,1815 E Santa Fe St,66030,,1386672590
Rentas Holistic Care Llc,https://www.google.com/maps/search/?api=1&query=Rentas+Holistic+Care+Llc+Gardner+KS,(913) 832-3030,Chiropractor,Gardner,KS,Johnson County,550 E. Lakota St.,66030,,1851709562
"Tobi Jeurink, D.C.",https://www.google.com/maps/search/?api=1&query=Tobi%20Jeurink.%20Gardner%20KS,(913) 856-4595,Chiropractor,Gardner,KS,Johnson County,325 E Main St Ste C,66030,,1184784092
"Todd James Winters, D.C.",https://www.google.com/maps/search/?api=1&query=Todd%20James%20Winters.%20Gardner%20KS,(913) 856-8135,Chiropractor,Gardner,KS,Johnson County,802 E Main St,66030,,1033168752
"George Casey Baker, D.C.",https://www.google.com/maps/search/?api=1&query=George%20Casey%20Baker.%20Kansas%20City%20KS,(913) 287-7171,Chiropractor,Kansas City,KS,Johnson County,5435 Kansas Avenue,66106,,1841397387
"Zachary Paul Franz, DC",https://www.google.com/maps/search/?api=1&query=Zachary%20Paul%20Franz%20Kansas%20City%20KS,(913) 308-0402,Chiropractor,Kansas City,KS,Johnson County,7569 State Ave,66112,,1013739721
"Emily Rains, DC, ATC",https://www.google.com/maps/search/?api=1&query=Emily%20Rains%2C%20ATC%20Lawrence%20KS,(785) 856-0825,Chiropractor,Lawrence,KS,Johnson County,4824 Quail Crest Pl Ste A,66049,,1386186419
"Hira Fatima Khan, D.C.",https://www.google.com/maps/search/?api=1&query=Hira%20Fatima%20Khan.%20Lawrence%20KS,(785) 331-4515,Chiropractor,Lawrence,KS,Johnson County,5020 Bob Billings Pkwy Ste B,66049,,1467011338
"Jacob T Holbrooks, DC",https://www.google.com/maps/search/?api=1&query=Jacob%20T%20Holbrooks%20Lawrence%20KS,(785) 832-8700,Chiropractor,Lawrence,KS,Johnson County,1440 Wakarusa Dr Ste 400,66049,,1528924636
"Jon Mccormick, D.C.",https://www.google.com/maps/search/?api=1&query=Jon%20Mccormick.%20Lawrence%20KS,(785) 749-0130,Chiropractor,Lawrence,KS,Johnson County,1104 E 23Rd St,66046,,1295913317
"Kailee Logan, D.C",https://www.google.com/maps/search/?api=1&query=Kailee%20Logan%20Lawrence%20KS,(785) 865-8865,Chiropractor,Lawrence,KS,Johnson County,3801 W 6Th St,66049,,1487357380
"Active Health Chiropractic & Rehab, P.A.","https://www.google.com/maps/search/?api=1&query=Active+Health+Chiropractic+&+Rehab,+P.A.+Leawood+KS",(913) 685-2427,Chiropractor,Leawood,KS,Johnson County,5337 W 151St St,66224,,1598808982
"Adam Love, D.C.",https://www.google.com/maps/search/?api=1&query=Adam%20Love.%20Leawood%20KS,(913) 302-6901,Chiropractor,Leawood,KS,Johnson County,4600 College Blvd Suite 105,66211,,1427440106
"Adjust Your Health Chiropractic And Acupuncture, Llc",https://adjustyourhealthchiropractic.com/,(913) 681-7757,Chiropractor,Leawood,KS,Johnson County,4953 W 135Th St,66224,,1215174388
"Amy Jo Bates-Daly, D.C.",https://www.google.com/maps/search/?api=1&query=Amy%20Jo%20Bates-Daly.%20Leawood%20KS,(913) 489-7055,Chiropractor,Leawood,KS,Johnson County,4701 College Blvd Ste 103,66211,,1427359801
Aspire Back Pain & Rehab Clinic,https://aspirechiro.com,(913) 381-2388,Chiropractor,Leawood,KS,Johnson County,8700 State Line Rd Ste 110,66206,,1376554287
Bethesda Chiropractic And Accupuncture Inc,https://bethesdachiropractic.com,(913) 341-1930,Chiropractor,Leawood,KS,Johnson County,"8014 State Line Rd., Suite 101",66208,,1851508931
Bodywerkz Llc,https://www.google.com/maps/search/?api=1&query=Bodywerkz%20Leawood%20KS,(913) 271-4272,Chiropractor,Leawood,KS,Johnson County,11301 Ash St,66211,,1821382300
"Brandon Lee Thomas Van Anne, DC",https://www.google.com/maps/search/?api=1&query=Brandon%20Lee%20Thomas%20Van%20Anne%20Leawood%20KS,(620) 794-5466,Chiropractor,Leawood,KS,Johnson County,7000 W 121St St Ste 100,66209,,1558933887
"Carl S Cleveland Iv, Dc Llc","https://www.google.com/maps/search/?api=1&query=Carl+S+Cleveland+Iv,+Dc+Llc+Leawood+KS",(913) 341-4300,Chiropractor,Leawood,KS,Johnson County,8016 State Line Rd Ste 100,66208,,1578858270
"Catalyst Health Center, Pa",https://catalystchiro.com,(913) 345-9888,Chiropractor,Leawood,KS,Johnson County,12256 State Line Rd,66209,,1538589767
"Chadwick W. Hawk, D.C.",https://www.google.com/maps/search/?api=1&query=Chadwick%20W.%20Hawk.%20Leawood%20KS,(913) 334-7340,Chiropractor,Leawood,KS,Johnson County,4707 College Blvd Ste 106,66211,,1538103445
"Christina Ann Carter, D.C.",https://www.google.com/maps/search/?api=1&query=Christina%20Ann%20Carter.%20Leawood%20KS,(913) 861-7757,Chiropractor,Leawood,KS,Johnson County,4953 W 135Th St,66224,,1184861254
"Dinkel Chiropractic And Acupuncture, Pa",https://dinkelchiropractic.com,(913) 338-0907,Chiropractor,Leawood,KS,Johnson County,5320 W 151St St,66224,,1174897722
Dr Jill Chiropractic And Acupuncture Pa,https://www.google.com/maps/search/?api=1&query=Dr+Jill+Chiropractic+And+Acupuncture+Pa+Leawood+KS,(913) 499-7053,Chiropractor,Leawood,KS,Johnson County,7000 W 121St St Suite 100,66209,,1275927584
"Klancee J Willis Dc, Pa",https://www.google.com/maps/search/?api=1&query=Klancee%20J%20Willis%20Leawood%20KS,(913) 696-9980,Chiropractor,Leawood,KS,Johnson County,13010 State Line Rd,66209,,1801006101
"Klancee Jean Willis, DC",https://www.google.com/maps/search/?api=1&query=Klancee%20Jean%20Willis%20Leawood%20KS,(816) 214-5122,Chiropractor,Leawood,KS,Johnson County,13010 State Line Rd,66209,,1700095619
"Larisa Schabel, DC",https://www.google.com/maps/search/?api=1&query=Larisa%20Schabel%20Leawood%20KS,(913) 345-4840,Chiropractor,Leawood,KS,Johnson County,3601 W 133Rd St,66209,,1982016010
"Lehi B. Swan, D.C.",https://www.google.com/maps/search/?api=1&query=Lehi%20B.%20Swan.%20Leawood%20KS,(913) 239-0202,Chiropractor,Leawood,KS,Johnson County,4835 W 135Th St,66224,,1467643510
Love Chiropractic Llc,https://lovechiropractic.com,(913) 305-3959,Chiropractor,Leawood,KS,Johnson County,4600 College Blvd Suite 105,66211,,1043603301
"Mark T Pfefer, D.C.",https://www.google.com/maps/search/?api=1&query=Mark%20T%20Pfefer.%20Leawood%20KS,(816) 536-5111,Chiropractor,Leawood,KS,Johnson County,4835 W 135Th St,66224,,1215012927
"Matthew John Holman, D.C",https://www.google.com/maps/search/?api=1&query=Matthew%20John%20Holman%20Leawood%20KS,(913) 735-5717,Chiropractor,Leawood,KS,Johnson County,4707 College Blvd Ste 106,66211,,1487159257
"Summit Therapeutic Services, Llc",https://summittherapeuticservices.com,(816) 400-3697,Chiropractor,Leawood,KS,Johnson County,8900 State Line Rd Ste 414,66206,,1841766425
Troy C Peters,https://www.google.com/maps/search/?api=1&query=Troy%20C%20Peters%20Leawood%20KS,(816) 665-3455,Chiropractor,Leawood,KS,Johnson County,12100 State Line Rd,66209,,1902651649
Vital Roots Chiropractic Llc,https://vitalrootschiropractic.com,(913) 754-7004,Chiropractor,Leawood,KS,Johnson County,14300 Kenneth Rd,66224,,1851070155
Adjust To Health Llc,https://adjustchiropractic.com,(913) 299-6000,Chiropractor,Lenexa,KS,Johnson County,8724 Bourgade Ave.,66219,,1982822144
"Andrew Schriever, DC",https://www.google.com/maps/search/?api=1&query=Andrew%20Schriever%20Lenexa%20KS,(913) 322-4100,Chiropractor,Lenexa,KS,Johnson County,11001 Hauser St,66210,,1235883380
Ashley Nicole Collins,https://www.google.com/maps/search/?api=1&query=Ashley%20Nicole%20Collins%20Lenexa%20KS,(913) 776-0469,Chiropractor,Lenexa,KS,Johnson County,9039 Renner Blvd Apt 1706,66219,,1275483240
"Beal Chiropractic, Llc","https://www.google.com/maps/search/?api=1&query=Beal+Chiropractic,+Llc+Lenexa+KS",(913) 687-9948,Chiropractor,Lenexa,KS,Johnson County,10072 Woodland Dr,66220,,1245968163
"Breanna Kay Bezona Rodriguez, DC",https://www.google.com/maps/search/?api=1&query=Breanna%20Kay%20Bezona%20Rodriguez%20Lenexa%20KS,(913) 732-7832,Chiropractor,Lenexa,KS,Johnson County,12351 West 96Th Ter Suite 207,66215,,1104442193
Brenda Casey Chiropractic Pa,https://drbrenda.com,(913) 894-4428,Chiropractor,Lenexa,KS,Johnson County,15545 W 87Th St,66219,,1639342967
Brianna Torres,https://www.google.com/maps/search/?api=1&query=Brianna%20Torres%20Lenexa%20KS,(913) 709-5310,Chiropractor,Lenexa,KS,Johnson County,15545 W 87Th St,66219,,1043169063
"Casey L Merritt, D.C.",https://www.google.com/maps/search/?api=1&query=Casey%20L%20Merritt.%20Lenexa%20KS,(913) 888-6262,Chiropractor,Lenexa,KS,Johnson County,8825 Long St,66215,,1598832388
"Chantel A Sramek Braasch, D.C,, B.S.",https://www.google.com/maps/search/?api=1&query=Chantel%20A%20Sramek%20Braasch%2C%2C%20B.S.%20Lenexa%20KS,(913) 901-7787,Chiropractor,Lenexa,KS,Johnson County,9076 Parkhill St,66215,,1467735613
Chiro One Wellness Center Of Lenexa Llc,https://www.google.com/maps/search/?api=1&query=Chiro+One+Wellness+Center+Of+Lenexa+Llc+Lenexa+KS,(630) 468-1824,Chiropractor,Lenexa,KS,Johnson County,16966 City Center Dr,66219,,1619625480
"Christopher J Timmer, D.C.",https://www.google.com/maps/search/?api=1&query=Christopher%20J%20Timmer.%20Lenexa%20KS,(913) 307-0150,Chiropractor,Lenexa,KS,Johnson County,15203 W 87Th Street Pkwy,66219,,1548370471
"Colt Mangus, DC",https://www.google.com/maps/search/?api=1&query=Colt%20Mangus%20Lenexa%20KS,(913) 308-0300,Chiropractor,Lenexa,KS,Johnson County,16966 City Center Dr,66219,,1023709904
"Connor Thomas, DC",https://www.google.com/maps/search/?api=1&query=Connor%20Thomas%20Lenexa%20KS,(913) 667-9126,Chiropractor,Lenexa,KS,Johnson County,7797 Quivira Rd,66216,,1255923926
Core Element Chiropractic Llc,https://www.google.com/maps/search/?api=1&query=Core+Element+Chiropractic+Llc+Lenexa+KS,(913) 735-9565,Chiropractor,Lenexa,KS,Johnson County,7904 Quivira Rd,66215,,1396569356
Core Medical Center Ks Llc,https://www.google.com/maps/search/?api=1&query=Core+Medical+Center+Ks+Llc+Lenexa+KS,(816) 229-1941,Chiropractor,Lenexa,KS,Johnson County,10951 Lakeview Ave Clinic D,66219,,1215685144
"Dakota Taylor Dixon, DC",https://www.google.com/maps/search/?api=1&query=Dakota%20Taylor%20Dixon%20Lenexa%20KS,(913) 671-9915,Chiropractor,Lenexa,KS,Johnson County,12760 W 87Th Street Pkwy Ste 110,66215,,1942708417
"Dr. Naomi Holloway, Dc Llc",https://drnaomi.com,(913) 732-0410,Chiropractor,Lenexa,KS,Johnson County,8724 Bourgade St,66219,,1184300634
"Emilio A John, D.C., M.S.",https://www.google.com/maps/search/?api=1&query=Emilio%20A%20John.%2C%20M.S.%20Lenexa%20KS,(913) 894-0770,Chiropractor,Lenexa,KS,Johnson County,15545 W. 87Th St. Parkway,66219,,1073669917
Eric J. Thompson D.C. P.A.,https://www.google.com/maps/search/?api=1&query=Eric%20J.%20Thompson.%20P.A.%20Lenexa%20KS,(913) 735-4055,Chiropractor,Lenexa,KS,Johnson County,15301 W 87Th St Suite B20,66219,,1649642232
Explore Motion Pa,https://explorechiropractic.com,(913) 210-1032,Chiropractor,Lenexa,KS,Johnson County,9900 Pflumm Rd Ste 44,66215,,1477393064
"Integrity Chiropractic And Wellness, Llc",https://integritychiropractic.com,(913) 888-2066,Chiropractor,Lenexa,KS,Johnson County,13200 W 95Th St,66215,,1235200890
"Jennifer Marie Skinner, D.C.",https://www.google.com/maps/search/?api=1&query=Jennifer%20Marie%20Skinner.%20Lenexa%20KS,(913) 285-0141,Chiropractor,Lenexa,KS,Johnson County,11261 Strang Line Rd,66215,,1700103074
"Johnathan Chase Carlin, DC",https://www.google.com/maps/search/?api=1&query=Johnathan%20Chase%20Carlin%20Lenexa%20KS,(913) 308-5152,Chiropractor,Lenexa,KS,Johnson County,10127 Stevenson St,66220,,1336752591
"Joshua Michael Isom, D.C",https://www.google.com/maps/search/?api=1&query=Joshua%20Michael%20Isom%20Lenexa%20KS,(719) 369-6968,Chiropractor,Lenexa,KS,Johnson County,7904 Quivira Rd,66215,,1427440064
"Kansas City Health & Wellness Clinic, Pa","https://www.google.com/maps/search/?api=1&query=Kansas+City+Health+&+Wellness+Clinic,+Pa+Lenexa+KS",(913) 393-2222,Chiropractor,Lenexa,KS,Johnson County,10074 Woodland Rd,66220,,1740439355
"Kc Chiro, Llc",https://kcchiro.com,(913) 888-4845,Chiropractor,Lenexa,KS,Johnson County,11001 Hauser St,66210,,1235564899
"Kelly Thomas Baltuska, D.C.",https://www.google.com/maps/search/?api=1&query=Kelly%20Thomas%20Baltuska.%20Lenexa%20KS,(913) 283-9803,Chiropractor,Lenexa,KS,Johnson County,13830 Santa Fe Trail Dr Ste. 102,66215,,1235405507
Made To Move Chiropractic Llc,https://madetomovechiropractic.com,(913) 408-3722,Chiropractor,Lenexa,KS,Johnson County,12760 W 87Th Street Pkwy Ste 110,66215,,1225850332
Mead Family Chiropractic And Acupuncture,https://www.google.com/maps/search/?api=1&query=Mead+Family+Chiropractic+And+Acupuncture+Lenexa+KS,(314) 922-6061,Chiropractor,Lenexa,KS,Johnson County,11946 W 95Th St,66215,,1548527906
Meylor Chiropractic & Acupuncture Pa,https://meylorchiropractic.com,(913) 227-0909,Chiropractor,Lenexa,KS,Johnson County,7922 Quivira Rd,66215,,1710170345
Michael A Spiess Dc Inc,https://drmichael.org,(913) 648-7246,Chiropractor,Lenexa,KS,Johnson County,15203 W 87Th Street Pkwy,66219,,1225067382
"Michael V Merritt, DC",https://www.google.com/maps/search/?api=1&query=Michael%20V%20Merritt%20Lenexa%20KS,(913) 299-4442,Chiropractor,Lenexa,KS,Johnson County,15212 W 91St Ter,66219,,1609887462
"Michael Wayne Hamilton, DC",https://www.google.com/maps/search/?api=1&query=Michael%20Wayne%20Hamilton%20Lenexa%20KS,(913) 541-1919,Chiropractor,Lenexa,KS,Johnson County,15545 W 87Th St Pkwy,66219,,1841339611
"Midwest Health, Inc.",https://midwesthealth.com,(913) 492-9290,Chiropractor,Lenexa,KS,Johnson County,9770 Quivira Rd,66215,,1063697761
Mitchell Chiropractic And Wellness Center Llc,https://mitchellchiropractic.com,(913) 948-5203,Chiropractor,Lenexa,KS,Johnson County,9456 Renner Blvd,66219,,1780920793
"Natalie Silva, D.C.",https://www.google.com/maps/search/?api=1&query=Natalie%20Silva.%20Lenexa%20KS,(636) 734-2503,Chiropractor,Lenexa,KS,Johnson County,12351 W 96Th Ter Ste 200,66215,,1225586787
"Noah Suter, D.C.",https://www.google.com/maps/search/?api=1&query=Noah%20Suter.%20Lenexa%20KS,(913) 491-6300,Chiropractor,Lenexa,KS,Johnson County,11252 Strang Line Rd,66215,,1346627981
Rachel Porter,https://www.google.com/maps/search/?api=1&query=Rachel%20Porter%20Lenexa%20KS,(913) 952-4223,Chiropractor,Lenexa,KS,Johnson County,10144 Theden Cir,66220,,1912384926
"Robert A Roberson, DC",https://www.google.com/maps/search/?api=1&query=Robert%20A%20Roberson%20Lenexa%20KS,(479) 422-8147,Chiropractor,Lenexa,KS,Johnson County,15545 W 87Th Street Pkwy,66219,,1033964093
"Sabra Danae Coop, D.C.",https://www.google.com/maps/search/?api=1&query=Sabra%20Danae%20Coop.%20Lenexa%20KS,(316) 737-8041,Chiropractor,Lenexa,KS,Johnson County,9151 Caenen Lake Rd,66215,,1467917484
"Sara Michelle Mitchell, D.C.",https://www.google.com/maps/search/?api=1&query=Sara%20Michelle%20Mitchell.%20Lenexa%20KS,(913) 948-5230,Chiropractor,Lenexa,KS,Johnson County,9456 Renner Blvd,66219,,1518914548
"Shawn Allen Herrman, DC",https://www.google.com/maps/search/?api=1&query=Shawn%20Allen%20Herrman%20Lenexa%20KS,(785) 259-4271,Chiropractor,Lenexa,KS,Johnson County,8105 Halsey St,66215,,1356094981
Speer Chiropractic Pa,https://speerchiro.com,(913) 310-9036,Chiropractor,Lenexa,KS,Johnson County,13624 W 95Th St,66215,,1831323237
Tarry Chiropractic Llc,https://tarrychiro.com,(913) 400-2014,Chiropractor,Lenexa,KS,Johnson County,13000 W 87Th Street Pkwy Ste 105,66215,,1710739412
"Ted Duane Bender, D.C.",https://www.google.com/maps/search/?api=1&query=Ted%20Duane%20Bender.%20Lenexa%20KS,(913) 636-4197,Chiropractor,Lenexa,KS,Johnson County,15545 W 87Th St,66219,,1205020906
"Terran Broom, DC",https://www.google.com/maps/search/?api=1&query=Terran%20Broom%20Lenexa%20KS,(913) 547-5911,Chiropractor,Lenexa,KS,Johnson County,12760 W 87Th Street Pkwy Ste 110,66215,,1003763681
Wickham Chiropractic Pa,https://wickhamchiropractic.com,(913) 438-1115,Chiropractor,Lenexa,KS,Johnson County,13424 Santa Fe Trail Dr,66215,,1972368843
Wolverton Family Chiropractic Llc.,https://wolvertonchiropractic.com,(913) 738-9322,Chiropractor,Lenexa,KS,Johnson County,12760 W 87Th Street Pkwy Ste 110,66215,,1063865236
Woodland Chiropractic And Wellness Llc,https://woodlandchiropractic.com,(913) 839-4150,Chiropractor,Lenexa,KS,Johnson County,10072 Woodland Rd,66220,,1295478626
"Cole J Stephens, D.C.",https://www.google.com/maps/search/?api=1&query=Cole%20J%20Stephens.%20Merriam%20KS,(913) 787-2977,Chiropractor,Merriam,KS,Johnson County,6301 Antioch Rd,66202,,1669777413
"Kimberly K. Shara, D.C., Inc.",https://www.google.com/maps/search/?api=1&query=Kimberly%20K.%20Shara..%20Merriam%20KS,(913) 432-9012,Chiropractor,Merriam,KS,Johnson County,6220 Antioch Rd Ste 100,66202,,1912159021
Merriam Chiropractic Center Llc,https://www.google.com/maps/search/?api=1&query=Merriam+Chiropractic+Center+Llc+Merriam+KS,(913) 232-7588,Chiropractor,Merriam,KS,Johnson County,5103 Merriam Dr,66203,,1063825420
"Michael J Shara, D.C.",https://www.google.com/maps/search/?api=1&query=Michael%20J%20Shara.%20Merriam%20KS,(913) 262-4228,Chiropractor,Merriam,KS,Johnson County,6220 Antioch Rd Suite 212,66202,,1215093380
"Vernon Place Preventative Health, Llc",https://vernonchiropractic.com,(913) 839-7352,Chiropractor,Merriam,KS,Johnson County,6301 Antioch Rd,66202,,1952694317
Vita Chiropractic Llc,https://vitachiropractic.com,(913) 308-3888,Chiropractor,Merriam,KS,Johnson County,5620 Antioch Rd,66202,,1275178741
"Andrew S. Bonci, D.C.",https://www.google.com/maps/search/?api=1&query=Andrew%20S.%20Bonci.%20Mission%20KS,(913) 236-9007,Chiropractor,Mission,KS,Johnson County,5830 Woodson Rd Ste 102,66202,,1881877546
"Cherie Wickham, D.C.",https://www.google.com/maps/search/?api=1&query=Cherie%20Wickham.%20Mission%20KS,(913) 339-8432,Chiropractor,Mission,KS,Johnson County,5845 Horton St 104,66202,,1245253202
"Derek Garcia, DC",https://www.google.com/maps/search/?api=1&query=Derek%20Garcia%20Mission%20KS,(913) 428-9270,Chiropractor,Mission,KS,Johnson County,5930 Roe Ave Ste 102,66205,,1356810824
Infinity Associates Inc,https://infinityassociates.com,(913) 432-1972,Chiropractor,Mission,KS,Johnson County,5726 Johnson Dr,66202,,1063639466
"Marcos Lerma, D.C.",https://www.google.com/maps/search/?api=1&query=Marcos%20Lerma.%20Mission%20KS,(913) 236-5030,Chiropractor,Mission,KS,Johnson County,5830 Woodson Rd 102,66202,,1699920785
Meis Chiropractic Pa,https://www.google.com/maps/search/?api=1&query=Meis+Chiropractic+Pa+Mission+KS,(913) 384-5423,Chiropractor,Mission,KS,Johnson County,6005 Martway St Suite 106,66202,,1578848883
Mission Chiropractic Llc,https://missionchiropractic.com,(913) 432-4780,Chiropractor,Mission,KS,Johnson County,6556 Johnson Dr,66202,,1306909114
"Sherri Lynn Scott, D.C.",https://www.google.com/maps/search/?api=1&query=Sherri%20Lynn%20Scott.%20Mission%20KS,(913) 432-3000,Chiropractor,Mission,KS,Johnson County,5830 Woodson Rd Ste. 206,66202,,1558543256
"The Well: Chiropractic And Wellness, Llc","https://www.google.com/maps/search/?api=1&query=The+Well:+Chiropractic+And+Wellness,+Llc+Mission+KS",(620) 228-4323,Chiropractor,Mission,KS,Johnson County,5410 W 58Th Ter,66205,,1669185849
Triforce Chiropractic,https://www.google.com/maps/search/?api=1&query=Triforce+Chiropractic+Mission+KS,(913) 952-7138,Chiropractor,Mission,KS,Johnson County,4730 Lamar Ave,66202,,1336835941
"Ac Chiropractic & Acupuncture, Inc.","https://www.google.com/maps/search/?api=1&query=Ac+Chiropractic+&+Acupuncture,+Inc.+Olathe+KS",(913) 764-2268,Chiropractor,Olathe,KS,Johnson County,1467 E 151St St,66062,,1588946313
Advanced Healthcare & Sports Injury Pa,https://www.google.com/maps/search/?api=1&query=Advanced+Healthcare+&+Sports+Injury+Pa+Olathe+KS,(913) 764-2271,Chiropractor,Olathe,KS,Johnson County,20160 W 153Rd St,66062,,1467724682
"Aleesa Harris, DC",https://www.google.com/maps/search/?api=1&query=Aleesa%20Harris%20Olathe%20KS,(913) 689-2333,Chiropractor,Olathe,KS,Johnson County,10454 S Ridgeview Rd,66061,,1306325204
"Align, Llc",https://www.google.com/maps/search/?api=1&query=Align Olathe KS,(913) 322-0251,Chiropractor,Olathe,KS,Johnson County,12744 S. Pflumm Rd,66062,,1538487566
"As Nature Intended, Inc.",https://asnatureintended.com,(913) 219-7244,Chiropractor,Olathe,KS,Johnson County,510 E Spruce St,66061,,1477885440
"Ashley Katherine Brumbaugh, DC",https://www.google.com/maps/search/?api=1&query=Ashley%20Katherine%20Brumbaugh%20Olathe%20KS,(913) 710-7004,Chiropractor,Olathe,KS,Johnson County,17560 W 157Th Ter,66062,,1558619247
"Balanced Care Chiropractic, Llc",https://balancedphysicaltherapy.com,(913) 768-4455,Chiropractor,Olathe,KS,Johnson County,12049 S Strang Line Rd,66062,,1689860686
"Beth D'Anna, D.C.",https://www.google.com/maps/search/?api=1&query=Beth%20D%27Anna.%20Olathe%20KS,(630) 207-1732,Chiropractor,Olathe,KS,Johnson County,14634 S Acuff Ln,66062,,1194031310
Bezanson Health Llc,https://bezansonhealth.com,(913) 513-1663,Chiropractor,Olathe,KS,Johnson County,17795 W 106Th St Ste 200,66061,,1306721923
"Brenda Casey, D.C.",https://www.google.com/maps/search/?api=1&query=Brenda%20Casey.%20Olathe%20KS,(913) 359-3880,Chiropractor,Olathe,KS,Johnson County,17795 W 106Th St Ste 200,66061,,1093739476
"Brett Martin Dworkis, DC, CCSP",https://www.google.com/maps/search/?api=1&query=Brett%20Martin%20Dworkis%2C%20CCSP%20Olathe%20KS,(913) 782-5000,Chiropractor,Olathe,KS,Johnson County,708 S Rogers Rd Suite A,66062,,1881739670
"Cameon Michelle Blake, DC",https://www.google.com/maps/search/?api=1&query=Cameon%20Michelle%20Blake%20Olathe%20KS,(913) 475-5193,Chiropractor,Olathe,KS,Johnson County,1707 E Cedar St Ste 108,66062,,1386130839
"Charles J Droste, D.C.",https://www.google.com/maps/search/?api=1&query=Charles%20J%20Droste.%20Olathe%20KS,(913) 780-6000,Chiropractor,Olathe,KS,Johnson County,450 E Santa Fe St,66061,,1497980692
"Colin Lynn Charles Meyer, D.C.",https://www.google.com/maps/search/?api=1&query=Colin%20Lynn%20Charles%20Meyer.%20Olathe%20KS,(913) 515-5347,Chiropractor,Olathe,KS,Johnson County,16650 S Lackman Rd,66062,,1831556836
"Complete Care Chiropractic Kc, Llc","https://www.google.com/maps/search/?api=1&query=Complete+Care+Chiropractic+Kc,+Llc+Olathe+KS",(913) 815-8076,Chiropractor,Olathe,KS,Johnson County,784 N Ridgeview Rd,66061,,1104378223
"Connor Nace, DC, MS",https://www.google.com/maps/search/?api=1&query=Connor%20Nace%2C%20MS%20Olathe%20KS,(913) 346-3110,Chiropractor,Olathe,KS,Johnson County,17795 W 106Th St Ste 200,66061,,1700663127
Coral Chiropractic Llc,https://coralchiropractic.com,(913) 355-5164,Chiropractor,Olathe,KS,Johnson County,17795 W 106Th St Ste 200,66061,,1104776095
"Coulter Chiropractic, Pllc",https://coulterchiropractic.com,(913) 829-2225,Chiropractor,Olathe,KS,Johnson County,15979 S Bradley Dr,66062,,1013205012
"David Anthony Yoo, D.C.",https://www.google.com/maps/search/?api=1&query=David%20Anthony%20Yoo.%20Olathe%20KS,(913) 375-7357,Chiropractor,Olathe,KS,Johnson County,12968 S Summit St,66062,,1235351057
"Decker Chiropractic Walk-In-Care, Pa",https://deckerchiropractic.com,(913) 829-5111,Chiropractor,Olathe,KS,Johnson County,13025 S Mur Len Rd Suite 100,66062,,1265614010
"Donald Frank Decanio, D.C.",https://www.google.com/maps/search/?api=1&query=Donald%20Frank%20Decanio.%20Olathe%20KS,(913) 530-3347,Chiropractor,Olathe,KS,Johnson County,15261 S Acuff St,66062,,1326176264
"Dulin Chiropractic, Pa","https://www.google.com/maps/search/?api=1&query=Dulin+Chiropractic,+Pa+Olathe+KS",(913) 393-2611,Chiropractor,Olathe,KS,Johnson County,13095 S Mur Len Rd Ste 170,66062,,1275817082
"Eric Richard Hutley, DC",https://www.google.com/maps/search/?api=1&query=Eric%20Richard%20Hutley%20Olathe%20KS,(785) 221-0930,Chiropractor,Olathe,KS,Johnson County,2139 E 151St St,66062,,1972316859
Finan Chiropractic Pa,https://financhiropractic.com,(913) 512-5860,Chiropractor,Olathe,KS,Johnson County,12744 S Pflumm Rd,66062,,1407231640
"Fred Wallace Clarke, D.C.",https://www.google.com/maps/search/?api=1&query=Fred%20Wallace%20Clarke.%20Olathe%20KS,(913) 764-7575,Chiropractor,Olathe,KS,Johnson County,13849 S Mur Len Rd Suite E,66062,,1548292428
Fulk Chiropractic Pa,https://www.fulkchiropractic.com,(913) 764-6237,Chiropractor,Olathe,KS,Johnson County,2110 E Santa Fe,66062,,1174623268
"Gabriel Roberts, D.C",https://www.google.com/maps/search/?api=1&query=Gabriel%20Roberts%20Olathe%20KS,(316) 680-1801,Chiropractor,Olathe,KS,Johnson County,11240 S Strang Line Rd,66062,,1053726935
Goodrum Health Enterprises Pa,https://www.google.com/maps/search/?api=1&query=Goodrum+Health+Enterprises+Pa+Olathe+KS,(913) 390-9355,Chiropractor,Olathe,KS,Johnson County,153 W 151St St Suite 150,66061,,1669613550
Health Strategies Pa,https://healthstrategies.com,(913) 768-0000,Chiropractor,Olathe,KS,Johnson County,2139 E 151St St,66062,,1811181472
Icon Health & Performance Llc,https://www.google.com/maps/search/?api=1&query=Icon+Health+&+Performance+Llc+Olathe+KS,(913) 788-0291,Chiropractor,Olathe,KS,Johnson County,26115 W Valley Pkwy,66061,,1760756498
"Ike Woodroof, D.C.",https://www.google.com/maps/search/?api=1&query=Ike%20Woodroof.%20Olathe%20KS,(913) 735-6351,Chiropractor,Olathe,KS,Johnson County,1463 E 151St St,66062,,1922453604
Jimmie D Williams Iii Dc Pa,https://jimmied.com,(913) 764-9077,Chiropractor,Olathe,KS,Johnson County,14101 S Mur Len Rd,66062,,1437187580
"Karl Eric Wilen, D.C.",https://www.google.com/maps/search/?api=1&query=Karl%20Eric%20Wilen.%20Olathe%20KS,(913) 486-3805,Chiropractor,Olathe,KS,Johnson County,16135 S Cooper St,66062,,1376601237
"Kc Mobile Health, Llc",https://www.google.com/maps/search/?api=1&query=Kc%20Mobile%20Health%20Olathe%20KS,(913) 325-0720,Chiropractor,Olathe,KS,Johnson County,535 W Elm St,66061,,1275098121
"Kc Spine, Llc",https://kcspine.com,(913) 318-3003,Chiropractor,Olathe,KS,Johnson County,1707 E Cedar St Ste 108,66062,,1184100034
"Kevin P. Hilger, D.C.",https://www.google.com/maps/search/?api=1&query=Kevin%20P.%20Hilger.%20Olathe%20KS,(913) 829-1313,Chiropractor,Olathe,KS,Johnson County,1853 S Ridgeview Rd,66062,,1417086851
"Kylie Ann Overbay, DC",https://www.google.com/maps/search/?api=1&query=Kylie%20Ann%20Overbay%20Olathe%20KS,(605) 350-6609,Chiropractor,Olathe,KS,Johnson County,15434 W 128Th St,66062,,1619806957
"Lance Adam Stevenson, D.C.",https://www.google.com/maps/search/?api=1&query=Lance%20Adam%20Stevenson.%20Olathe%20KS,(913) 486-3196,Chiropractor,Olathe,KS,Johnson County,513 N Mur Len Rd Ste A,66062,,1619303716
Lane Chiropractic Center,https://www.google.com/maps/search/?api=1&query=Lane+Chiropractic+Center+Olathe+KS,(913) 764-7722,Chiropractor,Olathe,KS,Johnson County,407 S Clairborne Rd #201,66062,,1487835344
Ll Chiropractic & Acupuncture Llc,https://www.google.com/maps/search/?api=1&query=Ll+Chiropractic+&+Acupuncture+Llc+Olathe+KS,(913) 839-2389,Chiropractor,Olathe,KS,Johnson County,531 N Mur Len Rd Suite A,66062,,1710245477
"Maxwell Ryan Baum, DC",https://www.google.com/maps/search/?api=1&query=Maxwell%20Ryan%20Baum%20Olathe%20KS,(913) 952-0139,Chiropractor,Olathe,KS,Johnson County,12895 S Constance St,66062,,1124758909
"Miller Chiropractic Office, Pa",https://millerchiropractic.com,(913) 782-7260,Chiropractor,Olathe,KS,Johnson County,13470 S Arapaho Dr,66062,,1669666772
"Mills Chiropractic & Wellness Center, P.A.",https://millschiro.com,(913) 764-5900,Chiropractor,Olathe,KS,Johnson County,601 N Mur Len Rd Ste. 19,66062,,1043478746
"Nathan Backer, D.C.",https://www.google.com/maps/search/?api=1&query=Nathan%20Backer.%20Olathe%20KS,(913) 815-3160,Chiropractor,Olathe,KS,Johnson County,12744 S Pflumm Rd,66062,,1700241585
"Nexus Chiropractic And Wellness, Llc",https://nexuschiropractic.com,(913) 712-8581,Chiropractor,Olathe,KS,Johnson County,110 N Cherry St Ste 110,66061,,1144936139
Olathe Chiropractic Llc,https://olathechiropractic.com,(913) 764-9393,Chiropractor,Olathe,KS,Johnson County,16041 S Bradley Dr,66062,,1679933436
Parsons Chiropractic Llc,https://parsonschiropractic.com,(913) 712-7044,Chiropractor,Olathe,KS,Johnson County,12704 S Blackbob Rd,66062,,1548035967
Pulse Chiropractic And Health Care,https://pulsechiropractic.com,(913) 353-6555,Chiropractor,Olathe,KS,Johnson County,513 N Mur Len Rd Ste B,66062,,1093193450
Pure Balance Family Chiropractic Llc,https://www.google.com/maps/search/?api=1&query=Pure+Balance+Family+Chiropractic+Llc+Olathe+KS,(913) 538-1582,Chiropractor,Olathe,KS,Johnson County,601 N Mur Len Rd Ste 5,66062,,1356819395
"Rayford Wesley Hembree, D.C.",https://www.google.com/maps/search/?api=1&query=Rayford%20Wesley%20Hembree.%20Olathe%20KS,(913) 390-5533,Chiropractor,Olathe,KS,Johnson County,535 N Mur Len Rd,66062,,1184887465
"Realign Kc Chiropractic, Llc",https://realignchiropractic.com,(913) 485-6401,Chiropractor,Olathe,KS,Johnson County,14949 W 124Th Ter,66062,,1124566088
Ridgeview Chiropractic Llc,https://ridgeviewchiropractic.com,(913) 890-7370,Chiropractor,Olathe,KS,Johnson County,17775 W 106Th St Ste 105,66061,,1114226420
"Robert Scott Bonebrake, DC",https://www.google.com/maps/search/?api=1&query=Robert%20Scott%20Bonebrake%20Olathe%20KS,(913) 764-0833,Chiropractor,Olathe,KS,Johnson County,140 S Parker,66061,,1558420497
"Scott Chorny, D.C.",https://www.google.com/maps/search/?api=1&query=Scott%20Chorny.%20Olathe%20KS,(913) 390-4800,Chiropractor,Olathe,KS,Johnson County,801 N. Mur-Len Road Suite 102,66062,,1255427720
"Scott Randall Knight, D.C.",https://www.google.com/maps/search/?api=1&query=Scott%20Randall%20Knight.%20Olathe%20KS,(913) 829-4555,Chiropractor,Olathe,KS,Johnson County,14006 W 135Th St,66062,,1669424594
Seoul Chiropractic Llc,https://seoulchiropractic.com,(913) 333-7550,Chiropractor,Olathe,KS,Johnson County,15140 S Keeler St Ste A,66062,,1295500700
"Spurgeon Chiropractic Clinic, Llc",https://www.google.com/maps/search/?api=1&query=Spurgeon%20Chiropractic%20Clinic%20Olathe%20KS,(913) 353-6655,Chiropractor,Olathe,KS,Johnson County,450 E Santa Fe St,66061,,1316478944
"Stacy Korrine Jimenez, D.C.",https://www.google.com/maps/search/?api=1&query=Stacy%20Korrine%20Jimenez.%20Olathe%20KS,(913) 730-1800,Chiropractor,Olathe,KS,Johnson County,18122 W 119Th St,66061,,1447672043
"Stephanie Lynn Mealman, D.C.",https://www.google.com/maps/search/?api=1&query=Stephanie%20Lynn%20Mealman.%20Olathe%20KS,(913) 764-2850,Chiropractor,Olathe,KS,Johnson County,890 S Chestnut St,66061,,1780800656
"Stevenson Family Chiropractic, Llc",https://stevensonfamilychiropractic.com,(913) 313-1032,Chiropractor,Olathe,KS,Johnson County,513 N Mur Len Rd Ste A,66062,,1346677218
"Summit Chiropractic, Llc","https://www.google.com/maps/search/?api=1&query=Summit+Chiropractic,+Llc+Olathe+KS",(913) 440-4142,Chiropractor,Olathe,KS,Johnson County,801 N Mur Len Rd Ste 103,66062,,1790286391
"Sylvia Vallotton, D.C.",https://www.google.com/maps/search/?api=1&query=Sylvia%20Vallotton.%20Olathe%20KS,(913) 397-8378,Chiropractor,Olathe,KS,Johnson County,113 N Chester St,66061,,1902040785
"Tanya Denille Schupbach, DC",https://www.google.com/maps/search/?api=1&query=Tanya%20Denille%20Schupbach%20Olathe%20KS,(913) 764-2525,Chiropractor,Olathe,KS,Johnson County,1500 Kansas City Rd Ste 50 Family Chiropractic Care,66061,,1669571717
"Tim Bhakta, Pa","https://www.google.com/maps/search/?api=1&query=Tim+Bhakta,+Pa+Olathe+KS",(913) 397-6900,Chiropractor,Olathe,KS,Johnson County,401 S Clairborne Rd Ste 202,66062,,1609811819
"Timothy Dearmond, D.C.",https://www.google.com/maps/search/?api=1&query=Timothy%20Dearmond.%20Olathe%20KS,(913) 859-9135,Chiropractor,Olathe,KS,Johnson County,10528 S Ridgeview Rd,66061,,1952709024
"Toby Alexander Scott, DC",https://www.google.com/maps/search/?api=1&query=Toby%20Alexander%20Scott%20Olathe%20KS,(913) 393-1303,Chiropractor,Olathe,KS,Johnson County,15211 S Blackbob Rd,66062,,1154594026
"Todd Williams, D.C.",https://www.google.com/maps/search/?api=1&query=Todd%20Williams.%20Olathe%20KS,(913) 579-0491,Chiropractor,Olathe,KS,Johnson County,14006 W 135Th St,66062,,1699105791
Trajectory Spine And Strength,https://www.google.com/maps/search/?api=1&query=Trajectory%20Spine%20And%20Strength%20Olathe%20KS,(913) 904-8605,Chiropractor,Olathe,KS,Johnson County,19915 W 161St St,66062,,1255924536
"Troy I Rockers, D.C.",https://www.google.com/maps/search/?api=1&query=Troy%20I%20Rockers.%20Olathe%20KS,(913) 254-9495,Chiropractor,Olathe,KS,Johnson County,501 N Mur Len Rd Suite A,66062,,1164404083
Unruh Chiropractic & Wellness Pllc,https://unruhchiropractic.com,(913) 440-0333,Chiropractor,Olathe,KS,Johnson County,1815 S Ridgeview Rd,66062,,1265980130
Well Balanced Llc,https://wellbalanced.com,(913) 333-0618,Chiropractor,Olathe,KS,Johnson County,511 N Mur Len Rd Ste B,66062,,1811495203
"William Robert Mccoy, DC",https://www.google.com/maps/search/?api=1&query=William%20Robert%20Mccoy%20Olathe%20KS,(913) 780-6879,Chiropractor,Olathe,KS,Johnson County,15579 W 141St,66062,,1609099332
Woodroof Chiropractic And Acupuncture Llc,https://woodroofchiro.com,(816) 506-0546,Chiropractor,Olathe,KS,Johnson County,1497 E 151St St,66062,,1467800094
"Brent L Kesler, D.C.",https://www.google.com/maps/search/?api=1&query=Brent%20L%20Kesler.%20Ottawa%20KS,(785) 242-9393,Chiropractor,Ottawa,KS,Johnson County,112 E 17Th St,66067,,1689675704
"Hall Chiropractic Center, Pa",https://hallchiropracticcenter.com,(785) 242-6444,Chiropractor,Ottawa,KS,Johnson County,137 S Main St,66067,,1760554497
"Jordan Warner, DC",https://www.google.com/maps/search/?api=1&query=Jordan%20Warner%20Ottawa%20KS,(913) 549-7967,Chiropractor,Ottawa,KS,Johnson County,343 W 23Rd St Ste 4,66067,,1851059992
Tanner Christensen Chiropractic Llc,https://tannerchristensenchiropractic.com,(913) 424-0324,Chiropractor,Ottawa,KS,Johnson County,343 W 23Rd St Ste 4,66067,,1841840576
Abundant Life Wellness Center,https://abundantlifewellnesscenter.com,(913) 345-2221,Chiropractor,Overland Park,KS,Johnson County,10709 Barkley St Suite A,66211,,1205938370
"Active Care Chiropractic, Inc.",https://activecarechiropractic.com,(913) 341-2900,Chiropractor,Overland Park,KS,Johnson County,7811 Marty St,66204,,1215975131
Active Family Chiropractic Llc,https://activefamilychiropractic.com,(913) 681-6013,Chiropractor,Overland Park,KS,Johnson County,8917 W 135Th St,66221,,1952766750
Acute Spinal Rehab Pa,https://acutespinalrehab.com,(913) 948-6565,Chiropractor,Overland Park,KS,Johnson County,7555 W 150Th Street,66223,,1861812869
"Advanced Chiropractic Techniques, Pa","https://www.google.com/maps/search/?api=1&query=Advanced+Chiropractic+Techniques,+Pa+Overland Park+KS",(913) 962-1300,Chiropractor,Overland Park,KS,Johnson County,6901 Shawnee Mission Pkwy Suite 100,66202,,1346439304
"Advanced Sports And Family Chiropractic, Llc","https://www.google.com/maps/search/?api=1&query=Advanced+Sports+And+Family+Chiropractic,+Llc+Overland Park+KS",(913) 643-1771,Chiropractor,Overland Park,KS,Johnson County,12643 Metcalf Ave,66213,,1376710293
Albright Family Chiropractic And Acupuncture Pa,https://dralbright.com,(913) 685-0950,Chiropractor,Overland Park,KS,Johnson County,7811 W 151St St,66223,,1003011032
"Alize Amanda Tovar, DC",https://www.google.com/maps/search/?api=1&query=Alize%20Amanda%20Tovar%20Overland%20Park%20KS,(913) 499-8103,Chiropractor,Overland Park,KS,Johnson County,6025 Metcalf Ln Ste 100,66202,,1760315220
Amina Karim,https://www.google.com/maps/search/?api=1&query=Amina%20Karim%20Overland%20Park%20KS,(913) 961-2391,Chiropractor,Overland Park,KS,Johnson County,7905 Santa Fe Dr,66204,,1568900041
Anderson Allied Physical Medicine Llc,https://www.google.com/maps/search/?api=1&query=Anderson+Allied+Physical+Medicine+Llc+Overland Park+KS,(913) 649-4045,Chiropractor,Overland Park,KS,Johnson County,11081 Antioch Rd,66210,,1285652040
"Andrew Hall, D.C.",https://www.google.com/maps/search/?api=1&query=Andrew%20Hall.%20Overland%20Park%20KS,(978) 646-0010,Chiropractor,Overland Park,KS,Johnson County,8665 W 96Th St Ste 203,66212,,1104961705
"Andrew Jeffrey Clark, DC",https://www.google.com/maps/search/?api=1&query=Andrew%20Jeffrey%20Clark%20Overland%20Park%20KS,(913) 340-9900,Chiropractor,Overland Park,KS,Johnson County,6355 W 110Th St,66211,,1588156509
"Angela Samuelson, DC",https://www.google.com/maps/search/?api=1&query=Angela%20Samuelson%20Overland%20Park%20KS,(913) 234-0700,Chiropractor,Overland Park,KS,Johnson County,10850 Lowell Ave,66210,,1619355278
Anthony Liperuote Chiropractic Llc,https://anthonychiropractic.com,(913) 685-0023,Chiropractor,Overland Park,KS,Johnson County,14331 Metcalf Ave,66223,,1710864004
"Anthony Marcus Rostberg, D.C.",https://www.google.com/maps/search/?api=1&query=Anthony%20Marcus%20Rostberg.%20Overland%20Park%20KS,(913) 381-9355,Chiropractor,Overland Park,KS,Johnson County,10520 Barkley St Ste 9,66212,,1265659882
Ardent Family Chiropractic Llc,https://ardentfamilychiropractic.com,(913) 208-2911,Chiropractor,Overland Park,KS,Johnson County,12631 Antioch Rd,66213,,1225728702
Authentic Life,https://www.google.com/maps/search/?api=1&query=Authentic%20Life%20Overland%20Park%20KS,(913) 563-4621,Chiropractor,Overland Park,KS,Johnson County,11960 West 119Th Street,66213,,1437666914
Back On Track Chiropractic & Acupuncture Llc,https://www.google.com/maps/search/?api=1&query=Back+On+Track+Chiropractic+&+Acupuncture+Llc+Overland Park+KS,(913) 276-0508,Chiropractor,Overland Park,KS,Johnson County,9904 College Blvd,66210,,1003469529
Back To Health,https://backtohealth.com,(913) 469-4045,Chiropractor,Overland Park,KS,Johnson County,11081 Antioch Rd,66210,,1881738821
Balanced Body Chiropractic Llc,https://balancedbodychiropractic.com,(913) 278-5433,Chiropractor,Overland Park,KS,Johnson County,15053 Nall Ave,66223,,1013031202
"Benjamin Allan Henning, D.C.",https://www.google.com/maps/search/?api=1&query=Benjamin%20Allan%20Henning.%20Overland%20Park%20KS,(913) 424-3811,Chiropractor,Overland Park,KS,Johnson County,9337 W 75Th St,66204,,1558326447
"Bergner Chiropractic, Llc",https://bergnerchiro.com,(913) 261-9015,Chiropractor,Overland Park,KS,Johnson County,7520 Shawnee Mission Pkwy Ste G,66202,,1093573859
Bestlifechiropractic Llc,https://bestlifechiropractic.com,(913) 689-8529,Chiropractor,Overland Park,KS,Johnson County,14864 Metcalf Ave,66223,,1588541486
"Beth Ann Carleo, D.C.",https://www.google.com/maps/search/?api=1&query=Beth%20Ann%20Carleo.%20Overland%20Park%20KS,(913) 234-0645,Chiropractor,Overland Park,KS,Johnson County,10850 Lowell Avenue,66210,,1346558582
Bigby Family Chiropractic Llc,https://drbigby.com,(913) 214-2910,Chiropractor,Overland Park,KS,Johnson County,10628 W 87Th St,66214,,1659146157
Body Logic Llc,https://bodylogic.net,(913) 277-0127,Chiropractor,Overland Park,KS,Johnson County,15445 Metcalf Ave,66223,,1144057498
Body Synergy Wellness Center,https://www.google.com/maps/search/?api=1&query=Body+Synergy+Wellness+Center+Overland Park+KS,(913) 228-1024,Chiropractor,Overland Park,KS,Johnson County,7250 W 151St St,66223,,1881071785
"Brandon Beckerman, D.C.",https://www.google.com/maps/search/?api=1&query=Brandon%20Beckerman.%20Overland%20Park%20KS,(620) 921-0979,Chiropractor,Overland Park,KS,Johnson County,5600 W 95Th St Suite 201,66207,,1588035836
"Brian Heere, DC",https://www.google.com/maps/search/?api=1&query=Brian%20Heere%20Overland%20Park%20KS,(913) 499-1027,Chiropractor,Overland Park,KS,Johnson County,7121 W 95Th St,66212,,1437654712
"Britton James Horton, D.C.",https://www.google.com/maps/search/?api=1&query=Britton%20James%20Horton.%20Overland%20Park%20KS,(913) 808-5245,Chiropractor,Overland Park,KS,Johnson County,14876 Metcalf Ave,66223,,1730580549
Brown Grantham Family Chiropractic Pa,https://brownchiro.com,(913) 685-0022,Chiropractor,Overland Park,KS,Johnson County,12631 Antioch Rd,66213,,1801069927
"Carrington Propes, DC",https://www.google.com/maps/search/?api=1&query=Carrington%20Propes%20Overland%20Park%20KS,(501) 519-4890,Chiropractor,Overland Park,KS,Johnson County,10711 W 173Rd Ter,66221,,1134950298
"Chantiel Dawn Hevel, DC",https://www.google.com/maps/search/?api=1&query=Chantiel%20Dawn%20Hevel%20Overland%20Park%20KS,(785) 577-3179,Chiropractor,Overland Park,KS,Johnson County,6600 College Blvd Ste 135,66211,,1598597700
"Charles E Emms D.C., Pa",https://charlespt.com,(913) 322-4181,Chiropractor,Overland Park,KS,Johnson County,11960 West 119Th Street 11960,66213,,1538427273
Chiro One Wellness Center Of Overland Park North Llc,https://www.google.com/maps/search/?api=1&query=Chiro+One+Wellness+Center+Of+Overland+Park+North+Llc+Overland Park+KS,(913) 730-7999,Chiropractor,Overland Park,KS,Johnson County,9129 Metcalf Ave Ste 9129,66212,,1043903768
Chiropractic Group Of Overland Park Llc,https://www.google.com/maps/search/?api=1&query=Chiropractic+Group+Of+Overland+Park+Llc+Overland Park+KS,(913) 383-2276,Chiropractor,Overland Park,KS,Johnson County,8764 W 95Th St,66212,,1659689180
Chiropractic House Llc,https://chiropractichouse.com,(913) 228-0123,Chiropractor,Overland Park,KS,Johnson County,11709 College Blvd,66210,,1275251423
"Chiropractic Treatment Center, Pa","https://www.google.com/maps/search/?api=1&query=Chiropractic+Treatment+Center,+Pa+Overland Park+KS",(913) 888-3338,Chiropractor,Overland Park,KS,Johnson County,11791 W 112Th St Suite 100,66210,,1417161662
Choice Of Health Pa,https://choiceofhealth.com,(913) 814-0022,Chiropractor,Overland Park,KS,Johnson County,9120 W 135Th Street Suite 205,66221,,1124249321
"Chris Alan Weir, D.C., M..S.",https://www.google.com/maps/search/?api=1&query=Chris%20Alan%20Weir.%2C%20M..S.%20Overland%20Park%20KS,(913) 239-9810,Chiropractor,Overland Park,KS,Johnson County,14310 Metcalf Ave Ste 120,66223,,1770853327
Christian Cook,https://www.google.com/maps/search/?api=1&query=Christian%20Cook%20Overland%20Park%20KS,(913) 808-5579,Chiropractor,Overland Park,KS,Johnson County,13469 Switzer Rd,66213,,1881090603
"Christian Wiltse, DC",https://www.google.com/maps/search/?api=1&query=Christian%20Wiltse%20Overland%20Park%20KS,(913) 257-5627,Chiropractor,Overland Park,KS,Johnson County,9120 Metcalf Ave,66212,,1124602644
"Christina Tiara Ervin, DC",https://www.google.com/maps/search/?api=1&query=Christina%20Tiara%20Ervin%20Overland%20Park%20KS,(913) 851-5188,Chiropractor,Overland Park,KS,Johnson County,9154 W 135Th St,66221,,1982566428
"Christopher C Spachman, DC",https://www.google.com/maps/search/?api=1&query=Christopher%20C%20Spachman%20Overland%20Park%20KS,(913) 385-7676,Chiropractor,Overland Park,KS,Johnson County,4354 W 107Th St,66207,,1164530432
"Christopher Lynn George, DC",https://www.google.com/maps/search/?api=1&query=Christopher%20Lynn%20George%20Overland%20Park%20KS,(913) 303-8727,Chiropractor,Overland Park,KS,Johnson County,7270 W 98Th Ter Ste 230,66212,,1548859754
"Christopher On, DC",https://www.google.com/maps/search/?api=1&query=Christopher%20On%20Overland%20Park%20KS,(515) 745-1745,Chiropractor,Overland Park,KS,Johnson County,6540 W 95Th St Ste 102,66212,,1447964663
"Christopher W Harris, DC",https://www.google.com/maps/search/?api=1&query=Christopher%20W%20Harris%20Overland%20Park%20KS,(913) 499-1010,Chiropractor,Overland Park,KS,Johnson County,10985 Cody St Ste 100,66210,,1902631351
Comfort Chiropractic And Wellness Llc,https://www.drcomfort.com,(913) 341-4325,Chiropractor,Overland Park,KS,Johnson County,10100 W 87Th St Ste 108,66212,,1992958359
"Cornerstone Family Wellness Center, Llc",https://cornerstonechiropractic.com,(913) 492-2225,Chiropractor,Overland Park,KS,Johnson County,11542 W 95Th St,66214,,1699079855
Corrective Care Kc Llc,https://correctivecarekc.com,(913) 344-5012,Chiropractor,Overland Park,KS,Johnson County,6600 College Blvd Ste 100A,66211,,1427886936
"Craig Wayne Storck, D.C.",https://www.google.com/maps/search/?api=1&query=Craig%20Wayne%20Storck.%20Overland%20Park%20KS,(913) 980-9552,Chiropractor,Overland Park,KS,Johnson County,11815 Caenen St,66210,,1912037656
"Dalton Stoss, DC",https://www.google.com/maps/search/?api=1&query=Dalton%20Stoss%20Overland%20Park%20KS,(913) 399-1793,Chiropractor,Overland Park,KS,Johnson County,6511 W 119Th St,66209,,1073498432
"David Charles Commerford, D.C.",https://www.google.com/maps/search/?api=1&query=David%20Charles%20Commerford.%20Overland%20Park%20KS,(913) 681-3500,Chiropractor,Overland Park,KS,Johnson County,8024 W 151St St,66223,,1538356076
"David John Beisiegel, D.C.",https://www.google.com/maps/search/?api=1&query=David%20John%20Beisiegel.%20Overland%20Park%20KS,(913) 649-6677,Chiropractor,Overland Park,KS,Johnson County,10464 Metcalf Ave,66212,,1225178890
"David Nmn Rosas, DC",https://www.google.com/maps/search/?api=1&query=David%20Nmn%20Rosas%20Overland%20Park%20KS,(913) 353-3377,Chiropractor,Overland Park,KS,Johnson County,10841 W 87Th St Ste 200,66214,,1679338867
Davidson Family Chiropractic Llc,https://davidsonchiropractic.com,(731) 414-3241,Chiropractor,Overland Park,KS,Johnson County,7951 West 160Th Street Suite 500,66223,,1073018446
"Davin Darren Anthony Brereton, DC",https://www.google.com/maps/search/?api=1&query=Davin%20Darren%20Anthony%20Brereton%20Overland%20Park%20KS,(913) 795-7127,Chiropractor,Overland Park,KS,Johnson County,10880 Benson Dr Ste 2350,66210,,1275351686
Dawn M Webster Chiropractic Llc,https://www.google.com/maps/search/?api=1&query=Dawn+M+Webster+Chiropractic+Llc+Overland Park+KS,(812) 201-9214,Chiropractor,Overland Park,KS,Johnson County,10880 Benson Dr Ste 2350,66210,,1902404270
"Deborah Nn Bigogno, d.c.",https://www.google.com/maps/search/?api=1&query=Deborah%20Nn%20Bigogno.%20Overland%20Park%20KS,(913) 345-9111,Chiropractor,Overland Park,KS,Johnson County,11791 W 112Th St Ste 103,66210,,1073755229
"Debra K Robertson-Moore, DC",https://www.google.com/maps/search/?api=1&query=Debra%20K%20Robertson-Moore%20Overland%20Park%20KS,(913) 234-0638,Chiropractor,Overland Park,KS,Johnson County,10850 Lowell Ave,66210,,1881890689
Decourcy Chiropractic Clinic Pa,https://www.google.com/maps/search/?api=1&query=Decourcy%20Chiropractic%20Clinic%20Overland%20Park%20KS,(913) 383-3031,Chiropractor,Overland Park,KS,Johnson County,10425 Marty St,66061,,1609070606
"Denton Yager, DC",https://www.google.com/maps/search/?api=1&query=Denton%20Yager%20Overland%20Park%20KS,(816) 752-3460,Chiropractor,Overland Park,KS,Johnson County,6600 College Blvd Ste 135,66211,,1013747666
"Diana Vasselle Mladenoff, DC",https://www.google.com/maps/search/?api=1&query=Diana%20Vasselle%20Mladenoff%20Overland%20Park%20KS,(913) 491-1071,Chiropractor,Overland Park,KS,Johnson County,11021 Metcalf Ave,66210,,1225277940
"Don E Sharnowski, D.C..",https://www.google.com/maps/search/?api=1&query=Don%20E%20Sharnowski..%20Overland%20Park%20KS,(913) 937-9377,Chiropractor,Overland Park,KS,Johnson County,5600 W 95Th St Suite 203,66207,,1033215108
"Donovan James Sutti, DC",https://www.google.com/maps/search/?api=1&query=Donovan%20James%20Sutti%20Overland%20Park%20KS,(913) 940-1161,Chiropractor,Overland Park,KS,Johnson County,7101 W 115Th St Apt 4302,66210,,1477430569
"Dunn Chiropractic, Inc",https://dunnchiropractic.com,(913) 825-9281,Chiropractor,Overland Park,KS,Johnson County,11960 W 119Th St,66213,,1134316151
Dynamic Athletics Health & Performance Institute Llc,https://www.google.com/maps/search/?api=1&query=Dynamic+Athletics+Health+&+Performance+Institute+Llc+Overland Park+KS,(855) 939-6264,Chiropractor,Overland Park,KS,Johnson County,9111 Flint St,66214,,1669729737
Dynamic Spine Inst Llc,https://www.google.com/maps/search/?api=1&query=Dynamic+Spine+Inst+Llc+Overland Park+KS,(913) 296-7070,Chiropractor,Overland Park,KS,Johnson County,13469 Switzer Rd,66213,,1073258703
Eastern Kansas Chiropractic Llc,https://easternchiro.com,(816) 695-4533,Chiropractor,Overland Park,KS,Johnson County,9353 W 75Th St,66204,,1215234067
"Elise Ann Thomson, DC",https://www.google.com/maps/search/?api=1&query=Elise%20Ann%20Thomson%20Overland%20Park%20KS,(816) 305-2414,Chiropractor,Overland Park,KS,Johnson County,7001 W 76Th St Fl 1,66204,,1326994955
"Elizabeth A Fallert, D.C.",https://www.google.com/maps/search/?api=1&query=Elizabeth%20A%20Fallert.%20Overland%20Park%20KS,(913) 706-6929,Chiropractor,Overland Park,KS,Johnson County,8415 W 108Th St Apt C,66210,,1568229615
"Family Health Center, Pa",https://familyhealthcenter.org,(913) 381-5958,Chiropractor,Overland Park,KS,Johnson County,7313 W 79Th St,66204,,1215150214
"First Choice Chiropractic, Pa",https://firstchoicechiropractic.com,(913) 402-7444,Chiropractor,Overland Park,KS,Johnson County,11960 Quivira Rd Suite 200,66213,,1043402563
"Flanery Chiropractic, P.A.",https://flanerychiropractic.com,(913) 402-5759,Chiropractor,Overland Park,KS,Johnson County,6800 W. 138Th Street,66223,,1972806800
Fletcher Chiro Health Llc,https://fletcherchiro.com,(913) 897-2111,Chiropractor,Overland Park,KS,Johnson County,8310 W 151St St,66223,,1659123727
Freedom In Motion Chiropractic Pa,https://freedomchiropractic.com,(913) 894-2070,Chiropractor,Overland Park,KS,Johnson County,10100 W 87Th St Suite 116,66212,,1962788299
"Functional Health Kc, Llc",https://functionalhealthkc.com,(913) 381-0740,Chiropractor,Overland Park,KS,Johnson County,6871 W. 91St St.,66212,,1942384623
"Gayle Mccain, D.C.",https://www.google.com/maps/search/?api=1&query=Gayle%20Mccain.%20Overland%20Park%20KS,(913) 558-9296,Chiropractor,Overland Park,KS,Johnson County,10100 W 87Th St Suite 203,66212,,1609301944
"Grace Brewer, DC",https://www.google.com/maps/search/?api=1&query=Grace%20Brewer%20Overland%20Park%20KS,(913) 648-5700,Chiropractor,Overland Park,KS,Johnson County,7199 W 98Th Ter Suite 150,66212,,1972560134
Green Hills Chiropractic And Acupuncture P.C.,https://greenchiropractic.com,(660) 358-2077,Chiropractor,Overland Park,KS,Johnson County,7905 Santa Fe Dr,66204,,1306086319
Greg Scott Dc Llc,https://gregscott.com,(913) 701-6708,Chiropractor,Overland Park,KS,Johnson County,10100 W 87Th Street Parkway Ste 320,66212,,1417373747
Gulledge Family Wellness P.A.,https://www.google.com/maps/search/?api=1&query=Gulledge%20Family%20Wellness%20P.A.%20Overland%20Park%20KS,(913) 338-1112,Chiropractor,Overland Park,KS,Johnson County,11879 W 112Th St Suite 100,66210,,1568735173
Hackler Chiropractic Pa,https://drhackler.com,(913) 383-3046,Chiropractor,Overland Park,KS,Johnson County,10425 Marty St Suite 100,66212,,1992977318
Harlan Chiropractic And Acupuncture Llc,https://harlanchiropractic.com,(913) 897-8382,Chiropractor,Overland Park,KS,Johnson County,9120 W 135Th St Ste 205,66221,,1396140455
"Health And Wellness Clinic, Llc",https://healthandwellnessclinic.net,(913) 579-1154,Chiropractor,Overland Park,KS,Johnson County,7423 Metcalf Ave,66204,,1679969422
"Heather Lynn Bourdon, D.C.",https://www.google.com/maps/search/?api=1&query=Heather%20Lynn%20Bourdon.%20Overland%20Park%20KS,(913) 239-8501,Chiropractor,Overland Park,KS,Johnson County,9159 W 133Rd St,66213,,1831438647
Henry C Marquardt Dc Llc,https://henrychiropractic.com,(913) 451-7500,Chiropractor,Overland Park,KS,Johnson County,8600 W 110Th St Suite 211,66210,,1255488516
Hope Chiropractic Llc,https://hopechiropractic.com,(913) 725-8735,Chiropractor,Overland Park,KS,Johnson County,8826 Santa Fe Dr Ste 104,66212,,1447883814
"Hope Family Chiropractic, P.A.","https://www.google.com/maps/search/?api=1&query=Hope+Family+Chiropractic,+P.A.+Overland Park+KS",(913) 381-2525,Chiropractor,Overland Park,KS,Johnson County,4687 Indian Creek Pkwy,66207,,1891087243
Huffman Chiropractic And Acupuncture Pa,https://huffmanchiropractic.com,(913) 851-8500,Chiropractor,Overland Park,KS,Johnson County,7811 W 151St St,66223,,1013224955
"Hull Chiropractic Enterprises, Inc","https://www.google.com/maps/search/?api=1&query=Hull+Chiropractic+Enterprises,+Inc+Overland Park+KS",(913) 888-6789,Chiropractor,Overland Park,KS,Johnson County,10251 W 87Th St,66212,,1386863124
"Ian Kipkosgei Kolum, DC",https://www.google.com/maps/search/?api=1&query=Ian%20Kipkosgei%20Kolum%20Overland%20Park%20KS,(913) 265-6650,Chiropractor,Overland Park,KS,Johnson County,9607 W 118Th St Apt 2,66210,,1285591248
Identity Chiropractic Llc,https://identitychiropractic.com,(913) 387-4921,Chiropractor,Overland Park,KS,Johnson County,10410 Mastin St,66212,,1972082188
Ignite Chiropractic And Wellness,https://ignitechiropractic.com,(402) 470-7050,Chiropractor,Overland Park,KS,Johnson County,16082 Metcalf Ave,66085,,1124874854
Impact Health And Performance Llc,https://impactchiropractic.com,(913) 633-3114,Chiropractor,Overland Park,KS,Johnson County,15445 Metcalf Ave,66223,,1962019240
Innate Pa,https://innate.com,(913) 608-5441,Chiropractor,Overland Park,KS,Johnson County,7811 W 151St St,66223,,1710538798
"Integrative Chiropractic Group, Llc",https://integrativechiropractic.com,(913) 215-9212,Chiropractor,Overland Park,KS,Johnson County,5600 W 95Th St Suite 201,66207,,1952760563
"Jalaleddin Zakeri, DC",https://www.google.com/maps/search/?api=1&query=Jalaleddin%20Zakeri%20Overland%20Park%20KS,(913) 908-5900,Chiropractor,Overland Park,KS,Johnson County,7504 W 156 St,66223,,1881068179
"James Michael Heatherman, D.C.",https://www.google.com/maps/search/?api=1&query=James%20Michael%20Heatherman.%20Overland%20Park%20KS,(091) 380-8524,Chiropractor,Overland Park,KS,Johnson County,15040 Newton Dr,66223,,1578984894
"Jason Alan Fechter, DC",https://www.google.com/maps/search/?api=1&query=Jason%20Alan%20Fechter%20Overland%20Park%20KS,(913) 766-2220,Chiropractor,Overland Park,KS,Johnson County,6301 W 135Th St,66223,,1740778372
"Jennifer Santa Maria, D.C.",https://www.google.com/maps/search/?api=1&query=Jennifer%20Santa%20Maria.%20Overland%20Park%20KS,(913) 871-0988,Chiropractor,Overland Park,KS,Johnson County,7398 W 162Nd Ter,66085,,1932563830
"John James Moran, D.C.",https://www.google.com/maps/search/?api=1&query=John%20James%20Moran.%20Overland%20Park%20KS,(913) 642-5857,Chiropractor,Overland Park,KS,Johnson County,6829 W 76Th St,66204,,1932345634
"Jolie Dara Crow, D.C.",https://www.google.com/maps/search/?api=1&query=Jolie%20Dara%20Crow.%20Overland%20Park%20KS,(913) 642-7200,Chiropractor,Overland Park,KS,Johnson County,7211 W 95Th St,66212,,1558669010
"Jonah Dallas Yakel, D.C.",https://www.google.com/maps/search/?api=1&query=Jonah%20Dallas%20Yakel.%20Overland%20Park%20KS,(913) 498-0099,Chiropractor,Overland Park,KS,Johnson County,11791 W 112Th St Suite #102,66210,,1619145026
"Jonathan Lee Roling, DC",https://www.google.com/maps/search/?api=1&query=Jonathan%20Lee%20Roling%20Overland%20Park%20KS,(913) 921-7007,Chiropractor,Overland Park,KS,Johnson County,11818 W 135Th St,66221,,1023642352
"Joshua Whitmore, DC",https://www.google.com/maps/search/?api=1&query=Joshua%20Whitmore%20Overland%20Park%20KS,(913) 424-9141,Chiropractor,Overland Park,KS,Johnson County,12101 W 110Th St Ste 200,66210,,1538780465
Journey Chiropractic Llc,https://journeychiropractic.com,(913) 599-9231,Chiropractor,Overland Park,KS,Johnson County,7418 W 121St St,66213,,1487293734
"K B Smith, D.C., Llc","https://www.google.com/maps/search/?api=1&query=K+B+Smith,+D.C.,+Llc+Overland Park+KS",(913) 648-8111,Chiropractor,Overland Park,KS,Johnson County,9209 W 110Th St Bldg 36,66210,,1891026852
"Kadolph Chiropractic, Llc","https://www.google.com/maps/search/?api=1&query=Kadolph+Chiropractic,+Llc+Overland Park+KS",(816) 806-7178,Chiropractor,Overland Park,KS,Johnson County,10841 W 87Th St Ste 100,66214,,1245793777
Kansas City Pain Management Pa,https://www.google.com/maps/search/?api=1&query=Kansas+City+Pain+Management+Pa+Overland Park+KS,(913) 339-6300,Chiropractor,Overland Park,KS,Johnson County,8500 W 110Th St Suite 525,66210,,1285920041
Kastens Chiropractic Pa,https://www.google.com/maps/search/?api=1&query=Kastens+Chiropractic+Pa+Overland Park+KS,(913) 322-1020,Chiropractor,Overland Park,KS,Johnson County,11960 W 119Th St,66213,,1043459266
"Kathleen Mary Mcgarvey, D.C.",https://www.google.com/maps/search/?api=1&query=Kathleen%20Mary%20Mcgarvey.%20Overland%20Park%20KS,(913) 827-2961,Chiropractor,Overland Park,KS,Johnson County,9140 W 91St Ter,66212,,1790007771
"Katie Marie Muller, DC",https://www.google.com/maps/search/?api=1&query=Katie%20Marie%20Muller%20Overland%20Park%20KS,(913) 232-1445,Chiropractor,Overland Park,KS,Johnson County,9621 W 87Th St,66212,,1871127985
Kc Core Ca Llc,https://www.google.com/maps/search/?api=1&query=Kc+Core+Ca+Llc+Overland Park+KS,(816) 795-5300,Chiropractor,Overland Park,KS,Johnson County,12140 Nall Ave Suite 115,66209,,1609312735
"Kc Spine And Sport, Llc",https://kcspineandsport.com,(913) 766-0054,Chiropractor,Overland Park,KS,Johnson County,8663 W 135Th St,66223,,1679340806
Kcwi Inc,https://www.google.com/maps/search/?api=1&query=Kcwi Overland Park KS,(913) 307-0733,Chiropractor,Overland Park,KS,Johnson County,10628 W 87Th St,66214,,1689030256
"Kelly Christine Mccone, D.C.",https://www.google.com/maps/search/?api=1&query=Kelly%20Christine%20Mccone.%20Overland%20Park%20KS,(913) 825-0887,Chiropractor,Overland Park,KS,Johnson County,10977 Granada Ln Suite 100,66211,,1750442232
"Kenneth Edward Reckelhoff, D.C.",https://www.google.com/maps/search/?api=1&query=Kenneth%20Edward%20Reckelhoff.%20Overland%20Park%20KS,(913) 234-0600,Chiropractor,Overland Park,KS,Johnson County,10850 Lowell Ave,66210,,1588842215
"Kevin Robert Fitzgerald, DC",https://www.google.com/maps/search/?api=1&query=Kevin%20Robert%20Fitzgerald%20Overland%20Park%20KS,(913) 710-5024,Chiropractor,Overland Park,KS,Johnson County,14300 Metcalf Ave Ste 103,66223,,1063745560
"Kevin Stallbaumer, D.C. Llc",https://drkevin.net,(913) 738-6018,Chiropractor,Overland Park,KS,Johnson County,8764 W 95Th St,66212,,1710311998
"Khai Van Huynh, DC",https://www.google.com/maps/search/?api=1&query=Khai%20Van%20Huynh%20Overland%20Park%20KS,(316) 516-2168,Chiropractor,Overland Park,KS,Johnson County,12631 Antioch Rd,66213,,1003448200
"Knudson & Kadolf Wellness Solutions, Inc.",https://drknudson.com,(913) 825-3900,Chiropractor,Overland Park,KS,Johnson County,10841 W 87Th St #200,66214,,1801207691
Krim Chiropractic & Acupuncture Llc,https://www.google.com/maps/search/?api=1&query=Krim+Chiropractic+&+Acupuncture+Llc+Overland Park+KS,(913) 638-9669,Chiropractor,Overland Park,KS,Johnson County,12631 Antioch Rd,66213,,1912358714
"Kyle Brock Rodriguez, DC",https://www.google.com/maps/search/?api=1&query=Kyle%20Brock%20Rodriguez%20Overland%20Park%20KS,(913) 258-5425,Chiropractor,Overland Park,KS,Johnson County,7207 W 110Th St,66210,,1891539201
Laser Chiropractic Llc,https://laserchiropractic.net,(913) 305-3686,Chiropractor,Overland Park,KS,Johnson County,11720 W 135Th St,66221,,1013550789
Lauren Carpenter,https://www.google.com/maps/search/?api=1&query=Lauren%20Carpenter%20Overland%20Park%20KS,(913) 660-5763,Chiropractor,Overland Park,KS,Johnson County,11709 College Blvd,66210,,1588476279
"Leahy Chiropractic, Pa",https://leahychiropractic.com,(913) 341-2800,Chiropractor,Overland Park,KS,Johnson County,6540 W 95Th St,66212,,1609041011
"Leonardi Chiropractic, Inc","https://www.google.com/maps/search/?api=1&query=Leonardi+Chiropractic,+Inc+Overland Park+KS",(913) 381-4357,Chiropractor,Overland Park,KS,Johnson County,7070 W 107Th St Ste 100,66212,,1558496604
Lionsgate Chiropractic Center For Wellness Pa,https://www.google.com/maps/search/?api=1&query=Lionsgate%20Chiropractic%20Center%20For%20Wellness%20Overland%20Park%20KS,(913) 814-9494,Chiropractor,Overland Park,KS,Johnson County,14201 Metcalf Ave,66223,,1578887352
"Living Well Chiropractic, Inc.",https://livingwellchiropractic.com,(913) 825-2550,Chiropractor,Overland Park,KS,Johnson County,15445 Metcalf Ave,66223,,1770773731
"Luke Edward Bergner, DC",https://www.google.com/maps/search/?api=1&query=Luke%20Edward%20Bergner%20Overland%20Park%20KS,(913) 217-8667,Chiropractor,Overland Park,KS,Johnson County,7520 Shawnee Mission Pkwy Ste G,66202,,1578327730
"Madison D Gilbert, D.C.",https://www.google.com/maps/search/?api=1&query=Madison%20D%20Gilbert.%20Overland%20Park%20KS,(913) 912-5860,Chiropractor,Overland Park,KS,Johnson County,9209 W 110Th St Bldg 36,66210,,1114320215
"Matthew Alan Daniel, APRN",https://www.google.com/maps/search/?api=1&query=Matthew%20Alan%20Daniel%2C%20APRN%20Overland%20Park%20KS,(913) 317-7990,Chiropractor,Overland Park,KS,Johnson County,4061 Indian Creek Pkwy,66207,,1851636732
"Matthew Blake Lee Davies, DC",https://www.google.com/maps/search/?api=1&query=Matthew%20Blake%20Lee%20Davies%20Overland%20Park%20KS,(913) 354-5020,Chiropractor,Overland Park,KS,Johnson County,11340 Nall Ave Ste 200B,66211,,1417804956
"Maxlife Health & Laser Center, Pa",https://maxlifechiro.com,(913) 327-7246,Chiropractor,Overland Park,KS,Johnson County,11010 Quivira Rd,66210,,1093942583
Mcgarvey Chiropractic Llc,https://www.google.com/maps/search/?api=1&query=Mcgarvey+Chiropractic+Llc+Overland Park+KS,(913) 492-8000,Chiropractor,Overland Park,KS,Johnson County,8780 Mastin Ave Ste C,66212,,1265703417
"Megan Mcrell, DC",https://www.google.com/maps/search/?api=1&query=Megan%20Mcrell%20Overland%20Park%20KS,(918) 871-0988,Chiropractor,Overland Park,KS,Johnson County,7398 W 162Nd Ter,66085,,1457834582
"Meggan Marie Jacks, D.C.",https://www.google.com/maps/search/?api=1&query=Meggan%20Marie%20Jacks.%20Overland%20Park%20KS,(913) 515-6614,Chiropractor,Overland Park,KS,Johnson County,7905 Santa Fe Dr,66204,,1841279312
"Melissa Canchola, DC",https://www.google.com/maps/search/?api=1&query=Melissa%20Canchola%20Overland%20Park%20KS,(913) 656-2255,Chiropractor,Overland Park,KS,Johnson County,14864 Metcalf Ave,66223,,1164287397
"Michael Allen Wilmore, D.C.",https://www.google.com/maps/search/?api=1&query=Michael%20Allen%20Wilmore.%20Overland%20Park%20KS,(913) 648-0192,Chiropractor,Overland Park,KS,Johnson County,8100 Marty St Suite 100,66204,,1477740454
Michael Darell Moore,https://www.google.com/maps/search/?api=1&query=Michael%20Darell%20Moore%20Overland%20Park%20KS,(913) 234-0779,Chiropractor,Overland Park,KS,Johnson County,10850 Lowell Ave,66210,,1669852901
"Michael Green, D.C",https://www.google.com/maps/search/?api=1&query=Michael%20Green%20Overland%20Park%20KS,(913) 667-2829,Chiropractor,Overland Park,KS,Johnson County,10787 Nall Ave Suite 110,66211,,1164781795
"Michael John Flanery, D.C.",https://www.google.com/maps/search/?api=1&query=Michael%20John%20Flanery.%20Overland%20Park%20KS,(913) 232-7111,Chiropractor,Overland Park,KS,Johnson County,6800 W 138Th St,66223,,1801103791
"Michael John Robert Allison, DC",https://www.google.com/maps/search/?api=1&query=Michael%20John%20Robert%20Allison%20Overland%20Park%20KS,(913) 254-5627,Chiropractor,Overland Park,KS,Johnson County,9120 Metcalf Ave,66212,,1447749387
Midwest Msk Associates Llc,https://www.google.com/maps/search/?api=1&query=Midwest+Msk+Associates+Llc+Overland Park+KS,(913) 210-0680,Chiropractor,Overland Park,KS,Johnson County,8300 College Blvd Ste 120,66210,,1245168491
Midwest Mua Associates Llc,https://www.google.com/maps/search/?api=1&query=Midwest+Mua+Associates+Llc+Overland Park+KS,(913) 451-6992,Chiropractor,Overland Park,KS,Johnson County,9393 W 110Th St Suite 500,66210,,1417227794
"Mikayla Helsper, DC",https://www.google.com/maps/search/?api=1&query=Mikayla%20Helsper%20Overland%20Park%20KS,(913) 359-5300,Chiropractor,Overland Park,KS,Johnson County,7905 Santa Fe Dr,66204,,1548843428
"Morgan Thomsen, DC",https://www.google.com/maps/search/?api=1&query=Morgan%20Thomsen%20Overland%20Park%20KS,(620) 437-6619,Chiropractor,Overland Park,KS,Johnson County,15445 Metcalf Ave,66223,,1689260184
Move Muscle & Joint Llc,https://www.google.com/maps/search/?api=1&query=Move+Muscle+&+Joint+Llc+Overland Park+KS,(913) 303-0989,Chiropractor,Overland Park,KS,Johnson County,10701 El Monte St,66211,,1629968052
"Myocore, Llc",https://myocore.com,(913) 257-5530,Chiropractor,Overland Park,KS,Johnson County,12140 Nall Ave Ste 115,66209,,1619649944
Nabchiro Inc. Chartered,https://www.google.com/maps/search/?api=1&query=Nabchiro+Inc.+Chartered+Overland Park+KS,(913) 345-9229,Chiropractor,Overland Park,KS,Johnson County,11960 W 119Th St,66213,,1225061534
Natural Way Chiropractic Center,https://naturalchiropractic.com,(913) 385-1999,Chiropractor,Overland Park,KS,Johnson County,9150 Glenwood St,66212,,1821168576
"New Day Chiropractic, Llc",https://newdaychiropractic.com,(913) 254-3306,Chiropractor,Overland Park,KS,Johnson County,10560 Barkley St Ste 350,66212,,1215370192
"Nicholas Ashraf Rofail, D.C.",https://www.google.com/maps/search/?api=1&query=Nicholas%20Ashraf%20Rofail.%20Overland%20Park%20KS,(913) 448-1244,Chiropractor,Overland Park,KS,Johnson County,16202 Shawnee Dr Suit 126B,66223,,1073464574
"Nigus Chiropractic And Acupuncture, P.A.",https://niguschiropractic.com,(816) 812-6975,Chiropractor,Overland Park,KS,Johnson County,7295 W 97Th St,66212,,1841536836
"Noah Spencer Butenas, DC",https://www.google.com/maps/search/?api=1&query=Noah%20Spencer%20Butenas%20Overland%20Park%20KS,(913) 707-1284,Chiropractor,Overland Park,KS,Johnson County,16409 Birch St,66085,,1154207835
On With Life Chiropractic,https://www.google.com/maps/search/?api=1&query=On+With+Life+Chiropractic+Overland Park+KS,(913) 662-1466,Chiropractor,Overland Park,KS,Johnson County,6540 W 95Th St Ste 102,66212,,1053026781
Op Core Llc,https://opcore.com,(913) 258-2673,Chiropractor,Overland Park,KS,Johnson County,12200 W 106Th St Suite 245,66215,,1568850071
Optimal Health Chiropractic Llc,https://optimalhealthchiropractic.com,(913) 839-6422,Chiropractor,Overland Park,KS,Johnson County,10251 W 87Th St Ste 100,66212,,1376174409
Overland Chiropractic Health Services Pa,https://www.google.com/maps/search/?api=1&query=Overland+Chiropractic+Health+Services+Pa+Overland Park+KS,(913) 345-9247,Chiropractor,Overland Park,KS,Johnson County,11791 W 112Th St Suite 101,66210,,1043377724
Overland Park Family Chiropractic Llc,https://www.google.com/maps/search/?api=1&query=Overland+Park+Family+Chiropractic+Llc+Overland Park+KS,(913) 602-7626,Chiropractor,Overland Park,KS,Johnson County,12070 Blue Valley Pkwy,66213,,1285046433
"Payne Clinic, Pa",https://payneclinic.com,(913) 386-5100,Chiropractor,Overland Park,KS,Johnson County,11011 King St Ste 105,66210,,1134249063
"Proactive Chiropractic, Pa",https://proactivechiropractic.org,(913) 491-1500,Chiropractor,Overland Park,KS,Johnson County,6700 W 121St St Suite 200,66209,,1255476719
Renuva Health Llc,https://www.google.com/maps/search/?api=1&query=Renuva+Health+Llc+Overland Park+KS,(913) 667-2298,Chiropractor,Overland Park,KS,Johnson County,4400 College Blvd Ste 150,66211,,1801155486
"Rick Folten, DC",https://www.google.com/maps/search/?api=1&query=Rick%20Folten%20Overland%20Park%20KS,(816) 682-6876,Chiropractor,Overland Park,KS,Johnson County,7916 Floyd St,66204,,1124622386
"Robert Brian Thompson, D.C.",https://www.google.com/maps/search/?api=1&query=Robert%20Brian%20Thompson.%20Overland%20Park%20KS,(913) 375-8671,Chiropractor,Overland Park,KS,Johnson County,12911 W 133Rd Pl Apt 10106,66213,,1578874921
"Robert Erwin Graham, D.C.",https://www.google.com/maps/search/?api=1&query=Robert%20Erwin%20Graham.%20Overland%20Park%20KS,(913) 599-2440,Chiropractor,Overland Park,KS,Johnson County,4601 W 109Th St Suite 302,66211,,1891837761
"Roberts Wellness Center, P.A.",https://robertschiro.com,(913) 385-5444,Chiropractor,Overland Park,KS,Johnson County,8901 W 75Th St,66204,,1730300831
"Robyn M Love, D.C.",https://www.google.com/maps/search/?api=1&query=Robyn%20M%20Love.%20Overland%20Park%20KS,(913) 451-8500,Chiropractor,Overland Park,KS,Johnson County,5401 College Blvd Suite 110,66211,,1952703993
Roling Chiropractic And Wellness Llc,https://rolingchiropractic.com,(573) 514-5691,Chiropractor,Overland Park,KS,Johnson County,11818 W 135Th St,66221,,1750936290
"Ryan Family Chiropractic, Llc",https://ryanfamilychiropractic.com,(913) 808-5383,Chiropractor,Overland Park,KS,Johnson County,7811 W 151St St,66223,,1962850727
"Samuel J Nave, DC",https://www.google.com/maps/search/?api=1&query=Samuel%20J%20Nave%20Overland%20Park%20KS,(913) 488-3233,Chiropractor,Overland Park,KS,Johnson County,7102 College Blvd,66210,,1023620630
Samuel Somerhalder,https://www.google.com/maps/search/?api=1&query=Samuel%20Somerhalder%20Overland%20Park%20KS,(913) 300-1252,Chiropractor,Overland Park,KS,Johnson County,7108 W 119Th St,66213,,1104384981
"Sangkeun Yee, DC",https://www.google.com/maps/search/?api=1&query=Sangkeun%20Yee%20Overland%20Park%20KS,(913) 649-2044,Chiropractor,Overland Park,KS,Johnson County,7050 W 105Th St,66212,,1548027006
"Satpurkha Singh Khalsa, D.C.",https://www.google.com/maps/search/?api=1&query=Satpurkha%20Singh%20Khalsa.%20Overland%20Park%20KS,(913) 236-6635,Chiropractor,Overland Park,KS,Johnson County,8213 W 54Th Ter,66202,,1740510650
"Sean Ray Bennington, DC",https://www.google.com/maps/search/?api=1&query=Sean%20Ray%20Bennington%20Overland%20Park%20KS,(913) 284-6769,Chiropractor,Overland Park,KS,Johnson County,11542 W. 95Th St.,66214,,1124285622
"Serina Geisinger, D.C.",https://www.google.com/maps/search/?api=1&query=Serina%20Geisinger.%20Overland%20Park%20KS,(816) 718-2417,Chiropractor,Overland Park,KS,Johnson County,11625 Knox St,66210,,1619334844
"Spinal Care Center, Inc",https://spinalcarecenter.com,(913) 744-2973,Chiropractor,Overland Park,KS,Johnson County,11960 W 119Th St,66213,,1215139621
Spine Chiropractic Llc,https://spinechiropractic.com,(913) 735-7093,Chiropractor,Overland Park,KS,Johnson County,10880 Benson Dr Ste 2350,66210,,1003052069
"State Line Chiropractic Center, Pa",https://drstate.com,(913) 291-0156,Chiropractor,Overland Park,KS,Johnson County,8170 W 135Th St,66223,,1811050966
"Steve E Agocs, D.C.",https://www.google.com/maps/search/?api=1&query=Steve%20E%20Agocs.%20Overland%20Park%20KS,(913) 234-0836,Chiropractor,Overland Park,KS,Johnson County,Cleveland Chiropractic College 10850 Lowell Ave.,66210,,1851405575
"Steven J Quade, D.C.",https://www.google.com/maps/search/?api=1&query=Steven%20J%20Quade.%20Overland%20Park%20KS,(913) 642-6900,Chiropractor,Overland Park,KS,Johnson County,7905 Santa Fe Dr,66204,,1144360652
"Svetlana Mena, D.C.",https://www.google.com/maps/search/?api=1&query=Svetlana%20Mena.%20Overland%20Park%20KS,(913) 217-7153,Chiropractor,Overland Park,KS,Johnson County,15053 Nall Ave,66223,,1952411324
"Swickard Chiropractic Clinic, Chartered","https://www.google.com/maps/search/?api=1&query=Swickard+Chiropractic+Clinic,+Chartered+Overland Park+KS",(913) 897-6717,Chiropractor,Overland Park,KS,Johnson County,15050 Antioch Rd Suite 102,66221,,1144387903
"Sydney Elizabeth Collier, DC",https://www.google.com/maps/search/?api=1&query=Sydney%20Elizabeth%20Collier%20Overland%20Park%20KS,(913) 490-4444,Chiropractor,Overland Park,KS,Johnson County,6701 W 121St St Ste 200,66209,,1861213142
Synergy Studio,https://www.google.com/maps/search/?api=1&query=Synergy%20Studio%20Overland%20Park%20KS,(913) 345-9439,Chiropractor,Overland Park,KS,Johnson County,7824 W. 119Th St.,66213,,1477705945
"Tallgrass Chiropractic Center, P.A.",https://www.google.com/maps/search/?api=1&query=Tallgrass%20Chiropractic%20Center%2C%20P.A.%20Overland%20Park%20KS,(913) 648-8600,Chiropractor,Overland Park,KS,Johnson County,7108 W. 119Th Street,66213,,1780875112
"Teresa Ann Elder, D.C.",https://www.google.com/maps/search/?api=1&query=Teresa%20Ann%20Elder.%20Overland%20Park%20KS,(913) 530-0128,Chiropractor,Overland Park,KS,Johnson County,7905 Santa Fe Dr,66204,,1780893701
"The Movement Clinic, Llc",https://themovementclinic.com,(913) 449-2295,Chiropractor,Overland Park,KS,Johnson County,9601 W 87Th St,66212,,1346621182
"Thomas B Kivisto, DC",https://www.google.com/maps/search/?api=1&query=Thomas%20B%20Kivisto%20Overland%20Park%20KS,(913) 859-0282,Chiropractor,Overland Park,KS,Johnson County,10628 W 87Th St,66214,,1043442155
"Thomas Group, Llc",https://thomasgroup.com,(816) 699-2648,Chiropractor,Overland Park,KS,Johnson County,6801 W 121St St Ste 122,66209,,1609270750
Tlc Chiropractic Llc,https://tlcchiropractic.org,(913) 681-7972,Chiropractor,Overland Park,KS,Johnson County,8612 W 133Rd St,66213,,1649586140
"Trevor Jeffrey Baier, DC",https://www.google.com/maps/search/?api=1&query=Trevor%20Jeffrey%20Baier%20Overland%20Park%20KS,(913) 337-6265,Chiropractor,Overland Park,KS,Johnson County,6831 W 138Th Ter Apt 322,66223,,1922991116
"Tyler Ray Bohlke, DC",https://www.google.com/maps/search/?api=1&query=Tyler%20Ray%20Bohlke%20Overland%20Park%20KS,(712) 540-6615,Chiropractor,Overland Park,KS,Johnson County,14865 Metcalf Ave,66223,,1326624057
"Tysen Butler, DC",https://www.google.com/maps/search/?api=1&query=Tysen%20Butler%20Overland%20Park%20KS,(913) 359-5819,Chiropractor,Overland Park,KS,Johnson County,7121 W 95Th St,66212,,1972209237
Urgent Care Chiropractic Pa,https://urgentcarechiropractic.com,(480) 334-9812,Chiropractor,Overland Park,KS,Johnson County,13469 Switzer Rd,66213,,1174927669
Virtue Chiropractic Llc,https://www.google.com/maps/search/?api=1&query=Virtue+Chiropractic+Llc+Overland Park+KS,(913) 303-8029,Chiropractor,Overland Park,KS,Johnson County,6511 W 119Th St,66209,,1083267637
Wallace Chiropractic & Nutrition Clinic,https://wallacechiro.com,(913) 722-3200,Chiropractor,Overland Park,KS,Johnson County,9337 W 75Th St,66204,,1063617918
Walter Chiropractic & Wellness Llc,https://drwalter.com,(913) 681-9355,Chiropractor,Overland Park,KS,Johnson County,7439 W 161St St,66085,,1518570530
"Well Spine Kc, Llc",https://wellspinekc.com,(913) 624-3888,Chiropractor,Overland Park,KS,Johnson County,8665 W 96Th St Suite 203,66212,,1235662701
Whole Life Chiropractic Pa,https://wholelifechiropractic.com,(913) 696-1500,Chiropractor,Overland Park,KS,Johnson County,11604 Metcalf Ave,66210,,1386898393
"Wisner Chiropractic, Llc","https://www.google.com/maps/search/?api=1&query=Wisner+Chiropractic,+Llc+Overland Park+KS",(913) 897-5485,Chiropractor,Overland Park,KS,Johnson County,11775 W 112Th St Ste 103,66210,,1588806178
"Wyatt Stephens, DC",https://www.google.com/maps/search/?api=1&query=Wyatt%20Stephens%20Overland%20Park%20KS,(816) 349-1220,Chiropractor,Overland Park,KS,Johnson County,6240 W 135Th St Ste 200,66223,,1386262319
"Zachary Craig Kadolph, D.C.",https://www.google.com/maps/search/?api=1&query=Zachary%20Craig%20Kadolph.%20Overland%20Park%20KS,(816) 806-1334,Chiropractor,Overland Park,KS,Johnson County,10841 W 87Th St Ste 100,66214,,1164742433
"Zafer Chiropractic Health Clinic, P.A.",https://www.google.com/maps/search/?api=1&query=Zafer%20Chiropractic%20Health%20Clinic%2C%20P.A.%20Overland%20Park%20KS,(913) 642-1400,Chiropractor,Overland Park,KS,Johnson County,8817 W 95Th St,66212,,1356521645
"Reid Hunter Williams, DC",https://www.google.com/maps/search/?api=1&query=Reid%20Hunter%20Williams%20Paola%20KS,(913) 404-4101,Chiropractor,Paola,KS,Johnson County,907 N Pearl St,66071,,1992401426
"Alexis Buford, DC",https://www.google.com/maps/search/?api=1&query=Alexis%20Buford%20Prairie%20Village%20KS,(816) 585-4450,Chiropractor,Prairie Village,KS,Johnson County,7301 Mission Rd Ste 241,66208,,1780443481
"Angela Ribaste, D.C.",https://www.google.com/maps/search/?api=1&query=Angela%20Ribaste.%20Prairie%20Village%20KS,(913) 948-6602,Chiropractor,Prairie Village,KS,Johnson County,"9401 Nall Ave., Ste 202",66207,,1962424978
"Derrick T Dube, D.C.",https://www.google.com/maps/search/?api=1&query=Derrick%20T%20Dube.%20Prairie%20Village%20KS,(913) 826-6837,Chiropractor,Prairie Village,KS,Johnson County,8016 State Line Rd Ste 100,66208,,1982050993
"Douglas V. Hadel, D.C.",https://www.google.com/maps/search/?api=1&query=Douglas%20V.%20Hadel.%20Prairie%20Village%20KS,(913) 649-3300,Chiropractor,Prairie Village,KS,Johnson County,5304 W 95Th St,66207,,1851420434
Glenn Chiropractic,https://glennchiropractic.com,(785) 764-9200,Chiropractor,Prairie Village,KS,Johnson County,8016 State Line Rd Ste 100,66208,,1730590357
"Jeffrey Remsburg, D.C.",https://www.google.com/maps/search/?api=1&query=Jeffrey%20Remsburg.%20Prairie%20Village%20KS,(913) 341-1200,Chiropractor,Prairie Village,KS,Johnson County,8839 Roe Ave,66207,,1518255470
"John Eric Rasmussen, D.C., D.A.B.C.O.",https://www.google.com/maps/search/?api=1&query=John%20Eric%20Rasmussen.%2C%20D.A.B.C.O.%20Prairie%20Village%20KS,(913) 677-4224,Chiropractor,Prairie Village,KS,Johnson County,1900 W 75Th St Ste. 210,66208,,1568461408
"Kevin Ross Mott, D.C.",https://www.google.com/maps/search/?api=1&query=Kevin%20Ross%20Mott.%20Prairie%20Village%20KS,(913) 642-4188,Chiropractor,Prairie Village,KS,Johnson County,8014 State Line Rd Suite 200,66208,,1043396427
"Kimberly Hunt, DC",https://www.google.com/maps/search/?api=1&query=Kimberly%20Hunt%20Prairie%20Village%20KS,(816) 841-3503,Chiropractor,Prairie Village,KS,Johnson County,7301 Mission Rd Ste 314,66208,,1902138852
Meyer Muscle And Joint Clinic Llc,https://meyerchiropractic.com,(913) 906-8000,Chiropractor,Prairie Village,KS,Johnson County,2200 W 75Th St,66208,,1346600954
"Overland Park Chiropractic, Pa",https://overlandparkchiropractic.com,(913) 375-8449,Chiropractor,Prairie Village,KS,Johnson County,7301 Mission Rd 251,66208,,1316274103
"Synergy Health And Wellness, Pa",https://synergyhealthandwellness.org,(913) 217-7655,Chiropractor,Prairie Village,KS,Johnson County,5200 W 94Th Ter Ste 109,66207,,1770885725
"Thrive Kc, Llc",https://thrivechiro.com,(913) 735-6854,Chiropractor,Prairie Village,KS,Johnson County,8016 State Line Rd Ste 100,66208,,1881117265
"Well Being, Inc.","https://www.google.com/maps/search/?api=1&query=Well+Being,+Inc.+Prairie Village+KS",(913) 649-3308,Chiropractor,Prairie Village,KS,Johnson County,5304 W 95Th St,66207,,1437689007
Franz Chiropractic Llc,https://franzchiropractic.com,(913) 594-8914,Chiropractor,Roeland Park,KS,Johnson County,4760 Reinhardt Dr,66205,,1205726577
Health Source Kc Inc,https://www.google.com/maps/search/?api=1&query=Health+Source+Kc+Inc+Roeland Park+KS,(816) 294-2281,Chiropractor,Roeland Park,KS,Johnson County,5228 Juniper Dr,66205,,1841645686
"Meagan Kathleen Leahy, D.C.",https://www.google.com/maps/search/?api=1&query=Meagan%20Kathleen%20Leahy.%20Salina%20KS,(425) 591-9191,Chiropractor,Salina,KS,Johnson County,2411 Pheasant Ln,67401,,1851445308
Abide Functional Wellness Llc,https://abidefunctionalwellness.com,(913) 732-1525,Chiropractor,Shawnee,KS,Johnson County,6109 Nieman Rd Apt A,66203,,1215783311
"All Spine Chiropractic And Wellness, Llc","https://www.google.com/maps/search/?api=1&query=All+Spine+Chiropractic+And+Wellness,+Llc+Shawnee+KS",(316) 617-7348,Chiropractor,Shawnee,KS,Johnson County,5931 Nieman Rd,66203,,1497478903
"Alvin Dwight Ens, D.C.",https://www.google.com/maps/search/?api=1&query=Alvin%20Dwight%20Ens.%20Shawnee%20KS,(913) 962-7800,Chiropractor,Shawnee,KS,Johnson County,6230 Nieman Rd,66203,,1922170307
"Amanda Rose Wappelhorst, DC",https://www.google.com/maps/search/?api=1&query=Amanda%20Rose%20Wappelhorst%20Shawnee%20KS,(913) 914-7090,Chiropractor,Shawnee,KS,Johnson County,5931 Nieman Rd Ste 100,66203,,1871359414
"Anderson Family Chiropractic, Llc","https://www.google.com/maps/search/?api=1&query=Anderson+Family+Chiropractic,+Llc+Shawnee+KS",(913) 962-2244,Chiropractor,Shawnee,KS,Johnson County,12510 W 62Nd Ter Suite 101,66216,,1528304516
"Back In Motion Chiropractic, Llc",https://backinmotionchiropractic.com,(913) 962-6063,Chiropractor,Shawnee,KS,Johnson County,11405 Johnson Dr,66203,,1205972221
"Brian Lum, D.C.",https://www.google.com/maps/search/?api=1&query=Brian%20Lum.%20Shawnee%20KS,(913) 548-1700,Chiropractor,Shawnee,KS,Johnson County,7410 Switzer St,66203,,1639421845
"Complete Chiropractic & Wellness, Llc","https://www.google.com/maps/search/?api=1&query=Complete+Chiropractic+&+Wellness,+Llc+Shawnee+KS",(913) 962-7408,Chiropractor,Shawnee,KS,Johnson County,7410 Switzer St,66203,,1720478191
Cook Chiropractic Center Llc,https://cookchiropracticcenter.com,(913) 600-4476,Chiropractor,Shawnee,KS,Johnson County,12103 Johnson Dr,66216,,1598502262
"Dalton James Brunner, DC",https://www.google.com/maps/search/?api=1&query=Dalton%20James%20Brunner%20Shawnee%20KS,(913) 279-1598,Chiropractor,Shawnee,KS,Johnson County,6308 Monrovia St,66216,,1215567805
"Dana James Huebner, DC",https://www.google.com/maps/search/?api=1&query=Dana%20James%20Huebner%20Shawnee%20KS,(308) 289-0614,Chiropractor,Shawnee,KS,Johnson County,16314 W 65Th St,66217,,1366938920
"David D Hull, D.C.",https://www.google.com/maps/search/?api=1&query=David%20D%20Hull.%20Shawnee%20KS,(913) 362-5445,Chiropractor,Shawnee,KS,Johnson County,12212 Johnson Dr,66216,,1407853930
"Douglas Allen Mathiesen, DC",https://www.google.com/maps/search/?api=1&query=Douglas%20Allen%20Mathiesen%20Shawnee%20KS,(913) 631-7900,Chiropractor,Shawnee,KS,Johnson County,5900 Nieman Rd Suite 300,66203,,1457368102
"Dustin H. Moses, D.C.",https://www.google.com/maps/search/?api=1&query=Dustin%20H.%20Moses.%20Shawnee%20KS,(913) 766-7292,Chiropractor,Shawnee,KS,Johnson County,15945 W 65Th St,66217,,1073991998
Empower Chiropractic Llc,https://empowerchiro.com,(913) 278-1598,Chiropractor,Shawnee,KS,Johnson County,6308 Monrovia St,66216,,1659901940
Fit Muscle & Joint Clinic Llc,https://www.google.com/maps/search/?api=1&query=Fit+Muscle+&+Joint+Clinic+Llc+Shawnee+KS,(913) 745-4064,Chiropractor,Shawnee,KS,Johnson County,22120 Midland Dr Ste 1,66226,,1093088320
From The Ground Up Chiropractic Llc,https://www.google.com/maps/search/?api=1&query=From+The+Ground+Up+Chiropractic+Llc+Shawnee+KS,(913) 353-5303,Chiropractor,Shawnee,KS,Johnson County,11957 Johnson Drive,66216,,1780372656
"Georgia J. Nab, D.C.",https://www.google.com/maps/search/?api=1&query=Georgia%20J.%20Nab.%20Shawnee%20KS,(316) 641-0926,Chiropractor,Shawnee,KS,Johnson County,7410 Switzer St,66203,,1215092176
Gonzalez Chiropractic Llc,https://gonzalezchiropractic.com,(913) 962-4500,Chiropractor,Shawnee,KS,Johnson County,12480 W 62Nd Ter Suite 103,66216,,1144667569
Hammond Chiropractic Center Llc,https://hammondchiropractic.com,(913) 248-9500,Chiropractor,Shawnee,KS,Johnson County,10610 Shawnee Mission Pkwy Ste 210,66203,,1174635528
"Jennifer Voegeli, D.C.",https://www.google.com/maps/search/?api=1&query=Jennifer%20Voegeli.%20Shawnee%20KS,(913) 248-9900,Chiropractor,Shawnee,KS,Johnson County,11644 W 75Th St Suite 102,66214,,1801243837
"Jesse D Walden, D.C.",https://www.google.com/maps/search/?api=1&query=Jesse%20D%20Walden.%20Shawnee%20KS,(913) 825-1235,Chiropractor,Shawnee,KS,Johnson County,11652 W. 75 St.,66214,,1578719340
"Jet Performance Chiropractic, Pa","https://www.google.com/maps/search/?api=1&query=Jet+Performance+Chiropractic,+Pa+Shawnee+KS",(913) 766-9266,Chiropractor,Shawnee,KS,Johnson County,12402 W 62Nd Ter,66216,,1154561124
"Khia Chonyale Simmons, DC",https://www.google.com/maps/search/?api=1&query=Khia%20Chonyale%20Simmons%20Shawnee%20KS,(816) 651-3111,Chiropractor,Shawnee,KS,Johnson County,7410 Switzer Rd,66203,,1356004477
Life Takes Adjustments,https://www.google.com/maps/search/?api=1&query=Life%20Takes%20Adjustments%20Shawnee%20KS,(314) 651-0260,Chiropractor,Shawnee,KS,Johnson County,13111 W 74Th St,66216,,1821924846
Lifeworks Chiropractic Pa,https://lifeworkschiropractic.com,(913) 441-2293,Chiropractor,Shawnee,KS,Johnson County,22742 Midland Dr,66226,,1235342031
Logan Canyon Co Llc,https://loganchiropractic.com,(913) 710-0577,Chiropractor,Shawnee,KS,Johnson County,6308 Monrovia St,66216,,1417548389
Mark Balderston Dc Pa,https://www.google.com/maps/search/?api=1&query=Mark+Balderston+Dc+Pa+Shawnee+KS,(913) 631-8888,Chiropractor,Shawnee,KS,Johnson County,6308 Monrovia St,66216,,1205877040
"Michael William Repp, DC",https://www.google.com/maps/search/?api=1&query=Michael%20William%20Repp%20Shawnee%20KS,(913) 268-0355,Chiropractor,Shawnee,KS,Johnson County,5900 Nieman Rd Ste 300,66203,,1619954559
"Pure Motion Chiropractic & Rehab, Llc","https://www.google.com/maps/search/?api=1&query=Pure+Motion+Chiropractic+&+Rehab,+Llc+Shawnee+KS",(316) 249-5555,Chiropractor,Shawnee,KS,Johnson County,15945 W 65Th St,66217,,1720443294
Regenerative Health Center Llc,https://regenerativehealthcenter.com,(913) 440-4017,Chiropractor,Shawnee,KS,Johnson County,6850 Hilltop Rd Ste 170,66226,,1669939625
"Reid S Ketteler, DC",https://www.google.com/maps/search/?api=1&query=Reid%20S%20Ketteler%20Shawnee%20KS,(913) 422-8929,Chiropractor,Shawnee,KS,Johnson County,5363 Roberts St,66226,,1811090483
"Robert Ray, DC",https://www.google.com/maps/search/?api=1&query=Robert%20Ray%20Shawnee%20KS,(316) 680-5683,Chiropractor,Shawnee,KS,Johnson County,12307 Johnson Dr,66216,,1720660640
"Shawnee Chiropractic Clinic, P.A.","https://www.google.com/maps/search/?api=1&query=Shawnee+Chiropractic+Clinic,+P.A.+Shawnee+KS",(913) 422-1900,Chiropractor,Shawnee,KS,Johnson County,21640 Midland Dr,66218,,1649343047
"Swickard Chiropractic Clinic Of Shawnee, P.A.","https://www.google.com/maps/search/?api=1&query=Swickard+Chiropractic+Clinic+Of+Shawnee,+P.A.+Shawnee+KS",(913) 268-8300,Chiropractor,Shawnee,KS,Johnson County,17202 Midland Dr,66217,,1124085907
"Kaitlin Lavigne, D.C.",https://www.google.com/maps/search/?api=1&query=Kaitlin%20Lavigne.%20Shawnee%20Mission%20KS,(913) 223-7710,Chiropractor,Shawnee Mission,KS,Johnson County,10000 W 75Th St Ste 117,66204,,1093105439
"Daniel J. Harding D.C., Llc",https://danielphysicaltherapy.com,(816) 223-5142,Chiropractor,Spring Hill,KS,Johnson County,22450 S Harrison St Suite 101,66083,,1700121308
"Deaven Faye Heckert, D.C.",https://www.google.com/maps/search/?api=1&query=Deaven%20Faye%20Heckert.%20Spring%20Hill%20KS,(913) 294-3851,Chiropractor,Spring Hill,KS,Johnson County,21211 W 223Rd St,66083,,1568242071
"Ellis Chiropractic & Laser Center, Llc",https://ellischiropractic.com,(913) 592-2116,Chiropractor,Spring Hill,KS,Johnson County,703 N Webster St,66083,,1023353919
"Matthew Robert Metcalf, D.C.",https://www.google.com/maps/search/?api=1&query=Matthew%20Robert%20Metcalf.%20Spring%20Hill%20KS,(913) 592-3541,Chiropractor,Spring Hill,KS,Johnson County,22386 S Harrison St,66083,,1609898048
Sozo Chiropractic Llc,https://sozochiropractic.com,(913) 592-0010,Chiropractor,Spring Hill,KS,Johnson County,22386 S Harrison St,66083,,1558975425
"Michelle Lynn Kalatsky, D.C.",https://www.google.com/maps/search/?api=1&query=Michelle%20Lynn%20Kalatsky.%20Topeka%20KS,(785) 267-3323,Chiropractor,Topeka,KS,Johnson County,2907C Sw Topeka Blvd,66611,,1750359535
"All Star Chiropractic, Inc.",https://allstarchiropractic.com,(913) 432-5678,Chiropractor,Westwood,KS,Johnson County,4711 Mission Rd,66205,,1619076478
"Ryan E Stevens, DC",https://www.google.com/maps/search/?api=1&query=Ryan%20E%20Stevens%20Westwood%20KS,(816) 729-0947,Chiropractor,Westwood,KS,Johnson County,2000 W 47Th Pl,66205,,1902000607
"Dawson Green, NP, DC",https://www.google.com/maps/search/?api=1&query=Dawson%20Green%20Wichita%20KS,(316) 364-3030,Chiropractor,Wichita,KS,Johnson County,841 S Hillside St,67211,,1528690732
"Hanna Fisher Burton, DC",https://www.google.com/maps/search/?api=1&query=Hanna%20Fisher%20Burton%20Wichita%20KS,(316) 531-9110,Chiropractor,Wichita,KS,Johnson County,1820 N Tyler Rd,67212,,1023807724
"Mark H Bauer, D.C.",https://www.google.com/maps/search/?api=1&query=Mark%20H%20Bauer.%20Wichita%20KS,(316) 612-0600,Chiropractor,Wichita,KS,Johnson County,8620 E 32Nd Ct N,67226,,1811044480
"Jenelle Michelle Hunnicutt, DPT",https://www.google.com/maps/search/?api=1&query=Jenelle%20Michelle%20Hunnicutt%20Baldwin%20City%20KS,(520) 250-3241,Physical Therapist,Baldwin City,KS,Johnson County,500 Lawrence St,66006,,1639773302
"Jodi Lea Sievers, MPT",https://www.google.com/maps/search/?api=1&query=Jodi%20Lea%20Sievers%20Bonner%20Springs%20KS,(913) 634-7452,Physical Therapist,Bonner Springs,KS,Johnson County,509 S 137Th St,66012,,1467102681
"Trevor Lee Elmer, PT, DPT",https://www.google.com/maps/search/?api=1&query=Trevor%20Lee%20Elmer%20Bonner%20Springs%20KS,(913) 721-6362,Physical Therapist,Bonner Springs,KS,Johnson County,13035 Kansas Ave,66012,,1720572555
Teryn Johnson,https://www.google.com/maps/search/?api=1&query=Teryn%20Johnson%20Chanute%20KS,(620) 431-4000,Physical Therapist,Chanute,KS,Johnson County,629 S Plummer Ave,66720,,1033092689
"Edward Jermaine Anderson, M.D., P.T.",https://www.google.com/maps/search/?api=1&query=Edward%20Jermaine%20Anderson%2C%20M.D.%2C%20P.T.%20De%20Soto%20KS,(913) 583-1260,Physical Therapist,De Soto,KS,Johnson County,33600 W 85Th St,66018,,1942592498
"Angela Sue Pedrotti, P.T.",https://www.google.com/maps/search/?api=1&query=Angela%20Sue%20Pedrotti%2C%20P.T.%20Fairway%20KS,(913) 722-2963,Physical Therapist,Fairway,KS,Johnson County,5600 Cherokee Cir,66205,,1023142049
"Jacob Thomas Neece, DPT",https://www.google.com/maps/search/?api=1&query=Jacob%20Thomas%20Neece%20Fairway%20KS,(785) 764-0709,Physical Therapist,Fairway,KS,Johnson County,5933 Alhambra St,66205,,1003136656
"Andrew Robert Guenther, DPT, PT",https://www.google.com/maps/search/?api=1&query=Andrew%20Robert%20Guenther%20Gardner%20KS,(913) 324-8680,Physical Therapist,Gardner,KS,Johnson County,824 E Main St,66030,,1386433589
"Aubrey Bender, PT, DPT",https://www.google.com/maps/search/?api=1&query=Aubrey%20Bender%20Gardner%20KS,(913) 856-7927,Physical Therapist,Gardner,KS,Johnson County,225 N Moonlight Rd,66030,,1316626039
"Hannah Holmes, PT, DPT",https://www.google.com/maps/search/?api=1&query=Hannah%20Holmes%20Gardner%20KS,(913) 856-8747,Physical Therapist,Gardner,KS,Johnson County,427 W Main St,66030,,1972166817
"Jamie F Konrade, RPT",https://www.google.com/maps/search/?api=1&query=Jamie%20F%20Konrade%2C%20RPT%20Gardner%20KS,(615) 896-6400,Physical Therapist,Gardner,KS,Johnson County,223 Bedford St,66030,,1306081153
Robinson Physical Therapy,https://robinsonchiro.com,(785) 216-0666,Physical Therapist,Gardner,KS,Johnson County,1817 E Santa Fe St,66030,,1376354126
Tracy Renee Cochran,https://www.google.com/maps/search/?api=1&query=Tracy%20Renee%20Cochran%20Gardner%20KS,(913) 271-0900,Physical Therapist,Gardner,KS,Johnson County,16555 Agnes St,66030,,1689259061
"Adam James Koch, DPT",https://www.google.com/maps/search/?api=1&query=Adam%20James%20Koch%20Kansas%20City%20KS,(913) 334-3666,Physical Therapist,Kansas City,KS,Johnson County,7850 Freeman Ave,66112,,1427717503
"Amanda Engler, PT",https://www.google.com/maps/search/?api=1&query=Amanda%20Engler%20Kansas%20City%20KS,(913) 588-6970,Physical Therapist,Kansas City,KS,Johnson County,3901 Rainbow Blvd Dept Of,66160,,1417791740
"Andrew Melanson, DPT",https://www.google.com/maps/search/?api=1&query=Andrew%20Melanson%20Kansas%20City%20KS,(913) 717-4750,Physical Therapist,Kansas City,KS,Johnson County,1801 N 98Th Street,66109,,1598145047
"Angela Gargaro, DPT",https://www.google.com/maps/search/?api=1&query=Angela%20Gargaro%20Kansas%20City%20KS,(913) 788-2100,Physical Therapist,Kansas City,KS,Johnson County,8900 Parallel Pkwy,66112,,1073109195
"Baylen Kelley, DPT, PT",https://www.google.com/maps/search/?api=1&query=Baylen%20Kelley%20Kansas%20City%20KS,(913) 588-1227,Physical Therapist,Kansas City,KS,Johnson County,3910 Rainbow Blvd,66103,,1306664032
"Catherine Frances Siengsukon, PT",https://www.google.com/maps/search/?api=1&query=Catherine%20Frances%20Siengsukon%20Kansas%20City%20KS,(913) 321-8765,Physical Therapist,Kansas City,KS,Johnson County,8101 Parallel Pkwy,66112,,1255536017
"Christopher Bouton, DPT",https://www.google.com/maps/search/?api=1&query=Christopher%20Bouton%20Kansas%20City%20KS,(913) 378-0778,Physical Therapist,Kansas City,KS,Johnson County,10940 Parallel Pkwy,66111,,1992048144
"Daniel S Knox, RPT",https://www.google.com/maps/search/?api=1&query=Daniel%20S%20Knox%2C%20RPT%20Kansas%20City%20KS,(913) 596-5131,Physical Therapist,Kansas City,KS,Johnson County,8909 Parallel Pkwy,66112,,1023391489
"David William Sarver, M.S., PT",https://www.google.com/maps/search/?api=1&query=David%20William%20Sarver%2C%20M.S.%20Kansas%20City%20KS,(913) 596-4472,Physical Therapist,Kansas City,KS,Johnson County,8929 Parallel Pkwy,66112,,1558424416
"Erica Ellis-Tibbetts, DPT",https://www.google.com/maps/search/?api=1&query=Erica%20Ellis-Tibbetts%20Kansas%20City%20KS,(913) 562-9951,Physical Therapist,Kansas City,KS,Johnson County,818 Ann Avenue,66101,,1962131052
"Gracia Matlack, PT, DPT",https://www.google.com/maps/search/?api=1&query=Gracia%20Matlack%20Kansas%20City%20KS,(913) 627-2822,Physical Therapist,Kansas City,KS,Johnson County,2010 N 59Th St,66104,,1255840567
Jena Eve Dilthey,https://www.google.com/maps/search/?api=1&query=Jena%20Eve%20Dilthey%20Kansas%20City%20KS,(913) 287-8815,Physical Therapist,Kansas City,KS,Johnson County,1333 Meadowlark Ln Ste 104,66102,,1790674281
"Julia K Kirkwood, P.T.",https://www.google.com/maps/search/?api=1&query=Julia%20K%20Kirkwood%2C%20P.T.%20Kansas%20City%20KS,(913) 596-4750,Physical Therapist,Kansas City,KS,Johnson County,8929 Parallel Pkwy,66112,,1881756021
Kady Werner,https://www.google.com/maps/search/?api=1&query=Kady%20Werner%20Kansas%20City%20KS,(913) 281-5121,Physical Therapist,Kansas City,KS,Johnson County,1701 S 45Th St Suite A,66106,,1346359759
"Kenneth Ray Pringle, DPT, ATC",https://www.google.com/maps/search/?api=1&query=Kenneth%20Ray%20Pringle%2C%20ATC%20Kansas%20City%20KS,(913) 945-6428,Physical Therapist,Kansas City,KS,Johnson County,3901 Rainbow Boulevard Mail Stop 3017,66160,,1306900048
Kent Kenne,https://www.google.com/maps/search/?api=1&query=Kent%20Kenne%20Kansas%20City%20KS,(913) 287-9303,Physical Therapist,Kansas City,KS,Johnson County,1333 Meadowlark Ln Ste 104,66102,,1396855078
"Madelyn Buckner, DPT",https://www.google.com/maps/search/?api=1&query=Madelyn%20Buckner%20Kansas%20City%20KS,(913) 954-0435,Physical Therapist,Kansas City,KS,Johnson County,2220 N 59Th St Ste 114,66104,,1710508122
"Mary Kistler Crouch Young, DPT",https://www.google.com/maps/search/?api=1&query=Mary%20Kistler%20Crouch%20Young%20Kansas%20City%20KS,(913) 588-1203,Physical Therapist,Kansas City,KS,Johnson County,3599 Rainbow Blvd,66103,,1760023550
"Megan Marie Zweifel, PT, DPT",https://www.google.com/maps/search/?api=1&query=Megan%20Marie%20Zweifel%20Kansas%20City%20KS,(913) 299-1770,Physical Therapist,Kansas City,KS,Johnson County,3231 N 61St St,66104,,1972239762
"Russell A Weaver, P.T.",https://www.google.com/maps/search/?api=1&query=Russell%20A%20Weaver%2C%20P.T.%20Kansas%20City%20KS,(913) 596-4754,Physical Therapist,Kansas City,KS,Johnson County,8929 Parallel Pkwy,66112,,1497802656
"Sandy Lynn Janides, DPT",https://www.google.com/maps/search/?api=1&query=Sandy%20Lynn%20Janides%20Kansas%20City%20KS,(913) 400-7006,Physical Therapist,Kansas City,KS,Johnson County,2300 N 113Th Ter,66109,,1215069398
"Sarah Stottlemire, DPT",https://www.google.com/maps/search/?api=1&query=Sarah%20Stottlemire%20Kansas%20City%20KS,(913) 596-4751,Physical Therapist,Kansas City,KS,Johnson County,8919 Parallel Pkwy Ste 350,66112,,1487881082
"Sierra Nicole Glaser, PT, DPT",https://www.google.com/maps/search/?api=1&query=Sierra%20Nicole%20Glaser%20Kansas%20City%20KS,(913) 588-6799,Physical Therapist,Kansas City,KS,Johnson County,3901 Rainbow Blvd,66160,,1639890213
"Susanne L. Worden, PT",https://www.google.com/maps/search/?api=1&query=Susanne%20L.%20Worden%20Kansas%20City%20KS,(913) 321-4567,Physical Therapist,Kansas City,KS,Johnson County,4810 State Ave Wyandotte Therapy,66102,,1083746739
"Terry J Jett, PT, MBA, FACHE, FABC",https://www.google.com/maps/search/?api=1&query=Terry%20J%20Jett%2C%20MBA%2C%20FACHE%2C%20FABC%20Kansas%20City%20KS,(913) 596-4756,Physical Therapist,Kansas City,KS,Johnson County,8929 Parallel Pkwy,66112,,1073675294
"University Of Kansas Physicians,Inc","https://www.google.com/maps/search/?api=1&query=University+Of+Kansas+Physicians,Inc+Kansas City+KS",(913) 588-5273,Physical Therapist,Kansas City,KS,Johnson County,3901 Rainbow Blvd,66103,,1710295761
"Leslie Lawson, DPT",https://www.google.com/maps/search/?api=1&query=Leslie%20Lawson%20Lansing%20KS,(913) 727-2022,Physical Therapist,Lansing,KS,Johnson County,712 1St Ter Ste 103,66043,,1417505025
"Linda A Stelter, RPT",https://www.google.com/maps/search/?api=1&query=Linda%20A%20Stelter%2C%20RPT%20Lansing%20KS,(913) 727-1284,Physical Therapist,Lansing,KS,Johnson County,210 N Plaza Dr,66043,,1275977860
"Debra E Rico, PT",https://www.google.com/maps/search/?api=1&query=Debra%20E%20Rico%20Lawrence%20KS,(785) 840-2712,Physical Therapist,Lawrence,KS,Johnson County,325 Maine St,66044,,1548480361
Jay Ryan,https://www.google.com/maps/search/?api=1&query=Jay%20Ryan%20Lawrence%20KS,(785) 749-1300,Physical Therapist,Lawrence,KS,Johnson County,1311 Wakarusa Dr,66049,,1417337189
"Jenna Lynn Loftus, DPT",https://www.google.com/maps/search/?api=1&query=Jenna%20Lynn%20Loftus%20Lawrence%20KS,(785) 842-0656,Physical Therapist,Lawrence,KS,Johnson County,2200 Harvard Rd Suite 101,66049,,1346688819
"Larissa Noel Mitchell, DPT",https://www.google.com/maps/search/?api=1&query=Larissa%20Noel%20Mitchell%20Lawrence%20KS,(785) 838-8000,Physical Therapist,Lawrence,KS,Johnson County,1501 Inverness Dr,66047,,1952923112
"Lauren Woodward, DPT",https://www.google.com/maps/search/?api=1&query=Lauren%20Woodward%20Lawrence%20KS,(785) 505-2712,Physical Therapist,Lawrence,KS,Johnson County,325 Maine St,66044,,1801442843
"Tori Ann Hughey, DPT",https://www.google.com/maps/search/?api=1&query=Tori%20Ann%20Hughey%20Lawrence%20KS,(785) 505-5000,Physical Therapist,Lawrence,KS,Johnson County,325 Maine St,66044,,1720797269
Aaron Geise,https://www.google.com/maps/search/?api=1&query=Aaron%20Geise%20Leavenworth%20KS,(913) 680-6180,Physical Therapist,Leavenworth,KS,Johnson County,3500 S 4Th St,66048,,1972355618
"Miranda Mularoni, PT, DPT",https://www.google.com/maps/search/?api=1&query=Miranda%20Mularoni%20Leavenworth%20KS,(913) 894-1910,Physical Therapist,Leavenworth,KS,Johnson County,721 Metropolitan Ave # C,66048,,1750949426
"Mowery Rehab Consultants, Pa",https://drmowery.com,(913) 225-9340,Physical Therapist,Leavenworth,KS,Johnson County,2916 S 4Th St Ste 200,66048,,1497854822
"Adam Schnacker, DPT",https://www.google.com/maps/search/?api=1&query=Adam%20Schnacker%20Leawood%20KS,(913) 213-3531,Physical Therapist,Leawood,KS,Johnson County,3715 W 133Rd St,66209,,1558000976
"Addie E Long, DPT",https://www.google.com/maps/search/?api=1&query=Addie%20E%20Long%20Leawood%20KS,(913) 498-8492,Physical Therapist,Leawood,KS,Johnson County,6701 W 121St St Ste 300,66209,,1033601174
"Adrianne R Houdek, PT",https://www.google.com/maps/search/?api=1&query=Adrianne%20R%20Houdek%20Leawood%20KS,(913) 491-9404,Physical Therapist,Leawood,KS,Johnson County,8900 State Line Rd Suite 333,66206,,1487951505
"Allison Brattin-Volkens, DPT",https://www.google.com/maps/search/?api=1&query=Allison%20Brattin-Volkens%20Leawood%20KS,(319) 939-0304,Physical Therapist,Leawood,KS,Johnson County,2305 W 143Rd St,66224,,1154877306
"Amy Gallagher, PT",https://www.google.com/maps/search/?api=1&query=Amy%20Gallagher%20Leawood%20KS,(816) 590-6007,Physical Therapist,Leawood,KS,Johnson County,3303 W 146Th St,66224,,1659505352
"Andrew Lee Bianchi, DPT",https://www.google.com/maps/search/?api=1&query=Andrew%20Lee%20Bianchi%20Leawood%20KS,(913) 404-6530,Physical Therapist,Leawood,KS,Johnson County,13401 Mission Rd Ste 201,66209,,1205780194
"Angela Nicole Vanderpluym, PT, DPT",https://www.google.com/maps/search/?api=1&query=Angela%20Nicole%20Vanderpluym%20Leawood%20KS,(191) 388-8001,Physical Therapist,Leawood,KS,Johnson County,12728 State Line Rd,66209,,1134807852
"Anna C Walker, PT",https://www.google.com/maps/search/?api=1&query=Anna%20C%20Walker%20Leawood%20KS,(913) 491-8211,Physical Therapist,Leawood,KS,Johnson County,12421 Howe Dr,66209,,1902137300
Ashley Wiesner,https://www.google.com/maps/search/?api=1&query=Ashley%20Wiesner%20Leawood%20KS,(913) 491-3681,Physical Therapist,Leawood,KS,Johnson County,4400 W 115Th St,66211,,1679963672
"Barry Joseph Engelken, MPT",https://www.google.com/maps/search/?api=1&query=Barry%20Joseph%20Engelken%20Leawood%20KS,(913) 253-8980,Physical Therapist,Leawood,KS,Johnson County,3651 College Blvd Ste 110,66211,,1124705470
"Blake C Overmiller, DPT",https://www.google.com/maps/search/?api=1&query=Blake%20C%20Overmiller%20Leawood%20KS,(913) 484-7632,Physical Therapist,Leawood,KS,Johnson County,13420 Briar Dr Ste C,66209,,1336715747
"Brett James Beltrame, PT",https://www.google.com/maps/search/?api=1&query=Brett%20James%20Beltrame%20Leawood%20KS,(913) 888-0014,Physical Therapist,Leawood,KS,Johnson County,12728 State Line Road,66209,,1457649188
"Brian Matthew Frank, PT",https://www.google.com/maps/search/?api=1&query=Brian%20Matthew%20Frank%20Leawood%20KS,(913) 424-8996,Physical Therapist,Leawood,KS,Johnson County,11221 Roe Ave Suite 320,66211,,1073955860
Capt Llc,https://www.google.com/maps/search/?api=1&query=Capt Leawood KS,(913) 633-8203,Physical Therapist,Leawood,KS,Johnson County,13213 Delmar St,66209,,1790315745
"Cathleen Fanning, DPT",https://www.google.com/maps/search/?api=1&query=Cathleen%20Fanning%20Leawood%20KS,(913) 381-2100,Physical Therapist,Leawood,KS,Johnson County,9425 Mission Rd,66206,,1346813458
Center For Child And Family Development,https://www.google.com/maps/search/?api=1&query=Center+For+Child+And+Family+Development+Leawood+KS,(913) 219-5696,Physical Therapist,Leawood,KS,Johnson County,4817 W 117Th St,66211,,1083034953
"Christina Jane Hearing, DPT",https://www.google.com/maps/search/?api=1&query=Christina%20Jane%20Hearing%20Leawood%20KS,(816) 941-2550,Physical Therapist,Leawood,KS,Johnson County,12728 State Line Rd,66209,,1467126706
"Cody Wiley Sliva, PT, DPT",https://www.google.com/maps/search/?api=1&query=Cody%20Wiley%20Sliva%20Leawood%20KS,(913) 270-6187,Physical Therapist,Leawood,KS,Johnson County,5241 W 151St Ter,66224,,1063002780
"Elizabeth Anne Miller, PT, DPT",https://www.google.com/maps/search/?api=1&query=Elizabeth%20Anne%20Miller%20Leawood%20KS,(913) 766-9816,Physical Therapist,Leawood,KS,Johnson County,4800 W 135Th St Ste 210,66224,,1205364460
"Emily Tomlinson, PT, DPT, OCS",https://www.google.com/maps/search/?api=1&query=Emily%20Tomlinson%2C%20OCS%20Leawood%20KS,(913) 253-1760,Physical Therapist,Leawood,KS,Johnson County,3651 College Blvd,66211,,1003269507
"Eric Eduardo Vargas, DPT",https://www.google.com/maps/search/?api=1&query=Eric%20Eduardo%20Vargas%20Leawood%20KS,(913) 391-7288,Physical Therapist,Leawood,KS,Johnson County,4200 Somerset Dr. Suite 244,66206,,1114587318
"Jacob Reinkemeyer, PT, DPT",https://www.google.com/maps/search/?api=1&query=Jacob%20Reinkemeyer%20Leawood%20KS,(913) 632-4745,Physical Therapist,Leawood,KS,Johnson County,7025 College Blvd Ste 310,66211,,1689401887
"Jordan Kabetske, DPT",https://www.google.com/maps/search/?api=1&query=Jordan%20Kabetske%20Leawood%20KS,(913) 632-4765,Physical Therapist,Leawood,KS,Johnson County,3636 W 135Th St,66224,,1558146332
"Joy N. Ekekezie, RPT",https://www.google.com/maps/search/?api=1&query=Joy%20N.%20Ekekezie%2C%20RPT%20Leawood%20KS,(913) 814-9829,Physical Therapist,Leawood,KS,Johnson County,14317 Juniper St,66224,,1457561771
"Karen Lynn Werlein, PT",https://www.google.com/maps/search/?api=1&query=Karen%20Lynn%20Werlein%20Leawood%20KS,(913) 906-0200,Physical Therapist,Leawood,KS,Johnson County,11661 Granada St,66211,,1215400445
"Katherine Klein, MPT",https://www.google.com/maps/search/?api=1&query=Katherine%20Klein%20Leawood%20KS,(708) 574-1445,Physical Therapist,Leawood,KS,Johnson County,3415 W 92Nd Pl,66206,,1689007791
"Kelly Harrick, PT",https://www.google.com/maps/search/?api=1&query=Kelly%20Harrick%20Leawood%20KS,(913) 529-1801,Physical Therapist,Leawood,KS,Johnson County,4901 College Blvd,66211,,1457690539
"Kylie Werth, PT, DPT",https://www.google.com/maps/search/?api=1&query=Kylie%20Werth%20Leawood%20KS,(913) 937-5346,Physical Therapist,Leawood,KS,Johnson County,8340 Mission Rd Ste 119,66206,,1639809874
"Larissa L Michaelis, PT",https://www.google.com/maps/search/?api=1&query=Larissa%20L%20Michaelis%20Leawood%20KS,(816) 217-4406,Physical Therapist,Leawood,KS,Johnson County,8610 Meadow Ln,66206,,1982854899
"Michelle Coyne, PT",https://www.google.com/maps/search/?api=1&query=Michelle%20Coyne%20Leawood%20KS,(913) 681-9906,Physical Therapist,Leawood,KS,Johnson County,3651 College Blvd,66211,,1568186260
Mid-America Orthopedics Kc Llc,https://www.google.com/maps/search/?api=1&query=Mid-America%20Orthopedics%20Kc%20Leawood%20KS,(913) 232-9846,Physical Therapist,Leawood,KS,Johnson County,4940 W 137Th St Ste B,66224,,1689034472
"Playabilities For Sensational Kids, Llc",https://www.google.com/maps/search/?api=1&query=Playabilities%20For%20Sensational%20Kids%20Leawood%20KS,(913) 515-3531,Physical Therapist,Leawood,KS,Johnson County,3715 W 133Rd St,66209,,1861815532
"Rachel Auten, P. T.",https://www.google.com/maps/search/?api=1&query=Rachel%20Auten%2C%20P.%20T.%20Leawood%20KS,(325) 650-7927,Physical Therapist,Leawood,KS,Johnson County,15190 Granada Ave,66224,,1932407020
"Shweta Shah, PT",https://www.google.com/maps/search/?api=1&query=Shweta%20Shah%20Leawood%20KS,(913) 703-7641,Physical Therapist,Leawood,KS,Johnson County,11661 Granada St Genesis Rehab Services,66211,,1598038077
"Tara K. Moon, MS, PT",https://www.google.com/maps/search/?api=1&query=Tara%20K.%20Moon%2C%20MS%20Leawood%20KS,(913) 593-5939,Physical Therapist,Leawood,KS,Johnson County,3715 W 133Rd St,66209,,1851391171
"Alexander W. Smith, PT",https://www.google.com/maps/search/?api=1&query=Alexander%20W.%20Smith%20Lenexa%20KS,(913) 912-3003,Physical Therapist,Lenexa,KS,Johnson County,14851 W 101St Ter,66215,,1447829478
"Alison Erin Mitchell, DPT",https://www.google.com/maps/search/?api=1&query=Alison%20Erin%20Mitchell%20Lenexa%20KS,(913) 980-6606,Physical Therapist,Lenexa,KS,Johnson County,9524 Cailler Dr,66220,,1851732663
"Amy Jo Hughes, P.T.",https://www.google.com/maps/search/?api=1&query=Amy%20Jo%20Hughes%2C%20P.T.%20Lenexa%20KS,(913) 492-3277,Physical Therapist,Lenexa,KS,Johnson County,8550 Marshall Dr,66214,,1396929832
"Amy L Nichols, DPT",https://www.google.com/maps/search/?api=1&query=Amy%20L%20Nichols%20Lenexa%20KS,(913) 894-1500,Physical Therapist,Lenexa,KS,Johnson County,8550 Marshall Dr Suite 100,66214,,1063604189
"Andrew John Lentell, PT, DPT, CSCS",https://www.google.com/maps/search/?api=1&query=Andrew%20John%20Lentell%2C%20CSCS%20Lenexa%20KS,(913) 638-8869,Physical Therapist,Lenexa,KS,Johnson County,12932 W 87Th St Pkwy,66215,,1992375273
"Ann Karasek, PT",https://www.google.com/maps/search/?api=1&query=Ann%20Karasek%20Lenexa%20KS,(913) 383-8977,Physical Therapist,Lenexa,KS,Johnson County,15700 College Blvd Ste 201,66219,,1861423881
"Barbara J. Cashman, MSPT",https://www.google.com/maps/search/?api=1&query=Barbara%20J.%20Cashman%20Lenexa%20KS,(913) 677-6319,Physical Therapist,Lenexa,KS,Johnson County,23401 Prairie Star Pkwy # B300,66227,,1518480433
"Beulah Mathew, DPT",https://www.google.com/maps/search/?api=1&query=Beulah%20Mathew%20Lenexa%20KS,(913) 888-1900,Physical Therapist,Lenexa,KS,Johnson County,Lakeview Village 9100 Park St.,66215,,1891267100
"Brookelyn Grace Hood, DPT, PT",https://www.google.com/maps/search/?api=1&query=Brookelyn%20Grace%20Hood%20Lenexa%20KS,(913) 276-3333,Physical Therapist,Lenexa,KS,Johnson County,11360 Strang Line Rd,66215,,1538020391
"Caitlyn Rumsey, PT",https://www.google.com/maps/search/?api=1&query=Caitlyn%20Rumsey%20Lenexa%20KS,(913) 495-9704,Physical Therapist,Lenexa,KS,Johnson County,15609 W 87Th St,66219,,1467945261
"Carr Scott Woods, D.SC.,PT",https://www.google.com/maps/search/?api=1&query=Carr%20Scott%20Woods%2C%20D.SC.%20Lenexa%20KS,(913) 789-4075,Physical Therapist,Lenexa,KS,Johnson County,11140 Thompson Ave,66219,,1487978961
Carrie Hamill Blubaugh,https://www.google.com/maps/search/?api=1&query=Carrie%20Hamill%20Blubaugh%20Lenexa%20KS,(913) 492-1130,Physical Therapist,Lenexa,KS,Johnson County,9701 Monrovia St,66215,,1316589310
"Catherine Petra Pamperin, P.T.",https://www.google.com/maps/search/?api=1&query=Catherine%20Petra%20Pamperin%2C%20P.T.%20Lenexa%20KS,(913) 220-7951,Physical Therapist,Lenexa,KS,Johnson County,8525 Constance,66215,,1538193941
"Collin Breckenridge, DPT",https://www.google.com/maps/search/?api=1&query=Collin%20Breckenridge%20Lenexa%20KS,(913) 530-3477,Physical Therapist,Lenexa,KS,Johnson County,16990 W 86 Street Ste 110,66219,,1346031507
Daniel Salchert,https://www.google.com/maps/search/?api=1&query=Daniel%20Salchert%20Lenexa%20KS,(913) 632-4755,Physical Therapist,Lenexa,KS,Johnson County,8804 Renner Blvd Ste 210,66219,,1003623307
"Darcy Carlstedt, PT",https://www.google.com/maps/search/?api=1&query=Darcy%20Carlstedt%20Lenexa%20KS,(913) 492-4888,Physical Therapist,Lenexa,KS,Johnson County,15301 W. 87Th St. Suite 200,66219,,1710369277
"Devan Myrinda Heronemus, PT, DPT",https://www.google.com/maps/search/?api=1&query=Devan%20Myrinda%20Heronemus%20Lenexa%20KS,(913) 764-0389,Physical Therapist,Lenexa,KS,Johnson County,10074 Woodland Dr,66220,,1992296941
"Dorothy L Cobb, PT",https://www.google.com/maps/search/?api=1&query=Dorothy%20L%20Cobb%20Lenexa%20KS,(913) 754-0888,Physical Therapist,Lenexa,KS,Johnson County,7931 Bond St,66214,,1225016181
Fox Rehab Pt And Ot Ks Llc,https://www.google.com/maps/search/?api=1&query=Fox+Rehab+Pt+And+Ot+Ks+Llc+Lenexa+KS,(877) 407-3422,Physical Therapist,Lenexa,KS,Johnson County,12345 W 95Th St Fl 2,66215,,1023845278
"Irvin Ramos-Bencomo, DPT",https://www.google.com/maps/search/?api=1&query=Irvin%20Ramos-Bencomo%20Lenexa%20KS,(913) 676-8610,Physical Therapist,Lenexa,KS,Johnson County,23351 Prairie Star Pkwy Ste A125,66227,,1063289585
"Jacob William Spinka, PT, DPT",https://www.google.com/maps/search/?api=1&query=Jacob%20William%20Spinka%20Lenexa%20KS,(913) 484-0584,Physical Therapist,Lenexa,KS,Johnson County,8423 Widmer Rd,66215,,1124449137
"James Quinn, DPT",https://www.google.com/maps/search/?api=1&query=James%20Quinn%20Lenexa%20KS,(913) 213-3985,Physical Therapist,Lenexa,KS,Johnson County,8325 Lenexa Dr,66214,,1275061442
"Jane Elizabeth Meador, PT",https://www.google.com/maps/search/?api=1&query=Jane%20Elizabeth%20Meador%20Lenexa%20KS,(913) 207-6150,Physical Therapist,Lenexa,KS,Johnson County,14601 W 90Th Terrace,66215,,1992098883
"Jeffrey Edwards, PT",https://www.google.com/maps/search/?api=1&query=Jeffrey%20Edwards%20Lenexa%20KS,(913) 227-0764,Physical Therapist,Lenexa,KS,Johnson County,12803 W 87Th Street Pkwy,66215,,1639985708
Jessica Struzina,https://www.google.com/maps/search/?api=1&query=Jessica%20Struzina%20Lenexa%20KS,(913) 825-1995,Physical Therapist,Lenexa,KS,Johnson County,14407 W 84Th Ter,66215,,1700029055
"Jodi A Purvis, PT",https://www.google.com/maps/search/?api=1&query=Jodi%20A%20Purvis%20Lenexa%20KS,(913) 228-0190,Physical Therapist,Lenexa,KS,Johnson County,8325 Lenexa Dr Suite 150,66214,,1598071219
"Julia M Fischer, PT",https://www.google.com/maps/search/?api=1&query=Julia%20M%20Fischer%20Lenexa%20KS,(615) 778-4066,Physical Therapist,Lenexa,KS,Johnson County,13414 W 99Th St Exchange Place #1,66215,,1184745408
"Kaci Amber Calhoun, DPT",https://www.google.com/maps/search/?api=1&query=Kaci%20Amber%20Calhoun%20Lenexa%20KS,(913) 890-3778,Physical Therapist,Lenexa,KS,Johnson County,12351 W 96Th Ter Ste 203,66215,,1487155974
"Kurtis Cowan, RPT",https://www.google.com/maps/search/?api=1&query=Kurtis%20Cowan%2C%20RPT%20Lenexa%20KS,(913) 307-0665,Physical Therapist,Lenexa,KS,Johnson County,15055 W 87Th Street Pkwy,66215,,1962720995
Lori Slettehaugh,https://www.google.com/maps/search/?api=1&query=Lori%20Slettehaugh%20Lenexa%20KS,(913) 963-9900,Physical Therapist,Lenexa,KS,Johnson County,7615 Twilight Ln,66217,,1699304386
"Mackenzie P Dahl, DPT",https://www.google.com/maps/search/?api=1&query=Mackenzie%20P%20Dahl%20Lenexa%20KS,(913) 262-3457,Physical Therapist,Lenexa,KS,Johnson County,14900 W 87Th Street Pkwy,66215,,1174190797
"Mark Daniel Jagger, PT, MSPT",https://www.google.com/maps/search/?api=1&query=Mark%20Daniel%20Jagger%20Lenexa%20KS,(913) 227-0754,Physical Therapist,Lenexa,KS,Johnson County,12803 W 87Th Street Pkwy,66215,,1881978278
"Mary Krogmeier, DPT",https://www.google.com/maps/search/?api=1&query=Mary%20Krogmeier%20Lenexa%20KS,(913) 894-6664,Physical Therapist,Lenexa,KS,Johnson County,14809 W 95Th St,66215,,1407395015
"Megan Lee Moe, PT, DPT",https://www.google.com/maps/search/?api=1&query=Megan%20Lee%20Moe%20Lenexa%20KS,(913) 588-3510,Physical Therapist,Lenexa,KS,Johnson County,7405 Renner Rd,66217,,1033781091
Mind Body Shen,https://www.google.com/maps/search/?api=1&query=Mind%20Body%20Shen%20Lenexa%20KS,(503) 560-4672,Physical Therapist,Lenexa,KS,Johnson County,8829 Long St,66215,,1730846742
"Molly Reynolds, PT",https://www.google.com/maps/search/?api=1&query=Molly%20Reynolds%20Lenexa%20KS,(913) 488-5124,Physical Therapist,Lenexa,KS,Johnson County,10005 Sunset Dr,66220,,1740707983
"Naoko Sato, MSPT",https://www.google.com/maps/search/?api=1&query=Naoko%20Sato%20Lenexa%20KS,(913) 744-2482,Physical Therapist,Lenexa,KS,Johnson County,9100 Park St,66215,,1194169813
Prairie Star Physical Therapy,https://prairiestarphysicaltherapy.com,(913) 219-9314,Physical Therapist,Lenexa,KS,Johnson County,8909 Pine St,66220,,1104761949
Preferred Pt Llc,https://www.google.com/maps/search/?api=1&query=Preferred%20Lenexa%20KS,(913) 492-0333,Physical Therapist,Lenexa,KS,Johnson County,8550 Marshall Dr Ste 210,66214,,1619908647
Pwr Physio Llc,https://pwrphysio.com,(913) 601-8151,Physical Therapist,Lenexa,KS,Johnson County,12006 W 87Th Street Pkwy,66215,,1972063436
Renewed Movement,https://www.google.com/maps/search/?api=1&query=Renewed%20Movement%20Lenexa%20KS,(181) 595-4765,Physical Therapist,Lenexa,KS,Johnson County,24507 W 79Th Ct,66227,,1790394930
"Sarah Call, DPT",https://www.google.com/maps/search/?api=1&query=Sarah%20Call%20Lenexa%20KS,(913) 742-3198,Physical Therapist,Lenexa,KS,Johnson County,8655 Schweiger Ct Apt. 106,66219,,1700051844
"Sarah Triplett, DPT",https://www.google.com/maps/search/?api=1&query=Sarah%20Triplett%20Lenexa%20KS,(410) 812-7371,Physical Therapist,Lenexa,KS,Johnson County,9701 Monrovia St,66215,,1194571307
"Steffen Thomas, PT, DPT",https://www.google.com/maps/search/?api=1&query=Steffen%20Thomas%20Lenexa%20KS,(760) 960-4075,Physical Therapist,Lenexa,KS,Johnson County,10238 Hauser St,66215,,1033787684
"Stone Osterman, PT, DPT",https://www.google.com/maps/search/?api=1&query=Stone%20Osterman%20Lenexa%20KS,(132) 270-0764,Physical Therapist,Lenexa,KS,Johnson County,12803 W 87Th Street Pkwy,66215,,1740027051
Therapy Associates Llc,https://therapyassociates.com,(913) 747-6100,Physical Therapist,Lenexa,KS,Johnson County,11900 W 87Th Street Pkwy Suite 125,66215,,1992878508
Trevor Arellanes,https://www.google.com/maps/search/?api=1&query=Trevor%20Arellanes%20Lenexa%20KS,(913) 286-6625,Physical Therapist,Lenexa,KS,Johnson County,11150 S Greenwood St,66215,,1326620527
"Mark Kevin Dwyer, PT",https://www.google.com/maps/search/?api=1&query=Mark%20Kevin%20Dwyer%20Louisburg%20KS,(314) 320-4893,Physical Therapist,Louisburg,KS,Johnson County,202 S Rogers Rd,66053,,1518719392
"Andrea Beth Hammond, DPT",https://www.google.com/maps/search/?api=1&query=Andrea%20Beth%20Hammond%20Merriam%20KS,(888) 913-1910,Physical Therapist,Merriam,KS,Johnson County,10000 W 75Th St Ste 250,66204,,1316222763
"Anne Neuer, DPT",https://www.google.com/maps/search/?api=1&query=Anne%20Neuer%20Merriam%20KS,(913) 652-9229,Physical Therapist,Merriam,KS,Johnson County,6700 Antioch Rd Suite 430,66204,,1679719694
"Casey Anne Hurley, DPT",https://www.google.com/maps/search/?api=1&query=Casey%20Anne%20Hurley%20Merriam%20KS,(913) 676-2444,Physical Therapist,Merriam,KS,Johnson County,7315 E Frontage Rd Ste 120,66204,,1710524343
"Dennis Brett Arthur, PT",https://www.google.com/maps/search/?api=1&query=Dennis%20Brett%20Arthur%20Merriam%20KS,(913) 236-6180,Physical Therapist,Merriam,KS,Johnson County,5815 Carter St,66203,,1710190483
"Heather Nicole Price, PT, DPT",https://www.google.com/maps/search/?api=1&query=Heather%20Nicole%20Price%20Merriam%20KS,(913) 318-1970,Physical Therapist,Merriam,KS,Johnson County,7448 W Frontage Rd,66203,,1104689884
"Jennifer Kay Bedell, DPT",https://www.google.com/maps/search/?api=1&query=Jennifer%20Kay%20Bedell%20Merriam%20KS,(866) 502-3190,Physical Therapist,Merriam,KS,Johnson County,6700 Antioch Rd Ste 120,66204,,1801143516
"Jessica L Stegman, DPT",https://www.google.com/maps/search/?api=1&query=Jessica%20L%20Stegman%20Merriam%20KS,(913) 620-1007,Physical Therapist,Merriam,KS,Johnson County,6223 Slater St,66202,,1982830477
"Kara Tischer, DPT",https://www.google.com/maps/search/?api=1&query=Kara%20Tischer%20Merriam%20KS,(402) 968-3904,Physical Therapist,Merriam,KS,Johnson County,10000 W 75Th St Ste 250,66204,,1891144341
"Kristen Michelle Matthews, DPT",https://www.google.com/maps/search/?api=1&query=Kristen%20Michelle%20Matthews%20Merriam%20KS,(913) 652-9198,Physical Therapist,Merriam,KS,Johnson County,6700 Antioch Suite 120,66204,,1922381102
"Lisa Bierly Steinert, PT",https://www.google.com/maps/search/?api=1&query=Lisa%20Bierly%20Steinert%20Merriam%20KS,(913) 652-9225,Physical Therapist,Merriam,KS,Johnson County,6700 Antioch Rd,66204,,1588039838
"Midwest Orthopaedics, P.A.",https://www.google.com/maps/search/?api=1&query=Midwest%20Orthopaedics%2C%20P.A.%20Merriam%20KS,(913) 362-8317,Physical Therapist,Merriam,KS,Johnson County,7450 Kessler St Ste 140,66204,,1972579894
Pinnacle Therapy Services Llc,https://pinnaclechiro.com,(913) 262-2221,Physical Therapist,Merriam,KS,Johnson County,7448 Frontage Rd,66203,,1114352614
Sushma Gampa,https://www.google.com/maps/search/?api=1&query=Sushma%20Gampa%20Merriam%20KS,(888) 913-1174,Physical Therapist,Merriam,KS,Johnson County,10000 W 75Th St Ste 250,66204,,1700246196
Teresa May-Teerink,https://www.google.com/maps/search/?api=1&query=Teresa%20May-Teerink%20Merriam%20KS,(888) 652-9228,Physical Therapist,Merriam,KS,Johnson County,6700 Antioch Rd,66204,,1871903823
"Alyssa Carolyne Perley, PT, DPT",https://www.google.com/maps/search/?api=1&query=Alyssa%20Carolyne%20Perley%20Mission%20KS,(913) 384-5810,Physical Therapist,Mission,KS,Johnson County,6640 Johnson Dr,66202,,1841779147
"Catherine Thelen, DPT",https://www.google.com/maps/search/?api=1&query=Catherine%20Thelen%20Mission%20KS,(913) 229-9440,Physical Therapist,Mission,KS,Johnson County,5922 Barkley St,66202,,1750836953
"Darin J Mcginty, DPT",https://www.google.com/maps/search/?api=1&query=Darin%20J%20Mcginty%20Mission%20KS,(913) 384-5600,Physical Therapist,Mission,KS,Johnson County,5799 Broadmoor St Suite 300,66202,,1255693750
Derrick Chun Hei Yang,https://www.google.com/maps/search/?api=1&query=Derrick%20Chun%20Hei%20Yang%20Mission%20KS,(913) 359-0700,Physical Therapist,Mission,KS,Johnson County,5921 Johnson Dr,66202,,1497634422
Dylan Bastian,https://www.google.com/maps/search/?api=1&query=Dylan%20Bastian%20Mission%20KS,(316) 207-0366,Physical Therapist,Mission,KS,Johnson County,4809 Broadmoor St Apt 44,66202,,1285525329
"Larry J Estes, PT",https://www.google.com/maps/search/?api=1&query=Larry%20J%20Estes%20Mission%20KS,(913) 262-8070,Physical Therapist,Mission,KS,Johnson County,5350 W 61St Place Mission Springs,66205,,1053527721
"Margaret A. Hartman, Pt, C/Ndt",https://www.google.com/maps/search/?api=1&query=Margaret%20A.%20Hartman%2C%20C/Ndt%20Mission%20KS,(913) 522-8732,Physical Therapist,Mission,KS,Johnson County,5300 W 65Th Pl,66202,,1891210506
Premere Rehab Llc,https://www.google.com/maps/search/?api=1&query=Premere+Rehab+Llc+Mission+KS,(613) 403-8200,Physical Therapist,Mission,KS,Johnson County,6220 Marlway St,66202,,1407576598
Sage Mcgehe,https://www.google.com/maps/search/?api=1&query=Sage%20Mcgehe%20Mission%20KS,(630) 575-1980,Physical Therapist,Mission,KS,Johnson County,5921 Johnson Dr,66202,,1144083395
"Micah Swank, PT, DPT",https://www.google.com/maps/search/?api=1&query=Micah%20Swank%20New%20Century%20KS,(913) 213-3023,Physical Therapist,New Century,KS,Johnson County,150 New Century Pkwy,66031,,1467113530
"Mary Morgan Kaufman, PT",https://www.google.com/maps/search/?api=1&query=Mary%20Morgan%20Kaufman%20Newton%20KS,(316) 669-1648,Physical Therapist,Newton,KS,Johnson County,2311 S Kansas Rd,67114,,1245679414
Abby Palma,https://www.google.com/maps/search/?api=1&query=Abby%20Palma%20Olathe%20KS,(913) 632-4780,Physical Therapist,Olathe,KS,Johnson County,18581 W 151St St,66062,,1215714555
Active Life Physical Therapy Llc,https://www.google.com/maps/search/?api=1&query=Active+Life+Physical+Therapy+Llc+Olathe+KS,(913) 232-8864,Physical Therapist,Olathe,KS,Johnson County,14146 W 119Th St,66062,,1467228734
"Amy Elizabeth Schramm, PT",https://www.google.com/maps/search/?api=1&query=Amy%20Elizabeth%20Schramm%20Olathe%20KS,(913) 323-7129,Physical Therapist,Olathe,KS,Johnson County,13800 W 116Th St,66062,,1639407042
"Andrew D Sachs, DPT",https://www.google.com/maps/search/?api=1&query=Andrew%20D%20Sachs%20Olathe%20KS,(913) 538-5453,Physical Therapist,Olathe,KS,Johnson County,141 S Parker St,66061,,1710610746
Andrew Towell,https://www.google.com/maps/search/?api=1&query=Andrew%20Towell%20Olathe%20KS,(913) 738-8326,Physical Therapist,Olathe,KS,Johnson County,14200 W 134Th Pl,66062,,1265835235
Angel Felipe Colon,https://www.google.com/maps/search/?api=1&query=Angel%20Felipe%20Colon%20Olathe%20KS,(913) 445-4105,Physical Therapist,Olathe,KS,Johnson County,12000 W 151St St Ste 201,66062,,1386570331
"Anna Merrell Shorten, DPT",https://www.google.com/maps/search/?api=1&query=Anna%20Merrell%20Shorten%20Olathe%20KS,(913) 710-9126,Physical Therapist,Olathe,KS,Johnson County,21250 W 151St St,66061,,1174066187
"Annahita Z Van Den Berghe, DPT",https://www.google.com/maps/search/?api=1&query=Annahita%20Z%20Van%20Den%20Berghe%20Olathe%20KS,(913) 254-0568,Physical Therapist,Olathe,KS,Johnson County,15455 S Rogers Rd,66062,,1942491279
"Annette Christine Redhair, DPT",https://www.google.com/maps/search/?api=1&query=Annette%20Christine%20Redhair%20Olathe%20KS,(316) 516-2773,Physical Therapist,Olathe,KS,Johnson County,21250 W 151St St,66061,,1033651344
"Arminda Abapo Hernandez, RPT",https://www.google.com/maps/search/?api=1&query=Arminda%20Abapo%20Hernandez%2C%20RPT%20Olathe%20KS,(913) 963-4748,Physical Therapist,Olathe,KS,Johnson County,13618 W 129Th St,66062,,1528267440
"Ashley Nicole Clark, PT, DPT",https://www.google.com/maps/search/?api=1&query=Ashley%20Nicole%20Clark%20Olathe%20KS,(913) 782-8729,Physical Therapist,Olathe,KS,Johnson County,12755 S Mur Len Rd Ste B1,66062,,1902468200
"Audrey O'Sullivan, PT, DPT",https://www.google.com/maps/search/?api=1&query=Audrey%20O%27Sullivan%20Olathe%20KS,(913) 780-9916,Physical Therapist,Olathe,KS,Johnson County,15325 S Lone Elm Rd,66061,,1538964994
"Brandon James Walker, DPT",https://www.google.com/maps/search/?api=1&query=Brandon%20James%20Walker%20Olathe%20KS,(620) 474-2950,Physical Therapist,Olathe,KS,Johnson County,608 E Harold St,66061,,1104227578
"Bryan Dillberg, PT, DPT",https://www.google.com/maps/search/?api=1&query=Bryan%20Dillberg%20Olathe%20KS,(913) 632-4770,Physical Therapist,Olathe,KS,Johnson County,11970 S Blackbob Rd Ste 100,66062,,1275312548
Celeste Hendricks,https://www.google.com/maps/search/?api=1&query=Celeste%20Hendricks%20Olathe%20KS,(913) 393-0092,Physical Therapist,Olathe,KS,Johnson County,11970 S Blackbob Rd Ste 100,66062,,1427434760
"Cynthia Denise Briscoe, PT",https://www.google.com/maps/search/?api=1&query=Cynthia%20Denise%20Briscoe%20Olathe%20KS,(913) 638-0497,Physical Therapist,Olathe,KS,Johnson County,2275 W Layton Dr,66061,,1942494570
"Davis Cantwell, DPT",https://www.google.com/maps/search/?api=1&query=Davis%20Cantwell%20Olathe%20KS,(913) 791-0144,Physical Therapist,Olathe,KS,Johnson County,2113 E Kansas City Rd,66061,,1245901594
"Delaney Burbee, PT, DPT",https://www.google.com/maps/search/?api=1&query=Delaney%20Burbee%20Olathe%20KS,(800) 381-0822,Physical Therapist,Olathe,KS,Johnson County,13875 W 115Th Ter,66062,,1710741608
"Elizabeth Anne Miller, P.T.",https://www.google.com/maps/search/?api=1&query=Elizabeth%20Anne%20Miller%2C%20P.T.%20Olathe%20KS,(913) 599-6100,Physical Therapist,Olathe,KS,Johnson County,17500 W 119Th St,66061,,1710108154
"Erin Dianne Huff, RPT",https://www.google.com/maps/search/?api=1&query=Erin%20Dianne%20Huff%2C%20RPT%20Olathe%20KS,(913) 481-7140,Physical Therapist,Olathe,KS,Johnson County,16600 W 126Th St,66062,,1871938464
"Evan Smith, PT, DPT",https://www.google.com/maps/search/?api=1&query=Evan%20Smith%20Olathe%20KS,(913) 599-4600,Physical Therapist,Olathe,KS,Johnson County,10396 S Ridgeview Rd,66061,,1578329017
"Genesis Eldercare Rehabilitation Services, Inc",https://drgenesis.com,(913) 839-8562,Physical Therapist,Olathe,KS,Johnson County,1558 E Spruce St,66061,,1669731048
"Isabella Madison Pappert, DPT",https://www.google.com/maps/search/?api=1&query=Isabella%20Madison%20Pappert%20Olathe%20KS,(913) 395-2964,Physical Therapist,Olathe,KS,Johnson County,20705 W 151St St,66061,,1306731112
"Jacinda A Draisey, pt, dpt",https://www.google.com/maps/search/?api=1&query=Jacinda%20A%20Draisey%20Olathe%20KS,(913) 440-0992,Physical Therapist,Olathe,KS,Johnson County,14895 W 151St St,66062,,1619513686
"Jackson William Cooper, Physical Therapist",https://www.google.com/maps/search/?api=1&query=Jackson%20William%20Cooper%2C%20Physical%20Therapist%20Olathe%20KS,(913) 708-8450,Physical Therapist,Olathe,KS,Johnson County,11160 S Lone Elm Rd,66061,,1295621258
"James Arthur Richards, PT, DPT",https://www.google.com/maps/search/?api=1&query=James%20Arthur%20Richards%20Olathe%20KS,(913) 782-1372,Physical Therapist,Olathe,KS,Johnson County,20705 W 151St St,66061,,1326635319
"Jonathan Richard Jones, P.T.",https://www.google.com/maps/search/?api=1&query=Jonathan%20Richard%20Jones%2C%20P.T.%20Olathe%20KS,(913) 231-9820,Physical Therapist,Olathe,KS,Johnson County,15325 W 156Th St,66062,,1407953722
"Joseph Welling, DPT",https://www.google.com/maps/search/?api=1&query=Joseph%20Welling%20Olathe%20KS,(191) 323-2895,Physical Therapist,Olathe,KS,Johnson County,1445 S Mahaffie St,66062,,1881455756
"Joyce Shulfer, PT",https://www.google.com/maps/search/?api=1&query=Joyce%20Shulfer%20Olathe%20KS,(913) 390-0444,Physical Therapist,Olathe,KS,Johnson County,21250 W 151St St,66061,,1801070123
Kate Lindelof,https://www.google.com/maps/search/?api=1&query=Kate%20Lindelof%20Olathe%20KS,(913) 645-9744,Physical Therapist,Olathe,KS,Johnson County,14537 S Mullen St,66062,,1336533231
"Kathryn Wade, DPT",https://www.google.com/maps/search/?api=1&query=Kathryn%20Wade%20Olathe%20KS,(816) 510-8436,Physical Therapist,Olathe,KS,Johnson County,11933 S Cottonwood Dr,66062,,1912311713
Kaye Northcott,https://www.google.com/maps/search/?api=1&query=Kaye%20Northcott%20Olathe%20KS,(913) 791-4200,Physical Therapist,Olathe,KS,Johnson County,20333 W 151St St,66061,,1174990642
"Kenneth Newman, PT, DPT",https://www.google.com/maps/search/?api=1&query=Kenneth%20Newman%20Olathe%20KS,(913) 732-0836,Physical Therapist,Olathe,KS,Johnson County,141 S Parker St,66061,,1871276808
"Kidstlc, Inc",https://kidstlc.org,(913) 324-3823,Physical Therapist,Olathe,KS,Johnson County,620 S Rogers Rd,66062,,1780014480
"Kristine Ann Lowe, PT",https://www.google.com/maps/search/?api=1&query=Kristine%20Ann%20Lowe%20Olathe%20KS,(913) 782-7808,Physical Therapist,Olathe,KS,Johnson County,13904 W 149Th Ter,66062,,1780805820
"Lacee Nolan, DPT",https://www.google.com/maps/search/?api=1&query=Lacee%20Nolan%20Olathe%20KS,(913) 397-2900,Physical Therapist,Olathe,KS,Johnson County,20911 W 153Rd St,66061,,1144507211
"Laura Mckaig, PT",https://www.google.com/maps/search/?api=1&query=Laura%20Mckaig%20Olathe%20KS,(913) 940-3923,Physical Therapist,Olathe,KS,Johnson County,130 N Cherry St Ste 203,66061,,1336522234
Lucy M Jimenez,https://www.google.com/maps/search/?api=1&query=Lucy%20M%20Jimenez%20Olathe%20KS,(913) 828-4180,Physical Therapist,Olathe,KS,Johnson County,13800 W 116Th St,66062,,1225739816
Mark Christopher Abegg,https://www.google.com/maps/search/?api=1&query=Mark%20Christopher%20Abegg%20Olathe%20KS,(913) 495-9905,Physical Therapist,Olathe,KS,Johnson County,15430 S Rogers Rd,66062,,1811723216
"Matthew Joseph Oleksy, DPT",https://www.google.com/maps/search/?api=1&query=Matthew%20Joseph%20Oleksy%20Olathe%20KS,(913) 971-0422,Physical Therapist,Olathe,KS,Johnson County,15258 W 119Th St,66062,,1326251422
"Max Stoneking, DPT",https://www.google.com/maps/search/?api=1&query=Max%20Stoneking%20Olathe%20KS,(913) 213-4266,Physical Therapist,Olathe,KS,Johnson County,16044 W 160Th Ter,66062,,1538901699
"Mckayla Knudson, DPT",https://www.google.com/maps/search/?api=1&query=Mckayla%20Knudson%20Olathe%20KS,(913) 399-6707,Physical Therapist,Olathe,KS,Johnson County,12452 S Gallery St,66062,,1013533702
"Megan Pribyl, PT, CMPT, CMTPT",https://www.google.com/maps/search/?api=1&query=Megan%20Pribyl%2C%20CMPT%2C%20CMTPT%20Olathe%20KS,(913) 601-1764,Physical Therapist,Olathe,KS,Johnson County,23864 W 124Th Ct,66061,,1730767617
"Michelle Wyrick, PT",https://www.google.com/maps/search/?api=1&query=Michelle%20Wyrick%20Olathe%20KS,(913) 829-7775,Physical Therapist,Olathe,KS,Johnson County,14188 W 150Th Ct,66062,,1629146089
Mistie Linn Yearout,https://www.google.com/maps/search/?api=1&query=Mistie%20Linn%20Yearout%20Olathe%20KS,(913) 393-0992,Physical Therapist,Olathe,KS,Johnson County,11970 S Blackbob Rd Suite 100,66062,,1073931382
Mvmt Balance Llc,https://www.google.com/maps/search/?api=1&query=Mvmt+Balance+Llc+Olathe+KS,(314) 972-3319,Physical Therapist,Olathe,KS,Johnson County,13060 S Summit St,66062,,1184574147
"Noelle Hinson, PT",https://www.google.com/maps/search/?api=1&query=Noelle%20Hinson%20Olathe%20KS,(913) 375-7085,Physical Therapist,Olathe,KS,Johnson County,16600 W 126Th St,66062,,1184150617
"Olanre Adetu, P.T.",https://www.google.com/maps/search/?api=1&query=Olanre%20Adetu%2C%20P.T.%20Olathe%20KS,(913) 829-5201,Physical Therapist,Olathe,KS,Johnson County,16600 W 126Th St,66062,,1730300591
"Olathe Health Physicians, Inc.","https://www.google.com/maps/search/?api=1&query=Olathe+Health+Physicians,+Inc.+Olathe+KS",(913) 791-4461,Physical Therapist,Olathe,KS,Johnson County,20333 W 151St St,66061,,1972973683
Olathe Physical Therapy & Hand Rehab,https://www.google.com/maps/search/?api=1&query=Olathe+Physical+Therapy+&+Hand+Rehab+Olathe+KS,(913) 829-2400,Physical Therapist,Olathe,KS,Johnson County,20375 W 151St St Suite 103,66061,,1477533073
"Paige Blackmon Stivers, PT, DPT",https://www.google.com/maps/search/?api=1&query=Paige%20Blackmon%20Stivers%20Olathe%20KS,(913) 829-3133,Physical Therapist,Olathe,KS,Johnson County,1061 E 151St St,66062,,1114490349
"Paige Mitchell, PT",https://www.google.com/maps/search/?api=1&query=Paige%20Mitchell%20Olathe%20KS,(913) 791-0020,Physical Therapist,Olathe,KS,Johnson County,101 W 151St St,66061,,1821634627
Pelvic Connection Physical Therapy And Wellness Llc,https://drpelvic.com,(913) 423-2660,Physical Therapist,Olathe,KS,Johnson County,130 N Cherry St Ste 203,66061,,1043774771
"Rachel Skinner, DPT",https://www.google.com/maps/search/?api=1&query=Rachel%20Skinner%20Olathe%20KS,(913) 829-2273,Physical Therapist,Olathe,KS,Johnson County,201 E Flaming Rd,66061,,1740857945
Restore Physical Therapy And Wellness Center,https://restorechiro.com,(913) 839-3232,Physical Therapist,Olathe,KS,Johnson County,15024 S Blackbob Rd,66062,,1972349801
"Rindalyn Ellen Louise Sherman, DPT",https://www.google.com/maps/search/?api=1&query=Rindalyn%20Ellen%20Louise%20Sherman%20Olathe%20KS,(913) 832-8561,Physical Therapist,Olathe,KS,Johnson County,11728 S Alcan St,66062,,1124479605
Serc Of Johnson County Llc,https://www.google.com/maps/search/?api=1&query=Serc+Of+Johnson+County+Llc+Olathe+KS,(913) 782-7734,Physical Therapist,Olathe,KS,Johnson County,801 N Mur Len Rd Suite 111,66062,,1952359390
Stacie Wiechman,https://www.google.com/maps/search/?api=1&query=Stacie%20Wiechman%20Olathe%20KS,(816) 520-0431,Physical Therapist,Olathe,KS,Johnson County,20982 W 116Th Ter,66061,,1538623988
"Stephanie Bessery-Nichols, DPT",https://www.google.com/maps/search/?api=1&query=Stephanie%20Bessery-Nichols%20Olathe%20KS,(913) 909-5529,Physical Therapist,Olathe,KS,Johnson County,16134 S Laurelwood St,66062,,1053813022
"Stephanie Ruf, MS PT",https://www.google.com/maps/search/?api=1&query=Stephanie%20Ruf%2C%20MS%20Olathe%20KS,(913) 445-4200,Physical Therapist,Olathe,KS,Johnson County,20333 W 151St St,66061,,1124981170
"Thomas Bret Jordan, ms rpt",https://www.google.com/maps/search/?api=1&query=Thomas%20Bret%20Jordan%2C%20ms%20rpt%20Olathe%20KS,(913) 634-6844,Physical Therapist,Olathe,KS,Johnson County,534 E Loula St,66061,,1114054293
"Tracie Janice Stanton, MSPT",https://www.google.com/maps/search/?api=1&query=Tracie%20Janice%20Stanton%20Olathe%20KS,(913) 780-4943,Physical Therapist,Olathe,KS,Johnson County,13103 S Hallet Ct,66062,,1174659023
Tracy Wills,https://www.google.com/maps/search/?api=1&query=Tracy%20Wills%20Olathe%20KS,(913) 397-2964,Physical Therapist,Olathe,KS,Johnson County,20911 W 153Rd St,66061,,1861686883
"Vivian Ann Weber, Physical Therapist",https://www.google.com/maps/search/?api=1&query=Vivian%20Ann%20Weber%2C%20Physical%20Therapist%20Olathe%20KS,(913) 764-5817,Physical Therapist,Olathe,KS,Johnson County,1208 S Winterbrooke Dr,66062,,1700964921
"Yves Vu, DPT",https://www.google.com/maps/search/?api=1&query=Yves%20Vu%20Olathe%20KS,(408) 677-9151,Physical Therapist,Olathe,KS,Johnson County,21467 W 121St Ter,66061,,1700511292
"Kirk B Riepe, DPT, ATC",https://www.google.com/maps/search/?api=1&query=Kirk%20B%20Riepe%2C%20ATC%20Osawatomie%20KS,(913) 755-4165,Physical Therapist,Osawatomie,KS,Johnson County,1615 Parker Ave,66064,,1265091565
"Megan Renee Mcmahan, MSPT",https://www.google.com/maps/search/?api=1&query=Megan%20Renee%20Mcmahan%20Ottawa%20KS,(785) 229-8343,Physical Therapist,Ottawa,KS,Johnson County,901 S Main St,66067,,1285732461
"Aaron Fast, PT, DPT",https://www.google.com/maps/search/?api=1&query=Aaron%20Fast%20Overland%20Park%20KS,(913) 681-9909,Physical Therapist,Overland Park,KS,Johnson County,11301 W 88Th St Ste 100,66214,,1942677117
"Abby Bodenhausen, DPT",https://www.google.com/maps/search/?api=1&query=Abby%20Bodenhausen%20Overland%20Park%20KS,(913) 681-0606,Physical Therapist,Overland Park,KS,Johnson County,10600 Mastin St,66212,,1881866069
"Adam Lee Leblanc, DPT",https://www.google.com/maps/search/?api=1&query=Adam%20Lee%20Leblanc%20Overland%20Park%20KS,(913) 945-2153,Physical Therapist,Overland Park,KS,Johnson County,13800 Metcalf Ave,66223,,1649764077
"Adrienne Volkmer, DPT",https://www.google.com/maps/search/?api=1&query=Adrienne%20Volkmer%20Overland%20Park%20KS,(913) 904-0261,Physical Therapist,Overland Park,KS,Johnson County,7381 W 133Rd St Ste 302,66213,,1518315308
Aimeen Sajjad Paroya,https://www.google.com/maps/search/?api=1&query=Aimeen%20Sajjad%20Paroya%20Overland%20Park%20KS,(913) 963-4786,Physical Therapist,Overland Park,KS,Johnson County,6514 W 91St St Apt 42,66212,,1265366702
"Alexandra M Thompson, PT",https://www.google.com/maps/search/?api=1&query=Alexandra%20M%20Thompson%20Overland%20Park%20KS,(913) 574-1460,Physical Therapist,Overland Park,KS,Johnson County,10730 Nall Ave Ste 200,66211,,1275053449
"Alice J Schafersman, R.P.T.",https://www.google.com/maps/search/?api=1&query=Alice%20J%20Schafersman%2C%20R.P.T.%20Overland%20Park%20KS,(913) 469-8878,Physical Therapist,Overland Park,KS,Johnson County,10100 W 119Th St Suite 200,66213,,1477540797
"Alicia Marie Roster, DPT",https://www.google.com/maps/search/?api=1&query=Alicia%20Marie%20Roster%20Overland%20Park%20KS,(913) 897-1100,Physical Therapist,Overland Park,KS,Johnson County,6885 W 151St St,66223,,1801554860
"Allison Corby, DPT",https://www.google.com/maps/search/?api=1&query=Allison%20Corby%20Overland%20Park%20KS,(913) 642-7746,Physical Therapist,Overland Park,KS,Johnson County,7279 W 105Th St,66212,,1588096887
"Allison Volkmann, DPT",https://www.google.com/maps/search/?api=1&query=Allison%20Volkmann%20Overland%20Park%20KS,(913) 696-8000,Physical Therapist,Overland Park,KS,Johnson County,5808 W 110Th St,66211,,1083269609
"Amanda Lynn Cook, RPT",https://www.google.com/maps/search/?api=1&query=Amanda%20Lynn%20Cook%2C%20RPT%20Overland%20Park%20KS,(913) 730-3700,Physical Therapist,Overland Park,KS,Johnson County,12500 W 137Th St,66221,,1912562679
"Amanda Pollock Swanstrom, PT",https://www.google.com/maps/search/?api=1&query=Amanda%20Pollock%20Swanstrom%20Overland%20Park%20KS,(913) 490-5035,Physical Therapist,Overland Park,KS,Johnson County,12701 Pflumm Rd,66213,,1013774447
Amanda Smith,https://www.google.com/maps/search/?api=1&query=Amanda%20Smith%20Overland%20Park%20KS,(816) 223-0008,Physical Therapist,Overland Park,KS,Johnson County,9009 W 82Nd Place,66204,,1750522637
"Amy J Parkerson-Mitchell, MPT",https://www.google.com/maps/search/?api=1&query=Amy%20J%20Parkerson-Mitchell%20Overland%20Park%20KS,(913) 549-8174,Physical Therapist,Overland Park,KS,Johnson County,4573 Indian Creek Pkwy,66207,,1538446695
"Amy Macintosh-Hopewell, PT",https://www.google.com/maps/search/?api=1&query=Amy%20Macintosh-Hopewell%20Overland%20Park%20KS,(913) 649-9090,Physical Therapist,Overland Park,KS,Johnson County,7121 W 95Th St,66212,,1487772224
"Andrea Leigh Korschot, DPT",https://www.google.com/maps/search/?api=1&query=Andrea%20Leigh%20Korschot%20Overland%20Park%20KS,(913) 831-2721,Physical Therapist,Overland Park,KS,Johnson County,6405 Metcalf Ave Suite 220,66202,,1548573611
"Andrea Marie Lutz, PT",https://www.google.com/maps/search/?api=1&query=Andrea%20Marie%20Lutz%20Overland%20Park%20KS,(913) 383-2569,Physical Therapist,Overland Park,KS,Johnson County,5211 W 103Rd St,66207,,1740315662
"Andrew Kelly Yoxall, DPT",https://www.google.com/maps/search/?api=1&query=Andrew%20Kelly%20Yoxall%20Overland%20Park%20KS,(913) 563-5500,Physical Therapist,Overland Park,KS,Johnson County,11940 W 119Th St,66213,,1679357164
"Angie Marie Cain, PT",https://www.google.com/maps/search/?api=1&query=Angie%20Marie%20Cain%20Overland%20Park%20KS,(417) 840-2847,Physical Therapist,Overland Park,KS,Johnson County,10351 Barkley,66212,,1306133772
"Anna Hallum Merrill, DPT",https://www.google.com/maps/search/?api=1&query=Anna%20Hallum%20Merrill%20Overland%20Park%20KS,(913) 663-2634,Physical Therapist,Overland Park,KS,Johnson County,10701 Nall Ave Suite 120,66211,,1124450846
"Anna Heck, PT, DPT",https://www.google.com/maps/search/?api=1&query=Anna%20Heck%20Overland%20Park%20KS,(913) 372-7800,Physical Therapist,Overland Park,KS,Johnson County,11325 College Blvd,66210,,1447135298
Anna Miller,https://www.google.com/maps/search/?api=1&query=Anna%20Miller%20Overland%20Park%20KS,(903) 904-1128,Physical Therapist,Overland Park,KS,Johnson County,7381 W 133Rd St Ste 302,66213,,1235823048
Ansible Health Medical Group Of Kansas Pa,https://ansiblehealth.com,(877) 267-4253,Physical Therapist,Overland Park,KS,Johnson County,"7300 West 110Th Street Commerce Plaza I, 7Th Floor",66210,,1790547172
Arc Physical Therapy Plus Lp,https://www.google.com/maps/search/?api=1&query=Arc+Physical+Therapy+Plus+Lp+Overland Park+KS,(877) 344-2721,Physical Therapist,Overland Park,KS,Johnson County,6400 Glenwood St Suite 111,66202,,1851715353
"Ashley Gagel, PT",https://www.google.com/maps/search/?api=1&query=Ashley%20Gagel%20Overland%20Park%20KS,(636) 541-9273,Physical Therapist,Overland Park,KS,Johnson County,9601 W 150Th St,66221,,1225452105
"Ashley Kendrick, DPT",https://www.google.com/maps/search/?api=1&query=Ashley%20Kendrick%20Overland%20Park%20KS,(913) 385-0075,Physical Therapist,Overland Park,KS,Johnson County,10730 Nall Ave Suite 204,66211,,1134408875
Athletico Ltd,https://athletico.com,(913) 275-5343,Physical Therapist,Overland Park,KS,Johnson County,7212 W 135Th St,66223,,1356904882
"Bardavon Health Innovations, Llc",https://www.google.com/maps/search/?api=1&query=Bardavon%20Health%20Innovations%20Overland%20Park%20KS,(913) 236-1020,Physical Therapist,Overland Park,KS,Johnson County,"6701 W 64Th St Building 5, Suite 125",66202,,1194103283
"Beau Cohen, PT",https://www.google.com/maps/search/?api=1&query=Beau%20Cohen%20Overland%20Park%20KS,(913) 942-5090,Physical Therapist,Overland Park,KS,Johnson County,8740 W 151St St,66221,,1760906119
"Belinda Flynn, PT",https://www.google.com/maps/search/?api=1&query=Belinda%20Flynn%20Overland%20Park%20KS,(913) 789-9900,Physical Therapist,Overland Park,KS,Johnson County,7819 Conser Pl,66204,,1821625765
"Benjamin Luke Farrell, PT, DPT",https://www.google.com/maps/search/?api=1&query=Benjamin%20Luke%20Farrell%20Overland%20Park%20KS,(913) 379-9771,Physical Therapist,Overland Park,KS,Johnson County,7410 Metcalf Ave,66204,,1184442659
"Brennan O'Connor, DPT",https://www.google.com/maps/search/?api=1&query=Brennan%20O%27Connor%20Overland%20Park%20KS,(913) 632-4760,Physical Therapist,Overland Park,KS,Johnson County,9880 W 87Th St,66212,,1649122789
"Brian David Adams, PT, DPT, SCS",https://www.google.com/maps/search/?api=1&query=Brian%20David%20Adams%2C%20SCS%20Overland%20Park%20KS,(913) 485-4609,Physical Therapist,Overland Park,KS,Johnson County,11408 W 135Th St,66221,,1912524489
"Brian Michael Becker, PT",https://www.google.com/maps/search/?api=1&query=Brian%20Michael%20Becker%20Overland%20Park%20KS,(913) 912-1096,Physical Therapist,Overland Park,KS,Johnson County,9506 Nall Ave,66207,,1275056392
Brynn Foust,https://www.google.com/maps/search/?api=1&query=Brynn%20Foust%20Overland%20Park%20KS,(913) 319-7633,Physical Therapist,Overland Park,KS,Johnson County,10777 Nall Ave,66211,,1023829215
"Caitlin A Luber, DPT",https://www.google.com/maps/search/?api=1&query=Caitlin%20A%20Luber%20Overland%20Park%20KS,(913) 279-0243,Physical Therapist,Overland Park,KS,Johnson County,10777 Nall Ave Ste 320,66211,,1265783666
Calibration Physical Therapy,https://www.google.com/maps/search/?api=1&query=Calibration+Physical+Therapy+Overland Park+KS,(913) 207-5795,Physical Therapist,Overland Park,KS,Johnson County,10512 Reeder St,66214,,1962272963
"Carly Ericson, DPT",https://www.google.com/maps/search/?api=1&query=Carly%20Ericson%20Overland%20Park%20KS,(913) 906-0522,Physical Therapist,Overland Park,KS,Johnson County,11600 College Blvd Ste 230,66210,,1174404412
"Catherine Renee Green, MSPT",https://www.google.com/maps/search/?api=1&query=Catherine%20Renee%20Green%20Overland%20Park%20KS,(913) 676-7538,Physical Therapist,Overland Park,KS,Johnson County,9120 W 75Th St Life Dynamics Building-Sportscare,66204,,1710169388
"Cathrine V Armistead, M.S.P.T.",https://www.google.com/maps/search/?api=1&query=Cathrine%20V%20Armistead%2C%20M.S.P.T.%20Overland%20Park%20KS,(913) 789-9170,Physical Therapist,Overland Park,KS,Johnson County,7819 Conser Pl,66204,,1699837443
Children'S Physical Therapy Associates,https://www.google.com/maps/search/?api=1&query=Children'S+Physical+Therapy+Associates+Overland Park+KS,(913) 345-1997,Physical Therapist,Overland Park,KS,Johnson County,6600 College Boulevard Suite 307,66211,,1386917003
Childrens Therapy Group Inc,https://childrenstherapygroup.com,(913) 383-9014,Physical Therapist,Overland Park,KS,Johnson County,7620 Metcalf Avenue Suite M,66204,,1104902337
"Christine Marie Compton, LPT",https://www.google.com/maps/search/?api=1&query=Christine%20Marie%20Compton%20Overland%20Park%20KS,(913) 383-9866,Physical Therapist,Overland Park,KS,Johnson County,6501 W 75Th St,66204,,1497274567
"Clara Phillips Moyer, PT, DPT",https://www.google.com/maps/search/?api=1&query=Clara%20Phillips%20Moyer%20Overland%20Park%20KS,(913) 544-1957,Physical Therapist,Overland Park,KS,Johnson County,5100 Indian Creek Pkwy,66207,,1033737788
Cody Ibarra,https://www.google.com/maps/search/?api=1&query=Cody%20Ibarra%20Overland%20Park%20KS,(913) 600-7876,Physical Therapist,Overland Park,KS,Johnson County,6885 W 151St St Ste 102,66223,,1235080458
Connie Schulte,https://www.google.com/maps/search/?api=1&query=Connie%20Schulte%20Overland%20Park%20KS,(913) 341-9880,Physical Therapist,Overland Park,KS,Johnson County,4500 W 107Th St,66207,,1639289531
"Core Strategies Physical Therapy, Pa","https://www.google.com/maps/search/?api=1&query=Core+Strategies+Physical+Therapy,+Pa+Overland Park+KS",(913) 322-4000,Physical Therapist,Overland Park,KS,Johnson County,10400 W 103Rd St Suite 22,66214,,1174689236
"Courtney Furman Loepker, PT",https://www.google.com/maps/search/?api=1&query=Courtney%20Furman%20Loepker%20Overland%20Park%20KS,(913) 624-2854,Physical Therapist,Overland Park,KS,Johnson County,7700 W 143Rd St,66223,,1699192757
"Courtney Patterson, PT",https://www.google.com/maps/search/?api=1&query=Courtney%20Patterson%20Overland%20Park%20KS,(913) 286-0422,Physical Therapist,Overland Park,KS,Johnson County,3795 W 95Th St,66206,,1124730320
"David Mcniel, PT",https://www.google.com/maps/search/?api=1&query=David%20Mcniel%20Overland%20Park%20KS,(913) 481-5212,Physical Therapist,Overland Park,KS,Johnson County,"10561 Barkley St, Suite 104",66212,,1932581121
"Diana Marie Warren, PT, DPT",https://www.google.com/maps/search/?api=1&query=Diana%20Marie%20Warren%20Overland%20Park%20KS,(913) 897-8960,Physical Therapist,Overland Park,KS,Johnson County,16052 Foster St,66085,,1902358948
"Dylan Arthur Hungerford, PT, DPT",https://www.google.com/maps/search/?api=1&query=Dylan%20Arthur%20Hungerford%20Overland%20Park%20KS,(913) 451-7377,Physical Therapist,Overland Park,KS,Johnson County,11120 Antioch Rd,66210,,1518343730
"Eileen Coughenour, DPT, CLT",https://www.google.com/maps/search/?api=1&query=Eileen%20Coughenour%2C%20CLT%20Overland%20Park%20KS,(913) 645-3858,Physical Therapist,Overland Park,KS,Johnson County,12320 Glenwood St,66209,,1255045316
"Elizabeth Ann Lewis, DPT",https://www.google.com/maps/search/?api=1&query=Elizabeth%20Ann%20Lewis%20Overland%20Park%20KS,(913) 383-2001,Physical Therapist,Overland Park,KS,Johnson County,7600 Antioch Rd,66204,,1265975809
"Elizabeth Campbell, DPT",https://www.google.com/maps/search/?api=1&query=Elizabeth%20Campbell%20Overland%20Park%20KS,(913) 373-2100,Physical Therapist,Overland Park,KS,Johnson County,7840 W 165Th St Ste 100,66223,,1235018458
"Elizabeth Kieffer, DPT",https://www.google.com/maps/search/?api=1&query=Elizabeth%20Kieffer%20Overland%20Park%20KS,(913) 808-5244,Physical Therapist,Overland Park,KS,Johnson County,14876 Metcalf Ave,66223,,1053895912
Elle Cole,https://www.google.com/maps/search/?api=1&query=Elle%20Cole%20Overland%20Park%20KS,(913) 735-8707,Physical Therapist,Overland Park,KS,Johnson County,10034 W 151St St,66221,,1295568202
Ellis Health Group Llc,https://ellishealthgroup.com,(816) 799-1767,Physical Therapist,Overland Park,KS,Johnson County,10034 W 151St St,66221,,1518636000
"Emily E Pahls, PT, DPT",https://www.google.com/maps/search/?api=1&query=Emily%20E%20Pahls%20Overland%20Park%20KS,(913) 498-7499,Physical Therapist,Overland Park,KS,Johnson County,5721 W 119Th St,66209,,1154099372
Emily Holmes,https://www.google.com/maps/search/?api=1&query=Emily%20Holmes%20Overland%20Park%20KS,(913) 406-4457,Physical Therapist,Overland Park,KS,Johnson County,9112 Bel Air Cir,66207,,1841680402
"Emma Burns, DPT",https://www.google.com/maps/search/?api=1&query=Emma%20Burns%20Overland%20Park%20KS,(913) 721-3387,Physical Therapist,Overland Park,KS,Johnson County,4801 W 110Th St Ste 100,66211,,1437916657
Emma Fairchild,https://www.google.com/maps/search/?api=1&query=Emma%20Fairchild%20Overland%20Park%20KS,(816) 246-1456,Physical Therapist,Overland Park,KS,Johnson County,4801 W 110Th St,66211,,1700719184
Empower Stroke Recovery Llc,https://empowerstrokerecovery.com,(816) 305-6623,Physical Therapist,Overland Park,KS,Johnson County,12213 Goodman St,66213,,1285349258
"Evan Collner, DPT",https://www.google.com/maps/search/?api=1&query=Evan%20Collner%20Overland%20Park%20KS,(913) 239-9539,Physical Therapist,Overland Park,KS,Johnson County,15917 Antioch Rd,66223,,1215824560
"Gayle Marie Stephan, P.T.",https://www.google.com/maps/search/?api=1&query=Gayle%20Marie%20Stephan%2C%20P.T.%20Overland%20Park%20KS,(913) 676-7778,Physical Therapist,Overland Park,KS,Johnson County,9100 W 74Th St,66204,,1467674408
"Gregory Scott Noel, PT MS SCS",https://www.google.com/maps/search/?api=1&query=Gregory%20Scott%20Noel%20MS%20SCS%20Overland%20Park%20KS,(913) 385-0564,Physical Therapist,Overland Park,KS,Johnson County,10351 Barkley St,66212,,1790767630
"Hannah Caroline Sowers, PT, DPT",https://www.google.com/maps/search/?api=1&query=Hannah%20Caroline%20Sowers%20Overland%20Park%20KS,(913) 296-5000,Physical Therapist,Overland Park,KS,Johnson County,12300 Metcalf Ave,66213,,1174388847
"Hannah Sinclair, DPT",https://www.google.com/maps/search/?api=1&query=Hannah%20Sinclair%20Overland%20Park%20KS,(913) 396-6756,Physical Therapist,Overland Park,KS,Johnson County,9544 Antioch Rd,66212,,1467268318
"Harrison Lee Petrik, PT, DPT",https://www.google.com/maps/search/?api=1&query=Harrison%20Lee%20Petrik%20Overland%20Park%20KS,(785) 249-1269,Physical Therapist,Overland Park,KS,Johnson County,11408 W 135Th St,66221,,1508482712
"Haylie Stocker, DPT",https://www.google.com/maps/search/?api=1&query=Haylie%20Stocker%20Overland%20Park%20KS,(913) 708-8448,Physical Therapist,Overland Park,KS,Johnson County,10777 Nall Ave Ste 320,66211,,1043031263
Infant Toddler Services Of Johnson County,https://www.google.com/maps/search/?api=1&query=Infant%20Toddler%20Services%20Of%20Johnson%20County%20Overland%20Park%20KS,(913) 432-2900,Physical Therapist,Overland Park,KS,Johnson County,6400 Glenwood St Suite 205,66202,,1124153424
Isabel Van Lerberg,https://www.google.com/maps/search/?api=1&query=Isabel%20Van%20Lerberg%20Overland%20Park%20KS,(913) 296-7636,Physical Therapist,Overland Park,KS,Johnson County,11827 W 112Th St Ste 100,66210,,1942173794
"Jacob Tyler Jacobs, PT, DPT",https://www.google.com/maps/search/?api=1&query=Jacob%20Tyler%20Jacobs%20Overland%20Park%20KS,(816) 808-8722,Physical Therapist,Overland Park,KS,Johnson County,9201 W 133Rd St,66213,,1801608567
"Jacqueline Kelly Shane, DPT",https://www.google.com/maps/search/?api=1&query=Jacqueline%20Kelly%20Shane%20Overland%20Park%20KS,(913) 319-7600,Physical Therapist,Overland Park,KS,Johnson County,8889 W 75Th St,66204,,1205721362
"Jeannine Marie Billings, MSPT",https://www.google.com/maps/search/?api=1&query=Jeannine%20Marie%20Billings%20Overland%20Park%20KS,(913) 498-0631,Physical Therapist,Overland Park,KS,Johnson County,13301 W 112Th Ter,66210,,1801018544
"Jennifer Lynn Serres, PT",https://www.google.com/maps/search/?api=1&query=Jennifer%20Lynn%20Serres%20Overland%20Park%20KS,(913) 696-8800,Physical Therapist,Overland Park,KS,Johnson County,5520 College Blvd Suite 340,66211,,1952471948
"Jennifer Talone, DPT",https://www.google.com/maps/search/?api=1&query=Jennifer%20Talone%20Overland%20Park%20KS,(913) 574-1240,Physical Therapist,Overland Park,KS,Johnson County,8302 W 125Th St,66213,,1982085437
"Jessica Michelle Linhart, MPT",https://www.google.com/maps/search/?api=1&query=Jessica%20Michelle%20Linhart%20Overland%20Park%20KS,(913) 515-1564,Physical Therapist,Overland Park,KS,Johnson County,9317 Mackey St,66212,,1962649061
"Jigisha Mukeshkumar Ganatra, RPT",https://www.google.com/maps/search/?api=1&query=Jigisha%20Mukeshkumar%20Ganatra%2C%20RPT%20Overland%20Park%20KS,(913) 320-2266,Physical Therapist,Overland Park,KS,Johnson County,6701 W 121St St Ste 103,66209,,1922443159
"Jody A Grigsby, PT",https://www.google.com/maps/search/?api=1&query=Jody%20A%20Grigsby%20Overland%20Park%20KS,(913) 685-5892,Physical Therapist,Overland Park,KS,Johnson County,13800 Metcalf Avenue,66223,,1366718207
"Joseph Thomas Kopp, PT, DPT",https://www.google.com/maps/search/?api=1&query=Joseph%20Thomas%20Kopp%20Overland%20Park%20KS,(913) 685-5835,Physical Therapist,Overland Park,KS,Johnson County,8019 W 151St St,66223,,1831758309
Joslyn K Hill,https://www.google.com/maps/search/?api=1&query=Joslyn%20K%20Hill%20Overland%20Park%20KS,(913) 357-9963,Physical Therapist,Overland Park,KS,Johnson County,7414 Metcalf Ave,66204,,1962337295
Juanita Ryan,https://www.google.com/maps/search/?api=1&query=Juanita%20Ryan%20Overland%20Park%20KS,(913) 952-9225,Physical Therapist,Overland Park,KS,Johnson County,6700 Antioch Rd Suite 430,66204,,1326260571
"Judith Ann Hensley, PT,DPT,MHS,OCS, MTC",https://www.google.com/maps/search/?api=1&query=Judith%20Ann%20Hensley%2CMHS%2COCS%2C%20MTC%20Overland%20Park%20KS,(913) 961-1839,Physical Therapist,Overland Park,KS,Johnson County,4573 Indian Creek Parkway,66207,,1366517781
"Justin Marshall Prier, MSPT",https://www.google.com/maps/search/?api=1&query=Justin%20Marshall%20Prier%20Overland%20Park%20KS,(913) 814-9431,Physical Therapist,Overland Park,KS,Johnson County,9201 W 133Rd St,66213,,1386600377
Kansas City Orthopaedic Institute Llc,https://www.google.com/maps/search/?api=1&query=Kansas+City+Orthopaedic+Institute+Llc+Overland Park+KS,(913) 648-6755,Physical Therapist,Overland Park,KS,Johnson County,7414 Metcalf Ave,66204,,1982473906
"Karen E. Kirchhoff, MSPT",https://www.google.com/maps/search/?api=1&query=Karen%20E.%20Kirchhoff%20Overland%20Park%20KS,(913) 558-1879,Physical Therapist,Overland Park,KS,Johnson County,7521 Conser St,66204,,1225160914
"Karen Lafreniere, PT",https://www.google.com/maps/search/?api=1&query=Karen%20Lafreniere%20Overland%20Park%20KS,(913) 269-3091,Physical Therapist,Overland Park,KS,Johnson County,8009 W 131St Pl,66213,,1568962108
"Kasey Peck, DPT",https://www.google.com/maps/search/?api=1&query=Kasey%20Peck%20Overland%20Park%20KS,(913) 541-5000,Physical Therapist,Overland Park,KS,Johnson County,10500 Quivira Rd,66215,,1275170722
"Kathryn Elizabth Bishop, DPT",https://www.google.com/maps/search/?api=1&query=Kathryn%20Elizabth%20Bishop%20Overland%20Park%20KS,(913) 879-1100,Physical Therapist,Overland Park,KS,Johnson County,6885 W 151St St Ste 102,66223,,1306206800
"Katie Blair Kelly, MPT",https://www.google.com/maps/search/?api=1&query=Katie%20Blair%20Kelly%20Overland%20Park%20KS,(913) 312-1777,Physical Therapist,Overland Park,KS,Johnson County,10777 Nall Ave,66211,,1467670273
Kc Connect Physical Therapy Llc,https://kcconnect.net,(816) 714-0386,Physical Therapist,Overland Park,KS,Johnson County,6308 W 102Nd St,66212,,1598408056
"Kelly M Ehrnman, RPT",https://www.google.com/maps/search/?api=1&query=Kelly%20M%20Ehrnman%2C%20RPT%20Overland%20Park%20KS,(913) 492-5254,Physical Therapist,Overland Park,KS,Johnson County,9211 Moody Park Dr,66212,,1932191764
"Kenton F Zerr, PT",https://www.google.com/maps/search/?api=1&query=Kenton%20F%20Zerr%20Overland%20Park%20KS,(816) 331-9111,Physical Therapist,Overland Park,KS,Johnson County,5267 W 95Th St,66207,,1568089571
"Kevin Kohr, DPT",https://www.google.com/maps/search/?api=1&query=Kevin%20Kohr%20Overland%20Park%20KS,(913) 534-8872,Physical Therapist,Overland Park,KS,Johnson County,13800 Metcalf Ave,66223,,1255720256
Kinesphere Physical Therapy Llc,https://kinespherept.com,(816) 379-6899,Physical Therapist,Overland Park,KS,Johnson County,10880 Benson Dr Ste 2370,66210,,1326472705
"Krista Johnson, DPT",https://www.google.com/maps/search/?api=1&query=Krista%20Johnson%20Overland%20Park%20KS,(913) 322-7828,Physical Therapist,Overland Park,KS,Johnson County,8889 W 75Th St,66204,,1902269681
Kristina Koettker,https://www.google.com/maps/search/?api=1&query=Kristina%20Koettker%20Overland%20Park%20KS,(913) 213-9876,Physical Therapist,Overland Park,KS,Johnson County,14332 Nieman Rd,66221,,1497151716
"Kristyn Craigmiles, DPT",https://www.google.com/maps/search/?api=1&query=Kristyn%20Craigmiles%20Overland%20Park%20KS,(913) 346-7774,Physical Therapist,Overland Park,KS,Johnson County,7227 W 95Th St,66212,,1700263837
Kyle Stringer,https://www.google.com/maps/search/?api=1&query=Kyle%20Stringer%20Overland%20Park%20KS,(316) 260-3311,Physical Therapist,Overland Park,KS,Johnson County,8021 Santa Fe Dr,66204,,1447143185
Larissa Noelker,https://www.google.com/maps/search/?api=1&query=Larissa%20Noelker%20Overland%20Park%20KS,(913) 980-4875,Physical Therapist,Overland Park,KS,Johnson County,15220 Bond St,66221,,1295277606
Laughlin Performance & Physical Therapy Llc,https://drlaughlin.com,(913) 642-4900,Physical Therapist,Overland Park,KS,Johnson County,9506 Nall Ave,66207,,1194093534
"Laura Bonnici, PT,DPT",https://www.google.com/maps/search/?api=1&query=Laura%20Bonnici%20Overland%20Park%20KS,(586) 329-8971,Physical Therapist,Overland Park,KS,Johnson County,12213 Goodman St,66213,,1629873039
"Laura Lee Nelson, P.T.",https://www.google.com/maps/search/?api=1&query=Laura%20Lee%20Nelson%2C%20P.T.%20Overland%20Park%20KS,(913) 239-9125,Physical Therapist,Overland Park,KS,Johnson County,15916 Birch St,66085,,1992927016
Laurie George,https://www.google.com/maps/search/?api=1&query=Laurie%20George%20Overland%20Park%20KS,(913) 381-5454,Physical Therapist,Overland Park,KS,Johnson County,12631 Antioch Rd,66213,,1407985732
Leah Paige Phipps,https://www.google.com/maps/search/?api=1&query=Leah%20Paige%20Phipps%20Overland%20Park%20KS,(136) 968-0009,Physical Therapist,Overland Park,KS,Johnson County,5808 W 110Th St,66211,,1194544924
Legacy Healthcare Services Inc,https://legacyhealthcareservices.com,(913) 220-2240,Physical Therapist,Overland Park,KS,Johnson County,5901 W 107Th St,66207,,1427681220
"Linda Kay Mufich-Knopp, PT, CAPP",https://www.google.com/maps/search/?api=1&query=Linda%20Kay%20Mufich-Knopp%2C%20CAPP%20Overland%20Park%20KS,(913) 396-9595,Physical Therapist,Overland Park,KS,Johnson County,"Femme Focus, L.L.C. In The Home Family Holistic Center 7927 Floyd Street, Suite 5",66204,,1427577469
"Lisa D Lowe, PT",https://www.google.com/maps/search/?api=1&query=Lisa%20D%20Lowe%20Overland%20Park%20KS,(913) 221-8656,Physical Therapist,Overland Park,KS,Johnson County,4000 W 102Nd St,66207,,1588153399
"Lisa Jo Boudrieau, PT",https://www.google.com/maps/search/?api=1&query=Lisa%20Jo%20Boudrieau%20Overland%20Park%20KS,(816) 679-7056,Physical Therapist,Overland Park,KS,Johnson County,12000 W 110Th St Suite 400,66210,,1720095995
"Lscm, Llc",https://www.google.com/maps/search/?api=1&query=Lscm Overland Park KS,(913) 681-7628,Physical Therapist,Overland Park,KS,Johnson County,15100 Metcalf Ave Ste 102,66223,,1437709615
"Madison Morgan, DPT",https://www.google.com/maps/search/?api=1&query=Madison%20Morgan%20Overland%20Park%20KS,(913) 851-8660,Physical Therapist,Overland Park,KS,Johnson County,12340 Quivira Rd,66213,,1962396697
"Marcie Camille Swift, MSPT, PhD",https://www.google.com/maps/search/?api=1&query=Marcie%20Camille%20Swift%2C%20PhD%20Overland%20Park%20KS,(913) 315-6432,Physical Therapist,Overland Park,KS,Johnson County,6400 Sprint Pkwy,66211,,1881460160
"Mark G Schukman, PT",https://www.google.com/maps/search/?api=1&query=Mark%20G%20Schukman%20Overland%20Park%20KS,(913) 307-6727,Physical Therapist,Overland Park,KS,Johnson County,11418 W 132Nd Ct,66213,,1164454062
"Mark Noel Pettus, RPT",https://www.google.com/maps/search/?api=1&query=Mark%20Noel%20Pettus%2C%20RPT%20Overland%20Park%20KS,(913) 486-2207,Physical Therapist,Overland Park,KS,Johnson County,14631 Floyd St,66223,,1992073647
Mary Deboest,https://www.google.com/maps/search/?api=1&query=Mary%20Deboest%20Overland%20Park%20KS,(816) 525-2840,Physical Therapist,Overland Park,KS,Johnson County,6600 College Blvd Ste 130,66211,,1780065177
Mary Rush,https://www.google.com/maps/search/?api=1&query=Mary%20Rush%20Overland%20Park%20KS,(903) 312-0758,Physical Therapist,Overland Park,KS,Johnson County,12213 Goodman St,66213,,1487369443
Mason Carey,https://www.google.com/maps/search/?api=1&query=Mason%20Carey%20Overland%20Park%20KS,(402) 806-0893,Physical Therapist,Overland Park,KS,Johnson County,5306 Goodman Ln,66202,,1568189249
"Matthew Thomas O'Neill, M.P.T.",https://www.google.com/maps/search/?api=1&query=Matthew%20Thomas%20O%27Neill%2C%20M.P.T.%20Overland%20Park%20KS,(405) 255-5432,Physical Therapist,Overland Park,KS,Johnson County,9308 W 111Th Ter,66210,,1265673289
"Megan Elizabeth Broomfield, DPT",https://www.google.com/maps/search/?api=1&query=Megan%20Elizabeth%20Broomfield%20Overland%20Park%20KS,(913) 318-3336,Physical Therapist,Overland Park,KS,Johnson County,11408 W 135Th St,66221,,1992633317
"Melissa Hughes, PT",https://www.google.com/maps/search/?api=1&query=Melissa%20Hughes%20Overland%20Park%20KS,(913) 469-4210,Physical Therapist,Overland Park,KS,Johnson County,12100 W 109Th St,66210,,1689911463
"Michael A. Denning, DPT",https://www.google.com/maps/search/?api=1&query=Michael%20A.%20Denning%20Overland%20Park%20KS,(913) 717-4755,Physical Therapist,Overland Park,KS,Johnson County,6750 W 135Th St,66223,,1528315488
"Michele Renae Schuessler, PT",https://www.google.com/maps/search/?api=1&query=Michele%20Renae%20Schuessler%20Overland%20Park%20KS,(888) 652-9225,Physical Therapist,Overland Park,KS,Johnson County,6700 Antioch Rd Ste 120,66204,,1932558251
"Midwest Physical Therapy Specialists, Llc","https://www.google.com/maps/search/?api=1&query=Midwest+Physical+Therapy+Specialists,+Llc+Overland Park+KS",(913) 226-9240,Physical Therapist,Overland Park,KS,Johnson County,6500 W 143Rd St,66223,,1720785769
"Mitchell Kidd, PT, DPT",https://www.google.com/maps/search/?api=1&query=Mitchell%20Kidd%20Overland%20Park%20KS,(785) 633-8505,Physical Therapist,Overland Park,KS,Johnson County,10800 Farley St Ste 130,66210,,1003746140
"Molly Ann Ash, DPT",https://www.google.com/maps/search/?api=1&query=Molly%20Ann%20Ash%20Overland%20Park%20KS,(913) 754-7344,Physical Therapist,Overland Park,KS,Johnson County,10730 Nall Ave Ste 200,66211,,1669696720
"Molly Carboy, DPT",https://www.google.com/maps/search/?api=1&query=Molly%20Carboy%20Overland%20Park%20KS,(303) 242-2027,Physical Therapist,Overland Park,KS,Johnson County,6701 W 121St St,66209,,1528438751
Ophir Llc,https://www.google.com/maps/search/?api=1&query=Ophir Overland Park KS,(612) 743-1519,Physical Therapist,Overland Park,KS,Johnson County,7133 W 95Th St Ste 216,66212,,1043871007
Ortho Coach Llc,https://orthocoach.com,(816) 807-6754,Physical Therapist,Overland Park,KS,Johnson County,7373 W 107Th St,66212,,1225758519
Paincare Pa,https://paincare.net,(913) 901-8880,Physical Therapist,Overland Park,KS,Johnson County,10501 Metcalf Ave,66212,,1811933716
"Pamela Elizabeth White, PT",https://www.google.com/maps/search/?api=1&query=Pamela%20Elizabeth%20White%20Overland%20Park%20KS,(913) 492-7870,Physical Therapist,Overland Park,KS,Johnson County,10460 Mastin St Suite 150,66212,,1417234188
"Pamela Sarah Carr, PT",https://www.google.com/maps/search/?api=1&query=Pamela%20Sarah%20Carr%20Overland%20Park%20KS,(913) 663-2888,Physical Therapist,Overland Park,KS,Johnson County,12000 Lamar Avenue,66209,,1487370342
"Patrick Thomas Chandler, PT, DPT",https://www.google.com/maps/search/?api=1&query=Patrick%20Thomas%20Chandler%20Overland%20Park%20KS,(913) 396-9726,Physical Therapist,Overland Park,KS,Johnson County,9208 Slater St,66212,,1629662226
"Precious Starlin, DPT",https://www.google.com/maps/search/?api=1&query=Precious%20Starlin%20Overland%20Park%20KS,(913) 914-7174,Physical Therapist,Overland Park,KS,Johnson County,7313 W 95Th St,66212,,1134017130
R&R Collaborative Therapy Services,https://www.google.com/maps/search/?api=1&query=R%26R%20Collaborative%20Therapy%20Services%20Overland%20Park%20KS,(913) 213-1418,Physical Therapist,Overland Park,KS,Johnson County,16201 Wedd St,66085,,1821758244
"Rachel Bradrick, DPT",https://www.google.com/maps/search/?api=1&query=Rachel%20Bradrick%20Overland%20Park%20KS,(800) 989-0525,Physical Therapist,Overland Park,KS,Johnson County,13800 Metcalf Ave,66223,,1578911665
Rebecca Mary Ferguson,https://www.google.com/maps/search/?api=1&query=Rebecca%20Mary%20Ferguson%20Overland%20Park%20KS,(913) 754-0891,Physical Therapist,Overland Park,KS,Johnson County,6362 College Blvd,66211,,1427618602
"Reid Johnson, DPT",https://www.google.com/maps/search/?api=1&query=Reid%20Johnson%20Overland%20Park%20KS,(913) 469-0949,Physical Therapist,Overland Park,KS,Johnson County,9201 W 133Rd St,66213,,1336723253
"Renee Lyn Walczak, RPT",https://www.google.com/maps/search/?api=1&query=Renee%20Lyn%20Walczak%2C%20RPT%20Overland%20Park%20KS,(913) 402-0651,Physical Therapist,Overland Park,KS,Johnson County,14112 King St,66221,,1376714808
"Robin Foderberg, PT",https://www.google.com/maps/search/?api=1&query=Robin%20Foderberg%20Overland%20Park%20KS,(913) 438-8000,Physical Therapist,Overland Park,KS,Johnson County,6801 W 107Th St,66212,,1306174917
"Ronald L Drummer, DPT",https://www.google.com/maps/search/?api=1&query=Ronald%20L%20Drummer%20Overland%20Park%20KS,(831) 809-2513,Physical Therapist,Overland Park,KS,Johnson County,8512 W 142Nd St,66223,,1922656818
Ryan O'Rear,https://www.google.com/maps/search/?api=1&query=Ryan%20O%27Rear%20Overland%20Park%20KS,(573) 450-7662,Physical Therapist,Overland Park,KS,Johnson County,6907 Shawnee Mission Parkway Suite 207,66202,,1437782877
"Samantha Cooper-Cauthon, PT, DPT",https://www.google.com/maps/search/?api=1&query=Samantha%20Cooper-Cauthon%20Overland%20Park%20KS,(913) 242-9028,Physical Therapist,Overland Park,KS,Johnson County,4573 Indian Creek Pkwy,66207,,1578946836
"Sandra R Wuller, P.T.",https://www.google.com/maps/search/?api=1&query=Sandra%20R%20Wuller%2C%20P.T.%20Overland%20Park%20KS,(913) 707-8362,Physical Therapist,Overland Park,KS,Johnson County,9100 W 131St Ter,66213,,1548414691
Sarah Jennings,https://www.google.com/maps/search/?api=1&query=Sarah%20Jennings%20Overland%20Park%20KS,(573) 823-1131,Physical Therapist,Overland Park,KS,Johnson County,10701 Juniper Dr Apt 1621,66211,,1649127127
"Saumya A Singh, PT",https://www.google.com/maps/search/?api=1&query=Saumya%20A%20Singh%20Overland%20Park%20KS,(214) 405-7464,Physical Therapist,Overland Park,KS,Johnson County,5611 W 134Th Ter Apt#1718,66209,,1194910497
Serc Of Overland Park Kansas Llc,https://www.google.com/maps/search/?api=1&query=Serc+Of+Overland+Park+Kansas+Llc+Overland Park+KS,(913) 451-7372,Physical Therapist,Overland Park,KS,Johnson County,7211 W 110Th St,66210,,1447208095
"Serc Rebabilitation Partners, Llc",https://www.google.com/maps/search/?api=1&query=Serc%20Rebabilitation%20Partners%20Overland%20Park%20KS,(913) 451-7373,Physical Therapist,Overland Park,KS,Johnson County,11120 Antioch Rd # 17,66210,,1598190209
"Shannon B. Ericson, MS, PT",https://www.google.com/maps/search/?api=1&query=Shannon%20B.%20Ericson%2C%20MS%20Overland%20Park%20KS,(913) 825-6636,Physical Therapist,Overland Park,KS,Johnson County,5425 W 100Th Ter,66207,,1710941455
"Shannon N Desalvo, PT",https://www.google.com/maps/search/?api=1&query=Shannon%20N%20Desalvo%20Overland%20Park%20KS,(913) 634-7434,Physical Therapist,Overland Park,KS,Johnson County,7927 Floyd St,66204,,1043639198
"Slpt, Llc",https://www.google.com/maps/search/?api=1&query=Slpt Overland Park KS,(913) 413-0012,Physical Therapist,Overland Park,KS,Johnson County,11036 Oakmont St,66210,,1053971325
Specialists In Sports And Orthopedic Rehabilitation Llc,https://www.google.com/maps/search/?api=1&query=Specialists%20In%20Sports%20And%20Orthopedic%20Rehabilitation%20Overland%20Park%20KS,(913) 904-1128,Physical Therapist,Overland Park,KS,Johnson County,7381 W 133Rd St Suite 302,66213,,1134493075
Sports Rehabilitation & Physical Therapy Associates Inc.,https://www.google.com/maps/search/?api=1&query=Sports+Rehabilitation+&+Physical+Therapy+Associates+Inc.+Overland Park+KS,(913) 663-2555,Physical Therapist,Overland Park,KS,Johnson County,10701 Nall Ave Ste 130,66211,,1528018108
"Stephanie Marie Ubel, DPT",https://www.google.com/maps/search/?api=1&query=Stephanie%20Marie%20Ubel%20Overland%20Park%20KS,(913) 901-8200,Physical Therapist,Overland Park,KS,Johnson County,5901 W 107Th St,66207,,1598308314
"Stephanie S. Mathis, R.P.T.",https://www.google.com/maps/search/?api=1&query=Stephanie%20S.%20Mathis%2C%20R.P.T.%20Overland%20Park%20KS,(913) 449-0178,Physical Therapist,Overland Park,KS,Johnson County,14104 Gillette St,66221,,1578865242
"Summit Care, Llc",https://summitcare.com,(913) 239-8777,Physical Therapist,Overland Park,KS,Johnson County,6731 W 121St St Ste 100,66209,,1033441027
Summit Rehabilitation And Wellness Center,https://www.google.com/maps/search/?api=1&query=Summit+Rehabilitation+And+Wellness+Center+Overland Park+KS,(816) 524-9993,Physical Therapist,Overland Park,KS,Johnson County,12687 Metcalf Ave,66213,,1083879662
"Susan J Tucker, P. T.",https://www.google.com/maps/search/?api=1&query=Susan%20J%20Tucker%2C%20P.%20T.%20Overland%20Park%20KS,(913) 642-3160,Physical Therapist,Overland Park,KS,Johnson County,8335 Valley View Dr,66212,,1639479876
"Taylor Thompson, DPT",https://www.google.com/maps/search/?api=1&query=Taylor%20Thompson%20Overland%20Park%20KS,(816) 341-2008,Physical Therapist,Overland Park,KS,Johnson County,7927 Floyd St Ste 1,66204,,1932843372
"Thomas Reuther, DPT",https://www.google.com/maps/search/?api=1&query=Thomas%20Reuther%20Overland%20Park%20KS,(913) 521-9090,Physical Therapist,Overland Park,KS,Johnson County,6650 W 110Th St Ste 330,66211,,1548781719
Tidd-Krafft Occupational And Physical Therapy Pa,https://www.google.com/maps/search/?api=1&query=Tidd-Krafft%20Occupational%20And%20Physical%20Therapy%20Overland%20Park%20KS,(610) 925-4560,Physical Therapist,Overland Park,KS,Johnson County,6701 W 121St St,66209,,1225541246
"Tower Physical Therapy, Llc",https://towerpt.com,(913) 906-8656,Physical Therapist,Overland Park,KS,Johnson County,7600 W 110Th St Suite 206,66225,,1073822086
"Travis Scott Messer, PT",https://www.google.com/maps/search/?api=1&query=Travis%20Scott%20Messer%20Overland%20Park%20KS,(816) 836-0800,Physical Therapist,Overland Park,KS,Johnson County,10777 Nall Ave Suite 320 Corporate Medical Plaza Bldg Ii,66211,,1568801900
Trent Allen Nichol,https://www.google.com/maps/search/?api=1&query=Trent%20Allen%20Nichol%20Overland%20Park%20KS,(913) 640-9090,Physical Therapist,Overland Park,KS,Johnson County,5267 W 95Th St,66207,,1366972937
"Tyler Thomas Lampe, PT, DPT",https://www.google.com/maps/search/?api=1&query=Tyler%20Thomas%20Lampe%20Overland%20Park%20KS,(913) 685-5803,Physical Therapist,Overland Park,KS,Johnson County,8019 W 151St St,66223,,1346637246
U.S. Pt Therapy Services Inc.,https://ustherapyservices.com,(713) 297-7000,Physical Therapist,Overland Park,KS,Johnson County,10777 Nall Ave Suite 320,66211,,1114363504
"Victoria L Bouckhout, P.T.",https://www.google.com/maps/search/?api=1&query=Victoria%20L%20Bouckhout%2C%20P.T.%20Overland%20Park%20KS,(913) 681-0146,Physical Therapist,Overland Park,KS,Johnson County,14346 Metcalf Ave,66223,,1306889415
Vip Physical Therapy Llc,https://www.google.com/maps/search/?api=1&query=Vip+Physical+Therapy+Llc+Overland Park+KS,(816) 520-4755,Physical Therapist,Overland Park,KS,Johnson County,6608 W 150Th St,66223,,1184409138
Whole Body Method Physical Therapy Inc,https://wholept.com,(913) 213-3632,Physical Therapist,Overland Park,KS,Johnson County,7398 W 162Nd Ter Ste 6,66085,,1538032867
"Zachary Ryan Gove, PT, DPT, CSCS",https://www.google.com/maps/search/?api=1&query=Zachary%20Ryan%20Gove%2C%20CSCS%20Overland%20Park%20KS,(913) 717-4700,Physical Therapist,Overland Park,KS,Johnson County,6750 W 135Th St,66223,,1841782679
"Anna Colleen Foxworthy, MSPT",https://www.google.com/maps/search/?api=1&query=Anna%20Colleen%20Foxworthy%20Paola%20KS,(913) 294-6679,Physical Therapist,Paola,KS,Johnson County,2100 Baptiste Dr,66071,,1770605776
Braden Seboe,https://www.google.com/maps/search/?api=1&query=Braden%20Seboe%20Paola%20KS,(913) 632-4732,Physical Therapist,Paola,KS,Johnson County,1401 Baptiste Dr Ste 200,66071,,1790576965
Addison Olivia Ward,https://www.google.com/maps/search/?api=1&query=Addison%20Olivia%20Ward%20Prairie%20Village%20KS,(913) 335-0428,Physical Therapist,Prairie Village,KS,Johnson County,7300 Nall Ave,66208,,1174458939
"Allison Lancaster, DPT",https://www.google.com/maps/search/?api=1&query=Allison%20Lancaster%20Prairie%20Village%20KS,(913) 521-8851,Physical Therapist,Prairie Village,KS,Johnson County,2700 Somerset Dr,66206,,1598287310
"Amy Lee Culp, RPT",https://www.google.com/maps/search/?api=1&query=Amy%20Lee%20Culp%2C%20RPT%20Prairie%20Village%20KS,(913) 831-0164,Physical Therapist,Prairie Village,KS,Johnson County,7105 Mission Rd,66208,,1700077468
"Ana Jean Riddle, DPT",https://www.google.com/maps/search/?api=1&query=Ana%20Jean%20Riddle%20Prairie%20Village%20KS,(913) 871-6291,Physical Therapist,Prairie Village,KS,Johnson County,6911 Tomahawk Rd,66208,,1841850070
"Andrew Deboest, DPT",https://www.google.com/maps/search/?api=1&query=Andrew%20Deboest%20Prairie%20Village%20KS,(913) 593-6667,Physical Therapist,Prairie Village,KS,Johnson County,7608 Briar St,66208,,1114391844
"Anna Clark, DPT",https://www.google.com/maps/search/?api=1&query=Anna%20Clark%20Prairie%20Village%20KS,(913) 432-3950,Physical Therapist,Prairie Village,KS,Johnson County,1900 W 75Th St Lowr 10,66208,,1356279772
"Ashtyn Nicole Scruggs, DPT",https://www.google.com/maps/search/?api=1&query=Ashtyn%20Nicole%20Scruggs%20Prairie%20Village%20KS,(913) 383-2085,Physical Therapist,Prairie Village,KS,Johnson County,8101 Mission Rd,66208,,1063241735
"Brackon W Lundy, PT, DPT",https://www.google.com/maps/search/?api=1&query=Brackon%20W%20Lundy%20Prairie%20Village%20KS,(913) 224-2990,Physical Therapist,Prairie Village,KS,Johnson County,5200 W 94Th Ter Ste 112,66207,,1689054678
"Briauna Cathleen Jurgensmeyer, DPT",https://www.google.com/maps/search/?api=1&query=Briauna%20Cathleen%20Jurgensmeyer%20Prairie%20Village%20KS,(816) 566-0021,Physical Therapist,Prairie Village,KS,Johnson County,8340 Mission Rd Ste B,66206,,1023709680
"Chelsie Beall, DPT",https://www.google.com/maps/search/?api=1&query=Chelsie%20Beall%20Prairie%20Village%20KS,(913) 262-1611,Physical Therapist,Prairie Village,KS,Johnson County,7105 Mission Rd,66208,,1275073835
"Christy J Siebert, DPT",https://www.google.com/maps/search/?api=1&query=Christy%20J%20Siebert%20Prairie%20Village%20KS,(913) 962-1611,Physical Therapist,Prairie Village,KS,Johnson County,7105 Mission Rd,66208,,1114188141
Conner Peterson,https://www.google.com/maps/search/?api=1&query=Conner%20Peterson%20Prairie%20Village%20KS,(913) 325-2006,Physical Therapist,Prairie Village,KS,Johnson County,"8340 Mission Rd, Ste 119",66206,,1285440057
Empowerme Rehabilitation Missouri Llc,https://www.google.com/maps/search/?api=1&query=Empowerme%20Rehabilitation%20Missouri%20Prairie%20Village%20KS,(844) 502-7996,Physical Therapist,Prairie Village,KS,Johnson County,2700 Somerset Dr,66206,,1972276582
Empowerme Rehabilitation Mo Agency,https://www.google.com/maps/search/?api=1&query=Empowerme%20Rehabilitation%20Mo%20Agency%20Prairie%20Village%20KS,(913) 648-3333,Physical Therapist,Prairie Village,KS,Johnson County,2700 Somerset Dr,66206,,1093294043
"Heather Gagnon Wong, MS PT",https://www.google.com/maps/search/?api=1&query=Heather%20Gagnon%20Wong%2C%20MS%20Prairie%20Village%20KS,(913) 707-4303,Physical Therapist,Prairie Village,KS,Johnson County,8340 Linden Lane,66207,,1972577500
Katherine Kempf Libby,https://www.google.com/maps/search/?api=1&query=Katherine%20Kempf%20Libby%20Prairie%20Village%20KS,(316) 670-3426,Physical Therapist,Prairie Village,KS,Johnson County,7733 Ash St,66208,,1063073815
"Kristin Wier, DPT",https://www.google.com/maps/search/?api=1&query=Kristin%20Wier%20Prairie%20Village%20KS,(913) 620-7486,Physical Therapist,Prairie Village,KS,Johnson County,5808 W 79Th St,66208,,1558732651
"Marcus S Baker, PT",https://www.google.com/maps/search/?api=1&query=Marcus%20S%20Baker%20Prairie%20Village%20KS,(816) 695-6818,Physical Therapist,Prairie Village,KS,Johnson County,4505 W 94Th St,66207,,1578195343
"Nathan Schultze, DPT",https://www.google.com/maps/search/?api=1&query=Nathan%20Schultze%20Prairie%20Village%20KS,(913) 276-0901,Physical Therapist,Prairie Village,KS,Johnson County,2700 Somerset Dr,66206,,1669012514
Newfound Physical Therapy Llc,https://www.google.com/maps/search/?api=1&query=Newfound%20Physical%20Therapy%20Prairie%20Village%20KS,(425) 341-3128,Physical Therapist,Prairie Village,KS,Johnson County,7301 Mission Rd Ste 330,66208,,1104552033
"Paul Thomas Physical Therapy,Llc","https://www.google.com/maps/search/?api=1&query=Paul+Thomas+Physical+Therapy,Llc+Prairie Village+KS",(913) 291-2290,Physical Therapist,Prairie Village,KS,Johnson County,2106 W 75Th St,66208,,1861642035
"Rosalie Borders Hall, BSPT",https://www.google.com/maps/search/?api=1&query=Rosalie%20Borders%20Hall%2C%20BSPT%20Prairie%20Village%20KS,(913) 642-6669,Physical Therapist,Prairie Village,KS,Johnson County,4525 W 89Th St,66207,,1558416271
Tiffany Mische,https://www.google.com/maps/search/?api=1&query=Tiffany%20Mische%20Prairie%20Village%20KS,(913) 233-9568,Physical Therapist,Prairie Village,KS,Johnson County,7900 Roe Ave,66208,,1487957742
"Tiffonie Kai Dirks, M.P.T.",https://www.google.com/maps/search/?api=1&query=Tiffonie%20Kai%20Dirks%2C%20M.P.T.%20Prairie%20Village%20KS,(913) 432-1866,Physical Therapist,Prairie Village,KS,Johnson County,4127 W 73Rd St,66208,,1003958109
"Matthew A Massey, DPT",https://www.google.com/maps/search/?api=1&query=Matthew%20A%20Massey%20Roeland%20Park%20KS,(913) 632-4750,Physical Therapist,Roeland Park,KS,Johnson County,5675 Roe Blvd Ste 240,66205,,1093561854
"Abby Leigh Puckett, PT, DPT",https://www.google.com/maps/search/?api=1&query=Abby%20Leigh%20Puckett%20Shawnee%20KS,(913) 391-4550,Physical Therapist,Shawnee,KS,Johnson County,5600 Hedge Lane Ter,66226,,1487547923
"Adrianna J Swailes, DPT",https://www.google.com/maps/search/?api=1&query=Adrianna%20J%20Swailes%20Shawnee%20KS,(913) 745-7537,Physical Therapist,Shawnee,KS,Johnson County,7740 Hedge Lane Ter,66227,,1639731201
"Allen Anthony Child, PT",https://www.google.com/maps/search/?api=1&query=Allen%20Anthony%20Child%20Shawnee%20KS,(913) 248-8888,Physical Therapist,Shawnee,KS,Johnson County,12480 W 62Nd Ter Ste 100,66216,,1134123680
"Amanda Cain Physical Therapy, Llc",https://amandapt.com,(702) 810-6378,Physical Therapist,Shawnee,KS,Johnson County,21636 Midland Dr,66218,,1467250100
"Amanda Marie Cain, Physical Therapist",https://www.google.com/maps/search/?api=1&query=Amanda%20Marie%20Cain%2C%20Physical%20Therapist%20Shawnee%20KS,(702) 568-0195,Physical Therapist,Shawnee,KS,Johnson County,21636 Midland Dr,66218,,1083844229
"Andrea R Kristoff, MPT",https://www.google.com/maps/search/?api=1&query=Andrea%20R%20Kristoff%20Shawnee%20KS,(913) 962-7770,Physical Therapist,Shawnee,KS,Johnson County,7162 Renner Rd,66217,,1235333071
"Billie Short, PT",https://www.google.com/maps/search/?api=1&query=Billie%20Short%20Shawnee%20KS,(913) 962-7600,Physical Therapist,Shawnee,KS,Johnson County,12802 Johnson Dr,66216,,1871637082
"Braden Flanigan, PT, DPT",https://www.google.com/maps/search/?api=1&query=Braden%20Flanigan%20Shawnee%20KS,(913) 962-7774,Physical Therapist,Shawnee,KS,Johnson County,13847 W 63Rd St Ste 2,66216,,1659115392
"Bret Crossland, D.P.T.",https://www.google.com/maps/search/?api=1&query=Bret%20Crossland%2C%20D.P.T.%20Shawnee%20KS,(913) 745-7567,Physical Therapist,Shawnee,KS,Johnson County,7732 Hedge Lane Ter,66227,,1063967099
"Cailin L Lonergan, DPT",https://www.google.com/maps/search/?api=1&query=Cailin%20L%20Lonergan%20Shawnee%20KS,(913) 461-8729,Physical Therapist,Shawnee,KS,Johnson County,23104 W 46Th Ter,66226,,1518247774
"Chad Michael Nelson, MSPT",https://www.google.com/maps/search/?api=1&query=Chad%20Michael%20Nelson%20Shawnee%20KS,(913) 248-1461,Physical Therapist,Shawnee,KS,Johnson County,16018 N 65Th St,66217,,1609832344
"Chandler R Altom, PT, DPT",https://www.google.com/maps/search/?api=1&query=Chandler%20R%20Altom%20Shawnee%20KS,(913) 275-5751,Physical Therapist,Shawnee,KS,Johnson County,11207 Shawnee Mission Pkwy,66203,,1003486077
"Courtney Weis, PT, DPT",https://www.google.com/maps/search/?api=1&query=Courtney%20Weis%20Shawnee%20KS,(913) 728-6166,Physical Therapist,Shawnee,KS,Johnson County,22342 W 66Th St,66226,,1104554369
"Erin Denise Cain, PT",https://www.google.com/maps/search/?api=1&query=Erin%20Denise%20Cain%20Shawnee%20KS,(785) 766-4906,Physical Therapist,Shawnee,KS,Johnson County,20816 W 72Nd St,66218,,1164770830
"Jamie Kay Arbogast, PT",https://www.google.com/maps/search/?api=1&query=Jamie%20Kay%20Arbogast%20Shawnee%20KS,(913) 631-8200,Physical Therapist,Shawnee,KS,Johnson County,10315 Johnson Dr,66203,,1538584156
Jayhawk Primary Care Inc,https://www.google.com/maps/search/?api=1&query=Jayhawk%20Primary%20Care%20Shawnee%20KS,(913) 588-8400,Physical Therapist,Shawnee,KS,Johnson County,7405 Renner Rd Ku Medwest,66217,,1528025053
"John Thomas Smith, MSPT",https://www.google.com/maps/search/?api=1&query=John%20Thomas%20Smith%20Shawnee%20KS,(913) 441-8225,Physical Therapist,Shawnee,KS,Johnson County,22208 W 51St St,66226,,1013073014
Joseph Seyforth,https://www.google.com/maps/search/?api=1&query=Joseph%20Seyforth%20Shawnee%20KS,(815) 277-7069,Physical Therapist,Shawnee,KS,Johnson County,22120 Midland Dr # 1,66226,,1306290119
Kaitlyn Anne Heffernon,https://www.google.com/maps/search/?api=1&query=Kaitlyn%20Anne%20Heffernon%20Shawnee%20KS,(913) 901-7658,Physical Therapist,Shawnee,KS,Johnson County,5114 Aminda St,66226,,1467804815
"Kimberly Michel Sumner, MSPT",https://www.google.com/maps/search/?api=1&query=Kimberly%20Michel%20Sumner%20Shawnee%20KS,(913) 815-6677,Physical Therapist,Shawnee,KS,Johnson County,16018 W. 65Th Street,66217,,1043257447
"Madeline Mitchell, DPT",https://www.google.com/maps/search/?api=1&query=Madeline%20Mitchell%20Shawnee%20KS,(913) 901-7435,Physical Therapist,Shawnee,KS,Johnson County,7740 Hedge Lane Ter,66227,,1194699025
"Michelle Quynh Posler, DPT",https://www.google.com/maps/search/?api=1&query=Michelle%20Quynh%20Posler%20Shawnee%20KS,(913) 632-4785,Physical Therapist,Shawnee,KS,Johnson County,15315 W 67Th St,66217,,1447814868
"Mindy Schwartzkopf, PT",https://www.google.com/maps/search/?api=1&query=Mindy%20Schwartzkopf%20Shawnee%20KS,(913) 310-0703,Physical Therapist,Shawnee,KS,Johnson County,22311 W 56Th St,66226,,1992926315
Moira Fisher,https://www.google.com/maps/search/?api=1&query=Moira%20Fisher%20Shawnee%20KS,(913) 228-1407,Physical Therapist,Shawnee,KS,Johnson County,12802 Johnson Dr,66216,,1285350520
Nathan Duewel,https://www.google.com/maps/search/?api=1&query=Nathan%20Duewel%20Shawnee%20KS,(785) 272-1535,Physical Therapist,Shawnee,KS,Johnson County,7137 Summit St,66216,,1548491392
Nicolas Hawley,https://www.google.com/maps/search/?api=1&query=Nicolas%20Hawley%20Shawnee%20KS,(913) 634-2891,Physical Therapist,Shawnee,KS,Johnson County,6528 Bradshaw St,66216,,1285906172
Olivia Terryberry,https://www.google.com/maps/search/?api=1&query=Olivia%20Terryberry%20Shawnee%20KS,(913) 213-7571,Physical Therapist,Shawnee,KS,Johnson County,13654 Blackfish Pkwy,66216,,1114899044
Pam Carney Pt Llc,https://www.pamcarney.com,(913) 631-5749,Physical Therapist,Shawnee,KS,Johnson County,18315 Midland Dr,66218,,1841452943
"Pamela B Stockman, PT",https://www.google.com/maps/search/?api=1&query=Pamela%20B%20Stockman%20Shawnee%20KS,(913) 268-0287,Physical Therapist,Shawnee,KS,Johnson County,14418 W 68Th St,66216,,1447545256
"Rachel Marie Mcgraw, P.T.",https://www.google.com/maps/search/?api=1&query=Rachel%20Marie%20Mcgraw%2C%20P.T.%20Shawnee%20KS,(913) 588-3506,Physical Therapist,Shawnee,KS,Johnson County,7405 Renner Rd,66217,,1023266855
Scott Thomas Hoffman,https://www.google.com/maps/search/?api=1&query=Scott%20Thomas%20Hoffman%20Shawnee%20KS,(913) 669-0744,Physical Therapist,Shawnee,KS,Johnson County,13775 W 51St St,66216,,1992372148
"Shawna Lynn Robinson, LPT",https://www.google.com/maps/search/?api=1&query=Shawna%20Lynn%20Robinson%20Shawnee%20KS,(913) 422-7777,Physical Therapist,Shawnee,KS,Johnson County,21706 W 51St Ter,66226,,1770794976
"Sheridan Sommer, PT, DPT",https://www.google.com/maps/search/?api=1&query=Sheridan%20Sommer%20Shawnee%20KS,(913) 384-0800,Physical Therapist,Shawnee,KS,Johnson County,9700 W 62Nd St,66203,,1699638775
"Stephanie Bubenko Mclean, PT",https://www.google.com/maps/search/?api=1&query=Stephanie%20Bubenko%20Mclean%20Shawnee%20KS,(913) 962-4114,Physical Therapist,Shawnee,KS,Johnson County,14517 W 60Th Pl,66216,,1841837515
Trina Stutz,https://www.google.com/maps/search/?api=1&query=Trina%20Stutz%20Shawnee%20KS,(913) 441-3280,Physical Therapist,Shawnee,KS,Johnson County,7295 Houston St,66227,,1992838882
"Veronica Vabishchevich, PT, DPT",https://www.google.com/maps/search/?api=1&query=Veronica%20Vabishchevich%20Shawnee%20KS,(913) 270-0469,Physical Therapist,Shawnee,KS,Johnson County,19701 W 65Th Ter,66218,,1265255111
"Anita A. Ye, P.T.",https://www.google.com/maps/search/?api=1&query=Anita%20A.%20Ye%2C%20P.T.%20Shawnee%20Mission%20KS,(913) 362-7518,Physical Therapist,Shawnee Mission,KS,Johnson County,10000 W 75Th St Ste 121,66204,,1063753929
"Cullen Edwin Grabast, DPT",https://www.google.com/maps/search/?api=1&query=Cullen%20Edwin%20Grabast%20Spring%20Hill%20KS,(913) 592-9101,Physical Therapist,Spring Hill,KS,Johnson County,22378 S Harrison St,66083,,1841020823
"Maria Susan Wright, PT, DPT",https://www.google.com/maps/search/?api=1&query=Maria%20Susan%20Wright%20Spring%20Hill%20KS,(913) 686-3333,Physical Therapist,Spring Hill,KS,Johnson County,21161 W 223Rd St,66083,,1659014058
"Narendra Dattatraya Saraf, DPT,MS,PT",https://www.google.com/maps/search/?api=1&query=Narendra%20Dattatraya%20Saraf%2CMS%20Tonganoxie%20KS,(913) 845-2204,Physical Therapist,Tonganoxie,KS,Johnson County,120 W 8Th St,66086,,1366295800
"Ariana Adrienne Jacobsen, PT, DPT",https://www.google.com/maps/search/?api=1&query=Ariana%20Adrienne%20Jacobsen%20Topeka%20KS,(785) 266-4600,Physical Therapist,Topeka,KS,Johnson County,3627 Se 29Th St Ste 107,66605,,1275061962
Jeremy Philip Wiltz,https://www.google.com/maps/search/?api=1&query=Jeremy%20Philip%20Wiltz%20Topeka%20KS,(785) 232-2044,Physical Therapist,Topeka,KS,Johnson County,200 Sw Frazier Cir,66606,,1427345289
"Len Mikel Cook, PT, MPA",https://www.google.com/maps/search/?api=1&query=Len%20Mikel%20Cook%2C%20MPA%20Topeka%20KS,(785) 273-1379,Physical Therapist,Topeka,KS,Johnson County,4015 Sw Gage Center Dr,66604,,1154594596
"Marie Catherine Radke, DPT",https://www.google.com/maps/search/?api=1&query=Marie%20Catherine%20Radke%20Topeka%20KS,(913) 832-8853,Physical Therapist,Topeka,KS,Johnson County,7220 Sw Asbury Dr,66614,,1154980720
"Chandler Lauren Stephens, DPT",https://www.google.com/maps/search/?api=1&query=Chandler%20Lauren%20Stephens%20Westwood%20KS,(913) 237-2251,Physical Therapist,Westwood,KS,Johnson County,4713 Rainbow Blvd,66205,,1184390544
"Scott C Magner, PT",https://www.google.com/maps/search/?api=1&query=Scott%20C%20Magner%20Westwood%20KS,(913) 638-2755,Physical Therapist,Westwood,KS,Johnson County,2801 W 50Th St,66205,,1144315474
Ashley De Los Reyes,https://www.google.com/maps/search/?api=1&query=Ashley%20De%20Los%20Reyes%20Wichita%20KS,(316) 440-3731,Physical Therapist,Wichita,KS,Johnson County,834 N Socora St Ste 1,67212,,1871848622
Brooke M Boyd,https://www.google.com/maps/search/?api=1&query=Brooke%20M%20Boyd%20Wichita%20KS,(316) 633-3329,Physical Therapist,Wichita,KS,Johnson County,4810 N Portwest St,67204,,1336019777
Preferred Pt Schnitta Llc,https://www.google.com/maps/search/?api=1&query=Preferred+Pt+Schnitta+Llc+Wichita+KS,(316) 263-0003,Physical Therapist,Wichita,KS,Johnson County,200 W Douglas Ave Ste 1040,67202,,1669403671
"Steven Carl Wilson, RPT",https://www.google.com/maps/search/?api=1&query=Steven%20Carl%20Wilson%2C%20RPT%20Wichita%20KS,(316) 773-6327,Physical Therapist,Wichita,KS,Johnson County,"8404 W 13Th St N Bldg D,#180",67212,,1235268558
"Trebor Ray Besser, PT",https://www.google.com/maps/search/?api=1&query=Trebor%20Ray%20Besser%20Wichita%20KS,(316) 202-0987,Physical Therapist,Wichita,KS,Johnson County,1725 E Douglas Ave Ste 103,67211,,1528492345
