law_firm_name,website,google_business_profile,legal_directory_listing,city,state,county,phone_number,email,practice_area,street_address,zip_code,msa,priority,number_of_lawyers
Wyandotte District Attorney’s Office,,,https://directory-kard.kscourts.gov/Home/Details?regNum=30385,Kansas City,KS,Wyandotte,913-573-2851,,General,"710 N 7th St, Ste 10",66101,Kansas City,2,
Attorney Mark Brown,https://midwestip.com,,https://lawyers.justia.com/lawyer/mark-brown-1662728,Bonner Springs,KS,Wyandotte,913-565-2998,rlove@leavenworthlawyer.com,Personal Injury,422,66012,Kansas City,5,
Blevins and Bradbury Inc,https://duckduckgo.com/l/?uddg=https%3A%2F%2Fwww.lawbamba.com%2Flawyer%2F410703%2FKristina%2DBlevins%2DMcCosh%2Dreviews%2Dratings&rut=efaf6975d236404fb8145d5bf6dcfd40ac1872cedce99203c9225e453a76459a,,,Bonner Springs,KS,Wyandotte,913-422-1620,,General,134 N Nettleton,66012,Kansas City,4,1
Ross Nigro,http://www.nigrolawfirm.com/practice-areas/dui-dwi,,,Bonner Springs,KS,Wyandotte,(816) 492-2809,office@nigrolawfirm.com,Criminal Defense,,66102,Kansas City,5,
Dempsey Kingsland Osteen,https://www.dko-law.com,,,Bonner Springs,KS,Wyandotte,816-484-3776,,Personal Injury,150 Million Secured for Our Clients Over the Past 25 Years,66102,Kansas City,5,
Dunn Bill,,https://www.google.com/maps/place/?q=place_id:ChIJBXWHN-OPwIcR8BOHSC2kuXM,,Bonner Springs,KS,Wyandotte,(913) 422-8677,,Criminal Defense,135 Oak St,66012,Kansas City,5,
Kansas City Attorney Belinda Harrison,http://blharrisonlaw.com/home.html,,,Bonner Springs,KS,Wyandotte,816-759-0207,,Family Law,204 W Linwood Blvd Kansas,66102,Kansas City,4,
Perry Trent,http://www.perrytrent.com,,,Bonner Springs,KS,Wyandotte,(913) 441-3411,,Family Law,13100 Kansas Ave,66012,Kansas City,4,
Richard T Bryant,https://www.richardbryantlaw.com/,,,Bonner Springs,KS,Wyandotte,(816) 399-5218,andrewtalge@gmail.com,Criminal Defense,"1111 Main, Ste 750",66102,Kansas City,5,
attorney profile - kevin hoop,https://www.kevinhooplaw.com/attorney-profile,,,Bonner Springs,KS,Wyandotte,,khoop@kevinhooplaw.com,Personal Injury,,66102,Kansas City,5,
Aaron Russell Schuman,,,,Kansas City,KS,Wyandotte,(816) 382-6374,,Litigation,,66101,Kansas City,1,
Abogada Denise Ramos,http://abogadadenise.com/,https://www.google.com/maps/place/?q=place_id:ChIJm21qRTjuwIcRqqOat2413E4,,Kansas City,KS,Wyandotte,(913) 202-6922,denise@abogadadenise.com,Immigration,1505 Minnesota Ave,66102,Kansas City,2,
Abogados Accidentes KC,http://abogadosaccidenteskc.com/,https://www.google.com/maps/place/?q=place_id:ChIJqWR3jAzuwIcRYoOGIDZ_rbo,,Kansas City,KS,Wyandotte,(816) 282-2222,,Personal Injury,2544 W 47th St,66103,Kansas City,5,3
Aimee Michelle Gromowsky,,,,Kansas City,KS,Wyandotte,(816) 207-2766,,Criminal Defense,,66101,Kansas City,5,
Alexander Conrad Melin,,,,Kansas City,KS,Wyandotte,(816) 203-0055,,Personal Injury,,66101,Kansas City,5,
Andrew Haynes McCue,,,,Kansas City,KS,Wyandotte,(816) 203-1157,,Litigation,,66101,Kansas City,1,
Andrew Ky Haynes,,,,Kansas City,KS,Wyandotte,(816) 207-4668,,Employment Law,,66101,Kansas City,3,
Andrew Stephen Talge,,,,Kansas City,KS,Wyandotte,(816) 382-6853,,Criminal Defense,,66101,Kansas City,5,
Attorney Hugo Martinez,http://www.hugolawoffice.com/,https://www.google.com/maps/place/?q=place_id:ChIJjQw-5zfwwIcRbCj78B6CJSo,,Kansas City,KS,Wyandotte,(816) 888-0518,info@hugolawoffice.com,Immigration,719 State Ave,66101,Kansas City,2,
Aylward-Kalb Patricia,,https://www.google.com/maps/place/?q=place_id:ChIJewGFG3LxwIcRQTTfTVd7GAs,,Kansas City,KS,Wyandotte,(913) 371-2299,,Criminal Defense,816 Ann Ave,66101,Kansas City,5,
Beth Romans Bower,https://www.bclplaw.com/en-GB/people/beth-romans-bower.html,,,Kansas City,KS,Wyandotte,816-391-7663,beth.bower@bclplaw.com,Employment Law,1,66105,Kansas City,3,
Bradley David McCormack,,,,Kansas City,KS,Wyandotte,(816) 379-7159,,Bankruptcy,,66101,Kansas City,2,
Brandon L. Kane,https://www.kcticketlaw.com,,,Kansas City,KS,Wyandotte,816-229-2708,brandon@bkanelaw.com,Criminal Defense,"1100 Main, St, Ste 2820",66101,Kansas City,5,
Brian Joseph Madden,,,,Kansas City,KS,Wyandotte,(816) 203-1737,,Personal Injury,,66101,Kansas City,5,
Bright Bankruptcy Firm,http://www.brightbk.com/kansas-city-bankruptcy-attorney-2/,,,Kansas City,KS,Wyandotte,(913) 298-1600,,General,1333 Meadowlark Ln,66102,Kansas City,4,
Bryan Cox,,,,Kansas City,KS,Wyandotte,816-292-7021,bryan@sternberg-law.com,Criminal Defense,"2323 Grand, suite 1100",66101,Kansas City,5,
Burton Scott Haigh,,,,Kansas City,KS,Wyandotte,(816) 379-7201,,Personal Injury,,66101,Kansas City,5,
Charles Ryan Conor Regan,,,,Kansas City,KS,Wyandotte,(816) 203-1498,,Personal Injury,,66101,Kansas City,5,
Cheryl Pilate,,,,Kansas City,KS,Wyandotte,816-471-6694,,Criminal Defense,926 Cherry,66101,Kansas City,5,
Christen Dawn Shepherd,,,,Kansas City,KS,Wyandotte,(816) 307-0375,,Family Law,,66101,Kansas City,4,
Christopher Marshall McHugh,,,,Kansas City,KS,Wyandotte,(816) 382-6338,,Business Law,,66101,Kansas City,2,
Clayton E. Dickey,,,,Kansas City,KS,Wyandotte,(816) 837-9823,,Insurance Law,,66101,Kansas City,1,
Clayton Evan Gillette,,,,Kansas City,KS,Wyandotte,(816) 382-6919,,Business Law,,66101,Kansas City,2,
Cline Boone,,https://www.google.com/maps/place/?q=place_id:ChIJf6IwHHLxwIcRbHEPOekoGGY,,Kansas City,KS,Wyandotte,(913) 371-0444,,Criminal Defense,750 Ann Ave,66101,Kansas City,5,
Colin Nacy Gotham,http://www.emlawkc.com,,https://www.martindale.com/by-location/kansas-lawyers/,Kansas City,KS,Wyandotte,(913) 278-0424,,Personal Injury,,66101,Kansas City,5,
Connor James Pace,,,,Kansas City,KS,Wyandotte,(913) 348-7980,,Personal Injury,,66101,Kansas City,5,
David Bell,,,,Kansas City,KS,Wyandotte,(816) 844-6916,dbell@whmlaw.net,Criminal Defense,"1200 Main St., suite 2110",66101,Kansas City,5,
David Magariel,https://www.cnn.com/2022/09/20/us/shawn-parcells-sentenced-illegal-autopsies,,,Kansas City,KS,Wyandotte,,copyrightagent@turner.com,Criminal Defense,550,66101,Kansas City,5,
David Mathew Mayer,,,,Kansas City,KS,Wyandotte,(816) 608-7835,,Personal Injury,,66101,Kansas City,5,
David Matthews,http://www.davidmatthewslaw.com,,,Kansas City,KS,Wyandotte,913-387-2369,,DUI,827 Armstrong,66101,Kansas City,5,
David Robert Barlow,,,,Kansas City,KS,Wyandotte,(855) 999-7542,,Bankruptcy,511 South 5th St,66101,Kansas City,2,
Davis Reginald K,http://reginald-davis.com/,https://www.google.com/maps/place/?q=place_id:ChIJf8k6HHLxwIcRrbQD4NoFR1Q,,Kansas City,KS,Wyandotte,(913) 299-8789,davisrk1@sbcglobal.net,Personal Injury,11006 Parallel Pkwy Ste 206,66101,Kansas City,5,2
DeVaughn James Injury Lawyers,https://www.devaughnjames.com/locations/devaughn-james-injury-lawyers-kansas-city-kansas/,https://www.google.com/maps/place/?q=place_id:ChIJyUsYpCrxwIcRu2h2snY6P-U,,Kansas City,KS,Wyandotte,(913) 999-9999,,Personal Injury,10 E Cambridge Cir Dr Ste 100,66103,Kansas City,5,3
Denise Fields,http://www.bryancave.com/denisefields,,https://lawyers.justia.com/lawyer/denise-fields-1468567,Kansas City,KS,Wyandotte,(816) 374-3302,,General,1 Kansas Ave,66105,Kansas City,2,
Denise Kirby,,,,Kansas City,KS,Wyandotte,(816) 399-2319,,Criminal Defense,,66101,Kansas City,5,
Diane Kathryn Watkins,,,,Kansas City,KS,Wyandotte,(816) 382-6810,,Personal Injury,,66101,Kansas City,5,
Dionne Michelle Scherff,,,,Kansas City,KS,Wyandotte,(913) 600-2790,,Criminal Defense,,66101,Kansas City,5,
Douglas L. Carter,http://www.carterlaw.org,,https://www.martindale.com/by-location/kansas-lawyers/,Kansas City,KS,Wyandotte,(816) 325-2397,,Personal Injury,,66101,Kansas City,5,2
Eric Anthony Morrison,,,,Kansas City,KS,Wyandotte,(913) 543-4464,,Family Law,,66101,Kansas City,4,
Eric D Barton,,,,Kansas City,KS,Wyandotte,(816) 300-7840,,Business Law,,66101,Kansas City,2,
Erickson Debera A,,https://www.google.com/maps/place/?q=place_id:ChIJUWrtQW3xwIcRL-tIWg6KB4c,,Kansas City,KS,Wyandotte,(913) 371-8383,,Criminal Defense,630 Minnesota Ave,66101,Kansas City,5,
Hutton William W,,https://www.google.com/maps/place/?q=place_id:ChIJ2QQfg23xwIcRftIxaDi6KpU,,Kansas City,KS,Wyandotte,(913) 371-1944,,Criminal Defense,509 Armstrong Ave,66101,Kansas City,5,
Jack D. McInnes,,,,Kansas City,KS,Wyandotte,(913) 794-3370,,Employment Law,,66101,Kansas City,3,
James A. Hart,https://www.hartlawcompany.com/,,https://www.martindale.com/by-location/kansas-lawyers/,Kansas City,KS,Wyandotte,(816) 300-5531,hartlawco@aol.com,Business Law,,66101,Kansas City,2,
James C. Morrow,https://www.mwcattorneys.com,,https://www.martindale.com/by-location/kansas-lawyers/,Kansas City,KS,Wyandotte,(816) 463-3579,sjenkins@mwcattorneys.com,Personal Injury,,66101,Kansas City,5,2
James E Carpenter,http://www.carpenterkansaslaw.com,,,Kansas City,KS,Wyandotte,(913) 371-0166,,General,816 Ann Ave,66101,Kansas City,4,
James Franklin Freeman,,,,Kansas City,KS,Wyandotte,(816) 448-8079,,Business Law,,66101,Kansas City,2,
James M. Barnett,http://www.barnett-law.com/index.html,,,Kansas City,KS,Wyandotte,913-281-3500,,Workers' Compensation,816,66101,Kansas City,5,
James Michael Roswold,,,,Kansas City,KS,Wyandotte,(816) 382-6340,,Personal Injury,,66101,Kansas City,5,
James R. Orr,,,,Kansas City,KS,Wyandotte,(913) 262-3345,,Family Law,,66101,Kansas City,4,
Jason Bradford Moore,,,,Kansas City,KS,Wyandotte,(816) 888-6279,,Personal Injury,,66101,Kansas City,5,
Jeffrey Young Bennett,,,,Kansas City,KS,Wyandotte,(816) 760-2617,,Immigration Law,,66101,Kansas City,1,
Jerry Lee Wallentine,https://www.kc-attorney.com,,https://www.martindale.com/by-location/kansas-lawyers/,Kansas City,KS,Wyandotte,(913) 353-3691,,Personal Injury,,66101,Kansas City,5,
Jill Arlene Kanatzar,,,,Kansas City,KS,Wyandotte,(816) 895-7073,,Criminal Defense,,66101,Kansas City,5,
Joan Dungey Toomey,,,,Kansas City,KS,Wyandotte,(816) 307-2780,,Business Law,,66101,Kansas City,2,
John Adams Christiansen,,,,Kansas City,KS,Wyandotte,(816) 527-8519,,Personal Injury,,66101,Kansas City,5,
John Edward Larson,,,,Kansas City,KS,Wyandotte,(913) 359-3611,,Business Law,,66101,Kansas City,2,
John Fisher Edgar,,,,Kansas City,KS,Wyandotte,(816) 307-0848,,Business Law,,66101,Kansas City,2,
John Kent Thomas,,,,Kansas City,KS,Wyandotte,(816) 484-3714,,Personal Injury,,66101,Kansas City,5,
John L. Peterson PA,https://www.pankratzhodge.com/contact-us,,,Kansas City,KS,Wyandotte,913-371-1930,randy@pankratzhodge.com,Personal Injury,748 Ann Ave,66101,Kansas City,5,1
John Michael Cusick,,,,Kansas City,KS,Wyandotte,(816) 608-8787,,Personal Injury,,66101,Kansas City,5,
John Michael Klamann,,,,Kansas City,KS,Wyandotte,(816) 382-6382,,Personal Injury,,66101,Kansas City,5,
John Simpson,,,,Kansas City,KS,Wyandotte,816-916-7141,kimmysuet@aol.com,Criminal Defense,311 E 115th St,66101,Kansas City,5,
Jonathan P. Kieffer,,,,Kansas City,KS,Wyandotte,(816) 701-9099,,Personal Injury,,66101,Kansas City,5,
Jordan Taylor Dollar,,,,Kansas City,KS,Wyandotte,(816) 945-4950,,Personal Injury,,66101,Kansas City,5,
Judy Simon,http://judysimonlaw.com,https://www.google.com/maps/place/?q=place_id:ChIJb9VX2XHxwIcRRD-kcIq3d7o,,Kansas City,KS,Wyandotte,(913) 608-7875,feedback@cyclevio.com,General,753 State Ave Ste 388,66101,Kansas City,4,
Ken Fenley,,,,Kansas City,KS,Wyandotte,620-333-5600,kenfenleylaw@gmail.com,Criminal Defense,6701 Brookside,66101,Kansas City,5,
Kevin James McManus,,,,Kansas City,KS,Wyandotte,(816) 945-4861,,Personal Injury,,66101,Kansas City,5,
Kyle S. Belew,,,,Kansas City,KS,Wyandotte,(816) 379-7256,,Personal Injury,,66101,Kansas City,5,
Lamb Charles,,https://www.google.com/maps/place/?q=place_id:ChIJg1LR1HHxwIcR3LN3u-0wkGo,,Kansas City,KS,Wyandotte,(913) 233-0420,,Criminal Defense,819 N 9th St,66101,Kansas City,5,
Louis C. Accurso,,,,Kansas City,KS,Wyandotte,(816) 608-6979,,Personal Injury,,66101,Kansas City,5,
Marc Kimble Erickson,,,,Kansas City,KS,Wyandotte,(816) 379-7526,,Personal Injury,,66101,Kansas City,5,
Marilyn Keller,,,,Kansas City,KS,Wyandotte,816-221-0800,mbkeller@whmlaw.net,Criminal Defense,"1200 Main, Ste 2110",66101,Kansas City,5,
Mark Stingley,http://www.bryancave.com/mgstingley,,,Kansas City,KS,Wyandotte,816-391-7649,,Bankruptcy,1,66105,Kansas City,2,
Matthew Ryan Watkins,,,,Kansas City,KS,Wyandotte,(816) 307-7528,,Criminal Defense,,66101,Kansas City,5,
Melanie Ann Haynes,,,,Kansas City,KS,Wyandotte,(913) 270-4028,,Family Law,,66101,Kansas City,4,
Michael J. Nichols P.A.,http://www.mikenicholslaw.com/,https://www.google.com/maps/place/?q=place_id:ChIJb9VX2XHxwIcRQ9DmDxq0RYE,,Kansas City,KS,Wyandotte,(913) 281-0300,,Personal Injury,748 Ann Ave,66101,Kansas City,5,
Michael Kopit,,,,Kansas City,KS,Wyandotte,(913) 800-4632,,Personal Injury,,66101,Kansas City,5,
Michael Sharma-Crawford,,,,Kansas City,KS,Wyandotte,816-994-2300,,Criminal Defense,515 Avenida Cesar E Chavez,66101,Kansas City,5,
Michael Todd Moulder,,,,Kansas City,KS,Wyandotte,(816) 382-6989,,Personal Injury,,66101,Kansas City,5,
Michael Vincent DiPasquale,,,,Kansas City,KS,Wyandotte,(816) 408-3391,,Personal Injury,,66101,Kansas City,5,
Neil Sader,,,,Kansas City,KS,Wyandotte,(816) 379-7281,,Bankruptcy,,66101,Kansas City,2,
Nicole Forsythe,,,,Kansas City,KS,Wyandotte,816-730-9120,nicole@forsythelawoffice.com,Criminal Defense,"104 w. 9th, suite 306",66101,Kansas City,5,
Patricia McDonald-Nunemaker,,,,Kansas City,KS,Wyandotte,(816) 608-6506,,Estate Planning & Probate,,66101,Kansas City,1,
Paul Oller,,,,Kansas City,KS,Wyandotte,785-639-5008,ollerpaul1960@gmail.com,Criminal Defense,6750,66109,Kansas City,5,
Phillip Reed Martens,,,,Kansas City,KS,Wyandotte,(816) 605-6742,,Personal Injury,,66101,Kansas City,5,
Rachel Diana Stahle,,,,Kansas City,KS,Wyandotte,(816) 521-6973,,Personal Injury,,66101,Kansas City,5,
Redmon Michael,,https://www.google.com/maps/place/?q=place_id:ChIJb9VX2XHxwIcRoqYwDQXJKsU,,Kansas City,KS,Wyandotte,(913) 342-5917,,Criminal Defense,831 Armstrong Ave,66101,Kansas City,5,
Rick Carney,https://www.rickcarneylaw.com/services,,,Kansas City,KS,Wyandotte,816-804-4458,rick@rickcarneylaw.com,Criminal Defense,1156 NW Vivion Road,66101,Kansas City,5,2
Robert Anthony Thrasher,,,,Kansas City,KS,Wyandotte,(816) 640-8173,,Personal Injury,,66101,Kansas City,5,
Ross Charles Nigro,,,,Kansas City,KS,Wyandotte,(816) 307-1222,,Criminal Defense,,66101,Kansas City,5,
Ryan Joseph Watson,,,,Kansas City,KS,Wyandotte,(816) 608-4914,,Personal Injury,,66101,Kansas City,5,
Ryan Michael Paulus,,,,Kansas City,KS,Wyandotte,(816) 631-8853,,Personal Injury,,66101,Kansas City,5,
Sedgwick Philip R,,https://www.google.com/maps/place/?q=place_id:ChIJZU8IJXPxwIcR9tYmsnv7lQo,,Kansas City,KS,Wyandotte,(913) 371-1981,,Criminal Defense,623 Tauromee Ave,66101,Kansas City,5,
Sheena Foye,https://whmlawdb.com,,,Kansas City,KS,Wyandotte,816-221-0080,dbell@whmlaw.net,Criminal Defense,"1200 Main St, Ste 2110",66101,Kansas City,5,2
Stephanie Lynn Schutt,,,,Kansas City,KS,Wyandotte,(816) 608-6205,,Family Law,,66101,Kansas City,4,
Stephanie M Smith,,,,Kansas City,KS,Wyandotte,(913) 521-5897,,Estate Planning & Probate,,66101,Kansas City,1,
Steven Wade Brookreson,,,,Kansas City,KS,Wyandotte,(816) 451-2106,,Personal Injury,,66101,Kansas City,5,
Telthorst Thomas R,,https://www.google.com/maps/place/?q=place_id:ChIJOdMc7nHxwIcRWTSmoMfF-CA,,Kansas City,KS,Wyandotte,(913) 281-2080,,Criminal Defense,816 Ann Ave,66101,Kansas City,5,
Thomas A Rottinghaus,,,,Kansas City,KS,Wyandotte,(816) 379-7218,,Personal Injury,,66101,Kansas City,5,
Thomas G. Munsell,,,,Kansas City,KS,Wyandotte,(816) 382-6811,,Employment Law,,66101,Kansas City,3,
Thomas J. Hershewe,,,,Kansas City,KS,Wyandotte,(816) 379-7790,,Personal Injury,,66101,Kansas City,5,
Thomas Philip Cartmell,,,,Kansas City,KS,Wyandotte,(816) 379-7274,,Employment Law,,66101,Kansas City,3,
Timothy W. Monsees,,,,Kansas City,KS,Wyandotte,(816) 399-3215,,Personal Injury,,66101,Kansas City,5,
Todd Chamberlaine Lucas,,,,Kansas City,KS,Wyandotte,(816) 281-6888,,Personal Injury,,66101,Kansas City,5,
Tyler W Hudson,,,,Kansas City,KS,Wyandotte,(816) 379-7151,,Intellectual Property,,66101,Kansas City,1,
William Harrison Reynolds,,,,Kansas City,KS,Wyandotte,(816) 325-3893,,Personal Injury,,66101,Kansas City,5,
Roth Davies LLC,https://www.rothdavies.com/,,https://www.martindale.com/by-location/kansas-lawyers/,Lake Quivira,KS,Wyandotte,816-815-7266,info@rothdavies.com,Personal Injury,,66104,Kansas City,5,7
Michael James Schilling,,,https://www.avvo.com/all-lawyers/ks/kansas_city.html,Kansas City,KS,Wyandotte,(913) 353-4021,,General,1321 Central Avenue,66102,Kansas City,2,
"Spies, James, ATTY",http://aggressivecriminallaw.com,,https://www.yellowpages.com/kansas-city-ks/attorneys,Kansas City,KS,Wyandotte,(913) 371-9595,,General,753 State Ave,,Kansas City,2,
Gregory P. Goheen,,,https://www.avvo.com/all-lawyers/ks/kansas_city.html,Kansas City,KS,Wyandotte,,,General,,66103,Kansas City,2,
Byron Atlee Bowles,,,https://www.avvo.com/all-lawyers/ks/kansas_city.html,Kansas City,KS,Wyandotte,(913) 573-3339,,General,10 E Cambridge Circle Dr Ste 300,66103-1342,Kansas City,2,
John R. Campbell,,,https://www.avvo.com/all-lawyers/ks/kansas_city.html,Kansas City,KS,Wyandotte,(816) 531-2020,,General,4600 MadisonSuite 711,64112,Kansas City,2,
Joseph W. Hemberger,,,https://www.avvo.com/all-lawyers/ks/kansas_city.html,Kansas City,KS,Wyandotte,,,General,,66103,Kansas City,2,
Samantha Nicole Benjamin-House,,,https://www.avvo.com/all-lawyers/ks/kansas_city.html,Kansas City,KS,Wyandotte,,,General,,66103,Kansas City,2,
Jodi Jaye Fox,,,https://www.avvo.com/all-lawyers/ks/kansas_city.html,Kansas City,KS,Wyandotte,,,General,,66103,Kansas City,2,
Richard L. Carney,,,https://www.avvo.com/all-lawyers/ks/kansas_city.html,Kansas City,KS,Wyandotte,(816) 804-4458,,General,1021 N. 7th St. Ste. 104,66101,Kansas City,2,
Katie Marie Clifford,,,https://www.avvo.com/all-lawyers/ks/kansas_city.html,Kansas City,KS,Wyandotte,,,General,,66206,Kansas City,2,
Chadler Ewalt Colgan,,,https://www.avvo.com/all-lawyers/ks/kansas_city.html,Kansas City,KS,Wyandotte,(913) 721-9999,,General,11006 Parallel PkwySuite 202,66109,Kansas City,2,
George D. Halper,,,https://www.avvo.com/all-lawyers/ks/kansas_city.html,Kansas City,KS,Wyandotte,,,General,,66103,Kansas City,2,
James T. Yoakum,,,https://www.avvo.com/all-lawyers/ks/kansas_city.html,Kansas City,KS,Wyandotte,(913) 342-5555,,General,509 Armstrong Ave,66101,Kansas City,2,
Robert Anthony Martinez,,,https://www.avvo.com/all-lawyers/ks/kansas_city.html,Kansas City,KS,Wyandotte,(913) 488-5898,,General,750 Ann Ave Ste 103,66101-3014,Kansas City,2,
"Probst, Raymond E Jr",http://probstraymondejrks.localsearch.com,,https://www.yellowpages.com/kansas-city-ks/attorneys,Kansas City,KS,Wyandotte,(913) 281-0699,,General,827 Armstrong Ave,,Kansas City,2,
Frederick J. Greenbaum,,,https://www.avvo.com/all-lawyers/ks/kansas_city.html,Kansas City,KS,Wyandotte,(913) 371-3838,,General,10 E Cambridge Circle Dr Ste 300,66103-1342,Kansas City,2,
Daniel Leo Doyle,,,https://www.avvo.com/all-lawyers/ks/kansas_city.html,Kansas City,KS,Wyandotte,,,General,,66101,Kansas City,2,
Sylvia Denise Lebaron-Ramos,,,https://www.avvo.com/all-lawyers/ks/kansas_city.html,Kansas City,KS,Wyandotte,(913) 202-6922,,General,1505 Minnesota Ave,66102-4311,Kansas City,2,
Atif Abdel-Khaliq,http://yellowpages.com/kansas-city-ks/mip/the-benjamin-group-480225353,,https://www.yellowpages.com/kansas-city-ks/attorneys,Kansas City,KS,Wyandotte,(913) 281-5051,,General,1333 Meadowlark Ln,,Kansas City,2,
James Antwone Floyd,,,https://www.avvo.com/all-lawyers/ks/kansas_city.html,Kansas City,KS,Wyandotte,(913) 369-7155,,General,827 Armstrong AveSte 202,66101,Kansas City,2,
Stanley McAfee,http://stanleymcafee.localsearch.com,,https://www.yellowpages.com/kansas-city-ks/attorneys,Kansas City,KS,Wyandotte,(913) 334-4800,,General,1300 N 78th St,,Kansas City,2,
Ryan C. Fowler,,,https://www.avvo.com/all-lawyers/ks/kansas_city.html,Kansas City,KS,Wyandotte,(816) 832-4688,,General,2345 Grand Boulevard #750,64108,Kansas City,2,
Dwight D Alexander II,http://alexanderlawfirmkc.com/,,https://lawyers.justia.com/lawyer/dwight-d-alexander-ii-1498433,Kansas City,KS,Wyandotte,(913) 912-3338,,Divorce,753 State Avenue,66101,Kansas City,5,
"Lanham, Eric T",http://mvplaw.com,,https://www.yellowpages.com/kansas-city-ks/attorneys,Kansas City,KS,Wyandotte,(913) 371-3838,,General,10 E Cambridge Circle Dr,,Kansas City,2,
James Phillip Wolf,,,https://www.avvo.com/all-lawyers/ks/kansas_city.html,Kansas City,KS,Wyandotte,,,General,,66103,Kansas City,2,
"Taylor, Donald T",http://rto-law.com,,https://www.yellowpages.com/kansas-city-ks/attorneys,Kansas City,KS,Wyandotte,(913) 321-9600,,General,827 Armstrong Ave,,Kansas City,2,
Ryan Bernard Denk,,,https://www.avvo.com/all-lawyers/ks/kansas_city.html,Kansas City,KS,Wyandotte,,,General,,66103,Kansas City,2,
Denise E. Tomasic,,,https://www.avvo.com/all-lawyers/ks/kansas_city.html,Kansas City,KS,Wyandotte,,,General,,66117,Kansas City,2,
John Robert Emerson,,,https://www.avvo.com/all-lawyers/ks/kansas_city.html,Kansas City,KS,Wyandotte,,,General,,66103,Kansas City,2,
Ramon Murguia,,,https://www.avvo.com/all-lawyers/ks/kansas_city.html,Kansas City,KS,Wyandotte,(913) 320-2020,,General,3120 Strong Ave,66106-2114,Kansas City,2,
Danielle Rae Farha,,,https://www.avvo.com/all-lawyers/ks/kansas_city.html,Kansas City,KS,Wyandotte,(913) 573-3324,,General,10 E Cambridge Circle Dr Ste 300,66103-1342,Kansas City,2,
Matthew Sugaya Robertson,,,https://www.avvo.com/all-lawyers/ks/kansas_city.html,Kansas City,KS,Wyandotte,(913) 371-0727,,General,748 Ann Ave,66101-3014,Kansas City,2,
Frank Matande,,,https://www.avvo.com/all-lawyers/ks/kansas_city.html,Kansas City,KS,Wyandotte,(913) 371-3838,,General,10 E Cambridge Circle Dr Ste 300,66103-1342,Kansas City,2,
"West, Jack, ATTY",http://westjackatty.localsearch.com,,https://www.yellowpages.com/kansas-city-ks/attorneys,Kansas City,KS,Wyandotte,(913) 371-1930,,General,748 Ann Ave,,Kansas City,2,
Kelly Nash,http://www.bryancave.com/kellynash,,https://lawyers.justia.com/lawyer/kelly-nash-1454517,Kansas City,KS,Wyandotte,(816) 374-3236,,General,1 Kansas Ave,66105,Kansas City,2,
"Vader, Jay H, ATTY",http://www.jayvader.com,,https://www.yellowpages.com/kansas-city-ks/attorneys,Kansas City,KS,Wyandotte,(913) 334-4800,,General,2300 Hutton Rd,,Kansas City,2,
Kendra Marie Oakes,,,https://www.avvo.com/all-lawyers/ks/kansas_city.html,Kansas City,KS,Wyandotte,,,General,,66103,Kansas City,2,
Shellie L. Clausen-Kerstetter,,,https://www.avvo.com/all-lawyers/ks/kansas_city.html,Kansas City,KS,Wyandotte,(913) 677-6869,,General,610 S 38th St,66106-1263,Kansas City,2,
Michael J. McVay P.A.,,,https://www.yellowpages.com/kansas-city-ks/attorneys,Kansas City,KS,Wyandotte,(913) 281-6605,,General,753 State Ave Ste 388,,Kansas City,2,
Robert Patrick Burns,,,https://www.avvo.com/all-lawyers/ks/kansas_city.html,Kansas City,KS,Wyandotte,(913) 573-2923,,General,710 N 7th StWyandotte County Courthouse,66101-3051,Kansas City,2,
Lawrence D. Greenbaum,,,https://www.avvo.com/all-lawyers/ks/kansas_city.html,Kansas City,KS,Wyandotte,,,General,,66103,Kansas City,2,
Aaron John Greenbaum,,,https://www.avvo.com/all-lawyers/ks/kansas_city.html,Kansas City,KS,Wyandotte,(913) 573-3368,,General,10 E Cambridge Circle Dr Ste 300,66103-1342,Kansas City,2,
Serena Asayo Hawkins,,,https://www.avvo.com/all-lawyers/ks/kansas_city.html,Kansas City,KS,Wyandotte,(913) 390-3895,,General,816 Ann Ave,66101-3003,Kansas City,2,
Daniel Joseph Lobdell,,,https://www.avvo.com/all-lawyers/ks/kansas_city.html,Kansas City,KS,Wyandotte,(913) 371-3838,,General,10 E Cambridge Circle Dr Ste 300,66103-1342,Kansas City,2,
Lindsay Nicole Kornegay,,,https://www.avvo.com/all-lawyers/ks/kansas_city.html,Kansas City,KS,Wyandotte,(913) 573-4115,,General,710 N 7th St,66101-3051,Kansas City,2,
Teresa A. Mata,,,https://www.avvo.com/all-lawyers/ks/kansas_city.html,Kansas City,KS,Wyandotte,(913) 371-3838,,General,10 E Cambridge Circle Dr Ste 300,66103-1342,Kansas City,2,
Kimberly Kay Gibbens,,,https://www.avvo.com/all-lawyers/ks/kansas_city.html,Kansas City,KS,Wyandotte,,,General,,66160,Kansas City,2,
Bryan Ford Wangsgaard,,,https://www.avvo.com/all-lawyers/ks/kansas_city.html,Kansas City,KS,Wyandotte,(913) 288-1019,,General,5000 Kansas Ave,66106-1135,Kansas City,2,
Sarah Nicole Boston,,,https://www.avvo.com/all-lawyers/ks/kansas_city.html,Kansas City,KS,Wyandotte,(913) 371-3838,,General,10 E Cambridge Circle Dr Ste 300,66103-1342,Kansas City,2,
Kristina Schlake Mulvany,,,https://www.avvo.com/all-lawyers/ks/kansas_city.html,Kansas City,KS,Wyandotte,(913) 573-3317,,General,10 E Cambridge Circle Dr Ste 300,66103-1342,Kansas City,2,
Paul M. Dent,,,https://www.avvo.com/all-lawyers/ks/kansas_city.html,Kansas City,KS,Wyandotte,(913) 621-2528,,General,753 State Ave Ste 101,66101-2507,Kansas City,2,
Thomas Ray Fields,,,https://www.avvo.com/all-lawyers/ks/kansas_city.html,Kansas City,KS,Wyandotte,(913) 956-7000,,General,2544 W. 47th Ave,66103,Kansas City,2,
Reginald Keith Davis,,,https://www.avvo.com/all-lawyers/ks/kansas_city.html,Kansas City,KS,Wyandotte,(913) 299-8789,,General,750 Ann Ave Ste B,66101-3014,Kansas City,2,
Socheata Un,,,https://www.avvo.com/all-lawyers/ks/kansas_city.html,Kansas City,KS,Wyandotte,(913) 342-7200,,General,7823 Parallel Pkwy,66112-2036,Kansas City,2,
"Stubbs, Clifford K",http://mvplaw.com,,https://www.yellowpages.com/kansas-city-ks/attorneys,Kansas City,KS,Wyandotte,(913) 371-3838,,General,10 E Cambridge Circle Dr,,Kansas City,2,
"Walsh, Thomas J",http://mvplaw.com,,https://www.yellowpages.com/kansas-city-ks/attorneys,Kansas City,KS,Wyandotte,(913) 671-3711,,General,10 E Cambridge Circle Dr,,Kansas City,2,
Wendy Anne Lynn,,,https://www.avvo.com/all-lawyers/ks/kansas_city.html,Kansas City,KS,Wyandotte,(913) 551-6737,,General,500 State Ave Rm 360,66101-2400,Kansas City,2,
Courtney Hope Mikesic,,,https://www.avvo.com/all-lawyers/ks/kansas_city.html,Kansas City,KS,Wyandotte,(913) 573-4104,,General,710 N 7th StWyandotte County Courthouse,66101-3051,Kansas City,2,
Robert A. Bruce,,,https://www.avvo.com/all-lawyers/ks/kansas_city.html,Kansas City,KS,Wyandotte,(913) 371-1930,,General,748 Ann Avenue,66101,Kansas City,2,
Mary Ann Kancel,,,https://www.avvo.com/all-lawyers/ks/kansas_city.html,Kansas City,KS,Wyandotte,(913) 568-8996,,General,509 Armstrong Ave,66101-2925,Kansas City,2,
Lauren Messersmith Lowry,,,https://www.avvo.com/all-lawyers/ks/kansas_city.html,Kansas City,KS,Wyandotte,(913) 735-2360,,General,500 State Ave Rm 511,66101-2409,Kansas City,2,
David Kirk Duckers,,,https://www.avvo.com/all-lawyers/ks/kansas_city.html,Kansas City,KS,Wyandotte,(913) 645-2363,,General,2516 N 100th Ter,66109-8702,Kansas City,2,
Tina Marie Boschert,,,https://www.avvo.com/all-lawyers/ks/kansas_city.html,Kansas City,KS,Wyandotte,,,General,,66160,Kansas City,2,
Ashley S. Hutton,,,https://www.avvo.com/all-lawyers/ks/kansas_city.html,Kansas City,KS,Wyandotte,(913) 573-5090,,General,701 N 7th St,66101-3035,Kansas City,2,
Michael Grosko,,,https://www.avvo.com/all-lawyers/ks/kansas_city.html,Kansas City,KS,Wyandotte,(913) 573-4189,,General,710 N 7th St,66101-3051,Kansas City,2,
John Michael Redmon,,,https://www.avvo.com/all-lawyers/ks/kansas_city.html,Kansas City,KS,Wyandotte,(913) 342-5917,,General,831 Armstrong Ave,66101-2604,Kansas City,2,
Michael Leon Belancio,,,https://www.avvo.com/all-lawyers/ks/kansas_city.html,Kansas City,KS,Wyandotte,(913) 573-2702,,General,710 N 7th St Ste 10,66101-3000,Kansas City,2,
David James Grummon,,,https://www.avvo.com/all-lawyers/ks/kansas_city.html,Kansas City,KS,Wyandotte,(913) 423-2843,,General,2544 W 47th Ave,66103-3461,Kansas City,2,
Jill Erin Kunshek,,,https://www.avvo.com/all-lawyers/ks/kansas_city.html,Kansas City,KS,Wyandotte,(816) 801-6534,,General,1405 N 98th St,66111-1865,Kansas City,2,
Timothy Lewis Dupree,,,https://www.avvo.com/all-lawyers/ks/kansas_city.html,Kansas City,KS,Wyandotte,(913) 573-2911,,General,710 N 7th St Fl 1,66101-3051,Kansas City,2,
Melanie D. Caro,,,https://www.avvo.com/all-lawyers/ks/kansas_city.html,Kansas City,KS,Wyandotte,(913) 942-3609,,General,402 State Ave,66101-2402,Kansas City,2,
Deryl William Wynn,,,https://www.avvo.com/all-lawyers/ks/kansas_city.html,Kansas City,KS,Wyandotte,,,General,,66109,Kansas City,2,
Damon De Vegg Mitchell,,,https://www.avvo.com/all-lawyers/ks/kansas_city.html,Kansas City,KS,Wyandotte,(913) 573-2851,,General,710 N 7th St Ste 10,66101-3000,Kansas City,2,
Faiza H. Alhambra,,,https://www.avvo.com/all-lawyers/ks/kansas_city.html,Kansas City,KS,Wyandotte,,,General,,66101,Kansas City,2,
Karl Luke Wenger,,,https://www.avvo.com/all-lawyers/ks/kansas_city.html,Kansas City,KS,Wyandotte,,,General,,66103,Kansas City,2,
David C. Graham,,,https://www.avvo.com/all-lawyers/ks/kansas_city.html,Kansas City,KS,Wyandotte,(913) 829-5445,,General,Po Box 3664,66103-0664,Kansas City,2,
Carlos Murguia,,,https://www.avvo.com/all-lawyers/ks/kansas_city.html,Kansas City,KS,Wyandotte,(816) 803-4231,,General,2915 Strong Ave,66106-2144,Kansas City,2,
Kenneth J. Moore,,,https://www.avvo.com/all-lawyers/ks/kansas_city.html,Kansas City,KS,Wyandotte,(913) 573-5060,,General,701 N 7th St,66101-3035,Kansas City,2,
Mark Anthony Dupree,,,https://www.avvo.com/all-lawyers/ks/kansas_city.html,Kansas City,KS,Wyandotte,,,General,,66101,Kansas City,2,
Delia M. Madruga York,,,https://www.avvo.com/all-lawyers/ks/kansas_city.html,Kansas City,KS,Wyandotte,(913) 573-4193,,General,738 Ann Ave,66101-3014,Kansas City,2,
Bion Walter Vance,,,https://www.avvo.com/all-lawyers/ks/kansas_city.html,Kansas City,KS,Wyandotte,(913) 551-5795,,General,400 State Ave. Gateway Tower,66101-2406,Kansas City,2,
Paul Andrew Waters,,,https://www.avvo.com/all-lawyers/ks/kansas_city.html,Kansas City,KS,Wyandotte,(913) 721-2041,,General,4236 N 125th Cir,66109-5130,Kansas City,2,
Christopher G. Arth,,,https://www.avvo.com/all-lawyers/ks/kansas_city.html,Kansas City,KS,Wyandotte,,,General,,66109,Kansas City,2,
John Mcmanman Baker III,,,https://www.avvo.com/all-lawyers/ks/kansas_city.html,Kansas City,KS,Wyandotte,(913) 999-2828,,General,748 Ann Ave,66101-3014,Kansas City,2,
Philip Robert Sedgwick,,,https://www.avvo.com/all-lawyers/ks/kansas_city.html,Kansas City,KS,Wyandotte,(913) 371-1981,,General,623 Tauromee Ave,66101-3041,Kansas City,2,
David A. Kraft,,,https://www.avvo.com/all-lawyers/ks/kansas_city.html,Kansas City,KS,Wyandotte,(816) 931-8000,,General,Po Box 3510,66103-0510,Kansas City,2,
Manu Kumar Rattan,,,https://www.avvo.com/all-lawyers/ks/kansas_city.html,Kansas City,KS,Wyandotte,(913) 721-0381,,General,11006 Parallel Pkwy Ste 206,66109-4440,Kansas City,2,
Warren Harry Scherich,,,https://www.avvo.com/all-lawyers/ks/kansas_city.html,Kansas City,KS,Wyandotte,(913) 202-6922,,General,1505 Minnesota Avenue,66102,Kansas City,2,
David Michael Grace,,,https://www.avvo.com/all-lawyers/ks/kansas_city.html,Kansas City,KS,Wyandotte,(913) 573-2851,,General,710 N 7th St Ste 10,66101-3000,Kansas City,2,
Bryan Charles Clark,,,https://www.avvo.com/all-lawyers/ks/kansas_city.html,Kansas City,KS,Wyandotte,,,General,,66101,Kansas City,2,
Nathan Timothy Jackson,,,https://www.avvo.com/all-lawyers/ks/kansas_city.html,Kansas City,KS,Wyandotte,(913) 588-7281,,General,3901 Rainbow Blvd Stop 2013The University Of Kansas Cancer Center,66160-8500,Kansas City,2,
Scott Clifford Rask,,,https://www.avvo.com/all-lawyers/ks/kansas_city.html,Kansas City,KS,Wyandotte,(913) 551-6730,,General,500 State Ave Rm 360,66101-2400,Kansas City,2,
Trent Michael Krug,,,https://www.avvo.com/all-lawyers/ks/kansas_city.html,Kansas City,KS,Wyandotte,(913) 551-6730,,General,500 State Ave Rm 360,66101-2400,Kansas City,2,
Rhonda Keylon Levinson,,,https://www.avvo.com/all-lawyers/ks/bonner_springs.html,Bonner Springs,KS,Wyandotte,(913) 441-3411,,General,132 Oak Street,66012,Kansas City,2,
Shane Britton Lillich,,,https://www.avvo.com/all-lawyers/ks/bonner_springs.html,Bonner Springs,KS,Wyandotte,(913) 441-3411,,General,13100 Kansas Ave Ste C,66012-9296,Kansas City,2,
Brian David Levinson,,,https://www.avvo.com/all-lawyers/ks/bonner_springs.html,Bonner Springs,KS,Wyandotte,(913) 441-3411,,General,132 Oak,66012,Kansas City,2,
William Michael Smith,,,https://www.avvo.com/all-lawyers/ks/bonner_springs.html,Bonner Springs,KS,Wyandotte,(785) 917-1271,,General,426 Jamison St,66012-1523,Kansas City,2,
Rae Sedgwick,,,https://www.avvo.com/all-lawyers/ks/bonner_springs.html,Bonner Springs,KS,Wyandotte,(913) 708-5808,,General,311 Allcutt AvePo Box 377,66012-1501,Kansas City,2,
Michelle Renee Morse,,,https://www.avvo.com/all-lawyers/ks/bonner_springs.html,Bonner Springs,KS,Wyandotte,(913) 535-1377,,General,14101 Gibbs Rd,66012-9411,Kansas City,2,
Danny C. Trent,,,https://www.avvo.com/all-lawyers/ks/bonner_springs.html,Bonner Springs,KS,Wyandotte,(913) 441-3411,,General,132 Oak St,66012-1027,Kansas City,2,
Sheri Lynn Smiley,,,https://www.avvo.com/all-lawyers/ks/bonner_springs.html,Bonner Springs,KS,Wyandotte,(913) 602-9971,,General,Po Box 88,66012-0088,Kansas City,2,
Kristina Marie Blevins-McCosh,,,https://www.avvo.com/all-lawyers/ks/bonner_springs.html,Bonner Springs,KS,Wyandotte,(913) 422-1620,,General,134 N Nettleton Ave,66012-1469,Kansas City,2,
Kaitlyn Renee Cairns,,,https://www.avvo.com/all-lawyers/ks/bonner_springs.html,Bonner Springs,KS,Wyandotte,(913) 349-3413,,General,132 Oak St,66012-1027,Kansas City,2,
Jacob Tyler Copeland,,,https://www.avvo.com/all-lawyers/ks/bonner_springs.html,Bonner Springs,KS,Wyandotte,(913) 441-3411,,General,132 Oak St,66012-1027,Kansas City,2,
Charles Lawrence Casassa,,,https://www.avvo.com/all-lawyers/ks/edwardsville.html,Edwardsville,KS,Wyandotte,(970) 903-3824,,General,1207 S 105th St,66111-3482,Kansas City,2,
Annrene Sarah Coughlin,,,https://www.avvo.com/all-lawyers/ks/kansas_city.html,Kansas City,KS,Wyandotte,(816) 801-6187,,General,1405 N 98th St,66111-1865,Kansas City,2,
"Klapper, Bill L",http://yellowpages.com/kansas-city-ks/mip/triad-services-475696317,,https://www.yellowpages.com/kansas-city-ks/attorneys,Kansas City,KS,Wyandotte,(913) 334-0600,,General,1300 N 78th St Ste 202,,Kansas City,2,
Alex Benton Bachelor,,,https://www.avvo.com/all-lawyers/ks/kansas_city.html,Kansas City,KS,Wyandotte,(816) 801-6444,,General,1405 N 98th St,66111-1865,Kansas City,2,
Shane Rockey,https://shanerockey.com,,https://lawyers.justia.com/lawyer/shane-rockey-950470,Kansas City,KS,Wyandotte,(913) 371-6063,,Divorce,748 Ann Avenue,66101,Kansas City,5,
Gary Stone,https://www.stonedefense.com,,https://lawyers.justia.com/lawyer/gary-stone-920849,Kansas City,KS,Wyandotte,(913) 229-9209,,DUI/DWI,6405 Metcalf Avenue,66101,Kansas City,5,
Prince Adebayo Ogunmeno,,,https://lawyers.justia.com/lawyer/prince-adebayo-ogunmeno-1498053,Kansas City,KS,Wyandotte,(913) 233-2133,,Divorce,155 S. 18th Street,66102,Kansas City,5,
Noah Ballard,https://www.doyleandassociatesllc.com,,https://lawyers.justia.com/lawyer/noah-ballard-1668672,Kansas City,KS,Wyandotte,(913) 371-1930,,General,748 Ann Avenue,66101,Kansas City,2,
Kristy Cuevas,,,https://lawyers.justia.com/lawyer/kristy-cuevas-921332,Kansas City,KS,Wyandotte,(913) 371-1930,,General,748 Ann Avenue,66101,Kansas City,2,
Christopher Allman,,,https://lawyers.justia.com/lawyer/christopher-allman-921071,Kansas City,KS,Wyandotte,(913) 551-6730,,General,500 State Ave,66101,Kansas City,2,
Timothy Alvarez,,,https://lawyers.justia.com/lawyer/timothy-alvarez-921301,Kansas City,KS,Wyandotte,(913) 371-1030,,General,10 S Hallock St,66101,Kansas City,2,
Lindsie Ford,https://law.ku.edu/people/lindsie-ford,,https://lawyers.justia.com/lawyer/lindsie-ford-1820928,Kansas City,KS,Wyandotte,,,General,1017 N 6th St,66101,Kansas City,2,
David Welte,http://www.bryancave.com/davidwelte,,https://lawyers.justia.com/lawyer/david-welte-1422585,Kansas City,KS,Wyandotte,(816) 374-3330,,General,1 Kansas Ave,66105,Kansas City,2,
Megan Redmond,http://www.bryancave.com/meganredmond,,https://lawyers.justia.com/lawyer/megan-redmond-1421404,Kansas City,KS,Wyandotte,(816) 374-3326,,General,1 Kansas Ave,66105,Kansas City,2,
Purvi Shah,http://www.bryancave.com/purvishah,,https://lawyers.justia.com/lawyer/purvi-shah-1426846,Kansas City,KS,Wyandotte,(816) 374-3348,,Bankruptcy,1 Kansas Ave,66105,Kansas City,4,
Connor  McAteer,,,https://lawyers.justia.com/lawyer/connor-mcateer-1741471,Kansas City,KS,Wyandotte,(816) 888-7500,,Personal Injury,4600 Madison Ave,64112,Kansas City,5,
Christian Stark,,,https://lawyers.justia.com/lawyer/christian-stark-1820590,Kansas City,KS,Wyandotte,(816) 888-7500,,Personal Injury,4600 Madison Ave,64112,Kansas City,5,
Anthony Corporon,,,https://lawyers.justia.com/lawyer/anthony-corporon-921427,Bonner Springs,KS,Wyandotte,(913) 441-3411,,General,13100 Kansas Ave,66012,Kansas City,2,
Roberta Wilkes,,,https://lawyers.justia.com/lawyer/roberta-wilkes-922000,Bonner Springs,KS,Wyandotte,(913) 422-8677,,Estate Planning,135 Oak St,66012,Kansas City,4,
Charles Thomas,,,https://lawyers.justia.com/lawyer/charles-thomas-916966,Bonner Springs,KS,Wyandotte,(913) 422-5600,,Divorce,2200 S 138th St,66012,Kansas City,5,
Michael Highland,,,https://lawyers.justia.com/lawyer/michael-highland-917601,Bonner Springs,KS,Wyandotte,(913) 441-3411,,General,13100 Kansas Ave,66012,Kansas City,2,
Joseph Perry,,,https://lawyers.justia.com/lawyer/joseph-perry-918970,Bonner Springs,KS,Wyandotte,(913) 441-3411,,General,13100 Kansas Ave,66012,Kansas City,2,
William Dunn,,,https://lawyers.justia.com/lawyer/william-dunn-920505,Bonner Springs,KS,Wyandotte,(913) 422-8677,,General,135 Oak St,66012,Kansas City,2,
Trevor Hartman,,,https://lawyers.justia.com/lawyer/trevor-hartman-917506,Bonner Springs,KS,Wyandotte,,,General,426 N Nettleton Ave,66012,Kansas City,2,
Dairy Farmers Of America,,,https://directory-kard.kscourts.gov/Home/Details?regNum=17693,Kansas City,KS,Wyandotte,816-801-6444,,General,1405 N 98th St,66111,Kansas City,2,
State of Kansas,,,https://directory-kard.kscourts.gov/Home/Details?regNum=17741,Kansas City,KS,Wyandotte,913-579-8942,,General,710 N 7th St,66101,Kansas City,2,
John Polhemus,http://www.bryancave.com/johnpolhemus,,https://lawyers.justia.com/lawyer/john-polhemus-1449242,Kansas City,KS,Wyandotte,(816) 374-3309,,General,1 Kansas Ave,66105,Kansas City,2,
Mark Brennan,https://www.bclplaw.com/en-GB/people/mark-w-brennan.html,,https://lawyers.justia.com/lawyer/mark-brennan-1480928,Kansas City,KS,Wyandotte,(816) 391-7619,,General,1 Kansas Ave,66105,Kansas City,2,
William Perry Brandt,https://www.bclplaw.com/en-GB/people/william-perry-brandt.html,,https://lawyers.justia.com/lawyer/william-perry-brandt-1435017,Kansas City,KS,Wyandotte,(816) 374-3206,,General,1 Kansas Ave,66105,Kansas City,2,
Rebecca Jelinek,http://www.bryancave.com/rsjelinek,,https://lawyers.justia.com/lawyer/rebecca-jelinek-1464716,Kansas City,KS,Wyandotte,(816) 374-3291,,General,1 Kansas Ave,66105,Kansas City,2,
Sheri Catania,,,https://lawyers.justia.com/lawyer/sheri-catania-1820923,Kansas City,KS,Wyandotte,,,General,500 State Ave,66101,Kansas City,2,
James Maloney,https://www.bclplaw.com/en-GB/people/james-p-maloney.html,,https://lawyers.justia.com/lawyer/james-maloney-1437509,Kansas City,KS,Wyandotte,(816) 374-3338,,General,1 Kansas Ave,66105,Kansas City,2,
Paul Himmelstein,http://www.bryancave.com/prhimmelstein,,https://lawyers.justia.com/lawyer/paul-himmelstein-1439448,Kansas City,KS,Wyandotte,(816) 292-7812,,General,1 Kansas Ave,66105,Kansas City,2,
Matthew William Lytle,http://www.bryancave.com/matthewlytle,,https://lawyers.justia.com/lawyer/matthew-william-lytle-734276,Kansas City,KS,Wyandotte,(816) 374-3377,,General,1 Kansas Ave,66105,Kansas City,2,
Brian Christensen,http://www.bryancave.com/brianchristensen,,https://lawyers.justia.com/lawyer/brian-christensen-1444522,Kansas City,KS,Wyandotte,(816) 374-3212,,General,1 Kansas Ave,66105,Kansas City,2,
Amy Cline,http://www.bryancave.com/amycline,,https://lawyers.justia.com/lawyer/amy-cline-1476472,Kansas City,KS,Wyandotte,(816) 374-3224,,General,1 Kansas Ave,66105,Kansas City,2,
Dilini Lankachandra,,,https://lawyers.justia.com/lawyer/dilini-lankachandra-1551255,Kansas City,KS,Wyandotte,(913) 573-5060,,General,701 N. 7TH ST.,66101,Kansas City,2,
Thomas Nanney,http://www.bryancave.com/tomnanney,,https://lawyers.justia.com/lawyer/thomas-nanney-1435357,Kansas City,KS,Wyandotte,(816) 374-3228,,General,1 Kansas Ave,66105,Kansas City,2,
Tammee McVey,http://www.bryancave.com/temcvey,,https://lawyers.justia.com/lawyer/tammee-mcvey-1463586,Kansas City,KS,Wyandotte,(816) 374-3220,,Bankruptcy,1 Kansas Ave,66105,Kansas City,4,
Jacques Marshel Barber,,,https://lawyers.justia.com/lawyer/jacques-marshel-barber-1532373,Kansas City,KS,Wyandotte,(913) 514-4605,,General,7924 TROUP AVE,66112,Kansas City,2,
BARBARA JEAN ZABAWA,,,https://lawyers.justia.com/lawyer/barbara-jean-zabawa-861421,Kansas City,KS,Wyandotte,(608) 579-1267,,General,12720 DONAHOO RD,66109,Kansas City,2,
Traci Peterson,http://www.bryancave.com/topeterson,,https://lawyers.justia.com/lawyer/traci-peterson-1466816,Kansas City,KS,Wyandotte,(816) 374-3324,,General,1 Kansas Ave,66105,Kansas City,2,
John Readey,http://www.bryancave.com/bjreadey,,https://lawyers.justia.com/lawyer/john-readey-1460003,Kansas City,KS,Wyandotte,(816) 391-7633,,General,1 Kansas Ave,66105,Kansas City,2,
Melody Rayl,http://www.bryancave.com/melodyrayl,,https://lawyers.justia.com/lawyer/melody-rayl-1460839,Kansas City,KS,Wyandotte,(816) 374-3274,,General,1 Kansas Ave,66105,Kansas City,2,
Ricardo Kolster,http://www.bryancave.com/ricokolster,,https://lawyers.justia.com/lawyer/ricardo-kolster-1450351,Kansas City,KS,Wyandotte,(816) 374-3384,,General,1 Kansas Ave,66105,Kansas City,2,
David Allan Reed,,,https://lawyers.justia.com/lawyer/david-allan-reed-518433,Kansas City,KS,Wyandotte,(913) 342-7200,,General,7823 PARALLEL PKWY,66112,Kansas City,2,
Heather Hutsell,,,https://lawyers.justia.com/lawyer/heather-hutsell-915931,Kansas City,KS,Wyandotte,(913) 371-3838,,General,707 Minnesota Ave,66101,Kansas City,2,
Michael Royle,https://www.bclplaw.com/en-GB/people/michael-j-royle.html,,https://lawyers.justia.com/lawyer/michael-royle-1464196,Kansas City,KS,Wyandotte,(816) 391-7676,,General,1 Kansas Ave,66105,Kansas City,2,
"Harris, Robert W, JD",http://harrisrobertwjd.localsearch.com,,https://www.yellowpages.com/kansas-city-ks/attorneys,Kansas City,KS,Wyandotte,(913) 371-5707,,General,707 Minnesota Ave,,Kansas City,2,
John Biscanin,,,https://lawyers.justia.com/lawyer/john-biscanin-922118,Kansas City,KS,Wyandotte,(913) 371-1930,,Estate Planning,748 Ann Ave,66101,Kansas City,4,
John Miller,http://www.bryancave.com/johnmiller,,https://lawyers.justia.com/lawyer/john-miller-1467864,Kansas City,KS,Wyandotte,(816) 374-3375,,General,1 Kansas Ave,66105,Kansas City,2,
James Matthews,http://www.bryancave.com/jmmatthews,,https://lawyers.justia.com/lawyer/james-matthews-1451125,Kansas City,KS,Wyandotte,(816) 292-7869,,General,1 Kansas Ave,66105,Kansas City,2,
Donald Zemites,,,https://lawyers.justia.com/lawyer/donald-zemites-922976,Kansas City,KS,Wyandotte,(913) 342-9300,,Divorce,753 State Ave,66101,Kansas City,2,
George Edgar James,,,https://lawyers.justia.com/lawyer/george-edgar-james-554779,Kansas City,KS,Wyandotte,(816) 623-0554,,General,4435 MAIN ST,66111,Kansas City,2,
Bradford Pearce Grimm,,,https://lawyers.justia.com/lawyer/bradford-pearce-grimm-1241763,Kansas City,KS,Wyandotte,(913) 677-0208,,General,3838 Rainbow Blvd,66103,Kansas City,2,
Jeffrey J. Carlin,,,https://lawyers.justia.com/lawyer/jeffrey-j-carlin-1199020,Kansas City,KS,Wyandotte,(913) 281-4100,,General,819 N 9th St,66101,Kansas City,2,
Paul William,https://www.bclplaw.com/en-GB/people/paul-m-william.html,,https://lawyers.justia.com/lawyer/paul-william-1438868,Kansas City,KS,Wyandotte,(816) 374-3266,,General,1 Kansas Ave,66105,Kansas City,2,
Veda Alyse Stoy,,,https://lawyers.justia.com/lawyer/veda-alyse-stoy-949479,Kansas City,KS,Wyandotte,(913) 551-7826,,General,901 N 5th St,66101,Kansas City,2,
James Holland,,,https://lawyers.justia.com/lawyer/james-holland-921190,Kansas City,KS,Wyandotte,(913) 288-1506,,General,5000 Kansas Ave,66106,Kansas City,2,
Joseph Bukaty,,,https://lawyers.justia.com/lawyer/joseph-bukaty-921775,Kansas City,KS,Wyandotte,(913) 371-1930,,General,748 Ann Ave,66101,Kansas City,2,
Marc Stone,http://www.bryancave.com/mdstone,,https://lawyers.justia.com/lawyer/marc-stone-1470201,Kansas City,KS,Wyandotte,(816) 374-3247,,General,1 Kansas Ave,66105,Kansas City,2,
David Boal,,,https://lawyers.justia.com/lawyer/david-boal-918682,Kansas City,KS,Wyandotte,(913) 573-4193,,Personal Injury,711 Armstrong Ave,66101,Kansas City,5,
Michael Amash,,,https://lawyers.justia.com/lawyer/michael-amash-915943,Kansas City,KS,Wyandotte,(913) 321-8884,,General,753 State Ave,66101,Kansas City,2,
Richard Ellis,,,https://lawyers.justia.com/lawyer/richard-ellis-923292,Kansas City,KS,Wyandotte,(816) 979-7042,,General,3000 N 123rd St,66109,Kansas City,2,
Joseph Reardon,,,https://lawyers.justia.com/lawyer/joseph-reardon-916082,Kansas City,KS,Wyandotte,(913) 573-5010,,Estate Planning,335 N 16th St,66102,Kansas City,4,
John Lungstrum,,,https://lawyers.justia.com/lawyer/john-lungstrum-918274,Kansas City,KS,Wyandotte,(913) 551-6740,,General,500 State Ave,66101,Kansas City,2,
Elizabeth Evers,,,https://lawyers.justia.com/lawyer/elizabeth-evers-916112,Kansas City,KS,Wyandotte,(913) 573-2851,,General,710 N 7th St,66101,Kansas City,2,
Adrienne Wyker,,,https://lawyers.justia.com/lawyer/adrienne-wyker-922183,Kansas City,KS,Wyandotte,(913) 321-8884,,Bankruptcy,753 State Ave,66101,Kansas City,4,
Gerald Rushfelt,,,https://lawyers.justia.com/lawyer/gerald-rushfelt-920239,Kansas City,KS,Wyandotte,(913) 551-6716,,General,500 State Ave,66101,Kansas City,2,
Jeremy Hart,,,https://lawyers.justia.com/lawyer/jeremy-hart-919306,Kansas City,KS,Wyandotte,(913) 283-0303,,General,11120 Whispering Ln,66109,Kansas City,2,
George Groneman,,,https://lawyers.justia.com/lawyer/george-groneman-917748,Kansas City,KS,Wyandotte,(913) 573-2929,,General,710 N 7th St,66101,Kansas City,2,
Dexter Burdette,,,https://lawyers.justia.com/lawyer/dexter-burdette-918872,Kansas City,KS,Wyandotte,(913) 573-2967,,General,812 N 7th St,66101,Kansas City,2,
Angela Markley,,,https://lawyers.justia.com/lawyer/angela-markley-917202,Kansas City,KS,Wyandotte,(913) 449-7672,,General,5341 Swartz Rd,66106,Kansas City,2,
Albert Grauberger,,,https://lawyers.justia.com/lawyer/albert-grauberger-917724,Kansas City,KS,Wyandotte,(913) 621-6776,,General,819 N 9th St,66101,Kansas City,2,
Patrick Waters,,,https://lawyers.justia.com/lawyer/patrick-waters-920139,Kansas City,KS,Wyandotte,(913) 573-5079,,General,3134 Woodview Ridge Dr,66103,Kansas City,2,
Venita Smith,,,https://lawyers.justia.com/lawyer/venita-smith-923533,Kansas City,KS,Wyandotte,(913) 551-6977,,General,7131 Rowland Ave,66109,Kansas City,2,
Louie Wright,,,https://lawyers.justia.com/lawyer/louie-wright-919685,Kansas City,KS,Wyandotte,(913) 321-8884,,General,753 State Ave,66101,Kansas City,2,
Eric James Aufdengarten,,,https://lawyers.justia.com/lawyer/eric-james-aufdengarten-1547699,Kansas City,KS,Wyandotte,(785) 864-3276,,General,3901 RAINBOW BLVD MS 2013,66160,Kansas City,2,
Robert Serra,,,https://lawyers.justia.com/lawyer/robert-serra-920577,Kansas City,KS,Wyandotte,(913) 573-2961,,General,710 N 7th St,66101,Kansas City,2,
Wayman Favors,,,https://lawyers.justia.com/lawyer/wayman-favors-916107,Kansas City,KS,Wyandotte,(913) 573-5060,,General,701 N 7th St,66101,Kansas City,2,
Abdel Rahman Al-Hamamsy,,,https://lawyers.justia.com/lawyer/abdel-rahman-al-hamamsy-1783380,Kansas City,KS,Wyandotte,(913) 275-2746,,General,4000 CAMBRIDGE ST,66160,Kansas City,2,
Robert Henry,,,https://lawyers.justia.com/lawyer/robert-henry-647446,Kansas City,KS,Wyandotte,(913) 321-8884,,General,753 State Ave,66101,Kansas City,2,
Michael Redmon,,,https://lawyers.justia.com/lawyer/michael-redmon-918890,Kansas City,KS,Wyandotte,(913) 342-5917,,Divorce,831 Armstrong Ave,66101,Kansas City,2,
Helen Rice,,,https://lawyers.justia.com/lawyer/helen-rice-920529,Kansas City,KS,Wyandotte,(913) 287-7469,,Personal Injury,1325 S 52nd Terrace,66106,Kansas City,5,
Lauren C. Bonds,,,https://lawyers.justia.com/lawyer/lauren-c-bonds-1563404,Kansas City,KS,Wyandotte,(620) 664-8584,,General,1403 SOUTHWEST BLVD,66103,Kansas City,2,
Roger Wayne Lampson,,,https://lawyers.justia.com/lawyer/roger-wayne-lampson-916925,Kansas City,KS,Wyandotte,(913) 573-2926,,General,710 N 7th St,66101,Kansas City,2,
James Colgan,,,https://lawyers.justia.com/lawyer/james-colgan-919539,Kansas City,KS,Wyandotte,(913) 721-9999,,Personal Injury,11006 Parallel Pkwy,66109,Kansas City,5,
Katie Sue DeVito Erhart,,,https://lawyers.justia.com/lawyer/katie-sue-devito-erhart-1731061,Kansas City,KS,Wyandotte,(913) 621-0200,,General,400 STATE AVE,66101,Kansas City,2,
Scott Brown,,,https://lawyers.justia.com/lawyer/scott-brown-922397,Kansas City,KS,Wyandotte,(913) 321-8884,,General,753 State Ave,66101,Kansas City,2,
Philip Sieve,,,https://lawyers.justia.com/lawyer/philip-sieve-921833,Kansas City,KS,Wyandotte,(913) 573-2923,,General,710 N 7th St,66101,Kansas City,2,
Yuliya Levitan,,,https://lawyers.justia.com/lawyer/yuliya-levitan-1311812,Kansas City,KS,Wyandotte,(913) 551-5438,,General,400 State Ave,66101,Kansas City,2,
Darrel Waugh,,,https://lawyers.justia.com/lawyer/darrel-waugh-1348900,Kansas City,KS,Wyandotte,(913) 551-1164,,General,400 State Ave,66101,Kansas City,2,
Brett Gordon,,,https://lawyers.justia.com/lawyer/brett-gordon-922894,Kansas City,KS,Wyandotte,(913) 551-6551,,General,500 State Ave,66101,Kansas City,2,
David Roby,,,https://lawyers.justia.com/lawyer/david-roby-920132,Kansas City,KS,Wyandotte,(913) 551-5816,,General,500 State Ave,66101,Kansas City,2,
Dillon Dean Heginbottom,,,https://lawyers.justia.com/lawyer/dillon-dean-heginbottom-1669588,Kansas City,KS,Wyandotte,(816) 999-9999,,Divorce,10 E CAMBRIDGE DR,66103,Kansas City,2,
Jeffrey Goodwin,,,https://lawyers.justia.com/lawyer/jeffrey-goodwin-918895,Kansas City,KS,Wyandotte,(913) 371-1945,,Divorce,748 Ann Ave,66101,Kansas City,2,
Rebecca Marie Howlett,,,https://lawyers.justia.com/lawyer/rebecca-marie-howlett-1731173,Kansas City,KS,Wyandotte,(913) 484-0844,,General,3841 N. 123RD ST,66109,Kansas City,2,
Donald Lysaught,,,https://lawyers.justia.com/lawyer/donald-lysaught-950039,Kansas City,KS,Wyandotte,(913) 371-5750,,Divorce,444 Minnesota Ave,66101,Kansas City,2,
Jeffry Baker,,,https://lawyers.justia.com/lawyer/jeffry-baker-921388,Kansas City,KS,Wyandotte,(913) 621-1437,,General,753 State Ave,66101,Kansas City,2,
Stephen Parker,,,https://lawyers.justia.com/lawyer/stephen-parker-918978,Kansas City,KS,Wyandotte,(913) 381-1610,,General,535 Central Ave,66101,Kansas City,2,
Kayla Lynn Roehler,,,https://lawyers.justia.com/lawyer/kayla-lynn-roehler-1731396,Kansas City,KS,Wyandotte,(913) 573-4140,,General,710 N 7TH ST,66101,Kansas City,2,
Kathleen Lynch,,,https://lawyers.justia.com/lawyer/kathleen-lynch-915986,Kansas City,KS,Wyandotte,(913) 573-2834,,General,710 N 7th St,66101,Kansas City,2,
Ashley Evans Hufft,,,https://lawyers.justia.com/lawyer/ashley-evans-hufft-1307637,Kansas City,KS,Wyandotte,(646) 415-3447,,General,1 ELMWOOD AVE,66103,Kansas City,2,
Sarah Lepak,,,https://lawyers.justia.com/lawyer/sarah-lepak-919156,Kansas City,KS,Wyandotte,(913) 262-4295,,General,500 State Ave,66101,Kansas City,2,
Charles Lamb,,,https://lawyers.justia.com/lawyer/charles-lamb-918364,Kansas City,KS,Wyandotte,(913) 233-0420,,General,819 N 9th St,66101,Kansas City,2,
Ronald Shaver,,,https://lawyers.justia.com/lawyer/ronald-shaver-920603,Kansas City,KS,Wyandotte,(913) 660-2029,,General,1830 S 17th St,66103,Kansas City,2,
Ryan Robert Knutson,,,https://lawyers.justia.com/lawyer/ryan-robert-knutson-738853,Kansas City,KS,Wyandotte,(816) 474-6550,,General,13109 Nebraska Ct,66109,Kansas City,2,
Kathryn Vratil,,,https://lawyers.justia.com/lawyer/kathryn-vratil-919624,Kansas City,KS,Wyandotte,(913) 551-6550,,General,500 State Ave,66101,Kansas City,2,
Francis Pellegrino Puhl,,,https://lawyers.justia.com/lawyer/francis-pellegrino-puhl-916779,Kansas City,KS,Wyandotte,(913) 288-1511,,General,5000 Kansas Ave,66106,Kansas City,2,
Mary Ann Slattery,,,https://lawyers.justia.com/lawyer/mary-ann-slattery-917005,Kansas City,KS,Wyandotte,(913) 573-2851,,General,7709 Corona Ave,66112,Kansas City,2,
Robert Frey,,,https://lawyers.justia.com/lawyer/robert-frey-919489,Kansas City,KS,Wyandotte,(913) 334-1768,,General,1537 N 85th Cir,66112,Kansas City,2,
Charles Kugler,,,https://lawyers.justia.com/lawyer/charles-kugler-921868,Kansas City,KS,Wyandotte,(913) 371-1930,,General,748 Ann Ave,66101,Kansas City,2,
John McFadden,,,https://lawyers.justia.com/lawyer/john-mcfadden-920739,Kansas City,KS,Wyandotte,(913) 588-7281,,General,3901 Rainbow Blvd,66103,Kansas City,2,
Jeffrey Dehon,,,https://lawyers.justia.com/lawyer/jeffrey-dehon-917391,Kansas City,KS,Wyandotte,(913) 371-2000,,Divorce,816 Ann Ave,66101,Kansas City,2,
Denise Adams,,,https://lawyers.justia.com/lawyer/denise-adams-921864,Kansas City,KS,Wyandotte,(913) 794-8865,,General,1405 N 78th St,66112,Kansas City,2,
Katharine Grant,,,https://lawyers.justia.com/lawyer/katharine-grant-917719,Kansas City,KS,Wyandotte,(913) 281-9071,,General,155 S 18th St,66102,Kansas City,2,
James Waers,,,https://lawyers.justia.com/lawyer/james-waers-916174,Kansas City,KS,Wyandotte,,,General,753 State Ave,66101,Kansas City,2,
David Zabel,,,https://lawyers.justia.com/lawyer/david-zabel-920897,Kansas City,KS,Wyandotte,(913) 551-6730,,General,500 State Ave,66101,Kansas City,2,
LaVone Daily,,,https://lawyers.justia.com/lawyer/lavone-daily-917412,Kansas City,KS,Wyandotte,,,Divorce,827 Armstrong Ave,66101,Kansas City,2,
Kyle Warner,,,https://lawyers.justia.com/lawyer/kyle-warner-919914,Kansas City,KS,Wyandotte,(913) 279-7222,,General,2226 S 29th St,66106,Kansas City,2,
Belinda Lou Holmes,,,https://lawyers.justia.com/lawyer/belinda-lou-holmes-1376074,Kansas City,KS,Wyandotte,(913) 551-7714,,General,901 N 5th St,66101,Kansas City,2,
Wesley Griffin,,,https://lawyers.justia.com/lawyer/wesley-griffin-916052,Kansas City,KS,Wyandotte,(913) 573-5200,,General,701 N 7th St,66101,Kansas City,2,
Melissa Taylor,,,https://lawyers.justia.com/lawyer/melissa-taylor-920324,Kansas City,KS,Wyandotte,(913) 551-5405,,General,500 State Ave,66101,Kansas City,2,
Albert Herdoiza,,,https://lawyers.justia.com/lawyer/albert-herdoiza-916624,Kansas City,KS,Wyandotte,(913) 432-4484,,Personal Injury,3111 Strong Ave,66106,Kansas City,5,
Ellen Brook Nasseri,,,https://lawyers.justia.com/lawyer/ellen-brook-nasseri-1731320,Kansas City,KS,Wyandotte,(913) 588-3731,,General,3901 RAINBOW BLVD,66160,Kansas City,2,
Shanelle Elaine Dupree,,,https://lawyers.justia.com/lawyer/shanelle-elaine-dupree-1731046,Kansas City,KS,Wyandotte,(913) 940-9460,,General,10940 PARALLEL PKWY,66109,Kansas City,2,
Michael Peterson,,,https://lawyers.justia.com/lawyer/michael-peterson-922719,Kansas City,KS,Wyandotte,(913) 342-2444,,General,340 N 18th St,66102,Kansas City,2,
Barry R. Grissom,,,https://lawyers.justia.com/lawyer/barry-r-grissom-1495314,Kansas City,KS,Wyandotte,(913) 551-6730,,General,500 State Avenue,66101,Kansas City,2,
Katherine Allen,,,https://lawyers.justia.com/lawyer/katherine-allen-921582,Kansas City,KS,Wyandotte,(913) 346-1361,,General,4005 N 108th St,66109,Kansas City,2,
Mc Anany Van Cleave Etal,,,https://directory-kard.kscourts.gov/Home/Details?regNum=10586,Kansas City,KS,Wyandotte,913-371-3838,,General,10 E Cambridge Circle Dr Ste 300,66103,Kansas City,2,
Timothy D. Hamilton PA,,,https://directory-kard.kscourts.gov/Home/Details?regNum=14159,Kansas City,KS,Wyandotte,913-342-4350,,General,827 Armstrong,66101,Kansas City,2,
Cornerstones of Care,,,https://directory-kard.kscourts.gov/Home/Details?regNum=25941,Kansas City,KS,Wyandotte,816-605-4410,,General,155 S 18th St Ste 100,66102,Kansas City,2,
Mahoney KC LLC,,,https://directory-kard.kscourts.gov/Home/Details?regNum=12138,Kansas City,KS,Wyandotte,816-868-5217,,General,3307 N 111th St,66109,Kansas City,2,
Build WyCo,,,https://directory-kard.kscourts.gov/Home/Details?regNum=31001,Kansas City,KS,Wyandotte,816-719-6880,,General,2 S. 14th St,66102,Kansas City,2,
Harcros Chemicals Inc.,,,https://directory-kard.kscourts.gov/Home/Details?regNum=29566,Kansas City,KS,Wyandotte,913-621-7740,,General,5200 Speaker Rd,66106,Kansas City,2,
Spectrum Home Health Inc,,,https://directory-kard.kscourts.gov/Home/Details?regNum=11377,Kansas City,KS,Wyandotte,816-803-4231,,General,2915 Strong Ave,66106,Kansas City,2,
Halbrook Wood PC,,,https://directory-kard.kscourts.gov/Home/Details?regNum=28795,Kansas City,KS,Wyandotte,913-601-3905,,General,"3500 75th St, Ste 300",66208,Kansas City,2,
Steffen Firm,,,https://directory-kard.kscourts.gov/Home/Details?regNum=29429,Kansas City,KS,Wyandotte,405-414-3761,,General,748 Ann Ave,66101,Kansas City,2,
Stephen Tatum,,,https://directory-kard.kscourts.gov/Home/Details?regNum=8422,Kansas City,KS,Wyandotte,913-827-6866,,General,"3838 Rainbow Blvd, Apt 811",66103,Kansas City,2,
Kansas Speedway,,,https://directory-kard.kscourts.gov/Home/Details?regNum=16804,Kansas City,KS,Wyandotte,913-328-3315,,General,400 Speedway Blvd,66111,Kansas City,2,
Jane L. Williams LLC,,,https://directory-kard.kscourts.gov/Home/Details?regNum=20635,Kansas City,KS,Wyandotte,816-249-2122,,General,4623 N 122nd St,66109,Kansas City,2,
US Bankruptcy Court,,,https://directory-kard.kscourts.gov/Home/Details?regNum=12897,Kansas City,KS,Wyandotte,913-735-2150,,General,500 State Avenue #125,66101,Kansas City,2,
National Police Accountability Project,,,https://directory-kard.kscourts.gov/Home/Details?regNum=27807,Kansas City,KS,Wyandotte,620-664-8584,,General,1403 Southwest Blvd,66103,Kansas City,2,
Devaughn James LLC,,,https://directory-kard.kscourts.gov/Home/Details?regNum=29303,Kansas City,KS,Wyandotte,816-999-9999,,General,"10 E Cambridge Dr, Ste 100",66103,Kansas City,2,
Pryor Aline E,http://www.alinepryor.com,,https://www.yellowpages.com/kansas-city-ks/attorneys,Kansas City,KS,Wyandotte,(913) 233-2100,,General,400 State Ave Ste 135,,Kansas City,2,
"Sutherland, John S",http://sutherlandjohnsks.localsearch.com,,https://www.yellowpages.com/kansas-city-ks/attorneys,Kansas City,KS,Wyandotte,(913) 281-5674,,General,PO Box 172094,,Kansas City,2,
Horner Dennis L,http://hornerdennisl.localsearch.com,,https://www.yellowpages.com/kansas-city-ks/attorneys,Kansas City,KS,Wyandotte,(913) 281-2375,,General,707 Minnesota Ave Ste 610,,Kansas City,2,
"Martin, James E, JD",http://martinjamesejd.localsearch.com,,https://www.yellowpages.com/kansas-city-ks/attorneys,Kansas City,KS,Wyandotte,(913) 321-0800,,General,707 Minnesota Ave,,Kansas City,2,
"Jeserich, Gerald N",http://jeserichgeraldn.localsearch.com,,https://www.yellowpages.com/kansas-city-ks/attorneys,Kansas City,KS,Wyandotte,(913) 371-1930,,General,748 Ann Ave,,Kansas City,2,
"Zimmerman, W F, ATTY",http://yellowpages.com/kansas-city-ks/mip/jeffrey-a-dehon-atty-at-law-505297282,,https://www.yellowpages.com/kansas-city-ks/attorneys,Kansas City,KS,Wyandotte,(913) 281-1304,,General,750 Ann Ave,,Kansas City,2,
"Brack, Kurt S",http://brackkurts.localsearch.com,,https://www.yellowpages.com/kansas-city-ks/attorneys,Kansas City,KS,Wyandotte,(913) 342-2500,,General,757 Armstrong Ave,,Kansas City,2,
"Lopez, Maria, ATTY",http://lopezmariaatty.localsearch.com,,https://www.yellowpages.com/kansas-city-ks/attorneys,Kansas City,KS,Wyandotte,(913) 871-6866,,General,720 Minnesota Ave,,Kansas City,2,
Alexander Steven D,http://yellowpages.com/kansas-city-ks/mip/jeffrey-a-dehon-atty-at-law-505297282,,https://www.yellowpages.com/kansas-city-ks/attorneys,Kansas City,KS,Wyandotte,(913) 621-0800,,General,816 Ann Ave,,Kansas City,2,
Spies James L,http://www.aggressivecriminallaw.com,,https://www.yellowpages.com/kansas-city-ks/attorneys,Kansas City,KS,Wyandotte,(913) 371-9595,,General,816 Ann Ave,,Kansas City,2,
"Brock, Rebecca",http://yellowpages.com/kansas-city-ks/mip/jeffrey-a-dehon-atty-at-law-505297282,,https://www.yellowpages.com/kansas-city-ks/attorneys,Kansas City,KS,Wyandotte,(913) 371-1300,,General,816 Ann Ave,,Kansas City,2,
"Sheeley, James M",http://sheeleyjamesm.localsearch.com,,https://www.yellowpages.com/kansas-city-ks/attorneys,Kansas City,KS,Wyandotte,(913) 621-0277,,General,630 Minnesota Ave Ste 130,,Kansas City,2,
"Ryan, Maurice J",http://yellowpages.com/kansas-city-ks/mip/jeffrey-a-dehon-atty-at-law-505297282,,https://www.yellowpages.com/kansas-city-ks/attorneys,Kansas City,KS,Wyandotte,(913) 371-8383,,General,630 Minnesota Ave,,Kansas City,2,
"Quinn, Rosie M",http://quinnrosiem.localsearch.com,,https://www.yellowpages.com/kansas-city-ks/attorneys,Kansas City,KS,Wyandotte,(913) 281-5051,,General,630 Minnesota Ave Ste 230,,Kansas City,2,
Abdel Khaliq Atif Attorney,http://atifabdelkatty.localsearch.com,,https://www.yellowpages.com/kansas-city-ks/attorneys,Kansas City,KS,Wyandotte,(913) 281-5051,,General,630 Minnesota Ave,,Kansas City,2,
Stone Gary,http://stonegary.localsearch.com,,https://www.yellowpages.com/kansas-city-ks/attorneys,Kansas City,KS,Wyandotte,(913) 281-6601,,General,753 State Ave,,Kansas City,2,
Cahill Daniel,http://www.stonedefense.com,,https://www.yellowpages.com/kansas-city-ks/attorneys,Kansas City,KS,Wyandotte,(913) 281-6601,,General,753 State Ave,,Kansas City,2,
Ryan Haga,http://ryanhaga.localsearch.com,,https://www.yellowpages.com/kansas-city-ks/attorneys,Kansas City,KS,Wyandotte,(913) 912-3147,,General,827 Armstrong Ave Ste 101,,Kansas City,2,
"O'Connor, John G",http://oconnorjohng.localsearch.com,,https://www.yellowpages.com/kansas-city-ks/attorneys,Kansas City,KS,Wyandotte,(913) 321-9600,,General,827 Armstrong Ave,,Kansas City,2,
Sin Abogado,http://sinabogadollc.com,,https://www.yellowpages.com/kansas-city-ks/attorneys,Kansas City,KS,Wyandotte,(913) 232-6947,,General,827 Armstrong Ave,,Kansas City,2,
Martin Francis Atty,http://martinfrancisatty.localsearch.com,,https://www.yellowpages.com/kansas-city-ks/attorneys,Kansas City,KS,Wyandotte,(913) 281-6500,,General,831 Armstrong Ave,,Kansas City,2,
"Mellor, Elizabeth",http://www.mellorlawoffice.com,,https://www.yellowpages.com/kansas-city-ks/attorneys,Kansas City,KS,Wyandotte,(913) 281-5650,,General,831 Armstrong Ave,,Kansas City,2,
Grauberger Albert E,http://graubergeralberte.localsearch.com,,https://www.yellowpages.com/kansas-city-ks/attorneys,Kansas City,KS,Wyandotte,(913) 621-6776,,General,819 N 9th St,,Kansas City,2,
"Carlin, Jeff",http://carlinjeff.localsearch.com,,https://www.yellowpages.com/kansas-city-ks/attorneys,Kansas City,KS,Wyandotte,(913) 281-4100,,General,819 N 9th St,,Kansas City,2,
"Peters, William D",http://peterswilliamd.localsearch.com,,https://www.yellowpages.com/kansas-city-ks/attorneys,Kansas City,KS,Wyandotte,(913) 321-3388,,General,819 N 9th St,,Kansas City,2,
"Scherzer, James D",http://scherzerjamesdks.localsearch.com,,https://www.yellowpages.com/kansas-city-ks/attorneys,Kansas City,KS,Wyandotte,(913) 621-4672,,General,1016 Tenny Ave,,Kansas City,2,
Stephen L Parker Attorney,http://stephenlparkerattorney.localsearch.com,,https://www.yellowpages.com/kansas-city-ks/attorneys,Kansas City,KS,Wyandotte,(913) 403-8749,,General,535 Central Ave,,Kansas City,2,
"Wood, Douglas",http://wooddouglas.localsearch.com,,https://www.yellowpages.com/kansas-city-ks/attorneys,Kansas City,KS,Wyandotte,(913) 341-1921,,General,520 Lowell Ave,,Kansas City,2,
Frontier Forensics PA,http://www.frontierforensicsmidwest.com,,https://www.yellowpages.com/kansas-city-ks/attorneys,Kansas City,KS,Wyandotte,(913) 299-1533,,General,40 S 18th St,,Kansas City,2,
Abogada Erika Jurado-Grah,http://abogadaerikajurado.com,,https://www.yellowpages.com/kansas-city-ks/attorneys,Kansas City,KS,Wyandotte,(913) 371-6700,,General,151 S 18th St,,Kansas City,2,
Hobart Associates Inc,https://hobartassociates.com/contact-us,,https://www.yellowpages.com/kansas-city-ks/attorneys,Kansas City,KS,Wyandotte,(816) 472-5033,,General,3225 Harvester Rd,,Kansas City,2,
Fields Thomas PA,http://fieldsthomaspa.localsearch.com,,https://www.yellowpages.com/kansas-city-ks/attorneys,Kansas City,KS,Wyandotte,(913) 432-4484,,General,3111 Strong Ave,,Kansas City,2,
Gary P Kessler Attorny,http://www.elabogadofelipe.com,,https://www.yellowpages.com/kansas-city-ks/attorneys,Kansas City,KS,Wyandotte,(913) 621-4400,,General,3111 Strong Ave,,Kansas City,2,
"Haitbrink, Richard",http://haitbrinkrichard.localsearch.com,,https://www.yellowpages.com/kansas-city-ks/attorneys,Kansas City,KS,Wyandotte,(913) 328-1100,,General,5208 Argentine Blvd,,Kansas City,2,
"Anderson, Dolly",http://andersondolly.localsearch.com,,https://www.yellowpages.com/kansas-city-ks/attorneys,Kansas City,KS,Wyandotte,(913) 432-1900,,General,6117 Mission Rd,,Kansas City,2,
Luther Jack,http://jackluther.com,,https://www.yellowpages.com/kansas-city-ks/attorneys,Kansas City,KS,Wyandotte,(913) 236-9900,,General,2544 W 47th Ave,,Kansas City,2,
Mitchell A Williams,http://mitchellawilliams.localsearch.com,,https://www.yellowpages.com/kansas-city-ks/attorneys,Kansas City,KS,Wyandotte,(913) 205-7558,,General,2709 S 48th St,,Kansas City,2,
"Hursh, Frank W",http://hurshfrankw.localsearch.com,,https://www.yellowpages.com/kansas-city-ks/attorneys,Kansas City,KS,Wyandotte,(913) 432-2400,,General,6323 Beverly Dr,,Kansas City,2,
Lugar Jas P Atty,http://lugarjaspatty.localsearch.com,,https://www.yellowpages.com/kansas-city-ks/attorneys,Kansas City,KS,Wyandotte,(913) 334-4800,,General,1300 N 78th St,,Kansas City,2,
"Farchmin, Roy",http://farchminroy.localsearch.com,,https://www.yellowpages.com/kansas-city-ks/attorneys,Kansas City,KS,Wyandotte,(913) 362-5650,,General,,,Kansas City,2,
Wallace Michael R,http://wallacemichaelr.localsearch.com,,https://www.yellowpages.com/kansas-city-ks/attorneys,Kansas City,KS,Wyandotte,(913) 362-5400,,General,707 Minnesota Ave,,Kansas City,2,
Lewis Vernon E,http://lewisvernone.localsearch.com,,https://www.yellowpages.com/kansas-city-ks/attorneys,Kansas City,KS,Wyandotte,(913) 621-1911,,General,1021 N 7th St Ste 104,,Kansas City,2,
Thomas R Telthorst,http://yellowpages.com/kansas-city-ks/mip/thomas-r-telthorst-24273393,,https://www.yellowpages.com/kansas-city-ks/attorneys,Kansas City,KS,Wyandotte,(913) 281-2080,,General,816 Ann Ave,,Kansas City,2,
Serena Hawkings,http://serenahawkings.localsearch.com,,https://www.yellowpages.com/kansas-city-ks/attorneys,Kansas City,KS,Wyandotte,(913) 621-7129,,General,816 Ann Ave,,Kansas City,2,
"Weidling, Frank",http://weidlingfrank.localsearch.com,,https://www.yellowpages.com/kansas-city-ks/attorneys,Kansas City,KS,Wyandotte,(913) 321-6700,,General,753 State Ave,,Kansas City,2,
Baker Jeffry D,http://bakerjeffryd.localsearch.com,,https://www.yellowpages.com/kansas-city-ks/attorneys,Kansas City,KS,Wyandotte,(913) 621-1437,,General,753 State Ave Ste 370,,Kansas City,2,
Jonathan T Boulton Attorney,,,https://www.yellowpages.com/kansas-city-ks/attorneys,Kansas City,KS,Wyandotte,(913) 432-0660,,General,2100 Silver Ave,,Kansas City,2,
Moats Orih L Jr,http://moatsorihljr.localsearch.com,,https://www.yellowpages.com/kansas-city-ks/attorneys,Kansas City,KS,Wyandotte,(913) 334-1500,,General,1977 N 77th St,,Kansas City,2,
Mark Mitchell,http://markmitchellks.localsearch.com,,https://www.yellowpages.com/bonner-springs-ks/attorneys,Bonner Springs,KS,Wyandotte,(913) 832-5079,,General,13800 Grove Ave,,Kansas City,2,
Highland Michael G,http://highlandmichaelg.localsearch.com,,https://www.yellowpages.com/bonner-springs-ks/attorneys,Bonner Springs,KS,Wyandotte,(913) 441-4783,,General,13100 Kansas Ave,,Kansas City,2,
"Dupree Perspective, LLC",,,https://directory-kard.kscourts.gov/Home/Details?regNum=23447,Kansas City,KS,Wyandotte,913-940-9460,,General,"10940 Parallel Pkwy, Ste K-124",66109,Kansas City,2,
Joseph A. DeWoskin,,https://www.google.com/maps/search/?api=1&query=Joseph%20A.%20DeWoskin%20Kansas%20City%20KS,https://lawyers.findlaw.com/personal-injury-plaintiff/kansas/kansas-city/,Kansas City,KS,Wyandotte,,,Personal Injury | Estate Planning | DUI/DWI | Medical Malpractice | Insurance | Social Security Disability | Probate | Child Custody | Traffic Violations | Trusts | Wills,"827 Armstrong Ave., Ste. 203",,Kansas City,,
Ann K. Colgan,,https://www.google.com/maps/search/?api=1&query=Ann%20K.%20Colgan%20Kansas%20City%20KS,https://lawyers.findlaw.com/divorce/kansas/kansas-city/,Kansas City,KS,Wyandotte,,,Divorce,"11006 Parallel Parkway, Suite 202 Country Club Bank Building",,Kansas City,,
Pollen Inc,,,https://directory-kard.kscourts.gov/Home/Details?regNum=27455,Kansas City,KS,Wyandotte,913-232-1798,,General,"8880 Ward Parkway, 5th Flr",64114,Kansas City,2,
William W. Hutton,,,https://directory-kard.kscourts.gov/Home/Details?regNum=10360,Kansas City,KS,Wyandotte,913-371-1944,,General,509 Armstrong Ave,66101,Kansas City,2,
DUI Attorney Ross Nigro,http://www.nigrolawfirm.com/practice-areas/dui-dwi,,,Bonner Springs,KS,Wyandotte,(816) 492-2809,office@nigrolawfirm.com,Criminal Defense,,66102,Kansas City,5,
Rosie M. Quinn Attorney LLC,,,https://directory-kard.kscourts.gov/Home/Details?regNum=10709,Kansas City,KS,Wyandotte,913-281-1424,,General,PO Box 9056,66112,Kansas City,2,
Geoffrey A. Kump,,,https://directory-kard.kscourts.gov/Home/Details?regNum=28358,Kansas City,KS,Wyandotte,913-369-0147,,General,10528 Nogard Avenue,66109,Kansas City,2,
ADAMS LAW OFFICES - Blue Springs,http://www.adamslawoffices.com,,,Bonner Springs,KS,Wyandotte,(816) 228-1776,adamslawoffices@sbcglobal.net,Criminal Defense,"1400 SW US Highway 40, just",66102,Kansas City,5,
About Us - Mullins Law Firm –,http://www.jeffmullinslaw.com/about,,,Bonner Springs,KS,Wyandotte,(816) 463-3010,mary@jeffmullinslaw.com,Criminal Defense,,66102,Kansas City,5,
Attorney Family Law,https://www.mokanlegal.com/family-law,,,Bonner Springs,KS,Wyandotte,816-347-1818,,Personal Injury,"114 SW Third Street, Lee",66102,Kansas City,5,
Blue Springs Law Office,https://www.bluespringslawoffice.com,,,Bonner Springs,KS,Wyandotte,816-224-9500,,Personal Injury,"1114 Main St., Blue",66102,Kansas City,5,2
DWI/DUI Defense - - Symonds Law KC,https://www.symondslawkc.com/dwi-dui-defense,,,Bonner Springs,KS,Wyandotte,816-463-2311,,DUI,45th St**,66102,Kansas City,5,
"Dr. Rae Sedgwick, Ph.D.,JD.",https://duckduckgo.com/l/?uddg=https%3A%2F%2Fwww.lawyer.com%2Ffirm%2Fdr%2Drae%2Dsedgwick%2Dph%2Dd%2Djd.html&rut=058f91d903c96a439473300f8696cfa69daf0bfede16059e874f83228b0ff18c,,,Bonner Springs,KS,Wyandotte,913-708-5808,,General,"311 Allcutt, PO Box 377",66102,Kansas City,4,1
the Whitehead Law Firm,https://thewhiteheadfirm.com/Employment_Law.html,,,Bonner Springs,KS,Wyandotte,816-398-8967,info@thewhiteheadfirm.com,Employment Law,"229 SE Douglas St., Ste 210",66102,Kansas City,3,
Family Law Attorneys by LWV Law,https://lwv-law.com/attorneys,,,Bonner Springs,KS,Wyandotte,(816) 781-6595,mlauber@lwv-law.com,Family Law,,66102,Kansas City,4,
Find Top Divorce Lawyers and Family Law Firms in Kansas,https://www.divorcelawyer.com/connect/kansas,,,Bonner Springs,KS,Wyandotte,,info@divorcelawyer.com,Family Law,,66102,Kansas City,4,
"Friel, McCord & Smiley, LLC",https://friellawoffice.com/,,,Bonner Springs,KS,Wyandotte,913-602-9971,,Personal Injury,PO Box 88,66012,Kansas City,5,1
Hire the Best Blue Springs Truck Accident Attorneys,https://attorneyatlawmagazine.com/best-attorneys/truck-accident/missouri/blue-springs-attorney,,,Bonner Springs,KS,Wyandotte,816-795-7500,lla@attorneyatlawmagazine.com,Personal Injury,7500 College Boulevard Suite 500,66012,Kansas City,5,4
Kansas City Personal Injury Attorney » Car Accident Lawyer » Plaza,https://plazainjurylaw.com,,,Bonner Springs,KS,Wyandotte,816-945-4409,donovan@plazainjurylaw.com,Personal Injury,9SNZNEUrdg87) to assist with another type of personal,66102,Kansas City,5,
"Law Office of Kendall R. Garten, LLC",https://www.gartenlawfirm.com,,,Bonner Springs,KS,Wyandotte,816-229-1299,,Personal Injury,1600 Northeast Coronado Drive**,66102,Kansas City,5,
Leslie Williams is a Kansas City Family Law Attorney,https://www.lesliewilliamslaw.com/practice-areas/family-law,,,Bonner Springs,KS,Wyandotte,816-220-1781,,Personal Injury,7 on Main Street in Blue Springs. _,66102,Kansas City,5,2
"Lighthouse Legal, LLC",https://lighthouselegalkc.com,,,Bonner Springs,KS,Wyandotte,816-720-5033,Info@LighthouseLegalKC.com,Family Law,11 to adjust the website to people with visual disabilities who are using a,66102,Kansas City,4,2
"Our Firm - House Packard McElderry, LLC",https://www.hpmlawkc.com/our-firm,,,Bonner Springs,KS,Wyandotte,816-381-9105,chosen-sprite@2x.png,Personal Injury,,66102,Kansas City,5,7
Personal Injury & Wrongful Death Law Firm,https://empowerinjurylaw.com,,,Bonner Springs,KS,Wyandotte,816-892-9909,chosen-sprite@2x.png,Personal Injury,,66102,Kansas City,5,
Railroad Crossing Accidents? Pottenger Law Firm Can Help,https://pottengerlaw.com/2012/01/31/police-enforcement-to-increase-at-railroad-crossings,,,Bonner Springs,KS,Wyandotte,816-531-6006,jpottenger@pottengerlaw.com,Personal Injury,"31st, 2012",66102,Kansas City,5,
"Roffmann Law Office, LLC",https://www.roffmannlaw.com/,,,Bonner Springs,KS,Wyandotte,(816) 366-8772,,Criminal Defense,,66102,Kansas City,5,2
Significant Cases - Redfearn Law Firm,https://www.redfearnlawfirm.com/Significant-Cases.html,,,Bonner Springs,KS,Wyandotte,888-213-0310,,Medical Malpractice,"16 year old drunk driver, lost",66102,Kansas City,5,
"Slead, Roger W. - HAB LAW",http://www.hab-law.com/roger-slead,,,Bonner Springs,KS,Wyandotte,(816) 421-0700,rslead@hab-law.com,Personal Injury,1998 Legal Update Labor and Employment -,66102,Kansas City,5,
The Law Offices of Kelli D. Wulff LLC,https://www.wulfflaw.net,,,Bonner Springs,KS,Wyandotte,816-795-5455,office@wulfflaw.net,Family Law,4200 Little Blue Parkway \| Suite 680 Independence,66102,Kansas City,4,
"Troppito & Miller, LLC",https://www.kcconstructionlaw.com/,,,Bonner Springs,KS,Wyandotte,(866) 578-5199,flags@2x.png,Real Estate Law,,66102,Kansas City,2,
524 Legal A Professional Association,,,,Kansas City,KS,Wyandotte,913-281-2080,tom@524legal.com,Criminal Defense,650 Minnesota Ave,66101,Kansas City,5,1
"Abogados Parker & Parker, P.A.",https://abogadosparkerkc.com/,https://www.google.com/maps/place/?q=place_id:ChIJVU3yMKDxwIcRqJl-64r8pcg,,Kansas City,KS,Wyandotte,(816) 509-8959,,Personal Injury,535 Central Ave,66101,Kansas City,5,1
About Us - DCG Law,https://dcgreenelaw.com/about-us,,,Kansas City,KS,Wyandotte,(816) 560-5256,dcgreene@dcgreenelaw.com,Employment Law,1 million within the first 4 months of starting DCG Law Firm. #,66101,Kansas City,3,4
Attorney Kansas City Personal Injury Attorney,https://powerinjurylaw.com/kansas-city-personal-injury-attorney,,,Kansas City,KS,Wyandotte,855-769-0906,info@powerinjurylaw.com,Personal Injury,5_stars_30.png](<Base64-Image-Removed>),66101,Kansas City,5,
"Bond Law Office, LLC",https://bondlawofficekc.com,,,Kansas City,KS,Wyandotte,816-945-8855,info@indiantypefoundry.com,General Practice,"2300 Main Street, Suite 900",66101,Kansas City,4,
Bower Law - Bower Law,https://bowerlawkc.com,,,Kansas City,KS,Wyandotte,,office@bowerlawkc.com,Divorce,2 years ago Hands down the best attorney around. Lauren has always had our,66101,Kansas City,3,
Bretz Injury Law Personal Injury & Car Accident Lawyer Kansas City,https://www.byinjurylaw.com/kansas-city-lawyer/?utm_source=GMB&utm_medium=organic&utm_campaign=kansascity,https://www.google.com/maps/place/?q=place_id:ChIJ28Zn1HjxwIcRaGQz0ry8iXs,,Kansas City,KS,Wyandotte,(913) 398-5723,,Personal Injury,748 Ann Ave Ste 114,66101,Kansas City,5,5
"Carney Legal, LLC",https://carney.law/,,,Kansas City,KS,Wyandotte,913-574-7843,,Personal Injury,285 Orchard St,66101,Kansas City,5,2
"Cavanaugh, Biggs & Lemon, P.A.",http://www.cavlem.com,,https://www.martindale.com/by-location/kansas-lawyers/,Kansas City,KS,Wyandotte,785-588-5963,,Intellectual Property,,66101,Kansas City,1,
Center for Health & Wellness Law,https://www.wellnesslaw.com/,https://www.google.com/maps/place/?q=place_id:ChIJc5nhnNBRBogRs2JmVvX05K4,,Kansas City,KS,Wyandotte,(608) 579-1267,bzabawa@wellnesslaw.com,Business Law,12720 Donahoo Rd,66101,Kansas City,2,4
Colgan Law Firm LLC,https://www.colganlaw.com/,https://www.google.com/maps/place/?q=place_id:ChIJczQ40MiOwIcR9NKdBHCASyQ,,Kansas City,KS,Wyandotte,(913) 721-9999,,Personal Injury,11006 Parallel Pkwy #202,66101,Kansas City,5,
Contact Our Kansas City Personal Injury Law Office,,,,Kansas City,KS,Wyandotte,913-999-9999,,Personal Injury,,66101,Kansas City,5,
Crow & Associates,http://www.crowlegal.com,,https://www.martindale.com/by-location/kansas-lawyers/,Kansas City,KS,Wyandotte,913-828-4672,bjohannes@crowlegal.com,Personal Injury,,66101,Kansas City,5,3
David A Reed Law Office,http://reedlaw35.com,https://www.google.com/maps/place/?q=place_id:ChIJWQk4xI-MwIcR5BOCND1-GbI,,Kansas City,KS,Wyandotte,(913) 342-7200,,General,7823 Parallel Pkwy,66112,Kansas City,4,
"David S. Patrzykont, Attorney at Law, P. A.",https://www.dsplawkc.com/,https://www.google.com/maps/place/?q=place_id:ChIJffRiM07xwIcRxwOIyg4J0wo,,Kansas City,KS,Wyandotte,(913) 371-0022,,General,831 Armstrong Ave,66101,Kansas City,4,
Doyle & Bruce LLC,http://kclaw.com/,https://www.google.com/maps/place/?q=place_id:ChIJo_PgAYPxwIcRs0hkcbbfExY,,Kansas City,KS,Wyandotte,(913) 543-8558,john@kclaw.com,Employment Law,748 Ann Ave,66101,Kansas City,3,
Frederick W Zimmerman Attorney at Law,https://wlaw.com/,https://www.google.com/maps/place/?q=place_id:ChIJszY6HHLxwIcRZAuLDVmMuSM,,Kansas City,KS,Wyandotte,(913) 281-1304,,General,750 Ann Ave,66101,Kansas City,4,
Garcia Immigration Law Firm,http://garciaimmigrationlaw.com,,,Kansas City,KS,Wyandotte,(913) 281-5000,,Immigration,2 S 14th St,66102,Kansas City,2,
Gary Long Law,http://www.garylonglaw.com,,,Kansas City,KS,Wyandotte,(913) 660-9382,,General,827 Armstrong Ave,66101,Kansas City,4,
Gregory Law Office LLC,http://www.jessicagregorylaw.com/,https://www.google.com/maps/place/?q=place_id:ChIJ1-AOLhPywIcRcGqqomkd0mo,,Kansas City,KS,Wyandotte,(913) 956-7006,,Personal Injury,2544 W 47th Ave,66103,Kansas City,5,1
"Henson, Hutton, Mudrick & Gragson, LLP",http://www.hensonlawoffice.com,,https://www.martindale.com/by-location/kansas-lawyers/,Kansas City,KS,Wyandotte,785-478-7322,,Family Law,,66101,Kansas City,4,
"Hetley Law Firm, P.A.",https://www.hetleylaw.com/,,https://www.martindale.com/by-location/kansas-lawyers/,Kansas City,KS,Wyandotte,913-600-5019,ghetley@hetleylaw.com,Business Law,,66101,Kansas City,2,
"J Shane Rockey, Chtd",https://shanerockey.com,,,Kansas City,KS,Wyandotte,913-735-6063,jsr@r-s-law.com,Personal Injury,748 Ann Ave,66101,Kansas City,5,1
J.A. Floyd Law,https://www.jafloydlaw.com/,https://www.google.com/maps/place/?q=place_id:ChIJG4WcWhDxwIcRbudTr4z3MgM,,Kansas City,KS,Wyandotte,(913) 369-7155,james@jafloydlaw.com,Criminal Defense,827 Armstrong Ave Ste 202,66101,Kansas City,5,1
James Bell P.C. - Healthcare Fraud Group,,https://www.google.com/maps/place/?q=place_id:ChIJrzXJ_2jxwIcRQeXwqSvwTkE,,Kansas City,KS,Wyandotte,(913) 270-2467,,Personal Injury,100 Abbie Ave,66103,Kansas City,5,
James E Martin Law Office,http://www.lojemkc.com,,,Kansas City,KS,Wyandotte,(913) 334-7070,,General,7844 Leavenworth Rd,66109,Kansas City,4,
"Joseph A. DeWoskin, P.C.",https://www.dewoskinlawfirm.com/?utm_source=google-local&utm_medium=organic&utm_campaign=1500,https://www.google.com/maps/place/?q=place_id:ChIJq6pm3nHxwIcR1NYjWg7ekys,,Kansas City,KS,Wyandotte,(913) 387-2359,,Personal Injury,827 Armstrong Ave Ste 203,66101,Kansas City,5,1
"Joseph I. Wittman, Attorney at Law",https://www.joewlaw.com/,https://www.google.com/maps/place/?q=place_id:ChIJvRcyww4Dv4cRtZlM8C-g4fY,,Kansas City,KS,Wyandotte,(785) 234-3663,,General,3103 N 118th Terrace,66109,Kansas City,4,
Kansas City Missouri Car Accident Attorney,,,,Kansas City,KS,Wyandotte,816-832-4688,,Personal Injury,,66101,Kansas City,5,
Kansas Legal Services,http://www.kansaslegalservices.org/node/1870/kansas-city-office-kansas-legal-services,https://www.google.com/maps/place/?q=place_id:ChIJG6L8mxHxwIcR4ExnaelSrLA,,Kansas City,KS,Wyandotte,(913) 621-0200,englisha@klsinc.org,Criminal Defense,400 State Ave #1015,66101,Kansas City,5,1
"Kiske Law Office, LLC",https://www.kiskelawoffice.com,,,Kansas City,KS,Wyandotte,816-256-5440,,Family Law,,66101,Kansas City,4,
Kissell Law Group,https://kisselllawgroup.com,,,Kansas City,KS,Wyandotte,314-669-4394,tomkissell@gmail.com,Criminal Defense,17 years of courtroom experience** defending clients across,66101,Kansas City,5,
"Landon Roth, Attorney at Law",https://landon.law/,,,Kansas City,KS,Wyandotte,913-314-5230,,General,3647 N. 115th St.,66109,Kansas City,4,1
Law Office / Despacho Legal de Thomas R. Fields PA,http://www.thomasrfields.com/,https://www.google.com/maps/place/?q=place_id:ChIJm21qRTjuwIcRSl_SdRXx5to,,Kansas City,KS,Wyandotte,(877) 587-2361,tom@thomasrfields.com,Criminal Defense,2544 W 47th Ave,66103,Kansas City,5,
Law Office Of Charles Ball,http://www.mysunfresh.com,,,Kansas City,KS,Wyandotte,(913) 299-5500,logo@2x.png,Social Security Disability,1300 W. 78th,66112,Kansas City,1,
Law Office Of David J. Grummon P.A.,http://www.grummonlaw.com,,,Kansas City,KS,Wyandotte,(913) 432-4484,davidjgrummon@gmail.com,Criminal Defense,3111 Strong Ave,66106,Kansas City,5,2
Law Office of Aline E. Pryor,https://alinepryor.com/,https://www.google.com/maps/place/?q=place_id:ChIJG6L8mxHxwIcRS46qo6gUyRM,,Kansas City,KS,Wyandotte,(913) 233-2100,,Personal Injury,400 State Ave #135,66101,Kansas City,5,3
Law Office of Elizabeth Mellor,http://www.mellorlawoffice.com/,https://www.google.com/maps/place/?q=place_id:ChIJb9VX2XHxwIcRy8kcqX4jI8I,,Kansas City,KS,Wyandotte,(913) 281-5650,emellor2001@yahoo.com,Criminal Defense,748 Ann Ave,66101,Kansas City,5,1
Law Office of Joel Rook,http://www.joelrooklaw.com/,https://www.google.com/maps/place/?q=place_id:ChIJv1o63G3xwIcRkAfwck5ne2w,,Kansas City,KS,Wyandotte,(913) 957-4643,joelrook@joelrooklaw.com,Criminal Defense,748 Ann Ave,66101,Kansas City,5,3
Law Office of Robert R. Laing Jr.,http://www.robertlainglaw.net,https://www.google.com/maps/place/?q=place_id:ChIJYxqbFsmOwIcR4vNc__dJbLk,,Kansas City,KS,Wyandotte,(913) 815-1360,,General,2300 Hutton Rd,66109,Kansas City,4,
Law Offices Of Roger W. McLean,http://lawyerkansascityks.com,,,Kansas City,KS,Wyandotte,(913) 717-5335,,General,831 Armstrong Ave,66101,Kansas City,4,
Law Offices of Angela Habeebullah,https://ayh-law.com,,,Kansas City,KS,Wyandotte,(816) 842-3266,a.habeebullah@ayh-law.com,DUI,816dipset I am very pleased with the service I have received from Angela. Angela definitely has,66101,Kansas City,5,
"Law Offices of H. Reed Walker, P.A.",http://www.reed-walker.com,,https://www.martindale.com/by-location/kansas-lawyers/,Kansas City,KS,Wyandotte,816-631-2621,,Family Law,,66101,Kansas City,4,3
Law office of Jay H Vader and Stanley R McAfee,http://www.jayvader.com,https://www.google.com/maps/place/?q=place_id:ChIJYTR92fKMwIcRMKrmYdof2U4,,Kansas City,KS,Wyandotte,(913) 334-4800,,General,2300 Hutton Rd #111,66109,Kansas City,4,
Lawrence A Jones & Sons Fnrl,http://www.lawrenceajones.com,,,Kansas City,KS,Wyandotte,(913) 371-2823,,Social Security Disability,2065 N 5th St,66101,Kansas City,1,
MVP Law Firm,http://mvplaw.com/,https://www.google.com/maps/place/?q=place_id:ChIJr_Z2C6zxwIcRB1zNTJKRbS0,https://www.martindale.com/by-location/kansas-lawyers/,Kansas City,KS,Wyandotte,(913) 371-3838,,Workers' Compensation,10 E Cambridge Cir Dr,66103,Kansas City,5,41
"Matteuzzi Law, P.C.",http://www.ma2zlaw.com,,https://www.martindale.com/by-location/kansas-lawyers/,Kansas City,KS,Wyandotte,913-399-2513,mmatteuzzi@ma2zlaw.com,Personal Injury,,66101,Kansas City,5,3
"Matthew Wideman Attorney-at-Law, LLC",https://mattwidemanlaw.com/,https://www.google.com/maps/place/?q=place_id:ChIJddHASDXxwIcRlHLCpS8C1Y8,,Kansas City,KS,Wyandotte,(913) 391-4458,,Personal Injury,831 Armstrong Ave,66101,Kansas City,5,
McIntosh Law Offices,http://www.mcintosh-law.com/,https://www.google.com/maps/place/?q=place_id:ChIJUWrtQW3xwIcRukSlkG_sp68,,Kansas City,KS,Wyandotte,(913) 281-5051,atifmcintoshlaw@gmail.com,General,1333 Meadowlark Ln Ste 203,66102,Kansas City,4,1
Michael C. Hunter Attorney at Law,https://kccounselor.com,,,Kansas City,KS,Wyandotte,(913) 732-3234,mhunter@kccounselor.com,Criminal Defense,"115 E. Park St., Suite C.",66101,Kansas City,5,6
Michael McVay Law Office,http://mcvaylawoffice.com,,,Kansas City,KS,Wyandotte,(913) 281-6601,mike@mcvaylawoffice.com,Bankruptcy,753 State Ave,66101,Kansas City,2,
Mohlman Gurney Injury Law,https://mohlmangurney.com/car-accident,,,Kansas City,KS,Wyandotte,816-648-6000,info@mohlmangurney.com,Personal Injury,11 to adjust the website to people with visual disabilities who are using a,66101,Kansas City,5,
"Patton & Dean, LLC",https://www.pattondean.com/,https://www.google.com/maps/place/?q=place_id:ChIJ7wh8WaqNwIcRdMN0Bafy-dw,,Kansas City,KS,Wyandotte,(913) 203-4786,,Bankruptcy,8040 Parallel Pkwy Ste 112B,66112,Kansas City,2,1
"Payne & Jones, Chartered",http://www.paynejones.com,,https://www.martindale.com/by-location/kansas-lawyers/,Kansas City,KS,Wyandotte,913-399-2630,605a7baede844d278b89dc95ae0a9123@sentry-next.wixpress.com,Family Law,,66101,Kansas City,4,
Pierce-Nichols Law,https://piercenicholslaw.com,,,Kansas City,KS,Wyandotte,936-385-8629,lawyerpiercenichols@gmail.com,Family Law,,66101,Kansas City,4,
Rattan Law Firm,http://www.mykclawyer.com,,,Kansas City,KS,Wyandotte,(913) 432-0660,,Criminal Defense,2100 Silver Ave,66106,Kansas City,5,
Robb Taylor & O'Connor,https://www.robblaw.com/,,,Kansas City,KS,Wyandotte,913-321-9600,johnrobb@robblaw.com,Personal Injury,"827 Armstrong Ave, Suite 300",66101,Kansas City,5,2
"Rose Henry Law, LLC",https://www.roselawfirm.com/,,,Kansas City,KS,Wyandotte,913-558-6778,abagley@roselawfirm.com,Social Security Disability,12461 Augusta Dr,66109,Kansas City,1,1
Ryan P. Kelly - Brown Immigration Law,https://brownimmigrationlaw.com/meet-our-people-immigration-attorneys/ryan-p-kelly,,,Kansas City,KS,Wyandotte,402-328-9899,info@brownimmigrationlaw.com,Immigration,"1 petitions for individuals with extraordinary ability, and",66101,Kansas City,2,
"Schilling Law, LLC",http://www.schillinglawkc.com/,https://www.google.com/maps/place/?q=place_id:ChIJgezIDevrwIcR3aTaJ7eNCXA,,Kansas City,KS,Wyandotte,(913) 353-4021,mike@schillinglawkc.com,Personal Injury,1321 Central Ave,66102,Kansas City,5,1
Sean Baker - Attorney At Law,http://www.seanbakerlaw.com/,https://www.google.com/maps/place/?q=place_id:ChIJg4A_pJ_xwIcRFjjLrXbQJfM,,Kansas City,KS,Wyandotte,(913) 444-6611,sean@seanbakerlaw.com,Criminal Defense,748 Ann Ave,66101,Kansas City,5,
"Shapiro Law Office, P.A.",http://www.tonyshapirolaw.com,,https://www.martindale.com/by-location/kansas-lawyers/,Kansas City,KS,Wyandotte,816-409-1200,hello@rfuenzalida.com,Personal Injury,,66101,Kansas City,5,3
Stecklein & Rapp,https://www.giveyourselfcredit.com,,,Kansas City,KS,Wyandotte,(913) 371-0727,,Bankruptcy,748 Ann Ave Ste 101,66101,Kansas City,2,
"Steven D. Alexander, Attorney at Law",,,,Kansas City,KS,Wyandotte,913-621-0800,,Criminal Defense,827 Armstrong Ave Ste 102,66101,Kansas City,5,1
Stone Law Office,http://stonedefense.com,,,Kansas City,KS,Wyandotte,(913) 281-6001,,Criminal Defense,753 State Ave,66101,Kansas City,5,
Tahirkheli & Premer-Chavez Law Office,http://tpclawyers.com/,https://www.google.com/maps/place/?q=place_id:ChIJAQDAc23xwIcR25wAZbz0IJc,,Kansas City,KS,Wyandotte,(913) 371-0554,,Personal Injury,650 Minnesota Ave 2nd floor,66101,Kansas City,5,1
"The Alexander Law Firm, LLC",https://alexanderlawfirmkc.com/?utm_source=google-local&utm_medium=organic&utm_campaign=2228,https://www.google.com/maps/place/?q=place_id:ChIJA6Mw8nHxwIcRX_HGj1psQLM,,Kansas City,KS,Wyandotte,(913) 912-3338,,Personal Injury,748 Ann Ave,66101,Kansas City,5,2
The Alvarez Law Firm,http://www.alvarezlawkc.com,,,Kansas City,KS,Wyandotte,(913) 371-1030,,General,10 S Hallock St,66101,Kansas City,4,
"The Brewer Law Group, LLC",https://www.theblgkc.com/,https://www.google.com/maps/place/?q=place_id:ChIJXxVbkAnxwIcRZ1s3kgKM6zw,,Kansas City,KS,Wyandotte,(913) 800-5054,,General,827 Armstrong Ave Ste 201,66101,Kansas City,4,
"The Henry Law Firm, P.A.",https://www.henrypractice.com,,https://www.martindale.com/by-location/kansas-lawyers/,Kansas City,KS,Wyandotte,913-382-5226,steve@henrypractice.com,Family Law,,66101,Kansas City,4,2
The Law Office of William L. Phalen,https://phalenlawfirm.com,,,Kansas City,KS,Wyandotte,(913) 281-5557,,Personal Injury,650 Minnesota Ave,66101,Kansas City,5,
The McLaughlin Law Firm,http://macforjustice.com,https://www.google.com/maps/place/?q=place_id:ChIJf6IwHHLxwIcRUJiitkg3yFE,,Kansas City,KS,Wyandotte,(913) 281-7707,,General,750 Ann Ave,66101,Kansas City,4,
"The Probst Law Firm, PA",https://www.probst-law.com/?utm_source=google-local&utm_medium=organic&utm_campaign=1536,https://www.google.com/maps/place/?q=place_id:ChIJET4o3HHxwIcRe4Fp36roT38,,Kansas City,KS,Wyandotte,(913) 281-0699,,Criminal Defense,827 Armstrong Ave Ste 302,66101,Kansas City,5,4
The Wright Law Firm,https://wrightlawkc.com,,,Kansas City,KS,Wyandotte,816-431-6216,,Criminal Defense,"245 MAIN STREET, SUITE B",66101,Kansas City,5,
"Thomas & Bayes-Weiner, LLC",http://www.jtpalaw.com,,https://www.martindale.com/by-location/kansas-lawyers/,Kansas City,KS,Wyandotte,913-399-2465,jthomas@jtpalaw.com,Personal Injury,,66101,Kansas City,5,2
Tomasic & Rehorn,http://www.tomasicrehorn.com/,https://www.google.com/maps/place/?q=place_id:ChIJpcGbuQzxwIcR9jDYIxmWq2U,,Kansas City,KS,Wyandotte,(913) 371-5750,,General,417 N 6th St,66101,Kansas City,4,2
Valdez Filemon Law Offices,,https://www.google.com/maps/place/?q=place_id:ChIJ_____6_zwIcRUK0IVm38RYY,,Kansas City,KS,Wyandotte,(913) 621-0400,,Criminal Defense,,66102,Kansas City,5,
Zack Anthony Law,https://zackanthonylaw.com,,,Kansas City,KS,Wyandotte,913-291-0437,assistant831@outlook.com,Criminal Defense,748 Ann,66101,Kansas City,5,1
"sanderford law office, llc",https://www.sanderfordlawoffice.com,,,Kansas City,KS,Wyandotte,816-415-9455,jsandsix@sbcglobal.net,Estate Planning,,66101,Kansas City,2,
"Gyllenborg & Brown, P.A.",http://gyllenborg.com/,,https://www.martindale.com/by-location/kansas-lawyers/,Lake Quivira,KS,Wyandotte,913-382-6729,,Criminal Defense,,66104,Kansas City,5,2
MSB Law LC,https://www.msblawkc.com,,https://www.martindale.com/by-location/kansas-lawyers/,Lake Quivira,KS,Wyandotte,913-382-6445,info@msblawkc.com,Personal Injury,,66104,Kansas City,5,
Manning & Smith,https://www.manningandsmith.com/,,https://www.martindale.com/by-location/kansas-lawyers/,Lake Quivira,KS,Wyandotte,913-453-1387,office@manningandsmith.net,Criminal Defense,,66104,Kansas City,5,
Taylor Siemens Elliott Creedy & Lyle P.C.,https://www.mtselaw.com,,https://www.martindale.com/by-location/kansas-lawyers/,Lake Quivira,KS,Wyandotte,816-722-4351,,General,,66104,Kansas City,4,
"McAnany, Van Cleave & Phillips",,,https://directory-kard.kscourts.gov/Home/Details?regNum=26540,Kansas City,KS,Wyandotte,913-573-4012,,General,"10 E. Cambridge Circle Dr, Ste 300",66103,Kansas City,2,
U.S. Attorney's Office for the Dist. of Kansas,,,https://directory-kard.kscourts.gov/Home/Details?regNum=14225,Kansas City,KS,Wyandotte,913-551-6730,,General,500 State Ave Ste 360,66101,Kansas City,2,
"Patricia Aylward-Kalb, Attorney at Law",,,https://directory-kard.kscourts.gov/Home/Details?regNum=13839,Kansas City,KS,Wyandotte,913-371-2299,,General,748 Ann Ave,66101,Kansas City,2,
Duggan Shadwick Doerr & Kurlbaum LLC,,,https://directory-kard.kscourts.gov/Home/Details?regNum=30322,Kansas City,KS,Wyandotte,913-498-3536,,General,9101 W 110th St Ste 200,66210,Kansas City,2,
"Scientific Plastics Company, Inc.",,,https://directory-kard.kscourts.gov/Home/Details?regNum=17588,Kansas City,KS,Wyandotte,913-432-0322,,General,1016 Southwest Blvd,66103,Kansas City,2,
"McAnany, Van Cleave and Phillips, P.A.",,,https://directory-kard.kscourts.gov/Home/Details?regNum=29436,Kansas City,KS,Wyandotte,913-371-3838,,General,10 Cambridge Circle Dr Ste 300,66103,Kansas City,2,
US Attorney's Office,,,https://directory-kard.kscourts.gov/Home/Details?regNum=17097,Kansas City,KS,Wyandotte,913-551-6670,,General,500 State Ave Ste 360,66101,Kansas City,2,
United States Attorney's Office,,,https://directory-kard.kscourts.gov/Home/Details?regNum=24717,Kansas City,KS,Wyandotte,913-551-6742,,General,"500 State Ave, Ste 360",66101,Kansas City,2,
"John J., Jr. Bukaty",,,https://lawyers.justia.com/lawyer/john-j-jr-bukaty-921774,Kansas City,KS,Wyandotte,(913) 721-2274,,General,11129 Sloan Ave,66109,Kansas City,2,
"Lawrence L., Jr. Long",,,https://lawyers.justia.com/lawyer/lawrence-l-jr-long-916015,Kansas City,KS,Wyandotte,(913) 281-3400,,General,3033 S 8th Terrace,66103,Kansas City,2,
"Henry Couchman, Attorney at Law",,,https://directory-kard.kscourts.gov/Home/Details?regNum=12842,Kansas City,KS,Wyandotte,913-951-1617,,General,10206 Yecker Ave,66109,Kansas City,2,
"Patrick E. D'Arcy, Attorney at Law",,,https://directory-kard.kscourts.gov/Home/Details?regNum=13339,Kansas City,KS,Wyandotte,913-232-1056,,General,332 N. 5th St,66101,Kansas City,2,
United States Attorney's Office-District of Kansas,,,https://directory-kard.kscourts.gov/Home/Details?regNum=30243,Kansas City,KS,Wyandotte,913-551-6744,,General,"500 State Ave, Ste 360",66101,Kansas City,2,
"Kansas Legal Services, Inc.",,,https://directory-kard.kscourts.gov/Home/Details?regNum=29267,Kansas City,KS,Wyandotte,913-621-0200,,General,400 State Ave #1015,66101,Kansas City,2,
Jerome Gorman Law,,,https://directory-kard.kscourts.gov/Home/Details?regNum=10792,Kansas City,KS,Wyandotte,913-269-5534,,General,11425 Georgia Ave,66109,Kansas City,2,
"Dairy Farmers of America, Inc",,,https://directory-kard.kscourts.gov/Home/Details?regNum=26143,Kansas City,KS,Wyandotte,816-801-6339,,General,1405 N 98th St,66111,Kansas City,2,
Kansas Capital Habeas Office,,,https://directory-kard.kscourts.gov/Home/Details?regNum=26549,Kansas City,KS,Wyandotte,913-283-9770,,General,552 State Ave,66101,Kansas City,2,
Serena Hawkins Law LLC,,,https://directory-kard.kscourts.gov/Home/Details?regNum=23655,Kansas City,KS,Wyandotte,913-390-3895,,General,748 Ann Ave,66101,Kansas City,2,
"US Attorney's Office, District of Kansas",,,https://directory-kard.kscourts.gov/Home/Details?regNum=23840,Kansas City,KS,Wyandotte,913-551-6526,,General,"Robert J. Dole Courthouse 500 State Ave, Ste 360",66101,Kansas City,2,
Scottie S. Kleypas Law LLC,,,https://directory-kard.kscourts.gov/Home/Details?regNum=20650,Kansas City,KS,Wyandotte,816-309-6825,,General,3200 N 115th St,66109,Kansas City,2,
David A Kraft & Associates,,,https://directory-kard.kscourts.gov/Home/Details?regNum=18950,Kansas City,KS,Wyandotte,816-931-8000,,General,P.O. Box 3510,66103,Kansas City,2,
Law Office Of Charles D. Lamb,,,https://directory-kard.kscourts.gov/Home/Details?regNum=18754,Kansas City,KS,Wyandotte,913-282-1495,,General,819 N 9th St,66101,Kansas City,2,
"Baker Sterchi Cowden & Rice, LLC",,,https://directory-kard.kscourts.gov/Home/Details?regNum=27161,Kansas City,KS,Wyandotte,816-471-2121,,General,"2400 Pershing Rd, Ste 500",64108,Kansas City,2,
"Unified Government of Wyandotte County/Kansas City, Kansas Legal Department",,,https://directory-kard.kscourts.gov/Home/Details?regNum=30402,Kansas City,KS,Wyandotte,913-573-5060,,General,"701 N. 7th St, 9th Floor",66101,Kansas City,2,
"LeBaron-Ramos Law Firm, LLC",,,https://directory-kard.kscourts.gov/Home/Details?regNum=26264,Kansas City,KS,Wyandotte,913-202-6922,,General,1505 Minnesota Ave,66102,Kansas City,2,
"McAnany Van Cleave & Philips, P.A.",,,https://directory-kard.kscourts.gov/Home/Details?regNum=27506,Kansas City,KS,Wyandotte,913-371-3838,,General,10 East Cambridge Circle Dr Ste 300,66103,Kansas City,2,
Matthews Law Office PA,,,https://directory-kard.kscourts.gov/Home/Details?regNum=16802,Kansas City,KS,Wyandotte,816-516-1761,,General,650 Minnesota Ave 2nd Fl,66011,Kansas City,2,
KU Medical-Legal Partnership Clinic,,,https://directory-kard.kscourts.gov/Home/Details?regNum=28988,Kansas City,KS,Wyandotte,913-588-3731,,General,"3901 Rainbow Blvd, Mailstop 4010",66160,Kansas City,2,
US Attorney - District Of Kansas,,,https://directory-kard.kscourts.gov/Home/Details?regNum=19248,Kansas City,KS,Wyandotte,913-551-6730,,General,"500 State Ave, Ste 360",66101,Kansas City,2,
Abogados Parker & Parker,,,https://directory-kard.kscourts.gov/Home/Details?regNum=21309,Kansas City,KS,Wyandotte,913-381-1610,,General,535 Central Ave,66101,Kansas City,2,
"David S. Patrzykont, Attorney at Law PA",,,https://directory-kard.kscourts.gov/Home/Details?regNum=25563,Kansas City,KS,Wyandotte,913-371-0022,,General,831 Armstrong Ave,66101,Kansas City,2,
Law Office Of Manu K. Rattan,,,https://directory-kard.kscourts.gov/Home/Details?regNum=20802,Kansas City,KS,Wyandotte,913-721-0381,,General,"11006 Parallel Pkwy, Ste 206",66109,Kansas City,2,
The Law Office of Conn Felix Sanchez,,,https://directory-kard.kscourts.gov/Home/Details?regNum=16678,Kansas City,KS,Wyandotte,913-262-4300,,General,4150 Kansas Ave Ste 200 PO Box 6383,66106,Kansas City,2,
"Woodford Sathappan McGee, LPA",,,https://directory-kard.kscourts.gov/Home/Details?regNum=30367,Kansas City,KS,Wyandotte,913-430-8837,,General,8735 Rosehill Rd #140,66215,Kansas City,2,
Law Office of Thomas W. Stibal,,,https://directory-kard.kscourts.gov/Home/Details?regNum=10381,Kansas City,KS,Wyandotte,913-449-2189,,General,509 Armstrong Ave,66101,Kansas City,2,
Vick Law Firm LLC,,,https://directory-kard.kscourts.gov/Home/Details?regNum=21767,Kansas City,KS,Wyandotte,913-709-1265,,General,304 Walker Ave,66101,Kansas City,2,
"Jay Vader, Attorney at Law",,,https://directory-kard.kscourts.gov/Home/Details?regNum=8076,Kansas City,KS,Wyandotte,913-334-4800,,General,"2300 Hutton Rd, Ste 111",66109,Kansas City,2,
"Unified Government Of Wyandotte County/Kansas City, Kansas Legal Dept",,,https://directory-kard.kscourts.gov/Home/Details?regNum=30420,Kansas City,KS,Wyandotte,913-573-5073,,General,701 N. 7th Street,66101,Kansas City,2,
US Atty's Office-Kansas City,,,https://directory-kard.kscourts.gov/Home/Details?regNum=17887,Kansas City,KS,Wyandotte,913-551-6730,,General,500 State Ave Ste 360,66101,Kansas City,2,
Bereit Law,,,https://directory-kard.kscourts.gov/Home/Details?regNum=30482,Kansas City,KS,Wyandotte,773-401-2576,,General,"748 Ann Ave, Ste 109",66101,Kansas City,2,
Lubow Law Firm,,,https://directory-kard.kscourts.gov/Home/Details?regNum=11954,Kansas City,KS,Wyandotte,913-963-2534,,General,623 Tauromee,66101,Kansas City,2,
KU Medical Legal Partnership,,,https://directory-kard.kscourts.gov/Home/Details?regNum=26726,Kansas City,KS,Wyandotte,913-588-3731,,General,3901 Rainbow Blvd Mail Stop 4010,66160,Kansas City,2,
"Unified Gov. of Wyandotte County/Kansas City, Kansas Legal Dept",,,https://directory-kard.kscourts.gov/Home/Details?regNum=18220,Kansas City,KS,Wyandotte,913-573-5060,,General,701 N 7th St Ste 961,66101,Kansas City,2,
Mikesic Law Office,,,https://directory-kard.kscourts.gov/Home/Details?regNum=7361,Kansas City,KS,Wyandotte,913-424-7771,,General,4013 N 112 St,66109,Kansas City,2,
"Martsching Law Firm, LLC",,,https://www.yellowpages.com/kansas-city-ks/attorneys,Kansas City,KS,Wyandotte,(816) 760-2094,,General,,,Kansas City,2,
Legal Aid Legal Services Corp,http://www.legalaidlegalservices.org,,https://www.yellowpages.com/kansas-city-ks/attorneys,Kansas City,KS,Wyandotte,(844) 330-7981,,General,,,Kansas City,2,
"Jeffrey A. Dehon, Atty at Law",http://www.dehonlaw.com,,https://www.yellowpages.com/kansas-city-ks/attorneys,Kansas City,KS,Wyandotte,(913) 371-2000,,General,753 State Ave Ste 101,,Kansas City,2,
Legal Aid Society Of Wyandotte County,https://www.kansaslegalservices.org,,https://www.yellowpages.com/kansas-city-ks/attorneys,Kansas City,KS,Wyandotte,(913) 621-0200,,General,400 State Ave,,Kansas City,2,
Bretz Injury Law,https://www.byinjurylaw.com/kansas-city-lawyer,,https://www.yellowpages.com/kansas-city-ks/attorneys,Kansas City,KS,Wyandotte,(913) 398-5723,,General,748 Ann Ave Ste 114,,Kansas City,2,
Doyle & Associates,http://doyleandassociatesllc.com,,https://www.yellowpages.com/kansas-city-ks/attorneys,Kansas City,KS,Wyandotte,(913) 371-1930,,General,748 Ann Ave,,Kansas City,2,
Richman Law Office,https://richmanlawkc.com,,https://www.yellowpages.com/kansas-city-ks/attorneys,Kansas City,KS,Wyandotte,(913) 735-5883,,General,753 State Ave,,Kansas City,2,
Bukaty Law Offices,http://bukatylawoffices.localsearch.com,,https://www.yellowpages.com/kansas-city-ks/attorneys,Kansas City,KS,Wyandotte,(913) 621-8611,,General,701 Minnesota Ave,,Kansas City,2,
"Hemberger, Joseph W, ATY",https://mvplaw.com,,https://www.yellowpages.com/kansas-city-ks/attorneys,Kansas City,KS,Wyandotte,(913) 371-3838,,General,707 Minnesota Ave,,Kansas City,2,
Philip Carson Law Office,http://jpci.com,,https://www.yellowpages.com/kansas-city-ks/attorneys,Kansas City,KS,Wyandotte,(913) 371-1930,,General,748 Ann Ave,,Kansas City,2,
Williamson & Cubbison,http://williamsoncubbison.localsearch.com,,https://www.yellowpages.com/kansas-city-ks/attorneys,Kansas City,KS,Wyandotte,(913) 371-1930,,General,748 Ann Ave,,Kansas City,2,
Mokan Personal Injury Group,http://mokanpersonalinjurygroup.localsearch.com,,https://www.yellowpages.com/kansas-city-ks/attorneys,Kansas City,KS,Wyandotte,(877) 463-4884,,General,750 Ann Ave,,Kansas City,2,
Cline Boone Attorneyy at Law,http://clinebooneattorneyyatlaw.localsearch.com,,https://www.yellowpages.com/kansas-city-ks/attorneys,Kansas City,KS,Wyandotte,(913) 371-0444,,General,750 Ann Ave,,Kansas City,2,
D Richard White Legal Service,http://drichardwhitelegalservice.localsearch.com,,https://www.yellowpages.com/kansas-city-ks/attorneys,Kansas City,KS,Wyandotte,(785) 727-0510,,General,750 Ann Ave,,Kansas City,2,
Tahirkheli & Chavez,https://www.tpclawyers.com/contact,,https://www.yellowpages.com/kansas-city-ks/attorneys,Kansas City,KS,Wyandotte,(913) 371-0554,,General,650 Minnesota Ave,,Kansas City,2,
Gariglietti Law Office P.A.,http://garigliettilawofficepa.localsearch.com,,https://www.yellowpages.com/kansas-city-ks/attorneys,Kansas City,KS,Wyandotte,(913) 499-7737,,General,650 Minnesota Ave Fl 1,,Kansas City,2,
J Philip Crawford Attorney At Law,http://jphilipcrawfordattorneyatlaw.localsearch.com,,https://www.yellowpages.com/kansas-city-ks/attorneys,Kansas City,KS,Wyandotte,(913) 766-1206,,General,816 Ann Ave,,Kansas City,2,
Mahoney Law Office,http://mahoneylawofficeks.localsearch.com,,https://www.yellowpages.com/kansas-city-ks/attorneys,Kansas City,KS,Wyandotte,(913) 371-2299,,General,816 Ann Ave,,Kansas City,2,
Dayna R Terrell Law Firm,http://daynarterrelllawfirm.localsearch.com,,https://www.yellowpages.com/kansas-city-ks/attorneys,Kansas City,KS,Wyandotte,(913) 236-9894,,General,630 Minnesota Ave,,Kansas City,2,
McVay Law Office,https://mcvaylawoffice.com/contact.html,,https://www.yellowpages.com/kansas-city-ks/attorneys,Kansas City,KS,Wyandotte,(913) 281-6605,,General,753 State Ave,,Kansas City,2,
Judy L. Simon - Attorney At Law,http://judylsimonattorneyatlaw.localsearch.com,,https://www.yellowpages.com/kansas-city-ks/attorneys,Kansas City,KS,Wyandotte,(913) 608-7875,,General,753 State Ave Ste 388,,Kansas City,2,
Carson & O'Neill Law Firm,http://carsononeilllawfirm.localsearch.com,,https://www.yellowpages.com/kansas-city-ks/attorneys,Kansas City,KS,Wyandotte,(913) 371-2314,,General,753 State Ave Ste 460,,Kansas City,2,
Scott & Daily Chartered,http://scottdailychartered.localsearch.com,,https://www.yellowpages.com/kansas-city-ks/attorneys,Kansas City,KS,Wyandotte,(913) 621-1183,,General,827 Armstrong Ave Ste 203,,Kansas City,2,
Benien Law Offices Chtd,http://benienlawofficeschtd.localsearch.com,,https://www.yellowpages.com/kansas-city-ks/attorneys,Kansas City,KS,Wyandotte,(913) 621-7100,,General,827 Armstrong Ave Ste 301,,Kansas City,2,
"Taylor, Robb, ATY",http://rto-law.com,,https://www.yellowpages.com/kansas-city-ks/attorneys,Kansas City,KS,Wyandotte,(913) 321-6195,,General,827 Armstrong Ave,,Kansas City,2,
"Nichols, Michael J, ATY",http://www.mikenicholslaw.com,,https://www.yellowpages.com/kansas-city-ks/attorneys,Kansas City,KS,Wyandotte,(913) 281-0300,,General,831 Armstrong Ave,,Kansas City,2,
Ogunmeno Law Firm,http://ogunmenolawfirmks.localsearch.com,,https://www.yellowpages.com/kansas-city-ks/attorneys,Kansas City,KS,Wyandotte,(913) 233-2133,,General,623 Tauromee Ave,,Kansas City,2,
Eldridge & Patrzykont,http://eldridgepatrzykont.localsearch.com,,https://www.yellowpages.com/kansas-city-ks/attorneys,Kansas City,KS,Wyandotte,(913) 371-0022,,General,819 N 9th St,,Kansas City,2,
Zach Roberson Law,http://yellowpages.com/kansas-city-ks/mip/jeffrey-a-dehon-atty-at-law-505297282,,https://www.yellowpages.com/kansas-city-ks/attorneys,Kansas City,KS,Wyandotte,(913) 284-0242,,General,813 N 9th St,,Kansas City,2,
Law Offices of Anthony R Russo,http://yellowpages.com/kansas-city-ks/mip/jeffrey-a-dehon-atty-at-law-505297282,,https://www.yellowpages.com/kansas-city-ks/attorneys,Kansas City,KS,Wyandotte,(913) 621-2069,,General,509 Armstrong Ave,,Kansas City,2,
The Benjamin Group,http://thebenjamingroupks.localsearch.com,,https://www.yellowpages.com/kansas-city-ks/attorneys,Kansas City,KS,Wyandotte,(913) 333-5086,,General,151 S 18th St,,Kansas City,2,
Opks Law,http://opkslaw.localsearch.com,,https://www.yellowpages.com/kansas-city-ks/attorneys,Kansas City,KS,Wyandotte,(913) 345-1800,,General,College & Quivira,,Kansas City,2,
"Goheen, Gregory P, ATY",http://mvplaw.com,,https://www.yellowpages.com/kansas-city-ks/attorneys,Kansas City,KS,Wyandotte,(913) 371-3838,,General,10 E Cambridge Circle Dr,,Kansas City,2,
"Denk, Ryan, ATY",http://mvplaw.com,,https://www.yellowpages.com/kansas-city-ks/attorneys,Kansas City,KS,Wyandotte,(913) 371-3838,,General,10 E Cambridge Circle Dr,,Kansas City,2,
"Wolf, James P, ATY",http://mvplaw.com,,https://www.yellowpages.com/kansas-city-ks/attorneys,Kansas City,KS,Wyandotte,(913) 371-3838,,General,10 E Cambridge Circle Dr,,Kansas City,2,
"Sanchez, Conn Felix, JD",http://sanchezconnfelixjd.localsearch.com,,https://www.yellowpages.com/kansas-city-ks/attorneys,Kansas City,KS,Wyandotte,(913) 262-4300,,General,2100 Metropolitan Ave # 5,,Kansas City,2,
Albert C Herdoiza Law Office,http://albertcherdoizalawoffice.localsearch.com,,https://www.yellowpages.com/kansas-city-ks/attorneys,Kansas City,KS,Wyandotte,(913) 432-0655,,General,3111 Strong Ave,,Kansas City,2,
"Sanchez, Conn Felix",http://sanchezconnfelixks.localsearch.com,,https://www.yellowpages.com/kansas-city-ks/attorneys,Kansas City,KS,Wyandotte,(913) 262-4300,,General,1328 S 42nd St,,Kansas City,2,
Dickeson Law Office,http://dickesonlawofficeks.localsearch.com,,https://www.yellowpages.com/kansas-city-ks/attorneys,Kansas City,KS,Wyandotte,(913) 831-4440,,General,4318 Rainbow Blvd,,Kansas City,2,
The Law Office of Thomas R Fields,http://thelawofficeofthomasrfields.localsearch.com,,https://www.yellowpages.com/kansas-city-ks/attorneys,Kansas City,KS,Wyandotte,(913) 956-7000,,General,2544 W 47th Ave,,Kansas City,2,
Helbert & Allemang,https://www.helbert-allemang.com/family-law,,https://www.yellowpages.com/kansas-city-ks/attorneys,Kansas City,KS,Wyandotte,(620) 343-6500,,General,51 S 64th St,,Kansas City,2,
"Van Bebber, Alleen C",http://vanbebberalleenc.localsearch.com,,https://www.yellowpages.com/kansas-city-ks/attorneys,Kansas City,KS,Wyandotte,(913) 262-0606,,General,5925 Beverly Dr,,Kansas City,2,
"Lewis II, Ralph E, ATY",http://lewisiiralpheaty.localsearch.com,,https://www.yellowpages.com/kansas-city-ks/attorneys,Kansas City,KS,Wyandotte,(913) 381-8361,,General,4121 W 83rd St,,Kansas City,2,
Rockey & Stecklein Charte,http://rockeysteckleincharte.localsearch.com,,https://www.yellowpages.com/kansas-city-ks/attorneys,Kansas City,KS,Wyandotte,(913) 371-1930,,General,748 Ann Ave,,Kansas City,2,
Consumer Legal Clinic,http://www.consumerlegalclinic.com,,https://www.yellowpages.com/kansas-city-ks/attorneys,Kansas City,KS,Wyandotte,(917) 371-0727,,General,748 Ann Ave,,Kansas City,2,
Barnett Law Firm,http://www.barnett-law.com,,https://www.yellowpages.com/kansas-city-ks/attorneys,Kansas City,KS,Wyandotte,(913) 281-3500,,General,816 Ann Ave,,Kansas City,2,
"Hutton, William W, ATY",http://yellowpages.com/kansas-city-ks/mip/hutton-william-w-aty-467016647,,https://www.yellowpages.com/kansas-city-ks/attorneys,Kansas City,KS,Wyandotte,(913) 371-1944,,General,509 Armstrong Ave,,Kansas City,2,
"Davis, Reginald K, ATY",http://yellowpages.com/kansas-city-ks/mip/davis-reginald-7385681,,https://www.yellowpages.com/kansas-city-ks/attorneys,Kansas City,KS,Wyandotte,(913) 299-8789,,General,1333 Meadowlark Ln,,Kansas City,2,
Montee Law Firm,http://monteelawfirmks.localsearch.com,,https://www.yellowpages.com/kansas-city-ks/attorneys,Kansas City,KS,Wyandotte,(913) 651-4144,,General,,,Kansas City,2,
"Martsching Law Firm, LLC",,,https://www.yellowpages.com/bonner-springs-ks/attorneys,Bonner Springs,KS,Wyandotte,(816) 760-2094,,General,,,Kansas City,2,
Legal Aid Legal Services Corp,http://www.legalaidlegalservices.org,,https://www.yellowpages.com/bonner-springs-ks/attorneys,Bonner Springs,KS,Wyandotte,(844) 330-7981,,General,,,Kansas City,2,
Montee Law Firm,http://monteelawfirmks.localsearch.com,,https://www.yellowpages.com/bonner-springs-ks/attorneys,Bonner Springs,KS,Wyandotte,(913) 651-4144,,General,,,Kansas City,2,
"E. Bernard Hurd, Attorney at Law",,,https://directory-kard.kscourts.gov/Home/Details?regNum=6797,Kansas City,KS,Wyandotte,785-221-8856,,General,3121 N. 109th Pl,66109,Kansas City,2,
Kansas City Accident Injury Attorneys,,https://www.google.com/maps/search/?api=1&query=Kansas%20City%20Accident%20Injury%20Attorneys%20Kansas%20City%20KS,https://lawyers.findlaw.com/personal-injury-plaintiff/kansas/kansas-city/,Kansas City,KS,Wyandotte,,,Personal Injury | Medical Malpractice,"8040 Parallel Parkway, Suite 112C",,Kansas City,,
"Martsching Law Firm, LLC",,,https://www.yellowpages.com/edwardsville-ks/attorneys,Edwardsville,KS,Wyandotte,(816) 760-2094,,General,,,Kansas City,2,
Legal Aid Legal Services Corp,http://www.legalaidlegalservices.org,,https://www.yellowpages.com/edwardsville-ks/attorneys,Edwardsville,KS,Wyandotte,(844) 330-7981,,General,,,Kansas City,2,
Montee Law Firm,http://monteelawfirmks.localsearch.com,,https://www.yellowpages.com/edwardsville-ks/attorneys,Edwardsville,KS,Wyandotte,(913) 651-4144,,General,,,Kansas City,2,
Michael Redmon Attorney at Law P.A.,,,https://directory-kard.kscourts.gov/Home/Details?regNum=9716,Kansas City,KS,Wyandotte,913-342-5917,,General,831 Armstrong,66101,Kansas City,2,
The Legal Burnout Solution,,,https://directory-kard.kscourts.gov/Home/Details?regNum=26432,Kansas City,KS,Wyandotte,913-484-0844,,General,3841 N. 123rd St.,66109,Kansas City,2,
"Debra L Moore, Attorney at Law",,,https://directory-kard.kscourts.gov/Home/Details?regNum=12472,Kansas City,KS,Wyandotte,816-518-8154,,General,12531 Quail Hollow Dr,66109,Kansas City,2,
"MLH, Inc.",,,https://directory-kard.kscourts.gov/Home/Details?regNum=11703,Kansas City,KS,Wyandotte,913-342-8815,,General,2634 Armstrong Ave,66102,Kansas City,2,
Responsive Law,,,https://lawyers.justia.com/lawyer/shane-rockey-923772,Kansas City,KS,Wyandotte,(913) 371-6063,,General,,,Kansas City,2,
"KANSAS CITY, MO Attorney with",,,https://lawyers.justia.com/lawyer/faiza-alhambra-1730815,Kansas City,KS,Wyandotte,(913) 551-6904,,General,,,Kansas City,2,
Unified Government of Wyandotte County -  Legal Department,,,https://directory-kard.kscourts.gov/Home/Details?regNum=24242,Kansas City,KS,Wyandotte,913-573-5090,,General,701 N. 7th St,66101,Kansas City,2,
Capital Habeas Defender Office,,,https://directory-kard.kscourts.gov/Home/Details?regNum=29983,Kansas City,KS,Wyandotte,913-283-9762,,General,552 State Ave,66101,Kansas City,2,
Employment Law - the Whitehead Law Firm,https://thewhiteheadfirm.com/Employment_Law.html,,,Bonner Springs,KS,Wyandotte,816-398-8967,info@thewhiteheadfirm.com,Employment Law,"229 SE Douglas St., Ste 210",66102,Kansas City,3,
"Pomp's Tire Service, Inc",,,https://directory-kard.kscourts.gov/Home/Details?regNum=25247,Kansas City,KS,Wyandotte,913-233-4913,,General,401 S 42nd St,66106,Kansas City,2,
"David A. Reed & Associates, P.A.",,,https://directory-kard.kscourts.gov/Home/Details?regNum=14985,Kansas City,KS,Wyandotte,913-342-7200,,General,7823 Parallel Pkwy,66112,Kansas City,2,
Wynn Consulting & Mediation,,,https://directory-kard.kscourts.gov/Home/Details?regNum=12824,Kansas City,KS,Wyandotte,913-302-3418,,General,11110 Parkview Ave,66109,Kansas City,2,
