law_firm_name,website,google_business_profile,legal_directory_listing,city,state,county,phone_number,email,practice_area,street_address,zip_code,msa,priority,number_of_lawyers,date_pulled,source
"A. G. Hill Partners, LLC",,,,,TX,Collin,214-922-1017,,Employment Law,,,Dallas-Fort Worth,3,1,2026-09-11,State Bar of Texas Member Directory
Aaron Jay Epstein,,,,,TX,Collin,,,Employment Law,,,Dallas-Fort Worth,3,1,2026-09-11,State Bar of Texas Member Directory
Aarti Shah Balch,,,,,TX,Collin,,,General,,,Dallas-Fort Worth,4,1,2026-09-11,State Bar of Texas Member Directory
Aasia M. Miller,,,,,TX,Collin,,,General,,,Dallas-Fort Worth,4,1,2026-09-11,State Bar of Texas Member Directory
Abel Cervantes Ramirez,,,,,TX,Collin,,,General,,,Dallas-Fort Worth,4,1,2026-09-11,State Bar of Texas Member Directory
Abid Steele,,,,,TX,Collin,432-940-9401,,General,,,Dallas-Fort Worth,4,1,2026-09-11,State Bar of Texas Member Directory
Adegbola Oluwole Ogedengbe,,,,,TX,Collin,,,General,,,Dallas-Fort Worth,4,1,2026-09-11,State Bar of Texas Member Directory
Adeyemi A. Rogers-Campbell,,,,,TX,Collin,,,General,,,Dallas-Fort Worth,4,1,2026-09-11,State Bar of Texas Member Directory
Adriane Y. Swinton-Hayes,,,,,TX,Collin,,,General,,,Dallas-Fort Worth,4,1,2026-09-11,State Bar of Texas Member Directory
Adrienne Elizabeth Parker Peters,,,,,TX,Collin,,,General,,,Dallas-Fort Worth,4,1,2026-09-11,State Bar of Texas Member Directory
Ahmad Jameel Muhammad,,,,,TX,Collin,,,General,,,Dallas-Fort Worth,4,1,2026-09-11,State Bar of Texas Member Directory
Aila Irshad,,,,,TX,Collin,,,General,,,Dallas-Fort Worth,4,1,2026-09-11,State Bar of Texas Member Directory
Alex Daniel Guerrero,,,,,TX,Collin,,,General,,,Dallas-Fort Worth,4,1,2026-09-11,State Bar of Texas Member Directory
Alexa Paris Shafron,,,,,TX,Collin,,,General,,,Dallas-Fort Worth,4,1,2026-09-11,State Bar of Texas Member Directory
Alexander Timothy Kil,,,,,TX,Collin,,,General,,,Dallas-Fort Worth,4,1,2026-09-11,State Bar of Texas Member Directory
Alexandra Jade Broom,,,,,TX,Collin,,,General,,,Dallas-Fort Worth,4,1,2026-09-11,State Bar of Texas Member Directory
Alexandra Rose Chandler,,,,,TX,Collin,,,General,,,Dallas-Fort Worth,4,1,2026-09-11,State Bar of Texas Member Directory
Alexia Kristin Baker,,,,,TX,Collin,,,General,,,Dallas-Fort Worth,4,1,2026-09-11,State Bar of Texas Member Directory
Alexis Faith Henke,,,,,TX,Collin,,,General,,,Dallas-Fort Worth,4,1,2026-09-11,State Bar of Texas Member Directory
Alice Louise King,,,,,TX,Collin,,,General,,,Dallas-Fort Worth,4,1,2026-09-11,State Bar of Texas Member Directory
Allison Lauren Lee,,,,,TX,Collin,,,General,,,Dallas-Fort Worth,4,1,2026-09-11,State Bar of Texas Member Directory
Alma Zayre Hernandez,,,,,TX,Collin,,,Criminal Defense,,,Dallas-Fort Worth,5,1,2026-09-11,State Bar of Texas Member Directory
Alvera F. Mandavia,,,,,TX,Collin,214-219-9900,,General,,,Dallas-Fort Worth,4,1,2026-09-11,State Bar of Texas Member Directory
Alyssa Cindel Huynh-Cong,,,,,TX,Collin,,,General,,,Dallas-Fort Worth,4,1,2026-09-11,State Bar of Texas Member Directory
Aman Ullah Khan,,,,,TX,Collin,,,Real Estate,,,Dallas-Fort Worth,2,1,2026-09-11,State Bar of Texas Member Directory
Amanda Elizabeth Alvarez,,,,,TX,Collin,214-384-5281,,General,,,Dallas-Fort Worth,4,1,2026-09-11,State Bar of Texas Member Directory
Amanda Lyn Shaw,,,,,TX,Collin,,,Civil Litigation,,,Dallas-Fort Worth,3,1,2026-09-11,State Bar of Texas Member Directory
Amanda Star Christoffel,,,,,TX,Collin,,,General,,,Dallas-Fort Worth,4,1,2026-09-11,State Bar of Texas Member Directory
Amar Anzar Hasan,,,,,TX,Collin,,,General,,,Dallas-Fort Worth,4,1,2026-09-11,State Bar of Texas Member Directory
Amherst Robert Lamb,,,,,TX,Collin,,,General,,,Dallas-Fort Worth,4,1,2026-09-11,State Bar of Texas Member Directory
Amin A. Tawakul,,,,,TX,Collin,734-709-6703,,Estate Planning,,,Dallas-Fort Worth,2,1,2026-09-11,State Bar of Texas Member Directory
Ammaar Khawaja Ikram,,,,,TX,Collin,,,General,,,Dallas-Fort Worth,4,1,2026-09-11,State Bar of Texas Member Directory
Ana Lian Bachmann,,,,,TX,Collin,,,General,,,Dallas-Fort Worth,4,1,2026-09-11,State Bar of Texas Member Directory
Anahid Shirin Rahmani,,,,,TX,Collin,214-597-3517,,Immigration,,,Dallas-Fort Worth,2,1,2026-09-11,State Bar of Texas Member Directory
Andrea Christine Jensen,,,,,TX,Collin,,,General,,,Dallas-Fort Worth,4,1,2026-09-11,State Bar of Texas Member Directory
Andrea H. Frye,,,,,TX,Collin,,,General,,,Dallas-Fort Worth,4,1,2026-09-11,State Bar of Texas Member Directory
Andrew Engel Craven,,,,,TX,Collin,,,Immigration,,,Dallas-Fort Worth,2,1,2026-09-11,State Bar of Texas Member Directory
Andrew Monroe Trusevich,,,,,TX,Collin,,,Employment Law,,,Dallas-Fort Worth,3,1,2026-09-11,State Bar of Texas Member Directory
Anna Rudo Size,,,,,TX,Collin,,,General,,,Dallas-Fort Worth,4,1,2026-09-11,State Bar of Texas Member Directory
Annalee E. Jeffress,,,,,TX,Collin,,,General,,,Dallas-Fort Worth,4,1,2026-09-11,State Bar of Texas Member Directory
Anne Klein Hill,,,,,TX,Collin,,,General,,,Dallas-Fort Worth,4,1,2026-09-11,State Bar of Texas Member Directory
"Ansira Partners II, LLC",,,,,TX,Collin,972-663-1222,,Civil Litigation,,,Dallas-Fort Worth,3,1,2026-09-11,State Bar of Texas Member Directory
Anthony M. Karabon,,,,,TX,Collin,414-940-2639,,Employment Law,,,Dallas-Fort Worth,3,1,2026-09-11,State Bar of Texas Member Directory
Anthony Yuan Zhang,,,,,TX,Collin,,,General,,,Dallas-Fort Worth,4,1,2026-09-11,State Bar of Texas Member Directory
Arianna Genea Craver,,,,,TX,Collin,,,General,,,Dallas-Fort Worth,4,1,2026-09-11,State Bar of Texas Member Directory
Arlene A. Wiese,,,,,TX,Collin,,,General,,,Dallas-Fort Worth,4,1,2026-09-11,State Bar of Texas Member Directory
Arooj Zafar Nazir,,,,,TX,Collin,,,General,,,Dallas-Fort Worth,4,1,2026-09-11,State Bar of Texas Member Directory
Arthur Johnson,,,,,TX,Collin,,,General,,,Dallas-Fort Worth,4,1,2026-09-11,State Bar of Texas Member Directory
Asad Rahman,,,,,TX,Collin,214-384-6410,,General,,,Dallas-Fort Worth,4,1,2026-09-11,State Bar of Texas Member Directory
Asha Tania Sidle,,,,,TX,Collin,972-324-2453,,General,,,Dallas-Fort Worth,4,1,2026-09-11,State Bar of Texas Member Directory
Ashley Burnette Smith,,,,,TX,Collin,,,General,,,Dallas-Fort Worth,4,1,2026-09-11,State Bar of Texas Member Directory
Ashley Homafar,,,,,TX,Collin,,,General,,,Dallas-Fort Worth,4,1,2026-09-11,State Bar of Texas Member Directory
"Ashley McSwain Law, PLLC",,,,,TX,Collin,,,Criminal Defense,,,Dallas-Fort Worth,5,1,2026-09-11,State Bar of Texas Member Directory
Ashley Nichole Davis,,,,,TX,Collin,,,General,,,Dallas-Fort Worth,4,1,2026-09-11,State Bar of Texas Member Directory
Ashley Tseung,,,,,TX,Collin,,,Immigration,,,Dallas-Fort Worth,2,1,2026-09-11,State Bar of Texas Member Directory
Ashurst Perkins Coie US LLP,,,,,TX,Collin,,,General,,,Dallas-Fort Worth,4,1,2026-09-11,State Bar of Texas Member Directory
Asim Javaid Akhtar,,,,,TX,Collin,,,General,,,Dallas-Fort Worth,4,1,2026-09-11,State Bar of Texas Member Directory
Asiya Salejee,,,,,TX,Collin,,,Estate Planning,,,Dallas-Fort Worth,2,1,2026-09-11,State Bar of Texas Member Directory
Asli Koksal,,,,,TX,Collin,,,General,,,Dallas-Fort Worth,4,1,2026-09-11,State Bar of Texas Member Directory
Aubrey Joy Wright Stock,,,,,TX,Collin,469-525-0061,,General,,,Dallas-Fort Worth,4,1,2026-09-11,State Bar of Texas Member Directory
Aubrie Erin Lee Rhodes,,,,,TX,Collin,,,General,,,Dallas-Fort Worth,4,1,2026-09-11,State Bar of Texas Member Directory
Audrey Garnett,,,,,TX,Collin,214-893-3924,,Criminal Defense,,,Dallas-Fort Worth,5,1,2026-09-11,State Bar of Texas Member Directory
Aundrea Lauren Gamble Holt,,,,,TX,Collin,,,Employment Law,,,Dallas-Fort Worth,3,1,2026-09-11,State Bar of Texas Member Directory
Austin Zachary Pugh,,,,,TX,Collin,,,General,,,Dallas-Fort Worth,4,1,2026-09-11,State Bar of Texas Member Directory
Ayesha Jain,,,,,TX,Collin,,,General,,,Dallas-Fort Worth,4,1,2026-09-11,State Bar of Texas Member Directory
Ayesha Maryam Khawaja Husain,,,,,TX,Collin,,,General,,,Dallas-Fort Worth,4,1,2026-09-11,State Bar of Texas Member Directory
Ayumary M. Fitzgerald,,,,,TX,Collin,,,Immigration,,,Dallas-Fort Worth,2,1,2026-09-11,State Bar of Texas Member Directory
Azhar Ahmed Hussain,,,,,TX,Collin,,,General,,,Dallas-Fort Worth,4,1,2026-09-11,State Bar of Texas Member Directory
BARBRI,,,,,TX,Collin,214-914-7920,,Bankruptcy,,,Dallas-Fort Worth,2,1,2026-09-11,State Bar of Texas Member Directory
BKTurner PC,,,,,TX,Collin,,,General,,,Dallas-Fort Worth,4,1,2026-09-11,State Bar of Texas Member Directory
Barry M. Rosen,,,,,TX,Collin,,,Real Estate,,,Dallas-Fort Worth,2,1,2026-09-11,State Bar of Texas Member Directory
Be Squared,,,,,TX,Collin,,,General,,,Dallas-Fort Worth,4,1,2026-09-11,State Bar of Texas Member Directory
Benjamin Carter Whisman,,,,,TX,Collin,,,General,,,Dallas-Fort Worth,4,1,2026-09-11,State Bar of Texas Member Directory
Beverly Lynn Gaines Towery,,,,,TX,Collin,972-489-4616,,Estate Planning,,,Dallas-Fort Worth,2,1,2026-09-11,State Bar of Texas Member Directory
Bilal Mustafa Siddiqui,,,,,TX,Collin,,,General,,,Dallas-Fort Worth,4,1,2026-09-11,State Bar of Texas Member Directory
Billye Jo Gann,,,,,TX,Collin,,,Estate Planning,,,Dallas-Fort Worth,2,1,2026-09-11,State Bar of Texas Member Directory
"Black & Skaggs, P.C.",,,,,TX,Collin,,,Employment Law,,,Dallas-Fort Worth,3,1,2026-09-11,State Bar of Texas Member Directory
Blair Kathleen Hendrix,,,,,TX,Collin,,,General,,,Dallas-Fort Worth,4,1,2026-09-11,State Bar of Texas Member Directory
Brandi J. Greene,,,,,TX,Collin,,,General,,,Dallas-Fort Worth,4,1,2026-09-11,State Bar of Texas Member Directory
Brandie M Koch,,,,,TX,Collin,,,General,,,Dallas-Fort Worth,4,1,2026-09-11,State Bar of Texas Member Directory
Brandon Michael Duck,,,,,TX,Collin,,,Personal Injury,,,Dallas-Fort Worth,5,1,2026-09-11,State Bar of Texas Member Directory
Brenda Mariela Carrillo,,,,,TX,Collin,,,General,,,Dallas-Fort Worth,4,1,2026-09-11,State Bar of Texas Member Directory
Brendan Pak,,,,,TX,Collin,,,General,,,Dallas-Fort Worth,4,1,2026-09-11,State Bar of Texas Member Directory
Brian Alexander Mair,,,,,TX,Collin,972-732-1001,,General,,,Dallas-Fort Worth,4,1,2026-09-11,State Bar of Texas Member Directory
Brian E. Bonney,,,,,TX,Collin,,,General,,,Dallas-Fort Worth,4,1,2026-09-11,State Bar of Texas Member Directory
Brian Nguyen Phan,,,,,TX,Collin,,,Personal Injury,,,Dallas-Fort Worth,5,1,2026-09-11,State Bar of Texas Member Directory
Brielle Goldberg Stewart,,,,,TX,Collin,,,General,,,Dallas-Fort Worth,4,1,2026-09-11,State Bar of Texas Member Directory
Brijesh Kiran Patel,,,,,TX,Collin,,,General,,,Dallas-Fort Worth,4,1,2026-09-11,State Bar of Texas Member Directory
Brooke Afton Robinson,,,,,TX,Collin,,,General,,,Dallas-Fort Worth,4,1,2026-09-11,State Bar of Texas Member Directory
Brooke Arden Benedict,,,,,TX,Collin,,,General,,,Dallas-Fort Worth,4,1,2026-09-11,State Bar of Texas Member Directory
Bryan Christopher Bond,,,,,TX,Collin,,,Criminal Defense,,,Dallas-Fort Worth,5,1,2026-09-11,State Bar of Texas Member Directory
CIPPC,,,,,TX,Collin,,,General,,,Dallas-Fort Worth,4,1,2026-09-11,State Bar of Texas Member Directory
Callie Louise Puckett Hall,,,,,TX,Collin,,,General,,,Dallas-Fort Worth,4,1,2026-09-11,State Bar of Texas Member Directory
Callum Stuart Ross,,,,,TX,Collin,,,General,,,Dallas-Fort Worth,4,1,2026-09-11,State Bar of Texas Member Directory
Cametra Allenette Thompson,,,,,TX,Collin,,,General,,,Dallas-Fort Worth,4,1,2026-09-11,State Bar of Texas Member Directory
Carissa Peterson,,,,,TX,Collin,,,General,,,Dallas-Fort Worth,4,1,2026-09-11,State Bar of Texas Member Directory
Carlton James Webb,,,,,TX,Collin,,,General,,,Dallas-Fort Worth,4,1,2026-09-11,State Bar of Texas Member Directory
Carmel Abuzaid,,,,,TX,Collin,,,General,,,Dallas-Fort Worth,4,1,2026-09-11,State Bar of Texas Member Directory
Carolina Eder-Weaver,,,,,TX,Collin,,,General,,,Dallas-Fort Worth,4,1,2026-09-11,State Bar of Texas Member Directory; State Bar self-reported website
Carolyn Ann Kearney Fiorello,,,,,TX,Collin,,,General,,,Dallas-Fort Worth,4,1,2026-09-11,State Bar of Texas Member Directory
Carroll Ashley Covert,,,,,TX,Collin,,,General,,,Dallas-Fort Worth,4,1,2026-09-11,State Bar of Texas Member Directory
"Carter Arnett, PLLC",,,,,TX,Collin,,,General,,,Dallas-Fort Worth,4,1,2026-09-11,State Bar of Texas Member Directory
Casey E. Brogan,,,,,TX,Collin,,,General,,,Dallas-Fort Worth,4,1,2026-09-11,State Bar of Texas Member Directory
Catharine Renee Gately,,,,,TX,Collin,,,General,,,Dallas-Fort Worth,4,1,2026-09-11,State Bar of Texas Member Directory
Catherine C. Kays,,,,,TX,Collin,,,Civil Litigation,,,Dallas-Fort Worth,3,1,2026-09-11,State Bar of Texas Member Directory
Catherine Cecile Weir,,,,,TX,Collin,,,General,,,Dallas-Fort Worth,4,1,2026-09-11,State Bar of Texas Member Directory
Catherine Elaine Bird,,,,,TX,Collin,,,General,,,Dallas-Fort Worth,4,1,2026-09-11,State Bar of Texas Member Directory
Cedric Lloyd Allen,,,,,TX,Collin,,,General,,,Dallas-Fort Worth,4,1,2026-09-11,State Bar of Texas Member Directory
Cem Uyar,,,,,TX,Collin,,,General,,,Dallas-Fort Worth,4,1,2026-09-11,State Bar of Texas Member Directory
"Champions Funding, LLC",,,,,TX,Collin,,,Real Estate,,,Dallas-Fort Worth,2,1,2026-09-11,State Bar of Texas Member Directory
Chang Lu,,,,,TX,Collin,,,General,,,Dallas-Fort Worth,4,1,2026-09-11,State Bar of Texas Member Directory
Charles A. Brill,,,,,TX,Collin,,,General,,,Dallas-Fort Worth,4,1,2026-09-11,State Bar of Texas Member Directory
Charles Franklin Brazell,,,,,TX,Collin,,,General,,,Dallas-Fort Worth,4,1,2026-09-11,State Bar of Texas Member Directory
Charles H. Brown,,,,,TX,Collin,,,General,,,Dallas-Fort Worth,4,1,2026-09-11,State Bar of Texas Member Directory
Charles Holford Mayer,,,,,TX,Collin,,,General,,,Dallas-Fort Worth,4,1,2026-09-11,State Bar of Texas Member Directory
Charles James Casper,,,,,TX,Collin,408-828-3642,,General,,,Dallas-Fort Worth,4,1,2026-09-11,State Bar of Texas Member Directory
Charles Kenneth Crider,,,,,TX,Collin,,,Real Estate,,,Dallas-Fort Worth,2,1,2026-09-11,State Bar of Texas Member Directory
Charlton Michel Messer,,,,,TX,Collin,,,General,,,Dallas-Fort Worth,4,1,2026-09-11,State Bar of Texas Member Directory
Christian Anthony Romero,,,,,TX,Collin,,,General,,,Dallas-Fort Worth,4,1,2026-09-11,State Bar of Texas Member Directory
Christian Steven Schultz,,,,,TX,Collin,,,General,,,Dallas-Fort Worth,4,1,2026-09-11,State Bar of Texas Member Directory
Christianah Ademola Aliu,,,,,TX,Collin,,,General,,,Dallas-Fort Worth,4,1,2026-09-11,State Bar of Texas Member Directory
Christie Erwin Crum,,,,,TX,Collin,,,Estate Planning,,,Dallas-Fort Worth,2,1,2026-09-11,State Bar of Texas Member Directory
Christina Nicole Pacudan,,,,,TX,Collin,,,Employment Law,,,Dallas-Fort Worth,3,1,2026-09-11,State Bar of Texas Member Directory
Christina Y. Suh,,,,,TX,Collin,,,Civil Rights,,,Dallas-Fort Worth,3,1,2026-09-11,State Bar of Texas Member Directory
Christopher Allan Buchanan,,,,,TX,Collin,,,General,,,Dallas-Fort Worth,4,1,2026-09-11,State Bar of Texas Member Directory
Christopher Engel Craven,,,,,TX,Collin,,,Employment Law,,,Dallas-Fort Worth,3,1,2026-09-11,State Bar of Texas Member Directory
Christopher Lon Blackburn,,,,,TX,Collin,760-382-9662,,General,,,Dallas-Fort Worth,4,1,2026-09-11,State Bar of Texas Member Directory
Christopher Thomas Gorman,,,,,TX,Collin,,,General,,,Dallas-Fort Worth,4,1,2026-09-11,State Bar of Texas Member Directory
Christy Lynn Pennington,,,,,TX,Collin,,,Real Estate,,,Dallas-Fort Worth,2,1,2026-09-11,State Bar of Texas Member Directory
"Cinclair Law, PLLC",,,,,TX,Collin,214-683-0859,,Real Estate,,,Dallas-Fort Worth,2,1,2026-09-11,State Bar of Texas Member Directory
Civitas Capital Group,,,,,TX,Collin,214-572-2330,,General,,,Dallas-Fort Worth,4,1,2026-09-11,State Bar of Texas Member Directory
Claire Teresa Huntsman,,,,,TX,Collin,,,General,,,Dallas-Fort Worth,4,1,2026-09-11,State Bar of Texas Member Directory
Cody Rogers,,,,,TX,Collin,,,Estate Planning,,,Dallas-Fort Worth,2,1,2026-09-11,State Bar of Texas Member Directory
"Colantoni, Collins, Marren, Phillips & Tulk, LLP",,,,,TX,Collin,855-396-1220,,Workers' Compensation,,,Dallas-Fort Worth,5,1,2026-09-11,State Bar of Texas Member Directory
Connor Ruwe,,,,,TX,Collin,,,General,,,Dallas-Fort Worth,4,1,2026-09-11,State Bar of Texas Member Directory
Cosmetic Physician Partners,,,,,TX,Collin,,,General,,,Dallas-Fort Worth,4,1,2026-09-11,State Bar of Texas Member Directory; State Bar self-reported website
Courtney Tayler Potts,,,,,TX,Collin,,,General,,,Dallas-Fort Worth,4,1,2026-09-11,State Bar of Texas Member Directory
Cristina Celina Cant Blinkiewicz,,,,,TX,Collin,,,General,,,Dallas-Fort Worth,4,1,2026-09-11,State Bar of Texas Member Directory
Cristina Iliana Torres,,,,,TX,Collin,,,General,,,Dallas-Fort Worth,4,1,2026-09-11,State Bar of Texas Member Directory
Cristina Raquel Silva,,,,,TX,Collin,,,Immigration,,,Dallas-Fort Worth,2,1,2026-09-11,State Bar of Texas Member Directory
Crystal Ann Prince Reeves,,,,,TX,Collin,,,General,,,Dallas-Fort Worth,4,1,2026-09-11,State Bar of Texas Member Directory
Cydney Jeheida Archie,,,,,TX,Collin,,,General,,,Dallas-Fort Worth,4,1,2026-09-11,State Bar of Texas Member Directory
Cynthia Jo Grant,,,,,TX,Collin,,,Employment Law,,,Dallas-Fort Worth,3,1,2026-09-11,State Bar of Texas Member Directory
Dana Ayagh,,,,,TX,Collin,,,General,,,Dallas-Fort Worth,4,1,2026-09-11,State Bar of Texas Member Directory
Dana Erin Candelario,,,,,TX,Collin,,,General,,,Dallas-Fort Worth,4,1,2026-09-11,State Bar of Texas Member Directory
Daniel Barber,,,,,TX,Collin,,,Criminal Defense,,,Dallas-Fort Worth,5,1,2026-09-11,State Bar of Texas Member Directory
Daniel Havala,,,,,TX,Collin,,,General,,,Dallas-Fort Worth,4,1,2026-09-11,State Bar of Texas Member Directory
Daniel Joseph Rosenberg,,,,,TX,Collin,,,Real Estate,,,Dallas-Fort Worth,2,1,2026-09-11,State Bar of Texas Member Directory
Daniel M. Shusterman,,,,,TX,Collin,214-769-5119,,General,,,Dallas-Fort Worth,4,1,2026-09-11,State Bar of Texas Member Directory
Daniel Neil Eckstein,,,,,TX,Collin,,,General,,,Dallas-Fort Worth,4,1,2026-09-11,State Bar of Texas Member Directory
Danielle Candice Watson,,,,,TX,Collin,,,Personal Injury,,,Dallas-Fort Worth,5,1,2026-09-11,State Bar of Texas Member Directory
Daniiar Tashbekov,,,,,TX,Collin,361-288-5874,,General,,,Dallas-Fort Worth,4,1,2026-09-11,State Bar of Texas Member Directory
Dariel Ramirez,,,,,TX,Collin,512-463-0120,,General,,,Dallas-Fort Worth,4,1,2026-09-11,State Bar of Texas Member Directory
Darrin M. Berlof,,,,,TX,Collin,,,Criminal Defense,,,Dallas-Fort Worth,5,1,2026-09-11,State Bar of Texas Member Directory
Darryl R. Marsch,,,,,TX,Collin,,,General,,,Dallas-Fort Worth,4,1,2026-09-11,State Bar of Texas Member Directory
Darya Seraj,,,,,TX,Collin,,,General,,,Dallas-Fort Worth,4,1,2026-09-11,State Bar of Texas Member Directory
David Bailey Martin,,,,,TX,Collin,,,General,,,Dallas-Fort Worth,4,1,2026-09-11,State Bar of Texas Member Directory
David Hamilton Hitt,,,,,TX,Collin,,,General,,,Dallas-Fort Worth,4,1,2026-09-11,State Bar of Texas Member Directory
David James Wilson,,,,,TX,Collin,,,General,,,Dallas-Fort Worth,4,1,2026-09-11,State Bar of Texas Member Directory
David Neal Schwartz,,,,,TX,Collin,,,General,,,Dallas-Fort Worth,4,1,2026-09-11,State Bar of Texas Member Directory
David S. Reese,,,,,TX,Collin,,,General,,,Dallas-Fort Worth,4,1,2026-09-11,State Bar of Texas Member Directory
Dean H. Blythe,,,,,TX,Collin,210-602-0566,,General,,,Dallas-Fort Worth,4,1,2026-09-11,State Bar of Texas Member Directory
Dean Thomas Wallace,,,,,TX,Collin,,,General,,,Dallas-Fort Worth,4,1,2026-09-11,State Bar of Texas Member Directory
"Debra K. Simpson, PLLC",,,,,TX,Collin,214-315-0480,,General,,,Dallas-Fort Worth,4,1,2026-09-11,State Bar of Texas Member Directory
Demidchik Law Firm,,,,,TX,Collin,,,General,,,Dallas-Fort Worth,4,1,2026-09-11,State Bar of Texas Member Directory
Dena Marie Rodrick,,,,,TX,Collin,,,General,,,Dallas-Fort Worth,4,1,2026-09-11,State Bar of Texas Member Directory
Destiny Tatum,,,,,TX,Collin,,,Estate Planning,,,Dallas-Fort Worth,2,1,2026-09-11,State Bar of Texas Member Directory
Diana Yasmin Wood,,,,,TX,Collin,,,Personal Injury,,,Dallas-Fort Worth,5,1,2026-09-11,State Bar of Texas Member Directory
Diane Michelle Parker,,,,,TX,Collin,972-473-8672,,Criminal Defense,,,Dallas-Fort Worth,5,1,2026-09-11,State Bar of Texas Member Directory
Dianne Marie Mullins Pryor,,,,,TX,Collin,,,Employment Law,,,Dallas-Fort Worth,3,1,2026-09-11,State Bar of Texas Member Directory
Dimple Sehgal,,,,,TX,Collin,,,General,,,Dallas-Fort Worth,4,1,2026-09-11,State Bar of Texas Member Directory
Dominick Enrico Chionchio,,,,,TX,Collin,,,General,,,Dallas-Fort Worth,4,1,2026-09-11,State Bar of Texas Member Directory
Domitille Isabelle Laurence Braule,,,,,TX,Collin,,,General,,,Dallas-Fort Worth,4,1,2026-09-11,State Bar of Texas Member Directory
Donna Marie Jones Anderson-Perry,,,,,TX,Collin,,,General,,,Dallas-Fort Worth,4,1,2026-09-11,State Bar of Texas Member Directory
Donya Tartibi,,,,,TX,Collin,,,General,,,Dallas-Fort Worth,4,1,2026-09-11,State Bar of Texas Member Directory
Dorene A. Kuffer,,,,,TX,Collin,505-225-6060,,General,,,Dallas-Fort Worth,4,1,2026-09-11,State Bar of Texas Member Directory
Douglas W. Skemp,,,,,TX,Collin,,,Criminal Defense,,,Dallas-Fort Worth,5,1,2026-09-11,State Bar of Texas Member Directory
Duffley Law PLLC,https://duffleylaw.com/,,,,TX,Collin,832-843-1511,,Estate Planning,,,Dallas-Fort Worth,2,1,2026-09-11,State Bar of Texas Member Directory; State Bar self-reported website
East Goitom Berhane,,,,,TX,Collin,,,General,,,Dallas-Fort Worth,4,1,2026-09-11,State Bar of Texas Member Directory
"Edell, Shapiro & Finnan",,,,,TX,Collin,,,General,,,Dallas-Fort Worth,4,1,2026-09-11,State Bar of Texas Member Directory
Edriana Kimberly Jones,,,,,TX,Collin,,,General,,,Dallas-Fort Worth,4,1,2026-09-11,State Bar of Texas Member Directory
Edward Estrada,,,,,TX,Collin,,,General,,,Dallas-Fort Worth,4,1,2026-09-11,State Bar of Texas Member Directory
Edward L. Scherer,,,,,TX,Collin,832-689-1100,,Criminal Defense,,,Dallas-Fort Worth,5,1,2026-09-11,State Bar of Texas Member Directory
Effectual,,,,,TX,Collin,,,General,,,Dallas-Fort Worth,4,1,2026-09-11,State Bar of Texas Member Directory
Efren Ordonez,,,,,TX,Collin,,,General,,,Dallas-Fort Worth,4,1,2026-09-11,State Bar of Texas Member Directory
Eli Wonjung Oh,,,,,TX,Collin,,,General,,,Dallas-Fort Worth,4,1,2026-09-11,State Bar of Texas Member Directory
Elisabeth Forsberg Whittemore,,,,,TX,Collin,,,General,,,Dallas-Fort Worth,4,1,2026-09-11,State Bar of Texas Member Directory
Elise Nicole Howard,,,,,TX,Collin,,,General,,,Dallas-Fort Worth,4,1,2026-09-11,State Bar of Texas Member Directory
Elisha Francesca Polk,,,,,TX,Collin,,,General,,,Dallas-Fort Worth,4,1,2026-09-11,State Bar of Texas Member Directory
Elizabeth Ann Moroz Harper,,,,,TX,Collin,214-726-5419,,General,,,Dallas-Fort Worth,4,1,2026-09-11,State Bar of Texas Member Directory
Elizabeth Ellington Kemp,,,,,TX,Collin,,,General,,,Dallas-Fort Worth,4,1,2026-09-11,State Bar of Texas Member Directory
Elizabeth Ini Ufot,,,,,TX,Collin,,,General,,,Dallas-Fort Worth,4,1,2026-09-11,State Bar of Texas Member Directory
Elizabeth K. Bradley,,,,,TX,Collin,610-348-9135,,General,,,Dallas-Fort Worth,4,1,2026-09-11,State Bar of Texas Member Directory
Elizabeth M. Hennig,,,,,TX,Collin,,,General,,,Dallas-Fort Worth,4,1,2026-09-11,State Bar of Texas Member Directory
Elizabeth-Anne Larsen,,,,,TX,Collin,,,General,,,Dallas-Fort Worth,4,1,2026-09-11,State Bar of Texas Member Directory
Emanuel Sapalo,,,,,TX,Collin,,,General,,,Dallas-Fort Worth,4,1,2026-09-11,State Bar of Texas Member Directory
Emery Ann Martinez,,,,,TX,Collin,,,General,,,Dallas-Fort Worth,4,1,2026-09-11,State Bar of Texas Member Directory
Emily Diane Newhouse,,,,,TX,Collin,512-522-7688,,General,,,Dallas-Fort Worth,4,1,2026-09-11,State Bar of Texas Member Directory
Emily Joy Dyer,,,,,TX,Collin,,,General,,,Dallas-Fort Worth,4,1,2026-09-11,State Bar of Texas Member Directory
Emily Lauren Pratt,,,,,TX,Collin,,,General,,,Dallas-Fort Worth,4,1,2026-09-11,State Bar of Texas Member Directory
Emily Schomburger Johnson,,,,,TX,Collin,,,General,,,Dallas-Fort Worth,4,1,2026-09-11,State Bar of Texas Member Directory
Eren Jennifer Tsai,,,,,TX,Collin,,,General,,,Dallas-Fort Worth,4,1,2026-09-11,State Bar of Texas Member Directory
Eric Anthony Hillerman,,,,,TX,Collin,,,Civil Litigation,,,Dallas-Fort Worth,3,1,2026-09-11,State Bar of Texas Member Directory
Eric Higdon,,,,,TX,Collin,,,General,,,Dallas-Fort Worth,4,1,2026-09-11,State Bar of Texas Member Directory
Eric P. Beasley,,,,,TX,Collin,214-577-1822,,Estate Planning,,,Dallas-Fort Worth,2,1,2026-09-11,State Bar of Texas Member Directory
Erica Lynn LeBlanc,,,,,TX,Collin,318-560-4592,,Employment Law,,,Dallas-Fort Worth,3,1,2026-09-11,State Bar of Texas Member Directory
Erin Ann Forward,,,,,TX,Collin,,,General,,,Dallas-Fort Worth,4,1,2026-09-11,State Bar of Texas Member Directory
Erin Elizabeth Clark,,,,,TX,Collin,,,General,,,Dallas-Fort Worth,4,1,2026-09-11,State Bar of Texas Member Directory
Erin R. Hebert,,,,,TX,Collin,,,General,,,Dallas-Fort Worth,4,1,2026-09-11,State Bar of Texas Member Directory
Essete Zelalem Workneh,,,,,TX,Collin,,,General,,,Dallas-Fort Worth,4,1,2026-09-11,State Bar of Texas Member Directory
Eugenia Aynne Strong Bayless,,,,,TX,Collin,214-662-1584,,Criminal Defense,,,Dallas-Fort Worth,5,1,2026-09-11,State Bar of Texas Member Directory
Eunsook Chang Maguire,,,,,TX,Collin,,,General,,,Dallas-Fort Worth,4,1,2026-09-11,State Bar of Texas Member Directory
Eva Kardosi Stark,,,,,TX,Collin,,,General,,,Dallas-Fort Worth,4,1,2026-09-11,State Bar of Texas Member Directory
"Fair Texas Title, LLC",,,,,TX,Collin,,,Real Estate,,,Dallas-Fort Worth,2,1,2026-09-11,State Bar of Texas Member Directory
Faith Stovall James,https://www.faithjamescoaching.com/,,,,TX,Collin,,faith@faithjamescoaching.com,General,,,Dallas-Fort Worth,4,1,2026-09-11,State Bar of Texas Member Directory; State Bar self-reported website
Fallon Winnett,,,,,TX,Collin,469-644-1544,,Criminal Defense,,,Dallas-Fort Worth,5,1,2026-09-11,State Bar of Texas Member Directory
Fei Hwa Du,,,,,TX,Collin,,,Personal Injury,,,Dallas-Fort Worth,5,1,2026-09-11,State Bar of Texas Member Directory
Fermi America,,,,,TX,Collin,,,Real Estate,,,Dallas-Fort Worth,2,1,2026-09-11,State Bar of Texas Member Directory
Feyisola Olayinka Shadiya,,,,,TX,Collin,,,General,,,Dallas-Fort Worth,4,1,2026-09-11,State Bar of Texas Member Directory
Fidelity Information Systems,,,,,TX,Collin,,,General,,,Dallas-Fort Worth,4,1,2026-09-11,State Bar of Texas Member Directory
"Fisher Retirement Solutions, LLC",,,,,TX,Collin,945-258-0274,,General,,,Dallas-Fort Worth,4,1,2026-09-11,State Bar of Texas Member Directory
"Flahive, Ogden, & Latson",,,,,TX,Collin,512-769-1615,,Workers' Compensation,,,Dallas-Fort Worth,5,1,2026-09-11,State Bar of Texas Member Directory
Flint Cooper Thompson Cohn Miracle,,,,,TX,Collin,214-415-9823,,Personal Injury,,,Dallas-Fort Worth,5,1,2026-09-11,State Bar of Texas Member Directory
Frank Miles Barnes,,,,,TX,Collin,,,Civil Litigation,,,Dallas-Fort Worth,3,1,2026-09-11,State Bar of Texas Member Directory
Frederick Joseph Barrow,,,,,TX,Collin,,,Employment Law,,,Dallas-Fort Worth,3,1,2026-09-11,State Bar of Texas Member Directory
Gail Van Winkle,,,,,TX,Collin,,,Criminal Defense,,,Dallas-Fort Worth,5,1,2026-09-11,State Bar of Texas Member Directory
Garrett James Smith,,,,,TX,Collin,,,General,,,Dallas-Fort Worth,4,1,2026-09-11,State Bar of Texas Member Directory
Garrett Lynn Singleton,,,,,TX,Collin,,,General,,,Dallas-Fort Worth,4,1,2026-09-11,State Bar of Texas Member Directory
Gary Alan Armstrong,,,,,TX,Collin,,,General,,,Dallas-Fort Worth,4,1,2026-09-11,State Bar of Texas Member Directory
Gary Len Leach,,,,,TX,Collin,972-679-9851,,General,,,Dallas-Fort Worth,4,1,2026-09-11,State Bar of Texas Member Directory
Georgios Mavros,,,,,TX,Collin,,,General,,,Dallas-Fort Worth,4,1,2026-09-11,State Bar of Texas Member Directory
Gerard Faulkner,,,,,TX,Collin,,,Real Estate,,,Dallas-Fort Worth,2,1,2026-09-11,State Bar of Texas Member Directory
Ghazal Asrar Vahora,,,,,TX,Collin,,,General,,,Dallas-Fort Worth,4,1,2026-09-11,State Bar of Texas Member Directory
"Ginigeme Law Firm, PLLC",https://www.ginigemelawfirm.com/,,,,TX,Collin,214-680-1299,contact@ginigemelawfirm.com,General,,,Dallas-Fort Worth,4,1,2026-09-11,State Bar of Texas Member Directory; State Bar self-reported website
Gladys Annai Marcos,,,,,TX,Collin,,,General,,,Dallas-Fort Worth,4,1,2026-09-11,State Bar of Texas Member Directory
Glen Blanscet,,,,,TX,Collin,,,General,,,Dallas-Fort Worth,4,1,2026-09-11,State Bar of Texas Member Directory
Glenn Thomas Lupo,,,,,TX,Collin,,,General,,,Dallas-Fort Worth,4,1,2026-09-11,State Bar of Texas Member Directory
"Goodhue, Coleman & Owens, P.C.",https://www.goodhue.com:443/,,,,TX,Collin,469-299-4699,info@goodhue.com,General,,,Dallas-Fort Worth,4,1,2026-09-11,State Bar of Texas Member Directory; State Bar self-reported website
Grace Castillo Shearman,,,,,TX,Collin,,,General,,,Dallas-Fort Worth,4,1,2026-09-11,State Bar of Texas Member Directory
"GreenSky, LLC",,,,,TX,Collin,,,General,,,Dallas-Fort Worth,4,1,2026-09-11,State Bar of Texas Member Directory
Greenfield IP Law,,,,,TX,Collin,214-906-6356,,General,,,Dallas-Fort Worth,4,1,2026-09-11,State Bar of Texas Member Directory
Greenspoon Marder LLP,https://www.gmlaw.com/,,,,TX,Collin,888-491-1120,,Civil Litigation,,,Dallas-Fort Worth,3,1,2026-09-11,State Bar of Texas Member Directory; State Bar self-reported website
Gregory Brian Garrison,,,,,TX,Collin,,,General,,,Dallas-Fort Worth,4,1,2026-09-11,State Bar of Texas Member Directory
Gregory Demond McGhee,,,,,TX,Collin,214-674-2289,,Personal Injury,,,Dallas-Fort Worth,5,1,2026-09-11,State Bar of Texas Member Directory
Gregory Donald Williams,,,,,TX,Collin,,,Civil Litigation,,,Dallas-Fort Worth,3,1,2026-09-11,State Bar of Texas Member Directory
Gregory John Fantin,,,,,TX,Collin,,,General,,,Dallas-Fort Worth,4,1,2026-09-11,State Bar of Texas Member Directory
Gregory Scott Langworthy,,,,,TX,Collin,,,Civil Litigation,,,Dallas-Fort Worth,3,1,2026-09-11,State Bar of Texas Member Directory
Gregory Steven Liss,,,,,TX,Collin,,,General,,,Dallas-Fort Worth,4,1,2026-09-11,State Bar of Texas Member Directory
Griffin Kate Evans,,,,,TX,Collin,,,General,,,Dallas-Fort Worth,4,1,2026-09-11,State Bar of Texas Member Directory
Haben Isaias Tewelde,,,,,TX,Collin,214-469-4702,,Civil Litigation,15 Canada Square,,Dallas-Fort Worth,3,1,2026-09-11,State Bar of Texas Member Directory
Hagerty Insurance,,,,,TX,Collin,214-551-5621,,General,,,Dallas-Fort Worth,4,1,2026-09-11,State Bar of Texas Member Directory
Haley Renee Stevers,,,,,TX,Collin,,,General,,,Dallas-Fort Worth,4,1,2026-09-11,State Bar of Texas Member Directory
Hanita K. Flora,,,,,TX,Collin,,,General,,,Dallas-Fort Worth,4,1,2026-09-11,State Bar of Texas Member Directory
Hannah Margaret Graber,,,,,TX,Collin,,,General,,,Dallas-Fort Worth,4,1,2026-09-11,State Bar of Texas Member Directory
Heather Brit Salmonsen-Klotz,,,,,TX,Collin,469-301-1122,,General,,,Dallas-Fort Worth,4,1,2026-09-11,State Bar of Texas Member Directory
Heather Danielle Allen,,,,,TX,Collin,,,General,,,Dallas-Fort Worth,4,1,2026-09-11,State Bar of Texas Member Directory
Helen Christine Kerwin,,,,,TX,Collin,,,General,,,Dallas-Fort Worth,4,1,2026-09-11,State Bar of Texas Member Directory
Helen Tzuyun Wang,,,,,TX,Collin,,,General,,,Dallas-Fort Worth,4,1,2026-09-11,State Bar of Texas Member Directory
Henry Ahamefule Ogwuegbu,,,,,TX,Collin,,,General,,,Dallas-Fort Worth,4,1,2026-09-11,State Bar of Texas Member Directory
Hiba Rashid,,,,,TX,Collin,,,General,,,Dallas-Fort Worth,4,1,2026-09-11,State Bar of Texas Member Directory
Hillary Lartiza DeGracia,,,,,TX,Collin,,,General,,,Dallas-Fort Worth,4,1,2026-09-11,State Bar of Texas Member Directory
Holland C. Hernandez,,,,,TX,Collin,972-587-9079,,General,,,Dallas-Fort Worth,4,1,2026-09-11,State Bar of Texas Member Directory
Hollie Nicole Washington,,,,,TX,Collin,,,General,,,Dallas-Fort Worth,4,1,2026-09-11,State Bar of Texas Member Directory
Holly Breese Kelly,,,,,TX,Collin,,,General,,,Dallas-Fort Worth,4,1,2026-09-11,State Bar of Texas Member Directory
Holly Mischelle Randall,,,,,TX,Collin,,,General,,,Dallas-Fort Worth,4,1,2026-09-11,State Bar of Texas Member Directory
Holly P. Barnett,,,,,TX,Collin,,,General,,,Dallas-Fort Worth,4,1,2026-09-11,State Bar of Texas Member Directory
Hunter Keith Tackett,,,,,TX,Collin,,,General,,,Dallas-Fort Worth,4,1,2026-09-11,State Bar of Texas Member Directory
Hutcheson Bowers LLLP,,,,,TX,Collin,,,General,,,Dallas-Fort Worth,4,1,2026-09-11,State Bar of Texas Member Directory
ICE Mortgage Technology,,,,,TX,Collin,,,Real Estate,,,Dallas-Fort Worth,2,1,2026-09-11,State Bar of Texas Member Directory
IES Abroad,,,,,TX,Collin,,,General,,,Dallas-Fort Worth,4,1,2026-09-11,State Bar of Texas Member Directory
Ian Michael Angkiangco,,,,,TX,Collin,,,Real Estate,,,Dallas-Fort Worth,2,1,2026-09-11,State Bar of Texas Member Directory
Ifunanya Stephanie Ngadi,,,,,TX,Collin,,,Real Estate,,,Dallas-Fort Worth,2,1,2026-09-11,State Bar of Texas Member Directory
Insurance Defense,,,,,TX,Collin,,,General,,,Dallas-Fort Worth,4,1,2026-09-11,State Bar of Texas Member Directory
"Integrity, LLC",,,,,TX,Collin,,,General,,,Dallas-Fort Worth,4,1,2026-09-11,State Bar of Texas Member Directory
InterDigital,,,,,TX,Collin,,,General,,,Dallas-Fort Worth,4,1,2026-09-11,State Bar of Texas Member Directory
J. Arthur Hudman,,,,,TX,Collin,,,Real Estate,,,Dallas-Fort Worth,2,1,2026-09-11,State Bar of Texas Member Directory
Jack Henry & Associates,,,,,TX,Collin,,,Employment Law,,,Dallas-Fort Worth,3,1,2026-09-11,State Bar of Texas Member Directory
Jack Ryan Gallagher,,,,,TX,Collin,,,General,,,Dallas-Fort Worth,4,1,2026-09-11,State Bar of Texas Member Directory
Jackson Tyler Hall,,,,,TX,Collin,,,General,,,Dallas-Fort Worth,4,1,2026-09-11,State Bar of Texas Member Directory
Jada Imani Haynes,,,,,TX,Collin,,,General,,,Dallas-Fort Worth,4,1,2026-09-11,State Bar of Texas Member Directory
Jae-Lyn Marie Overton,,,,,TX,Collin,,,General,,,Dallas-Fort Worth,4,1,2026-09-11,State Bar of Texas Member Directory
James A. Lank,,,,,TX,Collin,,,General,,,Dallas-Fort Worth,4,1,2026-09-11,State Bar of Texas Member Directory
James E. Etheridge,,,,,TX,Collin,,,General,,,Dallas-Fort Worth,4,1,2026-09-11,State Bar of Texas Member Directory
James Kennedy Teringo,,,,,TX,Collin,,,General,,,Dallas-Fort Worth,4,1,2026-09-11,State Bar of Texas Member Directory
Jamie Noel Seaberry,,,,,TX,Collin,,,Personal Injury,,,Dallas-Fort Worth,5,1,2026-09-11,State Bar of Texas Member Directory
Janel Obianuju Okafor,,,,,TX,Collin,,,General,,,Dallas-Fort Worth,4,1,2026-09-11,State Bar of Texas Member Directory
Janelle Lauren Davis,,,,,TX,Collin,214-651-5824,,General,,,Dallas-Fort Worth,4,1,2026-09-11,State Bar of Texas Member Directory
Jared Christopher Ross,,,,,TX,Collin,,,General,,,Dallas-Fort Worth,4,1,2026-09-11,State Bar of Texas Member Directory
Jared James Mackenzie,,,,,TX,Collin,,,General,,,Dallas-Fort Worth,4,1,2026-09-11,State Bar of Texas Member Directory
Jasmine Eseosa Isokpunwu,,,,,TX,Collin,,,General,,,Dallas-Fort Worth,4,1,2026-09-11,State Bar of Texas Member Directory
Jason Edward Rodda,,,,,TX,Collin,,,General,,,Dallas-Fort Worth,4,1,2026-09-11,State Bar of Texas Member Directory
Jason Hyun Oh,,,,,TX,Collin,469-227-0871,,General,,,Dallas-Fort Worth,4,1,2026-09-11,State Bar of Texas Member Directory
Jayme Michelle Altemus,,,,,TX,Collin,,,Real Estate,,,Dallas-Fort Worth,2,1,2026-09-11,State Bar of Texas Member Directory
Jazmine Alyse Smith,,,,,TX,Collin,,,Criminal Defense,,,Dallas-Fort Worth,5,1,2026-09-11,State Bar of Texas Member Directory
Jazz Pharmaceuticals,,,,,TX,Collin,,,Bankruptcy,,,Dallas-Fort Worth,2,1,2026-09-11,State Bar of Texas Member Directory
Jean-Marie Anderson,,,,,TX,Collin,972-548-4352,,Criminal Defense,,,Dallas-Fort Worth,5,1,2026-09-11,State Bar of Texas Member Directory
Jeanne Scott Duke,,,,,TX,Collin,,,Estate Planning,,,Dallas-Fort Worth,2,1,2026-09-11,State Bar of Texas Member Directory
Jecob Han Young Yang,,,,,TX,Collin,,,General,,,Dallas-Fort Worth,4,1,2026-09-11,State Bar of Texas Member Directory
Jefferson James Harwell,,,,,TX,Collin,,,General,,,Dallas-Fort Worth,4,1,2026-09-11,State Bar of Texas Member Directory
Jeffrey Alan Hubbard,,,,,TX,Collin,214-814-5117,,Estate Planning,,,Dallas-Fort Worth,2,1,2026-09-11,State Bar of Texas Member Directory; State Bar self-reported website
Jeffrey D. Fudge,,,,,TX,Collin,,,General,,,Dallas-Fort Worth,4,1,2026-09-11,State Bar of Texas Member Directory
Jeffrey H. Liebling,,,,,TX,Collin,,,General,,,Dallas-Fort Worth,4,1,2026-09-11,State Bar of Texas Member Directory
Jeffrey Rishad Ghouse,,,,,TX,Collin,,,General,,,Dallas-Fort Worth,4,1,2026-09-11,State Bar of Texas Member Directory
Jeffrey Scott Adamcik,,,,,TX,Collin,,,General,,,Dallas-Fort Worth,4,1,2026-09-11,State Bar of Texas Member Directory
Jeffrey Scott Valliere,,,,,TX,Collin,,,General,,,Dallas-Fort Worth,4,1,2026-09-11,State Bar of Texas Member Directory
Jennifer Kutz O'Dwyer,,,,,TX,Collin,,,General,,,Dallas-Fort Worth,4,1,2026-09-11,State Bar of Texas Member Directory
Jennifer Marie Kentner,,,,,TX,Collin,,,General,,,Dallas-Fort Worth,4,1,2026-09-11,State Bar of Texas Member Directory
Jennifer Smith Kelleher,,,,,TX,Collin,,,Estate Planning,,,Dallas-Fort Worth,2,1,2026-09-11,State Bar of Texas Member Directory
Jerrold Kevin Young,,,,,TX,Collin,469-400-9609,,Civil Litigation,,,Dallas-Fort Worth,3,1,2026-09-11,State Bar of Texas Member Directory
Jerry Ray McClain,,,,,TX,Collin,214-986-4529,,Civil Litigation,,,Dallas-Fort Worth,3,1,2026-09-11,State Bar of Texas Member Directory
Jesse Reza Dadres,,,,,TX,Collin,,,General,,,Dallas-Fort Worth,4,1,2026-09-11,State Bar of Texas Member Directory
Jessica Ann McVey,,,,,TX,Collin,,,General,,,Dallas-Fort Worth,4,1,2026-09-11,State Bar of Texas Member Directory
Jessica Elaine Anderson,,,,,TX,Collin,,,Employment Law,,,Dallas-Fort Worth,3,1,2026-09-11,State Bar of Texas Member Directory
Jessica Lyn Watts,,,,,TX,Collin,214-395-9070,,Civil Litigation,,,Dallas-Fort Worth,3,1,2026-09-11,State Bar of Texas Member Directory
Jikku Jacob John,,,,,TX,Collin,,,General,,,Dallas-Fort Worth,4,1,2026-09-11,State Bar of Texas Member Directory
JoAnn M. Dodson,,,,,TX,Collin,,,General,,,Dallas-Fort Worth,4,1,2026-09-11,State Bar of Texas Member Directory
Joe D. Pumphrey,,,,,TX,Collin,,,Real Estate,,,Dallas-Fort Worth,2,1,2026-09-11,State Bar of Texas Member Directory
Johanna M. Pang,,,,,TX,Collin,,,General,,,Dallas-Fort Worth,4,1,2026-09-11,State Bar of Texas Member Directory
John Clayton Moore,,,,,TX,Collin,972-788-1776,,General,,,Dallas-Fort Worth,4,1,2026-09-11,State Bar of Texas Member Directory
John Joseph Mongogna,,,,,TX,Collin,,,Personal Injury,,,Dallas-Fort Worth,5,1,2026-09-11,State Bar of Texas Member Directory
John L. McCraw,,,,,TX,Collin,,,General,,,Dallas-Fort Worth,4,1,2026-09-11,State Bar of Texas Member Directory
John O'Keefe Barry,,,,,TX,Collin,214-957-0853,,General,,,Dallas-Fort Worth,4,1,2026-09-11,State Bar of Texas Member Directory
John Rhys Brewer,,,,,TX,Collin,,,Real Estate,,,Dallas-Fort Worth,2,1,2026-09-11,State Bar of Texas Member Directory
John S. Grau,,,,,TX,Collin,,,General,,,Dallas-Fort Worth,4,1,2026-09-11,State Bar of Texas Member Directory
John Weddle,,,,,TX,Collin,,,General,,,Dallas-Fort Worth,4,1,2026-09-11,State Bar of Texas Member Directory
Johnoie A. Wright,,,,,TX,Collin,,,General,,,Dallas-Fort Worth,4,1,2026-09-11,State Bar of Texas Member Directory
Jonathan Coble Haldeman,,,,,TX,Collin,,,Estate Planning,,,Dallas-Fort Worth,2,1,2026-09-11,State Bar of Texas Member Directory
Jonathan James Bollozos,,,,,TX,Collin,,,General,,,Dallas-Fort Worth,4,1,2026-09-11,State Bar of Texas Member Directory
Jonathan Mak,,,,,TX,Collin,,,General,,,Dallas-Fort Worth,4,1,2026-09-11,State Bar of Texas Member Directory
Jonathan Mark Malan,,,,,TX,Collin,,,General,,,Dallas-Fort Worth,4,1,2026-09-11,State Bar of Texas Member Directory
Jonathan Ryan Clark,,,,,TX,Collin,,,General,,,Dallas-Fort Worth,4,1,2026-09-11,State Bar of Texas Member Directory
Jonathan W. Hall,,,,,TX,Collin,,,General,,,Dallas-Fort Worth,4,1,2026-09-11,State Bar of Texas Member Directory
Jonathan Yung-Sern Koh,,,,,TX,Collin,214-865-9178,,Civil Litigation,,,Dallas-Fort Worth,3,1,2026-09-11,State Bar of Texas Member Directory
"Jones-Craig Law Firm, PLLC",,,,,TX,Collin,972-204-5838,,Bankruptcy,,,Dallas-Fort Worth,2,1,2026-09-11,State Bar of Texas Member Directory
Jordan Nicholas Gonzales,,,,,TX,Collin,,,General,,,Dallas-Fort Worth,4,1,2026-09-11,State Bar of Texas Member Directory
Jordan Thomas Redler,,,,,TX,Collin,,,General,,,Dallas-Fort Worth,4,1,2026-09-11,State Bar of Texas Member Directory
Joseph Paul Heimsath,,,,,TX,Collin,,,General,,,Dallas-Fort Worth,4,1,2026-09-11,State Bar of Texas Member Directory
Joshua David Smentek,,,,,TX,Collin,,,General,,,Dallas-Fort Worth,4,1,2026-09-11,State Bar of Texas Member Directory
Josue Daniel Medina Argueta,,,,,TX,Collin,,,General,,,Dallas-Fort Worth,4,1,2026-09-11,State Bar of Texas Member Directory
Judith A. Knudsen,,,,,TX,Collin,,,Employment Law,,,Dallas-Fort Worth,3,1,2026-09-11,State Bar of Texas Member Directory
Judy Lynne Johnston,,,,,TX,Collin,,,General,,,Dallas-Fort Worth,4,1,2026-09-11,State Bar of Texas Member Directory
Jules I. Palmer Attorney at Law,,,,,TX,Collin,214-208-7644,,Civil Litigation,,,Dallas-Fort Worth,3,1,2026-09-11,State Bar of Texas Member Directory
Julie Anne Landen Hyland,,,,,TX,Collin,214-957-7713,,Employment Law,,,Dallas-Fort Worth,3,1,2026-09-11,State Bar of Texas Member Directory
Junru Yu,,,,,TX,Collin,,,General,,,Dallas-Fort Worth,4,1,2026-09-11,State Bar of Texas Member Directory; State Bar self-reported website
Justin Michael Tervooren,,,,,TX,Collin,,,General,,,Dallas-Fort Worth,4,1,2026-09-11,State Bar of Texas Member Directory
Justin Patrick McKinley,,,,,TX,Collin,214-444-3066,,General,,,Dallas-Fort Worth,4,1,2026-09-11,State Bar of Texas Member Directory
KERA,,,,,TX,Collin,214-346-5504,,General,,,Dallas-Fort Worth,4,1,2026-09-11,State Bar of Texas Member Directory
Karen Elaine Young,,,,,TX,Collin,,,General,,,Dallas-Fort Worth,4,1,2026-09-11,State Bar of Texas Member Directory
Kari A.R. Powell,,,,,TX,Collin,,,General,,,Dallas-Fort Worth,4,1,2026-09-11,State Bar of Texas Member Directory
Karmally Law Office PLLC,,,,,TX,Collin,,,Estate Planning,,,Dallas-Fort Worth,2,1,2026-09-11,State Bar of Texas Member Directory
Katherine Alexa Kern,,,,,TX,Collin,,,General,,,Dallas-Fort Worth,4,1,2026-09-11,State Bar of Texas Member Directory
Katherine Elizabeth Freeman,,,,,TX,Collin,,,Criminal Defense,,,Dallas-Fort Worth,5,1,2026-09-11,State Bar of Texas Member Directory
Katherine Fekula Gotcher,,,,,TX,Collin,,,General,,,Dallas-Fort Worth,4,1,2026-09-11,State Bar of Texas Member Directory
Katherine Michelle Jones,,,,,TX,Collin,,,General,,,Dallas-Fort Worth,4,1,2026-09-11,State Bar of Texas Member Directory
Kathy Jane Erickson,,,,,TX,Collin,,,General,,,Dallas-Fort Worth,4,1,2026-09-11,State Bar of Texas Member Directory; State Bar self-reported website
Katie A. Johnson,,,,,TX,Collin,,,General,,,Dallas-Fort Worth,4,1,2026-09-11,State Bar of Texas Member Directory
Keaton Jett Harlan,,,,,TX,Collin,,,General,,,Dallas-Fort Worth,4,1,2026-09-11,State Bar of Texas Member Directory
Keisha Nicole Crane,,,,,TX,Collin,,,General,,,Dallas-Fort Worth,4,1,2026-09-11,State Bar of Texas Member Directory
Keith E. Davis,,,,,TX,Collin,,,General,,,Dallas-Fort Worth,4,1,2026-09-11,State Bar of Texas Member Directory
Kelly Daniel Cook,,,,,TX,Collin,,,General,,,Dallas-Fort Worth,4,1,2026-09-11,State Bar of Texas Member Directory
Kelly Fletcher Schurr,,,,,TX,Collin,,,General,,,Dallas-Fort Worth,4,1,2026-09-11,State Bar of Texas Member Directory
Kelly Irene Dunham,,,,,TX,Collin,,,Real Estate,,,Dallas-Fort Worth,2,1,2026-09-11,State Bar of Texas Member Directory
Kelly Jean McLaughlin Schuler,,,,,TX,Collin,,,Estate Planning,,,Dallas-Fort Worth,2,1,2026-09-11,State Bar of Texas Member Directory
Kelsey Whitt Ferrari,,,,,TX,Collin,,,General,,,Dallas-Fort Worth,4,1,2026-09-11,State Bar of Texas Member Directory
Ken Raupple,,,,,TX,Collin,,,General,,,Dallas-Fort Worth,4,1,2026-09-11,State Bar of Texas Member Directory; State Bar self-reported website
Kenneth Aube,,,,,TX,Collin,,,General,,,Dallas-Fort Worth,4,1,2026-09-11,State Bar of Texas Member Directory
Kenneth Cedeno Retana,,,,,TX,Collin,972-249-5153,,General,,,Dallas-Fort Worth,4,1,2026-09-11,State Bar of Texas Member Directory
Kenneth L. Mott,,,,,TX,Collin,,,General,,,Dallas-Fort Worth,4,1,2026-09-11,State Bar of Texas Member Directory
Keon Michael Arjmandi,,,,,TX,Collin,,,General,,,Dallas-Fort Worth,4,1,2026-09-11,State Bar of Texas Member Directory
Kevin James Campbell,,,,,TX,Collin,972-591-1552,,General,,,Dallas-Fort Worth,4,1,2026-09-11,State Bar of Texas Member Directory
Kevin Quang Phan,,,,,TX,Collin,,,Criminal Defense,,,Dallas-Fort Worth,5,1,2026-09-11,State Bar of Texas Member Directory
Kevin Singh Kalra,,,,,TX,Collin,,,Civil Litigation,,,Dallas-Fort Worth,3,1,2026-09-11,State Bar of Texas Member Directory
Kiang-Ngiap Ivan Goh,,,,,TX,Collin,,,General,,,Dallas-Fort Worth,4,1,2026-09-11,State Bar of Texas Member Directory
Kim T. H. Dao,,,,,TX,Collin,,,Criminal Defense,,,Dallas-Fort Worth,5,1,2026-09-11,State Bar of Texas Member Directory
Kimberly Renee Cote,,,,,TX,Collin,,,General,,,Dallas-Fort Worth,4,1,2026-09-11,State Bar of Texas Member Directory
Kire' Jackson Vaughn,,,,,TX,Collin,,,General,,,Dallas-Fort Worth,4,1,2026-09-11,State Bar of Texas Member Directory
Krishara Loretta Johnson,,,,,TX,Collin,,,General,,,Dallas-Fort Worth,4,1,2026-09-11,State Bar of Texas Member Directory
Kyla B. Ellery,,,,,TX,Collin,,,General,,,Dallas-Fort Worth,4,1,2026-09-11,State Bar of Texas Member Directory
Kyle Lawrence Howe,,,,,TX,Collin,,,General,,,Dallas-Fort Worth,4,1,2026-09-11,State Bar of Texas Member Directory
Kyle William Bear,,,,,TX,Collin,,,Personal Injury,,,Dallas-Fort Worth,5,1,2026-09-11,State Bar of Texas Member Directory
"LAW OFFICE OF TREVOR POE, PLLC",,,,,TX,Collin,,,Estate Planning,,,Dallas-Fort Worth,2,1,2026-09-11,State Bar of Texas Member Directory
Lateefat Olaitan Adediran,,,,,TX,Collin,,,General,,,Dallas-Fort Worth,4,1,2026-09-11,State Bar of Texas Member Directory
Laura Jane Beaver,,,,,TX,Collin,,,General,,,Dallas-Fort Worth,4,1,2026-09-11,State Bar of Texas Member Directory
Laura Jean Thiemann,,,,,TX,Collin,,,Personal Injury,,,Dallas-Fort Worth,5,1,2026-09-11,State Bar of Texas Member Directory
Laura Kuhse,,,,,TX,Collin,,,General,,,Dallas-Fort Worth,4,1,2026-09-11,State Bar of Texas Member Directory
Laura Susana Bukata Vallejo,,,,,TX,Collin,,,General,,,Dallas-Fort Worth,4,1,2026-09-11,State Bar of Texas Member Directory
Lauren LaRavia,,,,,TX,Collin,,,General,,,Dallas-Fort Worth,4,1,2026-09-11,State Bar of Texas Member Directory
Lauren Michelle Wood,,,,,TX,Collin,,,Civil Litigation,,,Dallas-Fort Worth,3,1,2026-09-11,State Bar of Texas Member Directory
Lauren Pfieffer,,,,,TX,Collin,,,General,,,Dallas-Fort Worth,4,1,2026-09-11,State Bar of Texas Member Directory
"Law Firm of Davis & Sookoo, PLLC",,,,,TX,Collin,469-708-9529,,Real Estate,,,Dallas-Fort Worth,2,1,2026-09-11,State Bar of Texas Member Directory
Law Office of Barton M. Reeder,,,,,TX,Collin,214-938-1823,,Real Estate,,,Dallas-Fort Worth,2,1,2026-09-11,State Bar of Texas Member Directory
Law Office of G.D. Wigington PLLC,,,,,TX,Collin,469-235-1482,,General,,,Dallas-Fort Worth,4,1,2026-09-11,State Bar of Texas Member Directory
"Law Office of Joseph L. Parks, PLLC",,,,,TX,Collin,,,General,,,Dallas-Fort Worth,4,1,2026-09-11,State Bar of Texas Member Directory; State Bar self-reported website
Law Office of Keith Gore,,,,,TX,Collin,972-670-6288,,General,,,Dallas-Fort Worth,4,1,2026-09-11,State Bar of Texas Member Directory
"Law Office of Rita M. Boyd, P.C.",https://familyattorneytex.com/,,,,TX,Collin,972-380-8000,boydandboydlaw@aol.com,Estate Planning,,,Dallas-Fort Worth,2,1,2026-09-11,State Bar of Texas Member Directory; State Bar self-reported website
Law Offices Of Marston Alexander,,,,,TX,Collin,,,General,,,Dallas-Fort Worth,4,1,2026-09-11,State Bar of Texas Member Directory
"Law Offices of James Wallace III, PC",,,,,TX,Collin,,,General,,,Dallas-Fort Worth,4,1,2026-09-11,State Bar of Texas Member Directory
"Law Offices of Ross D. Betts, PLLC",,,,,TX,Collin,,,Real Estate,,,Dallas-Fort Worth,2,1,2026-09-11,State Bar of Texas Member Directory
Lead Bank,,,,,TX,Collin,,,General,,,Dallas-Fort Worth,4,1,2026-09-11,State Bar of Texas Member Directory
Leah A. Jackson,,,,,TX,Collin,972-755-9060,,Criminal Defense,,,Dallas-Fort Worth,5,1,2026-09-11,State Bar of Texas Member Directory
Leah Kathryn Anderson,,,,,TX,Collin,469-376-4793,,Criminal Defense,,,Dallas-Fort Worth,5,1,2026-09-11,State Bar of Texas Member Directory
Lela Abiola Aderinboye,,,,,TX,Collin,,,General,,,Dallas-Fort Worth,4,1,2026-09-11,State Bar of Texas Member Directory
Leland Michael Moorehead,,,,,TX,Collin,,,Criminal Defense,,,Dallas-Fort Worth,5,1,2026-09-11,State Bar of Texas Member Directory
Levis H Perry,,,,,TX,Collin,469-305-9266,,General,,,Dallas-Fort Worth,4,1,2026-09-11,State Bar of Texas Member Directory
Li Yang,,,,,TX,Collin,972-739-6934,,General,,,Dallas-Fort Worth,4,1,2026-09-11,State Bar of Texas Member Directory; State Bar self-reported website
Lighthouse Document Technologies,,,,,TX,Collin,,,Personal Injury,,,Dallas-Fort Worth,5,1,2026-09-11,State Bar of Texas Member Directory
Lillian E. Salerno,,,,,TX,Collin,202-538-2003,,General,,,Dallas-Fort Worth,4,1,2026-09-11,State Bar of Texas Member Directory
Linda Huynh Floyd,,,,,TX,Collin,,,General,,,Dallas-Fort Worth,4,1,2026-09-11,State Bar of Texas Member Directory
Linda Lee Walden,,,,,TX,Collin,702-882-4740,,General,,,Dallas-Fort Worth,4,1,2026-09-11,State Bar of Texas Member Directory
Linda Siekert,,,,,TX,Collin,,,General,,,Dallas-Fort Worth,4,1,2026-09-11,State Bar of Texas Member Directory
Lindsay Davis Murphy,,,,,TX,Collin,,,Employment Law,,,Dallas-Fort Worth,3,1,2026-09-11,State Bar of Texas Member Directory
Lindsay Leigh Hickland,,,,,TX,Collin,,,General,,,Dallas-Fort Worth,4,1,2026-09-11,State Bar of Texas Member Directory
Lisa Milasky,,,,,TX,Collin,,,Criminal Defense,,,Dallas-Fort Worth,5,1,2026-09-11,State Bar of Texas Member Directory
Lois J. Duran,,,,,TX,Collin,,,Real Estate,,,Dallas-Fort Worth,2,1,2026-09-11,State Bar of Texas Member Directory
Lori Rachel Hirsh,,,,,TX,Collin,,,Estate Planning,,,Dallas-Fort Worth,2,1,2026-09-11,State Bar of Texas Member Directory
Luke Edwin Talbot,,,,,TX,Collin,,,General,,,Dallas-Fort Worth,4,1,2026-09-11,State Bar of Texas Member Directory
Lumexa Imaging,,,,,TX,Collin,,,General,,,Dallas-Fort Worth,4,1,2026-09-11,State Bar of Texas Member Directory
Lynn G. Dow,,,,,TX,Collin,972-877-3073,,General,,,Dallas-Fort Worth,4,1,2026-09-11,State Bar of Texas Member Directory
MW Law,,,,,TX,Collin,,,Real Estate,,,Dallas-Fort Worth,2,1,2026-09-11,State Bar of Texas Member Directory
Madison L. Geer,,,,,TX,Collin,,,General,,,Dallas-Fort Worth,4,1,2026-09-11,State Bar of Texas Member Directory
Mahelet E. Zewdu,,,,,TX,Collin,832-622-1890,,General,,,Dallas-Fort Worth,4,1,2026-09-11,State Bar of Texas Member Directory
Makayla Raye Schrag,,,,,TX,Collin,,,General,,,Dallas-Fort Worth,4,1,2026-09-11,State Bar of Texas Member Directory
Mallory Lorene Bayless,,,,,TX,Collin,,,General,,,Dallas-Fort Worth,4,1,2026-09-11,State Bar of Texas Member Directory
Manali Desai,,,,,TX,Collin,,,General,,,Dallas-Fort Worth,4,1,2026-09-11,State Bar of Texas Member Directory
Manjula N. Variyam,,,,,TX,Collin,,,General,,,Dallas-Fort Worth,4,1,2026-09-11,State Bar of Texas Member Directory
Mansi Gaur,,,,,TX,Collin,,,General,,,Dallas-Fort Worth,4,1,2026-09-11,State Bar of Texas Member Directory
Marcela Diane Evans,,,,,TX,Collin,,,Immigration,,,Dallas-Fort Worth,2,1,2026-09-11,State Bar of Texas Member Directory
Marcia Madero DeGuerre,,,,,TX,Collin,,,General,,,Dallas-Fort Worth,4,1,2026-09-11,State Bar of Texas Member Directory
Marcus P. Ryan,,,,,TX,Collin,,,Employment Law,,,Dallas-Fort Worth,3,1,2026-09-11,State Bar of Texas Member Directory
Maria Fotopoulou,,,,,TX,Collin,,,General,,,Dallas-Fort Worth,4,1,2026-09-11,State Bar of Texas Member Directory
Maria Lorena Arenas Anderson,,,,,TX,Collin,,,Employment Law,,,Dallas-Fort Worth,3,1,2026-09-11,State Bar of Texas Member Directory
Maria-Claudia Siles,,,,,TX,Collin,,,Real Estate,,,Dallas-Fort Worth,2,1,2026-09-11,State Bar of Texas Member Directory
Marichelle Leann Porteous,,,,,TX,Collin,,,General,,,Dallas-Fort Worth,4,1,2026-09-11,State Bar of Texas Member Directory
Marie Annie Nicole Funel,,,,,TX,Collin,,,General,,,Dallas-Fort Worth,4,1,2026-09-11,State Bar of Texas Member Directory
Maris Marshall Chambers,,,,,TX,Collin,,,General,,,Dallas-Fort Worth,4,1,2026-09-11,State Bar of Texas Member Directory; State Bar self-reported website
Mark A. Harrington,,,,,TX,Collin,318-779-7791,,General,,,Dallas-Fort Worth,4,1,2026-09-11,State Bar of Texas Member Directory
Mark A. Meyer,,,,,TX,Collin,,,General,,,Dallas-Fort Worth,4,1,2026-09-11,State Bar of Texas Member Directory
Mark Killingsworth PLLC,https://www.mkpllc.com/,,,,TX,Collin,214-215-8891,mark@mkpllc.com,Workers' Compensation,,,Dallas-Fort Worth,5,1,2026-09-11,State Bar of Texas Member Directory; State Bar self-reported website
Martinez Mediation,,,,,TX,Collin,915-269-2344,,General,,,Dallas-Fort Worth,4,1,2026-09-11,State Bar of Texas Member Directory
Mary Elizabeth O'Brien,,,,,TX,Collin,,,General,,,Dallas-Fort Worth,4,1,2026-09-11,State Bar of Texas Member Directory
Mary Gibbs Tacher,,,,,TX,Collin,,,General,,,Dallas-Fort Worth,4,1,2026-09-11,State Bar of Texas Member Directory
Mary Lauren Oelze,,,,,TX,Collin,,,General,,,Dallas-Fort Worth,4,1,2026-09-11,State Bar of Texas Member Directory
Maryam Lee Abdul-Jabbar,,,,,TX,Collin,,,General,,,Dallas-Fort Worth,4,1,2026-09-11,State Bar of Texas Member Directory
Matthew Collin Jones,,,,,TX,Collin,,,General,,,Dallas-Fort Worth,4,1,2026-09-11,State Bar of Texas Member Directory
Matthew Ryan Foglia,,,,,TX,Collin,,,General,,,Dallas-Fort Worth,4,1,2026-09-11,State Bar of Texas Member Directory
Matthew Ryan Jones,,,,,TX,Collin,,,Estate Planning,,,Dallas-Fort Worth,2,1,2026-09-11,State Bar of Texas Member Directory
Matthew Seungyeol Kimn,,,,,TX,Collin,,,Criminal Defense,,,Dallas-Fort Worth,5,1,2026-09-11,State Bar of Texas Member Directory
Mavish Bana,,,,,TX,Collin,,,Workers' Compensation,,,Dallas-Fort Worth,5,1,2026-09-11,State Bar of Texas Member Directory; State Bar self-reported website
Megan Andrus,,,,,TX,Collin,,,General,,,Dallas-Fort Worth,4,1,2026-09-11,State Bar of Texas Member Directory
Megan Elizabeth Hazlett,,,,,TX,Collin,,,General,,,Dallas-Fort Worth,4,1,2026-09-11,State Bar of Texas Member Directory
Megan Leigh Graham Callahan,,,,,TX,Collin,,,General,,,Dallas-Fort Worth,4,1,2026-09-11,State Bar of Texas Member Directory
Megan Renee Johnson,,,,,TX,Collin,,,Real Estate,,,Dallas-Fort Worth,2,1,2026-09-11,State Bar of Texas Member Directory
Melanie Anne Kelly,,,,,TX,Collin,,,Estate Planning,,,Dallas-Fort Worth,2,1,2026-09-11,State Bar of Texas Member Directory
Melanie Pearce Goolsby,,,,,TX,Collin,,,Civil Litigation,,,Dallas-Fort Worth,3,1,2026-09-11,State Bar of Texas Member Directory
Melinda Shelly-Ann Robinson,,,,,TX,Collin,,,General,,,Dallas-Fort Worth,4,1,2026-09-11,State Bar of Texas Member Directory
Melissa Anne Brisco,,,,,TX,Collin,,,General,,,Dallas-Fort Worth,4,1,2026-09-11,State Bar of Texas Member Directory
Melissa Erin Hufstetler,,,,,TX,Collin,,,General,,,Dallas-Fort Worth,4,1,2026-09-11,State Bar of Texas Member Directory
Melissa Leigh Paterson,,,,,TX,Collin,,,General,,,Dallas-Fort Worth,4,1,2026-09-11,State Bar of Texas Member Directory
Melissa Mariko Mallery-Wells,,,,,TX,Collin,,,Real Estate,,,Dallas-Fort Worth,2,1,2026-09-11,State Bar of Texas Member Directory
Mery Yesenia Connelly,,,,,TX,Collin,,,General,,,Dallas-Fort Worth,4,1,2026-09-11,State Bar of Texas Member Directory
Michael Albert Becker,,,,,TX,Collin,214-288-3885,,General,,,Dallas-Fort Worth,4,1,2026-09-11,State Bar of Texas Member Directory
Michael Alec Barale,,,,,TX,Collin,,,General,,,Dallas-Fort Worth,4,1,2026-09-11,State Bar of Texas Member Directory
Michael F. Linz,,,,,TX,Collin,,,Criminal Defense,,,Dallas-Fort Worth,5,1,2026-09-11,State Bar of Texas Member Directory
Michael Jay Ringelheim,,,,,TX,Collin,,,General,,,Dallas-Fort Worth,4,1,2026-09-11,State Bar of Texas Member Directory
Michael Kevin Skrehot,,,,,TX,Collin,,,General,,,Dallas-Fort Worth,4,1,2026-09-11,State Bar of Texas Member Directory
Microsoft,,,,,TX,Collin,,,General,,,Dallas-Fort Worth,4,1,2026-09-11,State Bar of Texas Member Directory
Mishan Aliya Kara,,,,,TX,Collin,,,General,,,Dallas-Fort Worth,4,1,2026-09-11,State Bar of Texas Member Directory
Moenika Nicole Coleman,,,,,TX,Collin,469-801-1121,,General,,,Dallas-Fort Worth,4,1,2026-09-11,State Bar of Texas Member Directory
Monty Ardus Ward,,,,,TX,Collin,,,General,,,Dallas-Fort Worth,4,1,2026-09-11,State Bar of Texas Member Directory
Morgan Kathleen Nowatkowski,,,,,TX,Collin,,,General,,,Dallas-Fort Worth,4,1,2026-09-11,State Bar of Texas Member Directory
Morgan Scott,,,,,TX,Collin,,,Personal Injury,,,Dallas-Fort Worth,5,1,2026-09-11,State Bar of Texas Member Directory
NFP,https://alleneblaw.com/,,,,TX,Collin,512-240-6181,beth@alleneblaw.com,Employment Law,,,Dallas-Fort Worth,3,1,2026-09-11,State Bar of Texas Member Directory; State Bar self-reported website
Nancy Ellen Freeman,,,,,TX,Collin,,,General,,,Dallas-Fort Worth,4,1,2026-09-11,State Bar of Texas Member Directory
Naomi Ella Harper,,,,,TX,Collin,,,General,,,Dallas-Fort Worth,4,1,2026-09-11,State Bar of Texas Member Directory
Natalie Carolina Suarez,,,,,TX,Collin,,,General,,,Dallas-Fort Worth,4,1,2026-09-11,State Bar of Texas Member Directory
Natan Benilov,,,,,TX,Collin,,,General,,,Dallas-Fort Worth,4,1,2026-09-11,State Bar of Texas Member Directory
Natasha Jain,,,,,TX,Collin,,,General,,,Dallas-Fort Worth,4,1,2026-09-11,State Bar of Texas Member Directory
Natasha S. Malik,,,,,TX,Collin,,,General,,,Dallas-Fort Worth,4,1,2026-09-11,State Bar of Texas Member Directory
Nathan Alan Nicholson,,,,,TX,Collin,972-730-3632,,Personal Injury,,,Dallas-Fort Worth,5,1,2026-09-11,State Bar of Texas Member Directory
Nathan Jacob,,,,,TX,Collin,,,General,,,Dallas-Fort Worth,4,1,2026-09-11,State Bar of Texas Member Directory
Nathan S. Carr,,,,,TX,Collin,,,General,,,Dallas-Fort Worth,4,1,2026-09-11,State Bar of Texas Member Directory
National Indoor RV Centers,,,,,TX,Collin,469-277-6655,,Employment Law,,,Dallas-Fort Worth,3,1,2026-09-11,State Bar of Texas Member Directory
Naureen Charania,,,,,TX,Collin,,,General,,,Dallas-Fort Worth,4,1,2026-09-11,State Bar of Texas Member Directory
New Friends New Life,,,,,TX,Collin,,,General,,,Dallas-Fort Worth,4,1,2026-09-11,State Bar of Texas Member Directory; State Bar self-reported website
Nhut Tan Tran,,,,,TX,Collin,,,General,,,Dallas-Fort Worth,4,1,2026-09-11,State Bar of Texas Member Directory
Nicole Pauline Omielanczuk,,,,,TX,Collin,,,General,,,Dallas-Fort Worth,4,1,2026-09-11,State Bar of Texas Member Directory
Nicole Reed Kliewer,,,,,TX,Collin,,,General,,,Dallas-Fort Worth,4,1,2026-09-11,State Bar of Texas Member Directory
Nikki LaShawn Godwin,,,,,TX,Collin,,,General,,,Dallas-Fort Worth,4,1,2026-09-11,State Bar of Texas Member Directory
Norma LaVonne Allen,,,,,TX,Collin,,,Employment Law,,,Dallas-Fort Worth,3,1,2026-09-11,State Bar of Texas Member Directory
Norma Linda Garcia,,,,,TX,Collin,,,Employment Law,,,Dallas-Fort Worth,3,1,2026-09-11,State Bar of Texas Member Directory
Office of Hearing and Appeals,,,,,TX,Collin,972-897-6234,,General,,,Dallas-Fort Worth,4,1,2026-09-11,State Bar of Texas Member Directory
Offit Kurman,,,,,TX,Collin,,,General,,,Dallas-Fort Worth,4,1,2026-09-11,State Bar of Texas Member Directory
Olajumoke Ifeoluwa Adebiyi,,,,,TX,Collin,,,General,,,Dallas-Fort Worth,4,1,2026-09-11,State Bar of Texas Member Directory
Oracle,,,,,TX,Collin,,,Real Estate,,,Dallas-Fort Worth,2,1,2026-09-11,State Bar of Texas Member Directory
Orrick,,,,,TX,Collin,,,General,,,Dallas-Fort Worth,4,1,2026-09-11,State Bar of Texas Member Directory
Oscar John Zevallos,,,,,TX,Collin,,,Criminal Defense,,,Dallas-Fort Worth,5,1,2026-09-11,State Bar of Texas Member Directory
Ozge Muhterem Uluduz,,,,,TX,Collin,,,Criminal Defense,,,Dallas-Fort Worth,5,1,2026-09-11,State Bar of Texas Member Directory
Padma K. Richardson,,,,,TX,Collin,,,General,,,Dallas-Fort Worth,4,1,2026-09-11,State Bar of Texas Member Directory
Patent Platform Services,,,,,TX,Collin,,,General,,,Dallas-Fort Worth,4,1,2026-09-11,State Bar of Texas Member Directory
Patricia B. Wachsmann,,,,,TX,Collin,,,General,,,Dallas-Fort Worth,4,1,2026-09-11,State Bar of Texas Member Directory
Patrick Robert Nash,,,,,TX,Collin,469-939-5420,,General,,,Dallas-Fort Worth,4,1,2026-09-11,State Bar of Texas Member Directory
"Patwa Law Firm, pllc",,,,,TX,Collin,214-477-1121,,Immigration,,,Dallas-Fort Worth,2,1,2026-09-11,State Bar of Texas Member Directory
Paul A. Honrales,,,,,TX,Collin,,,General,,,Dallas-Fort Worth,4,1,2026-09-11,State Bar of Texas Member Directory
Paul Edward Foshee,,,,,TX,Collin,,,Real Estate,,,Dallas-Fort Worth,2,1,2026-09-11,State Bar of Texas Member Directory
Peggy Heller,,,,,TX,Collin,,,General,,,Dallas-Fort Worth,4,1,2026-09-11,State Bar of Texas Member Directory
Peter Keith Knapp,,,,,TX,Collin,,,General,,,Dallas-Fort Worth,4,1,2026-09-11,State Bar of Texas Member Directory
Phi Dinh Tran,,,,,TX,Collin,,,General,,,Dallas-Fort Worth,4,1,2026-09-11,State Bar of Texas Member Directory
Philip Conner Kirtley,,,,,TX,Collin,,,General,,,Dallas-Fort Worth,4,1,2026-09-11,State Bar of Texas Member Directory
Pincus Legal PLLC,,,,,TX,Collin,214-417-1455,,General,,,Dallas-Fort Worth,4,1,2026-09-11,State Bar of Texas Member Directory
Preston Barrett Renfro,,,,,TX,Collin,,,General,,,Dallas-Fort Worth,4,1,2026-09-11,State Bar of Texas Member Directory
Price Barton Peddicord,,,,,TX,Collin,,,General,,,Dallas-Fort Worth,4,1,2026-09-11,State Bar of Texas Member Directory
Priyanka Balan Thomas,,,,,TX,Collin,,,General,,,Dallas-Fort Worth,4,1,2026-09-11,State Bar of Texas Member Directory
Querishi & Salejee PLLC.,,,,,TX,Collin,214-843-0302,,General,,,Dallas-Fort Worth,4,1,2026-09-11,State Bar of Texas Member Directory
"Quintairos, Prieto, Wood, & Boyer, P.A.",https://qpwblaw.com,,,,TX,Collin,214-754-8755,,Personal Injury,,,Dallas-Fort Worth,5,1,2026-09-11,State Bar of Texas Member Directory; State Bar self-reported website
Quinton Barry Lowe,,,,,TX,Collin,,,General,,,Dallas-Fort Worth,4,1,2026-09-11,State Bar of Texas Member Directory
"R. J. Hobby, Attorney",,,,,TX,Collin,,,General,,,Dallas-Fort Worth,4,1,2026-09-11,State Bar of Texas Member Directory
"R.E. Lopez & Associates, P.C.",https://www.gothurtgetlopez.com/,,,,TX,Collin,469-209-7727,info@gothurtgetlopez.com,General,,,Dallas-Fort Worth,4,1,2026-09-11,State Bar of Texas Member Directory; State Bar self-reported website
Raal H. Roos,,,,,TX,Collin,469-441-7490,,Employment Law,,,Dallas-Fort Worth,3,1,2026-09-11,State Bar of Texas Member Directory
Rabia Ibrahim,,,,,TX,Collin,,,General,,,Dallas-Fort Worth,4,1,2026-09-11,State Bar of Texas Member Directory
Rabiah Jeenah,,,,,TX,Collin,469-640-0672,,Personal Injury,,,Dallas-Fort Worth,5,1,2026-09-11,State Bar of Texas Member Directory
Rachel Nadia Hage,,,,,TX,Collin,,,General,,,Dallas-Fort Worth,4,1,2026-09-11,State Bar of Texas Member Directory
Radhika Vemula,,,,,TX,Collin,,,General,,,Dallas-Fort Worth,4,1,2026-09-11,State Bar of Texas Member Directory
Rafael Andres Perez,,,,,TX,Collin,,,General,,,Dallas-Fort Worth,4,1,2026-09-11,State Bar of Texas Member Directory
Rahul Gupta,,,,,TX,Collin,,,General,,,Dallas-Fort Worth,4,1,2026-09-11,State Bar of Texas Member Directory
"Randall E. Hand, PC",,,,,TX,Collin,214-542-6517,,General,,,Dallas-Fort Worth,4,1,2026-09-11,State Bar of Texas Member Directory
Rashard Moosajee,,,,,TX,Collin,,,General,,,Dallas-Fort Worth,4,1,2026-09-11,State Bar of Texas Member Directory
Raymond Brent Harshman,,,,,TX,Collin,,,General,,,Dallas-Fort Worth,4,1,2026-09-11,State Bar of Texas Member Directory
Rebecca B. Bodoff,,,,,TX,Collin,,,Real Estate,,,Dallas-Fort Worth,2,1,2026-09-11,State Bar of Texas Member Directory
Rebecca Iris Land,,,,,TX,Collin,,,Criminal Defense,,,Dallas-Fort Worth,5,1,2026-09-11,State Bar of Texas Member Directory
Rebecka Viktoria Tasel Naaman,,,,,TX,Collin,,,General,,,Dallas-Fort Worth,4,1,2026-09-11,State Bar of Texas Member Directory
Reetu Sinha,,,,,TX,Collin,972-898-1343,,General,,,Dallas-Fort Worth,4,1,2026-09-11,State Bar of Texas Member Directory
Renan Palhares Torreão Braz,,,,,TX,Collin,,,General,,,Dallas-Fort Worth,4,1,2026-09-11,State Bar of Texas Member Directory
Rex Alan Ramos,,,,,TX,Collin,214-418-9270,,General,,,Dallas-Fort Worth,4,1,2026-09-11,State Bar of Texas Member Directory
Rhonda Jean Jones,,,,,TX,Collin,,,General,,,Dallas-Fort Worth,4,1,2026-09-11,State Bar of Texas Member Directory
Ribbon,,,,,TX,Collin,469-441-4915,,Employment Law,,,Dallas-Fort Worth,3,1,2026-09-11,State Bar of Texas Member Directory
Richard H. Magnis,,,,,TX,Collin,,,Criminal Defense,,,Dallas-Fort Worth,5,1,2026-09-11,State Bar of Texas Member Directory
Richard J. Quist,,,,,TX,Collin,,,General,,,Dallas-Fort Worth,4,1,2026-09-11,State Bar of Texas Member Directory
Richard James Reister,,,,,TX,Collin,,,General,,,Dallas-Fort Worth,4,1,2026-09-11,State Bar of Texas Member Directory
Richard Philip Martinez,,,,,TX,Collin,,,General,,,Dallas-Fort Worth,4,1,2026-09-11,State Bar of Texas Member Directory
Rishika Reddy,,,,,TX,Collin,,,General,,,Dallas-Fort Worth,4,1,2026-09-11,State Bar of Texas Member Directory
Rita Guirguis,,,,,TX,Collin,,,General,,,Dallas-Fort Worth,4,1,2026-09-11,State Bar of Texas Member Directory
Robert D. Conkel,,,,,TX,Collin,,,General,,,Dallas-Fort Worth,4,1,2026-09-11,State Bar of Texas Member Directory
Robert M. Lynch,,,,,TX,Collin,,,General,,,Dallas-Fort Worth,4,1,2026-09-11,State Bar of Texas Member Directory
Robert Nathan Mitchell,,,,,TX,Collin,214-448-1872,,General,,,Dallas-Fort Worth,4,1,2026-09-11,State Bar of Texas Member Directory
Robert R. Kincaid,,,,,TX,Collin,,,General,,,Dallas-Fort Worth,4,1,2026-09-11,State Bar of Texas Member Directory
Robert Roy Robinson,,,,,TX,Collin,,,Employment Law,,,Dallas-Fort Worth,3,1,2026-09-11,State Bar of Texas Member Directory
Roberto Canas,,,,,TX,Collin,,,Criminal Defense,,,Dallas-Fort Worth,5,1,2026-09-11,State Bar of Texas Member Directory
Rochelle Leann Lavelle,,,,,TX,Collin,,,Personal Injury,,,Dallas-Fort Worth,5,1,2026-09-11,State Bar of Texas Member Directory
Roderick Catubig Sanchez,,,,,TX,Collin,,,General,,,Dallas-Fort Worth,4,1,2026-09-11,State Bar of Texas Member Directory
Roger A. Jacobsen,,,,,TX,Collin,214-504-4014,,General,,,Dallas-Fort Worth,4,1,2026-09-11,State Bar of Texas Member Directory
Rohit Raguram,,,,,TX,Collin,,,General,,,Dallas-Fort Worth,4,1,2026-09-11,State Bar of Texas Member Directory
Roland B. Pelt,,,,,TX,Collin,,,Real Estate,,,Dallas-Fort Worth,2,1,2026-09-11,State Bar of Texas Member Directory
Ron K. Barger,,,,,TX,Collin,,,Real Estate,,,Dallas-Fort Worth,2,1,2026-09-11,State Bar of Texas Member Directory
Roy Wasserman,,,,,TX,Collin,,,General,,,Dallas-Fort Worth,4,1,2026-09-11,State Bar of Texas Member Directory
Ru Jing,,,,,TX,Collin,,,General,,,Dallas-Fort Worth,4,1,2026-09-11,State Bar of Texas Member Directory
Ruichen Hong,,,,,TX,Collin,,,General,,,Dallas-Fort Worth,4,1,2026-09-11,State Bar of Texas Member Directory
Ruiz Law,https://hectorruiz.law/,,,,TX,Collin,469-363-6458,hector@hectorruiz.law,General,,,Dallas-Fort Worth,4,1,2026-09-11,State Bar of Texas Member Directory; State Bar self-reported website
Ryan Christopher Harris,,,,,TX,Collin,,,General,,,Dallas-Fort Worth,4,1,2026-09-11,State Bar of Texas Member Directory
Ryan Jonathan Burton,,,,,TX,Collin,972-849-3179,,Employment Law,,,Dallas-Fort Worth,3,1,2026-09-11,State Bar of Texas Member Directory
Ryan Mak,,,,,TX,Collin,214-799-8905,,General,,,Dallas-Fort Worth,4,1,2026-09-11,State Bar of Texas Member Directory
Ryan Maxwell Dawson,,,,,TX,Collin,,,General,,,Dallas-Fort Worth,4,1,2026-09-11,State Bar of Texas Member Directory
Sabrina L. Galvan,,,,,TX,Collin,,,Civil Litigation,,,Dallas-Fort Worth,3,1,2026-09-11,State Bar of Texas Member Directory
Sagent Lending Technologies,,,,,TX,Collin,,,General,,,Dallas-Fort Worth,4,1,2026-09-11,State Bar of Texas Member Directory
Salil R. Virkar,,,,,TX,Collin,,,General,,,Dallas-Fort Worth,4,1,2026-09-11,State Bar of Texas Member Directory
Salina Tariq,,,,,TX,Collin,,,General,,,Dallas-Fort Worth,4,1,2026-09-11,State Bar of Texas Member Directory
Sanjeev Ayyar,,,,,TX,Collin,,,General,,,Dallas-Fort Worth,4,1,2026-09-11,State Bar of Texas Member Directory
Sara Elaine Slabisak,,,,,TX,Collin,,,General,,,Dallas-Fort Worth,4,1,2026-09-11,State Bar of Texas Member Directory
Sarah Ann Sachs,,,,,TX,Collin,,,Employment Law,,,Dallas-Fort Worth,3,1,2026-09-11,State Bar of Texas Member Directory
Sarah Danielle Young,,,,,TX,Collin,,,General,,,Dallas-Fort Worth,4,1,2026-09-11,State Bar of Texas Member Directory
Sarah Holt Sublett,,,,,TX,Collin,,,Criminal Defense,,,Dallas-Fort Worth,5,1,2026-09-11,State Bar of Texas Member Directory
Savannah West Francis,,,,,TX,Collin,,,General,,,Dallas-Fort Worth,4,1,2026-09-11,State Bar of Texas Member Directory
Scott M. Dewolf,,,,,TX,Collin,214-212-1400,,General,,,Dallas-Fort Worth,4,1,2026-09-11,State Bar of Texas Member Directory
Scott Ryan Hays,,,,,TX,Collin,,,General,,,Dallas-Fort Worth,4,1,2026-09-11,State Bar of Texas Member Directory
Sean Warberg Kelly,,,,,TX,Collin,,,Civil Litigation,,,Dallas-Fort Worth,3,1,2026-09-11,State Bar of Texas Member Directory
Service Experts,,,,,TX,Collin,,,Employment Law,,,Dallas-Fort Worth,3,1,2026-09-11,State Bar of Texas Member Directory
Shahzeb Gaziani,,,,,TX,Collin,,,Civil Litigation,,,Dallas-Fort Worth,3,1,2026-09-11,State Bar of Texas Member Directory
Shalanda Nicole Franklin,,,,,TX,Collin,,,General,,,Dallas-Fort Worth,4,1,2026-09-11,State Bar of Texas Member Directory
Shalehaven Partners Energy & Asset Management LLC,,,,,TX,Collin,,,Real Estate,,,Dallas-Fort Worth,2,1,2026-09-11,State Bar of Texas Member Directory; State Bar self-reported website
Shana L. Javery,,,,,TX,Collin,214-293-8870,,Employment Law,,,Dallas-Fort Worth,3,1,2026-09-11,State Bar of Texas Member Directory
Shanda Lee King,,,,,TX,Collin,,,General,,,Dallas-Fort Worth,4,1,2026-09-11,State Bar of Texas Member Directory
Shanell Arianna Henry,,,,,TX,Collin,,,General,,,Dallas-Fort Worth,4,1,2026-09-11,State Bar of Texas Member Directory
Shanice Pommells,,,,,TX,Collin,,,General,,,Dallas-Fort Worth,4,1,2026-09-11,State Bar of Texas Member Directory
Shannon Lindsey O'Reilly,,,,,TX,Collin,,,General,,,Dallas-Fort Worth,4,1,2026-09-11,State Bar of Texas Member Directory
Sharon Leigh Laster Aguilar,,,,,TX,Collin,972-408-6111,,General,,,Dallas-Fort Worth,4,1,2026-09-11,State Bar of Texas Member Directory
Shawna Powers Johannsen,,,,,TX,Collin,,,General,,,Dallas-Fort Worth,4,1,2026-09-11,State Bar of Texas Member Directory
Shekinah Glory Harris,,,,,TX,Collin,,,General,,,Dallas-Fort Worth,4,1,2026-09-11,State Bar of Texas Member Directory
Shelby Lynn Coleman,,,,,TX,Collin,,,General,,,Dallas-Fort Worth,4,1,2026-09-11,State Bar of Texas Member Directory
Shellie Stephens PC,,,,,TX,Collin,,,Criminal Defense,,,Dallas-Fort Worth,5,1,2026-09-11,State Bar of Texas Member Directory
"Shields Legal Group, P.C.",,,,,TX,Collin,,,Civil Litigation,,,Dallas-Fort Worth,3,1,2026-09-11,State Bar of Texas Member Directory
Shivani Sharma,,,,,TX,Collin,,,General,,,Dallas-Fort Worth,4,1,2026-09-11,State Bar of Texas Member Directory
Sibyl N. Sadiq,,,,,TX,Collin,,,Real Estate,,,Dallas-Fort Worth,2,1,2026-09-11,State Bar of Texas Member Directory
Siemens Logistics,,,,,TX,Collin,,,General,,,Dallas-Fort Worth,4,1,2026-09-11,State Bar of Texas Member Directory
Simon Monzy Chamakala,,,,,TX,Collin,,,General,,,Dallas-Fort Worth,4,1,2026-09-11,State Bar of Texas Member Directory
Simpson Law Group,https://www.simpsonlawgroup.com/,,,,TX,Collin,619-236-9696,,Personal Injury,,,Dallas-Fort Worth,5,1,2026-09-11,State Bar of Texas Member Directory; State Bar self-reported website
Simrah Fatima Akbar,,,,,TX,Collin,,,General,,,Dallas-Fort Worth,4,1,2026-09-11,State Bar of Texas Member Directory
Singh Hare pllc,,,,,TX,Collin,,,Civil Litigation,,,Dallas-Fort Worth,3,1,2026-09-11,State Bar of Texas Member Directory
Smitha Caroline Dante,,,,,TX,Collin,,,General,,,Dallas-Fort Worth,4,1,2026-09-11,State Bar of Texas Member Directory
Sohail Punjwani,,,,,TX,Collin,,,Employment Law,,,Dallas-Fort Worth,3,1,2026-09-11,State Bar of Texas Member Directory
Spencer Canyon Eidsmoe,,,,,TX,Collin,,,Personal Injury,,,Dallas-Fort Worth,5,1,2026-09-11,State Bar of Texas Member Directory
Steffen Minh-Tuan Ngo,,,,,TX,Collin,,,General,,,Dallas-Fort Worth,4,1,2026-09-11,State Bar of Texas Member Directory
Stephanie Ann Weaver,,,,,TX,Collin,713-458-5419,,General,,,Dallas-Fort Worth,4,1,2026-09-11,State Bar of Texas Member Directory
Stephanie Elizabeth Carnes,,,,,TX,Collin,,,General,,,Dallas-Fort Worth,4,1,2026-09-11,State Bar of Texas Member Directory
Stephen Eugene Feil,,,,,TX,Collin,,,Criminal Defense,,,Dallas-Fort Worth,5,1,2026-09-11,State Bar of Texas Member Directory
Stephen J. Wyse,,,,,TX,Collin,,,General,,,Dallas-Fort Worth,4,1,2026-09-11,State Bar of Texas Member Directory
Stephen James Fagen,,,,,TX,Collin,,,Criminal Defense,,,Dallas-Fort Worth,5,1,2026-09-11,State Bar of Texas Member Directory
Steven J. Kaplan,,,,,TX,Collin,,,Real Estate,,,Dallas-Fort Worth,2,1,2026-09-11,State Bar of Texas Member Directory
Steven Patrick Doyle,,,,,TX,Collin,,,General,,,Dallas-Fort Worth,4,1,2026-09-11,State Bar of Texas Member Directory
Steven Patrick Fraley,,,,,TX,Collin,214-558-0245,,General,,,Dallas-Fort Worth,4,1,2026-09-11,State Bar of Texas Member Directory
Steven Thomas Lenney,,,,,TX,Collin,,,Employment Law,,,Dallas-Fort Worth,3,1,2026-09-11,State Bar of Texas Member Directory
"Stone Firm, PLLC",,,,,TX,Collin,,,Personal Injury,,,Dallas-Fort Worth,5,1,2026-09-11,State Bar of Texas Member Directory
Sumaiyya Raza,,,,,TX,Collin,,,General,,,Dallas-Fort Worth,4,1,2026-09-11,State Bar of Texas Member Directory
Suneese Haywood Eagleton,,,,,TX,Collin,,,General,,,Dallas-Fort Worth,4,1,2026-09-11,State Bar of Texas Member Directory
Susan Gillette Gerhard,,,,,TX,Collin,214-395-4011,,Real Estate,,,Dallas-Fort Worth,2,1,2026-09-11,State Bar of Texas Member Directory
Suvir Dhari Sinha,,,,,TX,Collin,,,General,,,Dallas-Fort Worth,4,1,2026-09-11,State Bar of Texas Member Directory
Suzanne Grace Knuppel,,,,,TX,Collin,,,General,,,Dallas-Fort Worth,4,1,2026-09-11,State Bar of Texas Member Directory
Tamara Gayle Lovell,,,,,TX,Collin,,,General,,,Dallas-Fort Worth,4,1,2026-09-11,State Bar of Texas Member Directory
Tara Lea Sohlman,,,,,TX,Collin,214-712-9563,,General,,,Dallas-Fort Worth,4,1,2026-09-11,State Bar of Texas Member Directory
Tasha Tamara Monroe,,,,,TX,Collin,,,General,,,Dallas-Fort Worth,4,1,2026-09-11,State Bar of Texas Member Directory
Telisa Webb Schelin,,,,,TX,Collin,,,Real Estate,,,Dallas-Fort Worth,2,1,2026-09-11,State Bar of Texas Member Directory
Temesha Evans-Davis,,,,,TX,Collin,,,General,,,Dallas-Fort Worth,4,1,2026-09-11,State Bar of Texas Member Directory
Thaddeus Michael Cocoris,,,,,TX,Collin,,,General,,,Dallas-Fort Worth,4,1,2026-09-11,State Bar of Texas Member Directory
Thara Kay Mathews,,,,,TX,Collin,,,General,,,Dallas-Fort Worth,4,1,2026-09-11,State Bar of Texas Member Directory
"The Carmichael Law Firm, P.C.",https://carmichaelfirm.com/,,,,TX,Collin,214-764-3447,,Criminal Defense,,,Dallas-Fort Worth,5,1,2026-09-11,State Bar of Texas Member Directory; State Bar self-reported website
The Expo Group,,,,,TX,Collin,,,General,,,Dallas-Fort Worth,4,1,2026-09-11,State Bar of Texas Member Directory
"The Gonzales Law Firm, P.C.",,,,,TX,Collin,214-924-2067,,General,,,Dallas-Fort Worth,4,1,2026-09-11,State Bar of Texas Member Directory; State Bar self-reported website
"The Motley Fool, LLC",,,,,TX,Collin,,,General,,,Dallas-Fort Worth,4,1,2026-09-11,State Bar of Texas Member Directory
The SEER Group,,,,,TX,Collin,,,General,,,Dallas-Fort Worth,4,1,2026-09-11,State Bar of Texas Member Directory
The Turner Law Firm PLLC,https://theturnerfirm.com/,,,,TX,Collin,,,General,,,Dallas-Fort Worth,4,1,2026-09-11,State Bar of Texas Member Directory; State Bar self-reported website
Thomas Hin-Man Tsang,,,,,TX,Collin,,,Employment Law,,,Dallas-Fort Worth,3,1,2026-09-11,State Bar of Texas Member Directory
Thomas L. Hartsell,,,,,TX,Collin,,,Estate Planning,,,Dallas-Fort Worth,2,1,2026-09-11,State Bar of Texas Member Directory; State Bar self-reported website
Thomas Russell Gibson,,,,,TX,Collin,,,General,,,Dallas-Fort Worth,4,1,2026-09-11,State Bar of Texas Member Directory
Tiffany Tsumpis Wanzenried,,,,,TX,Collin,,,General,,,Dallas-Fort Worth,4,1,2026-09-11,State Bar of Texas Member Directory
Timothy Dale Hagen,,,,,TX,Collin,214-914-1787,,Real Estate,,,Dallas-Fort Worth,2,1,2026-09-11,State Bar of Texas Member Directory
Timothy James Petty,,,,,TX,Collin,,,General,,,Dallas-Fort Worth,4,1,2026-09-11,State Bar of Texas Member Directory
Timothy Lance Morgan,,,,,TX,Collin,,,General,,,Dallas-Fort Worth,4,1,2026-09-11,State Bar of Texas Member Directory
Toeroek and Associates,,,,,TX,Collin,214-665-3147,,General,,,Dallas-Fort Worth,4,1,2026-09-11,State Bar of Texas Member Directory
Tonya Juanita Holt,,,,,TX,Collin,214-458-8969,,Personal Injury,,,Dallas-Fort Worth,5,1,2026-09-11,State Bar of Texas Member Directory
Total S.A.,,,,,TX,Collin,,,General,,,Dallas-Fort Worth,4,1,2026-09-11,State Bar of Texas Member Directory
Touchdown PLLC,,,,,TX,Collin,,,Civil Litigation,,,Dallas-Fort Worth,3,1,2026-09-11,State Bar of Texas Member Directory
Traci Rene Diamond,,,,,TX,Collin,,,General,,,Dallas-Fort Worth,4,1,2026-09-11,State Bar of Texas Member Directory
Tracie Waite,,,,,TX,Collin,,,General,,,Dallas-Fort Worth,4,1,2026-09-11,State Bar of Texas Member Directory
Tresa Anita Katticaren,,,,,TX,Collin,,,Immigration,,,Dallas-Fort Worth,2,1,2026-09-11,State Bar of Texas Member Directory
Tyler J. Rogers,,,,,TX,Collin,,,General,,,Dallas-Fort Worth,4,1,2026-09-11,State Bar of Texas Member Directory
U.S. Equal Employment Opportunity Commission,,,,,TX,Collin,214-354-2612,,Employment Law,,,Dallas-Fort Worth,3,1,2026-09-11,State Bar of Texas Member Directory
U.S. Postal Service,,,,,TX,Collin,972-665-9084,,Employment Law,,,Dallas-Fort Worth,3,1,2026-09-11,State Bar of Texas Member Directory
US Navy,,,,,TX,Collin,,,Criminal Defense,,,Dallas-Fort Worth,5,1,2026-09-11,State Bar of Texas Member Directory
Umema Unar Syed,,,,,TX,Collin,,,General,,,Dallas-Fort Worth,4,1,2026-09-11,State Bar of Texas Member Directory
Van Jackson Hooker,,,,,TX,Collin,,,Civil Litigation,,,Dallas-Fort Worth,3,1,2026-09-11,State Bar of Texas Member Directory
Veda Tsai,,,,,TX,Collin,,,General,,,Dallas-Fort Worth,4,1,2026-09-11,State Bar of Texas Member Directory
Verla S. Holland,,,,,TX,Collin,,,General,,,Dallas-Fort Worth,4,1,2026-09-11,State Bar of Texas Member Directory
Vieira Law,,,,,TX,Collin,214-986-6093,,General,,,Dallas-Fort Worth,4,1,2026-09-11,State Bar of Texas Member Directory
Vincent Anthony Cichosz,,,,,TX,Collin,,,General,,,Dallas-Fort Worth,4,1,2026-09-11,State Bar of Texas Member Directory; State Bar self-reported website
Vinita Tandon Singh,,,,,TX,Collin,,,General,,,Dallas-Fort Worth,4,1,2026-09-11,State Bar of Texas Member Directory
Virasin and Partners,,,,,TX,Collin,,,Immigration,"159/3 Moo Baan Viewmai, Soi Vibhavadi 20",,Dallas-Fort Worth,2,1,2026-09-11,State Bar of Texas Member Directory; State Bar self-reported website
VitoJames Burdi,,,,,TX,Collin,,,Bankruptcy,,,Dallas-Fort Worth,2,1,2026-09-11,State Bar of Texas Member Directory
Vy Dam Wu,,,,,TX,Collin,214-492-3049,,General,,,Dallas-Fort Worth,4,1,2026-09-11,State Bar of Texas Member Directory
WBC- Dallas,,,,,TX,Collin,,,General,,,Dallas-Fort Worth,4,1,2026-09-11,State Bar of Texas Member Directory
Wai Yan Kok,,,,,TX,Collin,,,General,Suite 4102 Tower One Lippo Centre,,Dallas-Fort Worth,4,1,2026-09-11,State Bar of Texas Member Directory
Wajiha Misbah,,,,,TX,Collin,,,General,,,Dallas-Fort Worth,4,1,2026-09-11,State Bar of Texas Member Directory
Weatherford International plc,,,,,TX,Collin,,,General,,,Dallas-Fort Worth,4,1,2026-09-11,State Bar of Texas Member Directory
Wendy Katherine Cassidy,,,,,TX,Collin,281-841-7501,,Criminal Defense,,,Dallas-Fort Worth,5,1,2026-09-11,State Bar of Texas Member Directory
"Whitehurst & White, PLLC",,,,,TX,Collin,972-503-5455,,General,,,Dallas-Fort Worth,4,1,2026-09-11,State Bar of Texas Member Directory
William Clyde Arnold,,,,,TX,Collin,,,General,,,Dallas-Fort Worth,4,1,2026-09-11,State Bar of Texas Member Directory
William Dallas Lydell Key,,,,,TX,Collin,,,General,,,Dallas-Fort Worth,4,1,2026-09-11,State Bar of Texas Member Directory
William J. Burnett,,,,,TX,Collin,,,General,,,Dallas-Fort Worth,4,1,2026-09-11,State Bar of Texas Member Directory
William Jefferson Ballew,,,,,TX,Collin,,,General,,,Dallas-Fort Worth,4,1,2026-09-11,State Bar of Texas Member Directory
William Neal Ablon,,,,,TX,Collin,,,Civil Litigation,,,Dallas-Fort Worth,3,1,2026-09-11,State Bar of Texas Member Directory
William Phillip Neubauer,,,,,TX,Collin,,,Civil Litigation,,,Dallas-Fort Worth,3,1,2026-09-11,State Bar of Texas Member Directory
Wilson Alan Barker,,,,,TX,Collin,,,General,,,Dallas-Fort Worth,4,1,2026-09-11,State Bar of Texas Member Directory
Winston Taylor,,,,,TX,Collin,,,General,,,Dallas-Fort Worth,4,1,2026-09-11,State Bar of Texas Member Directory
Winston Wavel Jarrett,,,,,TX,Collin,,,Civil Litigation,,,Dallas-Fort Worth,3,1,2026-09-11,State Bar of Texas Member Directory
Wyletter Vatonia Whaley,,,,,TX,Collin,214-792-3725,,General,,,Dallas-Fort Worth,4,1,2026-09-11,State Bar of Texas Member Directory
Xiaoming Hu,,,,,TX,Collin,,,General,,,Dallas-Fort Worth,4,1,2026-09-11,State Bar of Texas Member Directory
Yael Mash,,,,,TX,Collin,,,General,,,Dallas-Fort Worth,4,1,2026-09-11,State Bar of Texas Member Directory
Yeabsira Getachew Kefeni,,,,,TX,Collin,,,General,,,Dallas-Fort Worth,4,1,2026-09-11,State Bar of Texas Member Directory
Yimeng Li,,,,,TX,Collin,,,Personal Injury,,,Dallas-Fort Worth,5,1,2026-09-11,State Bar of Texas Member Directory
Yodete A Lane,,,,,TX,Collin,469-233-6553,,General,,,Dallas-Fort Worth,4,1,2026-09-11,State Bar of Texas Member Directory
Yu Hu,,,,,TX,Collin,,,General,,,Dallas-Fort Worth,4,1,2026-09-11,State Bar of Texas Member Directory
Yue Zou,,,,,TX,Collin,,,General,,,Dallas-Fort Worth,4,1,2026-09-11,State Bar of Texas Member Directory
Yufan Yang,,,,,TX,Collin,,,General,,,Dallas-Fort Worth,4,1,2026-09-11,State Bar of Texas Member Directory
Yuri Natasha Han,,,,,TX,Collin,,,General,,,Dallas-Fort Worth,4,1,2026-09-11,State Bar of Texas Member Directory
Yvonne Gutierrez,,,,,TX,Collin,,,Bankruptcy,,,Dallas-Fort Worth,2,1,2026-09-11,State Bar of Texas Member Directory
Zachary James Daniel,,,,,TX,Collin,,,General,,,Dallas-Fort Worth,4,1,2026-09-11,State Bar of Texas Member Directory
Zachary Scott Harper,,,,,TX,Collin,214-669-7069,,General,,,Dallas-Fort Worth,4,1,2026-09-11,State Bar of Texas Member Directory
"Zane Butler Law, PLLC",,,,,TX,Collin,214-763-4591,,Real Estate,,,Dallas-Fort Worth,2,1,2026-09-11,State Bar of Texas Member Directory
Zurich,,,,,TX,Collin,,,Personal Injury,,,Dallas-Fort Worth,5,1,2026-09-11,State Bar of Texas Member Directory
agilon health,,,,,TX,Collin,,,Employment Law,,,Dallas-Fort Worth,3,1,2026-09-11,State Bar of Texas Member Directory
"AMG Counsel, PLLC",https://www.amgcounsel.com/,,,Allen,TX,Collin,202-658-2820,info@amgcounsel.com,Estate Planning,450 Century Pkwy Ste 250,75013,Dallas-Fort Worth,2,1,2026-09-11,State Bar of Texas Member Directory; State Bar self-reported website
"Aaron C. Lee Law Firm, PLLC",http://www.acleelaw.com/,,,Allen,TX,Collin,469-640-1715,admin@‌acleelaw.com,Estate Planning,1333 W McDermott Dr Ste 100,75013,Dallas-Fort Worth,2,1,2026-09-11,State Bar of Texas Member Directory; State Bar self-reported website
Aaron Christopher Harper,,,,Allen,TX,Collin,214-395-0070,,Criminal Defense,550 S Watters Rd Ste 169,75013,Dallas-Fort Worth,5,1,2026-09-11,State Bar of Texas Member Directory
"Alaz Law Firm, PLLC",https://www.alazlaw.com/,,,Allen,TX,Collin,469-949-4646,info@alazlaw.com,Estate Planning,825 Watters Creek Blvd Ste 250 Bldg M,75013,Dallas-Fort Worth,2,1,2026-09-11,State Bar of Texas Member Directory; State Bar self-reported website
Ameriflex,,,,Allen,TX,Collin,,,Employment Law,1000 Blanco Dr,75013,Dallas-Fort Worth,3,1,2026-09-11,State Bar of Texas Member Directory; State Bar self-reported website
"Amin Legal Firm, P.C.",https://www.aminlegalfirm.com/,,,Allen,TX,Collin,212-500-3300,,Employment Law,"450 Century Pkwy, Suite 250",75013,Dallas-Fort Worth,3,1,2026-09-11,State Bar of Texas Member Directory; Justia
"Andor, Goheen, O'Toole, Wadas & Gonzalez, P.L.L.C.",https://collincountylaw.com/about-us/joshua-andor/,,,Allen,TX,Collin,972-548-7167,,Criminal Defense,700 Central Expy S Ste 550,75013,Dallas-Fort Worth,5,3,2026-09-11,State Bar of Texas Member Directory; Justia
Applied Medico-Legal Solutions Management Group/Vice-President Litigation Manage,,,,Allen,TX,Collin,469-908-0987,,Personal Injury,1333 W McDermott Dr Ste 100,75013,Dallas-Fort Worth,5,1,2026-09-11,State Bar of Texas Member Directory
"Azhar & Azhar, PLLC",https://azharlawfirm.com/,,,Allen,TX,Collin,214-420-1200,,Immigration,614 S Watters Rd Ste C,75013,Dallas-Fort Worth,2,2,2026-09-11,State Bar of Texas Member Directory; State Bar self-reported website
"Barron and Carter, LLP dba Barron and Barron, LLP",https://barronbankruptcyattorney.com/,,,Allen,TX,Collin,972-422-9377,,Bankruptcy,333 E Bethany Dr Ste J120,75002,Dallas-Fort Worth,2,1,2026-09-11,State Bar of Texas Member Directory; State Bar self-reported website
Benjamin M. Votava,,,,Allen,TX,Collin,,,General,700 central expressway S #550,75013,Dallas-Fort Worth,4,1,2026-09-11,State Bar of Texas Member Directory
Benton J. Poole,,,,Allen,TX,Collin,,,General,1917 Esparanza Ct,75013,Dallas-Fort Worth,4,1,2026-09-11,State Bar of Texas Member Directory
Boling Tejeda PLLC,https://bolinglegal.com/,,,Allen,TX,Collin,214-378-8788,chris@bolinglegal.com,Civil Litigation,28 Prestige Cir Unit 5130,75002,Dallas-Fort Worth,3,2,2026-09-11,State Bar of Texas Member Directory; State Bar self-reported website
Burgfechtel Law Offices PLLC,,,,Allen,TX,Collin,715-505-1200,,Estate Planning,1115 Canton Ct,75013,Dallas-Fort Worth,2,1,2026-09-11,State Bar of Texas Member Directory
Christine Mary Magee,,,,Allen,TX,Collin,214-770-9897,,General,450 Century Pkwy Ste 250,75013,Dallas-Fort Worth,4,1,2026-09-11,State Bar of Texas Member Directory; State Bar self-reported website
"Christopher G. Gallavan, Attorney at Law",,,,Allen,TX,Collin,817-721-6102,,Personal Injury,PO Box 807,75013,Dallas-Fort Worth,5,1,2026-09-11,State Bar of Texas Member Directory
Christopher James Arnell,,,,Allen,TX,Collin,,,Personal Injury,450 Century Pkwy Ste 250,75013,Dallas-Fort Worth,5,1,2026-09-11,State Bar of Texas Member Directory; State Bar self-reported website
Christopher Teague Koch,,,,Allen,TX,Collin,972-302-8585,ck@klgroupsolutions.com,General,1117 Ferndale Dr,75013,Dallas-Fort Worth,4,1,2026-09-11,State Bar of Texas Member Directory; State Bar self-reported website
"Conrad, PLLC",https://www.conradpllc.com/,,,Allen,TX,Collin,972-708-1814,info@conradpllc.com,Real Estate,101 N Greenville Ave Ste C PMB 17,75002,Dallas-Fort Worth,2,1,2026-09-11,State Bar of Texas Member Directory; State Bar self-reported website
"DelGiorno IP Law, PLLC",,,,Allen,TX,Collin,214-601-5390,,General,941 Marie Dr,75013,Dallas-Fort Worth,4,1,2026-09-11,State Bar of Texas Member Directory; State Bar self-reported website
Derek Dwayne Reeves,,,,Allen,TX,Collin,,,General,439 Sunrise Dr,75002,Dallas-Fort Worth,4,1,2026-09-11,State Bar of Texas Member Directory
Diane Callander Wetherbee,,,,Allen,TX,Collin,214-535-7011,,Employment Law,820 Shallowater Dr,75013,Dallas-Fort Worth,3,1,2026-09-11,State Bar of Texas Member Directory
"Disrupt the Landing, LLC",,,,Allen,TX,Collin,214-535-5854,,Personal Injury,401 Wolverley Ln,75002,Dallas-Fort Worth,5,1,2026-09-11,State Bar of Texas Member Directory; State Bar self-reported website
"Dodd Law Offices, PLLC",https://doddlawtexas.com/,,,Allen,TX,Collin,469-319-1351,jackie@doddlawtexas.com,Criminal Defense,825 Watters Creek Blvd Ste 250 Bldg M # 5769,75013,Dallas-Fort Worth,5,1,2026-09-11,State Bar of Texas Member Directory; State Bar self-reported website
"Dunagan Law, PLLC",,,,Allen,TX,Collin,214-216-1610,,Criminal Defense,"900 W. Bethany, Ste. 250",75013,Dallas-Fort Worth,5,1,2026-09-11,State Bar of Texas Member Directory
Fitts & Castleman,http://www.fittscastleman.com/,,,Allen,TX,Collin,469-519-2725,admin@fittscastleman.com,Criminal Defense,1333 W McDermott Dr Ste 200,75013,Dallas-Fort Worth,5,2,2026-09-11,State Bar of Texas Member Directory; State Bar self-reported website
"Friesland Law Firm, PLLC",https://www.frieslandlaw.com/,,,Allen,TX,Collin,214-644-1970,,Estate Planning,700 Central Expy S Ste 100,75013,Dallas-Fort Worth,2,1,2026-09-11,State Bar of Texas Member Directory
George R. Conkey,,,,Allen,TX,Collin,214-358-4494,,Criminal Defense,"270 South Watters Rd., #123",75013,Dallas-Fort Worth,5,1,2026-09-11,State Bar of Texas Member Directory
George S. McKearin,,,,Allen,TX,Collin,972-889-3825,,Estate Planning,1451 S Greenville Ave Apt 1206,75002,Dallas-Fort Worth,2,1,2026-09-11,State Bar of Texas Member Directory; State Bar self-reported website
Gette Law PLLC,https://www.gettelaw.com/,,,Allen,TX,Collin,214-447-0638,info@gettelaw.com,Civil Litigation,900 W Bethany Dr Ste 230 One Bethany East,75013,Dallas-Fort Worth,3,2,2026-09-11,State Bar of Texas Member Directory; State Bar self-reported website
Gonzalez Rolon Valdespino & Rodriguez,https://www.internationaltrade.law/,,,Allen,TX,Collin,214-720-7720,info@internationaltrade.law,Civil Litigation,PO Box 1666,75013,Dallas-Fort Worth,3,1,2026-09-11,State Bar of Texas Member Directory; State Bar self-reported website
Hagan Law Group LLC,,,,Allen,TX,Collin,469-519-2760,,Employment Law,1333 W McDermott Dr Ste 200,75013,Dallas-Fort Worth,3,1,2026-09-11,State Bar of Texas Member Directory; State Bar self-reported website
"Hall & Evans, LLC",https://www.hallevans.com/,,,Allen,TX,Collin,469-671-2009,,Personal Injury,700 Central Expressway South Suite 400,75013,Dallas-Fort Worth,5,1,2026-09-11,State Bar of Texas Member Directory; State Bar self-reported website
Harrison Law,,,,Allen,TX,Collin,469-519-2721,,Criminal Defense,1333 W McDermott Dr Ste 200,75013,Dallas-Fort Worth,5,1,2026-09-11,State Bar of Texas Member Directory; State Bar self-reported website
"Holly E. Fuller, Attorney at Law",https://www.hollyfullerlaw.com/,,,Allen,TX,Collin,214-597-0252,,General,333 E Bethany Dr,75002,Dallas-Fort Worth,4,1,2026-09-11,State Bar of Texas Member Directory; State Bar self-reported website
Jac Schuster PLLC,https://jacschuster.com/,,,Allen,TX,Collin,214-444-5855,seidah@jacschuster.com,Estate Planning,1333 W McDermott Dr Ste 200,75013,Dallas-Fort Worth,2,1,2026-09-11,State Bar of Texas Member Directory; State Bar self-reported website
James Richard Banowsky,,,,Allen,TX,Collin,425-208-5409,,General,1419 Cool Springs Dr.,75013,Dallas-Fort Worth,4,1,2026-09-11,State Bar of Texas Member Directory
"James W. Wilson & Associates, PLLC",,,,Allen,TX,Collin,972-727-9904,,General,103 W Main St,75013,Dallas-Fort Worth,4,1,2026-09-11,State Bar of Texas Member Directory
James Zachary Williams,,,,Allen,TX,Collin,972-556-5734,,General,700 Central Expy S Ste 400,75013,Dallas-Fort Worth,4,1,2026-09-11,State Bar of Texas Member Directory
John Joseph Bruckner,,,,Allen,TX,Collin,,,General,401 Ellis St,75002,Dallas-Fort Worth,4,1,2026-09-11,State Bar of Texas Member Directory
John Therylle Helm,,,,Allen,TX,Collin,469-525-1139,,Civil Litigation,111 Danbury Ct,75002,Dallas-Fort Worth,3,1,2026-09-11,State Bar of Texas Member Directory
John Walter Reeder,http://reederlegal.com/,,,Allen,TX,Collin,972-516-4270,john@reederlegal.com,Civil Litigation,450 Century Pkwy Ste 250,75013,Dallas-Fort Worth,3,1,2026-09-11,State Bar of Texas Member Directory; State Bar self-reported website
Joshua Turin,,,,Allen,TX,Collin,214-770-6297,,Immigration,733 Fairlawn Street,75002,Dallas-Fort Worth,2,1,2026-09-11,State Bar of Texas Member Directory
"Jude Family Law, PLLC",,,,Allen,TX,Collin,945-270-6120,,General,450 Century Pkwy Ste 250,75013,Dallas-Fort Worth,4,1,2026-09-11,State Bar of Texas Member Directory; State Bar self-reported website
Kenneth S. Muncy,,,,Allen,TX,Collin,972-835-4377,,General,912 Charles River Ct,75013,Dallas-Fort Worth,4,1,2026-09-11,State Bar of Texas Member Directory
Kerschiel D. Smith,,,,Allen,TX,Collin,214-476-6399,,General,PO Box 337,75013,Dallas-Fort Worth,4,1,2026-09-11,State Bar of Texas Member Directory
Klemchuk PLLC,https://www.klemchuk.com/,,,Allen,TX,Collin,972-881-2231,info@klemchuk.com,General,PO Box 766,75013,Dallas-Fort Worth,4,1,2026-09-11,State Bar of Texas Member Directory; State Bar self-reported website
Kristin Lee Reeves Santamaria,,,,Allen,TX,Collin,,,General,1145 Caleb Drive,75013,Dallas-Fort Worth,4,1,2026-09-11,State Bar of Texas Member Directory
Kyle K Shaw PLLC,,,,Allen,TX,Collin,214-726-0088,,Criminal Defense,1333 W McDermott Dr Ste 200,75013,Dallas-Fort Worth,5,1,2026-09-11,State Bar of Texas Member Directory; State Bar self-reported website
"LaFleur Law Firm, P.C.",https://www.collincountyfamilyattorneys.com/,,,Allen,TX,Collin,214-500-5275,jennifer@texasfamilyattorney.net,General,1420 West Exchange Parkway Suite 190,75013,Dallas-Fort Worth,4,2,2026-09-11,State Bar of Texas Member Directory; Justia
Laureen Dintzner Charles,,,,Allen,TX,Collin,,,General,1109 Copperas Cove Ct,75013,Dallas-Fort Worth,4,1,2026-09-11,State Bar of Texas Member Directory
Laurel Clement PC,https://www.laurelclement.com/,,,Allen,TX,Collin,972-422-9120,webinar@laurelclement.com,General,450 Century Pkwy Ste 250,75013,Dallas-Fort Worth,4,1,2026-09-11,State Bar of Texas Member Directory; State Bar self-reported website
Lauren Rose Muzyka,,,,Allen,TX,Collin,,,General,906 W McDermott Dr Ste 116 PMB 209,75013,Dallas-Fort Worth,4,1,2026-09-11,State Bar of Texas Member Directory
Law Office Of Michael Scates & Associates,,,,Allen,TX,Collin,972-525-8600,,Civil Litigation,700 Central Expy S Ste 400,75013,Dallas-Fort Worth,3,1,2026-09-11,State Bar of Texas Member Directory
Law Office of April Evans Doyle,,,,Allen,TX,Collin,469-795-1631,,Criminal Defense,"190 East Stacy Road, Suite 306-109",75002,Dallas-Fort Worth,5,1,2026-09-11,State Bar of Texas Member Directory
Law Office of Christina McMahan,,,,Allen,TX,Collin,469-423-0987,,General,825 Watters Creek Blvd Ste 250,75013,Dallas-Fort Worth,4,1,2026-09-11,State Bar of Texas Member Directory
Law Office of Dawn R. Hedlund PLLC,https://hedlundlawfirm.com/,,,Allen,TX,Collin,469-215-1585,,Criminal Defense,550 S Watters Rd Ste 179,75013,Dallas-Fort Worth,5,1,2026-09-11,State Bar of Texas Member Directory; State Bar self-reported website
Law Office of Heidi J Elkins,,,,Allen,TX,Collin,972-422-9170,,Estate Planning,450 Century Pkwy Ste 250,75013,Dallas-Fort Worth,2,1,2026-09-11,State Bar of Texas Member Directory; State Bar self-reported website
Law Office of M. Lee Bean,,,,Allen,TX,Collin,214-675-4754,,General,906 W McDermott Dr Ste 116 PMB 266,75013,Dallas-Fort Worth,4,1,2026-09-11,State Bar of Texas Member Directory
Law Office of Tim Baker,https://www.bakerlaw.com/,,,Allen,TX,Collin,214-727-4956,lfechter@bakerlaw.com,General,1205 S Greenville Ave,75002,Dallas-Fort Worth,4,1,2026-09-11,State Bar of Texas Member Directory; State Bar self-reported website
Law Offices of Dale M. Rodriguez,https://www.dmrlawoffice.com/,,,Allen,TX,Collin,214-713-4665,dale@dmrlawoffice.com,Employment Law,"450 Century Parkway, Suite 250",75013,Dallas-Fort Worth,3,1,2026-09-11,State Bar of Texas Member Directory; State Bar self-reported website
Law Offices of Mark Montgomery,,,,Allen,TX,Collin,469-952-6500,,General,1420 W Exchange Parkway Ste 190,75013,Dallas-Fort Worth,4,1,2026-09-11,State Bar of Texas Member Directory
Law Offices of Tammi J. Enochs,,,,Allen,TX,Collin,214-505-2315,,Criminal Defense,"450 Century Parkway, Suite 250",75013,Dallas-Fort Worth,5,4,2026-09-11,State Bar of Texas Member Directory
"Lawan Law Group, PLLC dba Harmony Legal Group",https://hlglegal.com/,,,Allen,TX,Collin,972-904-3369,,Estate Planning,333 E Bethany Dr Ste K130,75002,Dallas-Fort Worth,2,1,2026-09-11,State Bar of Texas Member Directory; State Bar self-reported website
"M. Huynh Law, PLLC",,,,Allen,TX,Collin,972-727-9904,,Estate Planning,103 W Main St,75013,Dallas-Fort Worth,2,1,2026-09-11,State Bar of Texas Member Directory
MD7,,,,Allen,TX,Collin,,,General,"950 W. Bethany Dr., #700",75013,Dallas-Fort Worth,4,1,2026-09-11,State Bar of Texas Member Directory
Martinez Immigration,https://martinezimmigration.net/,,,Allen,TX,Collin,469-296-9916,info@martinezimmigration.net,Immigration,1333 W McDermott Dr Ste 200,75013,Dallas-Fort Worth,2,1,2026-09-11,State Bar of Texas Member Directory; State Bar self-reported website
Mayur Chhagan Vaghani,,,,Allen,TX,Collin,,,General,935 Rosemoor Dr.,75013,Dallas-Fort Worth,4,1,2026-09-11,State Bar of Texas Member Directory
Michael Burns,,,,Allen,TX,Collin,,,Civil Litigation,PO Box 992,75013,Dallas-Fort Worth,3,1,2026-09-11,State Bar of Texas Member Directory
Michael Ray Boling,,,,Allen,TX,Collin,214-378-8788,,General,28 Prestige Circle Unit 5130,75002,Dallas-Fort Worth,4,1,2026-09-11,State Bar of Texas Member Directory; State Bar self-reported website
Michelle Andelman,,,,Allen,TX,Collin,214-766-8974,,Criminal Defense,109 Cold Springs Court,75002,Dallas-Fort Worth,5,1,2026-09-11,State Bar of Texas Member Directory
Micro Focus,,,,Allen,TX,Collin,972-310-4670,,General,1702 Monaco Drive,75002,Dallas-Fort Worth,4,1,2026-09-11,State Bar of Texas Member Directory
"Moss & Associates, LLC",,,,Allen,TX,Collin,,,Employment Law,1234 Johnson Road Suite 290,75013,Dallas-Fort Worth,3,1,2026-09-11,State Bar of Texas Member Directory
Nathan McClure Viles,,,,Allen,TX,Collin,214-240-5191,,General,1403 Chimney Rock Dr,75002,Dallas-Fort Worth,4,1,2026-09-11,State Bar of Texas Member Directory; State Bar self-reported website
Nicholas Foley,,,,Allen,TX,Collin,214-597-0147,,Civil Litigation,15 N Star Rd,75002,Dallas-Fort Worth,3,1,2026-09-11,State Bar of Texas Member Directory
Nicholson Law LLC,https://nicholsonlaw.com/,,,Allen,TX,Collin,360-350-4504,,Employment Law,401 S. Malone Rd.,75002,Dallas-Fort Worth,3,1,2026-09-11,State Bar of Texas Member Directory
Northcutt & Dean PLLC dba Allen Texas Attorneys,https://allentexasattorney.com/,,,Allen,TX,Collin,972-390-1608,,Criminal Defense,80 E McDermott Dr,75002,Dallas-Fort Worth,5,2,2026-09-11,State Bar of Texas Member Directory; State Bar self-reported website
"Nunnallee Law, PLLC",,,,Allen,TX,Collin,214-476-3893,,General,190 E Stacy Rd Ste 306 PMB 295,75002,Dallas-Fort Worth,4,1,2026-09-11,State Bar of Texas Member Directory
"Oake Law Office, PLLC",,,,Allen,TX,Collin,214-207-9066,,General,"700 S. Central Expy., Suite 400",75013,Dallas-Fort Worth,4,1,2026-09-11,State Bar of Texas Member Directory; State Bar self-reported website
Obair Ahmad Qudsi,,,,Allen,TX,Collin,,,Personal Injury,1312 Heather Brook Dr,75002,Dallas-Fort Worth,5,1,2026-09-11,State Bar of Texas Member Directory
"Palmer Law Group, P.C.",https://danapalmerlawgroup.com/,,,Allen,TX,Collin,214-789-4735,,Estate Planning,550 S Watters Rd Ste 221,75013,Dallas-Fort Worth,2,1,2026-09-11,State Bar of Texas Member Directory; Justia
Patricia A. Deaton,,,,Allen,TX,Collin,361-643-2800,,Criminal Defense,"1420 W. Exchange Pkwy, Ste 180 Glendover Professional Center, Bldg C",75013,Dallas-Fort Worth,5,1,2026-09-11,State Bar of Texas Member Directory
Petitt Family Law,https://www.petittfamilylaw.com/,,,Allen,TX,Collin,469-361-2606,,General,"450 Century Parkway, Ste. 273",75013,Dallas-Fort Worth,4,1,2026-09-11,State Bar of Texas Member Directory; Justia
Philip D. Roach,,,,Allen,TX,Collin,214-642-5189,,General,1041 Stephen St,75013,Dallas-Fort Worth,4,1,2026-09-11,State Bar of Texas Member Directory
"Pittenger, Nuspl & Crumley",,,,Allen,TX,Collin,972-805-4536,,Personal Injury,1420 W Exchange Pkwy Ste 180,75013,Dallas-Fort Worth,5,2,2026-09-11,State Bar of Texas Member Directory; Justia
"Rawls Law Firm, PLLC",,,,Allen,TX,Collin,214-383-0200,,Real Estate,450 Century Pkwy Ste 320,75013,Dallas-Fort Worth,2,4,2026-09-11,State Bar of Texas Member Directory; State Bar self-reported website
"Richardson Brown, PLLC",https://www.richardsonbrownlaw.com/,,,Allen,TX,Collin,972-832-8058,,Estate Planning,"1420 W. Exchange Pkwy, Ste 190",75013,Dallas-Fort Worth,2,2,2026-09-11,State Bar of Texas Member Directory; State Bar self-reported website
SPARKS LAW PLLC,https://sparkslaw.com/,,,Allen,TX,Collin,214-265-6576,brady@sparkslaw.com,Civil Litigation,400 N Allen Dr Ste 306,75013,Dallas-Fort Worth,3,1,2026-09-11,State Bar of Texas Member Directory; State Bar self-reported website
"Sandifer Law Office, P.C.",https://sandiferlawoffice.com/,,,Allen,TX,Collin,972-396-1118,,Civil Litigation,PO Box 1210,75013,Dallas-Fort Worth,3,1,2026-09-11,State Bar of Texas Member Directory; State Bar self-reported website
Schulmeister Law Group PLLC,https://schulmeisterlaw.com/,,,Allen,TX,Collin,214-785-7585,office@schulmeisterlaw.com,Criminal Defense,101 W McDermott Dr # 112,75013,Dallas-Fort Worth,5,1,2026-09-11,State Bar of Texas Member Directory; State Bar self-reported website
"Sethi-Wadhwa Law, PLLC",,,,Allen,TX,Collin,469-888-1604,,Immigration,2234 Emery Down Dr,75013,Dallas-Fort Worth,2,1,2026-09-11,State Bar of Texas Member Directory
"Shahzad R. Khan Legal, PLLC",https://www.srkhanlegal.com/,,,Allen,TX,Collin,972-961-3095,,Immigration,450 Century Parkway Suite 250,75013,Dallas-Fort Worth,2,1,2026-09-11,State Bar of Texas Member Directory; State Bar self-reported website
"Sharon Corsentino Mediations, PLLC",https://sharoncorsentino.com/,,,Allen,TX,Collin,214-937-9209,mediations@sharoncorsentino.com,General,906 W McDermott Dr Ste 116 PMB 122,75013,Dallas-Fort Worth,4,1,2026-09-11,State Bar of Texas Member Directory; Justia
"Silvestri Family Law, PLLC",https://silvestrifamilylaw.com/,,,Allen,TX,Collin,214-440-1258,info@silvestrifamilylaw.com,General,"1333 W. McDermott Drive, Ste 200",75013,Dallas-Fort Worth,4,1,2026-09-11,State Bar of Texas Member Directory; State Bar self-reported website
"Steele Law, P.C.",https://www.steelelawfirm.com/,,,Allen,TX,Collin,214-333-9393,dks@steelelawfirm.com,Personal Injury,1902 Armstrong Dr.,75002,Dallas-Fort Worth,5,1,2026-09-11,State Bar of Texas Member Directory; State Bar self-reported website
Stephanie Duecker Hudson,,,,Allen,TX,Collin,469-519-7815,,Criminal Defense,1333 W McDermott Dr Ste 200,75013,Dallas-Fort Worth,5,1,2026-09-11,State Bar of Texas Member Directory; State Bar self-reported website
Steven G Lawrence Law Office,,,,Allen,TX,Collin,214-762-1759,,Real Estate,103 N Alder Dr,75002,Dallas-Fort Worth,2,1,2026-09-11,State Bar of Texas Member Directory; State Bar self-reported website
"TRUJILLO & GONZALEZ, P.C.",https://tgtriallaw.com/,,,Allen,TX,Collin,214-542-2316,,Personal Injury,700 Central Expy S,75013,Dallas-Fort Worth,5,2,2026-09-11,State Bar of Texas Member Directory; State Bar self-reported website
Texas Pioneer Title,,,,Allen,TX,Collin,469-270-0566,,General,103 W McDermott Dr Ste 100,75013,Dallas-Fort Worth,4,1,2026-09-11,State Bar of Texas Member Directory
The Hamm Firm,http://www.hammlawfirm.com/,,,Allen,TX,Collin,469-656-1593,ghamm@hammfirm.com,Civil Litigation,1333 W McDermott Dr Ste 200,75013,Dallas-Fort Worth,3,1,2026-09-11,State Bar of Texas Member Directory; Justia
"The Kapioltas Law Firm, PLLC",https://kapioltas.com/,,,Allen,TX,Collin,214-764-9232,,Civil Litigation,"825 Watters Creek Blvd Building M, Suite 250",75013,Dallas-Fort Worth,3,1,2026-09-11,State Bar of Texas Member Directory; State Bar self-reported website
The Law Office of John Schomburger,,,,Allen,TX,Collin,972-978-2218,,Criminal Defense,450 Century Parkway Ste 250,75013,Dallas-Fort Worth,5,1,2026-09-11,State Bar of Texas Member Directory
The Law Office of Jonathan Hwang,https://hwanglawtx.com/,,,Allen,TX,Collin,214-631-9545,jon@hwanglawtx.com,Personal Injury,450 Century Pkwy Ste 250,75013,Dallas-Fort Worth,5,1,2026-09-11,State Bar of Texas Member Directory; State Bar self-reported website
"The Law Office of Willis Ma, PLLC",,,,Allen,TX,Collin,972-332-1390,,Criminal Defense,700 Central Expy S Ste 400,75013,Dallas-Fort Worth,5,1,2026-09-11,State Bar of Texas Member Directory
The Law Offices of John B. Setterberg,https://setterberglawoffice.com/,,,Allen,TX,Collin,214-210-0703,,Criminal Defense,825 Watters Creek Blvd Ste 250 # 182,75013,Dallas-Fort Worth,5,1,2026-09-11,State Bar of Texas Member Directory; State Bar self-reported website
The Law Offices of Kimberly J Munson PLLC,https://kjmunson.com/,,,Allen,TX,Collin,214-383-3150,,Personal Injury,401 Century Pkwy # 54,75013,Dallas-Fort Worth,5,1,2026-09-11,State Bar of Texas Member Directory; State Bar self-reported website
"The Liu Law Firm, PLLC",https://liuattorneys.com/,,,Allen,TX,Collin,469-949-9227,liulawfirm@liuattorneys.com,General,"333 Bethany Dr., Bldg. H, Suite 100",75002,Dallas-Fort Worth,4,1,2026-09-11,State Bar of Texas Member Directory; State Bar self-reported website
The O'Dowd Law Firm,,,,Allen,TX,Collin,214-432-1006,,Real Estate,"450 Century Parkway, Suite 250",75013,Dallas-Fort Worth,2,1,2026-09-11,State Bar of Texas Member Directory; State Bar self-reported website
The Singletary Firm,,,,Allen,TX,Collin,469-431-2125,,Criminal Defense,"1420 W. Exchange Pkwy., Ste. 180",75013,Dallas-Fort Worth,5,1,2026-09-11,State Bar of Texas Member Directory
Timothy John Whalen,,,,Allen,TX,Collin,214-909-4879,,Civil Litigation,1165 Montgomery Blvd APT #365,75013,Dallas-Fort Worth,3,1,2026-09-11,State Bar of Texas Member Directory
Tracy Hamilton Ramos,,,,Allen,TX,Collin,,,Personal Injury,812 W McDermott Dr PMB 1027,75013,Dallas-Fort Worth,5,1,2026-09-11,State Bar of Texas Member Directory
Uzma Zafarullah,,,,Allen,TX,Collin,,,General,"614 S. Watters Road, Building C",75013,Dallas-Fort Worth,4,1,2026-09-11,State Bar of Texas Member Directory
Vikas Parti,,,,Allen,TX,Collin,,,General,2264 Hermitage Dr,75013,Dallas-Fort Worth,4,1,2026-09-11,State Bar of Texas Member Directory
Warmbrodt & Associates P.L.L.C.,,,,Allen,TX,Collin,972-509-2725,,Estate Planning,700 Central Expy S Ste 150 One Allen Center,75013,Dallas-Fort Worth,2,1,2026-09-11,State Bar of Texas Member Directory; State Bar self-reported website
Webb & Webb PC,,,,Allen,TX,Collin,972-881-8808,,Estate Planning,1625 Indigo Trail,75002,Dallas-Fort Worth,2,2,2026-09-11,State Bar of Texas Member Directory; State Bar self-reported website
"Weir Johnson, PLLC",http://weirjohnson.com/,,,Allen,TX,Collin,214-926-9607,info@weirjohnson.com,Civil Litigation,190 E. Stacy Road Ste 306 #245,75002,Dallas-Fort Worth,3,1,2026-09-11,State Bar of Texas Member Directory; State Bar self-reported website
Wendy McDowell Durbin,,,,Allen,TX,Collin,806-441-7062,,General,881 StarCreek Parkway,75013,Dallas-Fort Worth,4,1,2026-09-11,State Bar of Texas Member Directory
Whitten Legal,https://www.whittenlegal.com/,,,Allen,TX,Collin,972-632-3662,assistant@whittenlegal.com,Personal Injury,550 S Watters Rd Suite 270,75013,Dallas-Fort Worth,5,1,2026-09-11,State Bar of Texas Member Directory; State Bar self-reported website
Will Gable Bassham,,,,Allen,TX,Collin,214-799-6520,,General,"101-C North Greenville Avenue, #34",75002,Dallas-Fort Worth,4,1,2026-09-11,State Bar of Texas Member Directory
Xi Wang,,,,Allen,TX,Collin,,,General,Allen,75013,Dallas-Fort Worth,4,1,2026-09-11,State Bar of Texas Member Directory
"iLaw, PLLC -- Simon Safir Esq.",https://ilawusa.com/,,,Allen,TX,Collin,469-998-4529,info@ilawusa.com,Criminal Defense,1314 W McDermott Dr Ste 106 PMB 410,75013,Dallas-Fort Worth,5,1,2026-09-11,State Bar of Texas Member Directory; State Bar self-reported website
Andrea Lewandowski,,,,Anna,TX,Collin,,,General,1020 Grangewood Dr,75409,Dallas-Fort Worth,4,1,2026-09-11,State Bar of Texas Member Directory
Brannan Law Firm,http://brannanlawgroup.com/,,,Anna,TX,Collin,469-631-8926,,Criminal Defense,PO Box 452,75409,Dallas-Fort Worth,5,1,2026-09-11,State Bar of Texas Member Directory; State Bar self-reported website
Glen Hobart Miller,,,,Anna,TX,Collin,,,Bankruptcy,9500 County Road 475,75409,Dallas-Fort Worth,2,1,2026-09-11,State Bar of Texas Member Directory
"Karen E. Ferris, Attorney dba FerrisLaw",,,,Anna,TX,Collin,214-500-2208,,Personal Injury,904 Greenleaf Ct,75409,Dallas-Fort Worth,5,1,2026-09-11,State Bar of Texas Member Directory
"Law Office of Jonathan Richardson, PLLC",,,,Anna,TX,Collin,972-662-8633,,General,"409 S Central Exyp, Ste 107 #344 None",75409,Dallas-Fort Worth,4,1,2026-09-11,State Bar of Texas Member Directory
"Mike Moore, Attorney at Law",,,,Anna,TX,Collin,214-935-7042,,Criminal Defense,PO Box 352,75409,Dallas-Fort Worth,5,1,2026-09-11,State Bar of Texas Member Directory
Rhonda Beth Lewis,,,,Anna,TX,Collin,,,General,711 Hurricane Creek Cir,75409,Dallas-Fort Worth,4,1,2026-09-11,State Bar of Texas Member Directory
The Law Office of Leslie Dodson,,,,Blue Ridge,TX,Collin,214-385-6734,,General,301 S. Business Hwy 78 #552,75424,Dallas-Fort Worth,4,1,2026-09-11,State Bar of Texas Member Directory
ÆSIR Law PLLC,https://aesirlaw.com/,,,Blue Ridge,TX,Collin,972-439-0200,,General,Box 22,75424,Dallas-Fort Worth,4,1,2026-09-11,State Bar of Texas Member Directory; State Bar self-reported website
Adam J Setliff PLLC,,,,Celina,TX,Collin,,,Estate Planning,2750 S Preston Rd Suite 116193,75009,Dallas-Fort Worth,2,1,2026-09-11,State Bar of Texas Member Directory
"Emerson Law Firm, PC",,,,Celina,TX,Collin,972-282-2461,,General,2812 Quarter Horse Ln,75009,Dallas-Fort Worth,4,1,2026-09-11,State Bar of Texas Member Directory; State Bar self-reported website
"Joel Moore Law, P.L.L.C.",http://www.joelmoorelaw.com/,,,Celina,TX,Collin,469-777-6347,,General,PO Box 777,75009,Dallas-Fort Worth,4,1,2026-09-11,State Bar of Texas Member Directory; State Bar self-reported website
"Juris Optimus, LLC",https://jurisoptimus.com/,,,Celina,TX,Collin,469-955-9657,michelle@jurisoptimus.com,General,509 Upton Avenue,75009,Dallas-Fort Worth,4,1,2026-09-11,State Bar of Texas Member Directory; State Bar self-reported website
Law Office of John P. Bossert,,,,Celina,TX,Collin,,,General,1421 Clare Ct,75009,Dallas-Fort Worth,4,1,2026-09-11,State Bar of Texas Member Directory
Law Offices of Gary W. Blanscet,,,,Celina,TX,Collin,214-929-3202,,General,2617 War Admiral Street,75009,Dallas-Fort Worth,4,1,2026-09-11,State Bar of Texas Member Directory
Lisa S Duffield PC,http://celinatexasrealestate.com/,,,Celina,TX,Collin,972-382-8000,,Estate Planning,201 S Preston Rd Ste 300,75009,Dallas-Fort Worth,2,1,2026-09-11,State Bar of Texas Member Directory; State Bar self-reported website
Michella Kathryn Bau Melton,,,,Celina,TX,Collin,972-658-5386,,Estate Planning,418 Broken Spur Trl.,75009,Dallas-Fort Worth,2,1,2026-09-11,State Bar of Texas Member Directory
"ProEnergy Services, LLP",,,,Celina,TX,Collin,660-829-5100,,General,3910 Pandora Drive,75009,Dallas-Fort Worth,4,1,2026-09-11,State Bar of Texas Member Directory
RMTA Law Group,https://www.rmta.law/,,,Celina,TX,Collin,469-715-5010,admin@rmta.law,Employment Law,3094 Forest Dr,75009,Dallas-Fort Worth,3,1,2026-09-11,State Bar of Texas Member Directory; State Bar self-reported website
Shannon Campbell Gardiner,,,,Celina,TX,Collin,940-300-9030,,General,201 S Preston Rd Ste 200,75009,Dallas-Fort Worth,4,1,2026-09-11,State Bar of Texas Member Directory
Subvet Dotson West,,,,Celina,TX,Collin,972-896-0065,,Civil Litigation,"918 W. Walnut St., Box 574",75009,Dallas-Fort Worth,3,1,2026-09-11,State Bar of Texas Member Directory
Takada Legal PC,,,,Celina,TX,Collin,,,General,2816 River Bend Pl,75009,Dallas-Fort Worth,4,1,2026-09-11,State Bar of Texas Member Directory
"The Cawlfield Law Firm, PLLC",https://www.cawlfieldlaw.com/,,,Celina,TX,Collin,972-382-5400,,Estate Planning,129 N Ohio St,75009,Dallas-Fort Worth,2,1,2026-09-11,State Bar of Texas Member Directory; Justia
"The Law Offices of Robert D. Daake, PLLC",https://www.daake-law.com/,,,Celina,TX,Collin,469-989-7265,hello@daake-law.com,Real Estate,"322 W. Walnut Street, Suite 210",75009,Dallas-Fort Worth,2,3,2026-09-11,State Bar of Texas Member Directory; State Bar self-reported website
100 Coaches Agency,,,,Fairview,TX,Collin,918-507-2119,,Civil Litigation,1046 Hart Rd,75069,Dallas-Fort Worth,3,1,2026-09-11,State Bar of Texas Member Directory
"Harold F. Degenhardt, Esq.",,,,Fairview,TX,Collin,817-703-9709,,General,937 Scenic Ranch Cir,75069,Dallas-Fort Worth,4,1,2026-09-11,State Bar of Texas Member Directory
John M. Weaver,,,,Fairview,TX,Collin,214-793-2272,,General,425 Saddleback Drive,75069,Dallas-Fort Worth,4,1,2026-09-11,State Bar of Texas Member Directory
KIVAKI LAW FIRM,,,,Fairview,TX,Collin,786-553-0600,,Real Estate,163 Town Pl # 31,75069,Dallas-Fort Worth,2,1,2026-09-11,State Bar of Texas Member Directory; State Bar self-reported website
Meridith Cavender Constant,,,,Fairview,TX,Collin,214-282-8214,,Personal Injury,163 Town Pl Ste 37,75069,Dallas-Fort Worth,5,1,2026-09-11,State Bar of Texas Member Directory
Robert E. Wise,,,,Fairview,TX,Collin,,,General,660 OAKMONT CT,75069,Dallas-Fort Worth,4,1,2026-09-11,State Bar of Texas Member Directory
Robert Jeffery Mabel,,,,Fairview,TX,Collin,469-877-3678,,General,341 Pine Valley Drive,75069,Dallas-Fort Worth,4,1,2026-09-11,State Bar of Texas Member Directory
"Texakoma Operating, L.P.",https://texakoma.com/,,,Fairview,TX,Collin,972-212-8025,,General,1171 Red Oak Trl,75069,Dallas-Fort Worth,4,1,2026-09-11,State Bar of Texas Member Directory; State Bar self-reported website
The Law Office of Jered G Stapleton,,,,Fairview,TX,Collin,469-644-6147,,Criminal Defense,421 Forest Oaks Dr,75069,Dallas-Fort Worth,5,1,2026-09-11,State Bar of Texas Member Directory
Joseph A. Aston,,,,Farmersville,TX,Collin,972-548-9041,,Real Estate,PO Box 719,75442,Dallas-Fort Worth,2,1,2026-09-11,State Bar of Texas Member Directory
Melinda Rider Rochelle,,,,Farmersville,TX,Collin,,,Estate Planning,16726 COUNTY ROAD 566,75442,Dallas-Fort Worth,2,1,2026-09-11,State Bar of Texas Member Directory
ABC Fitness Solutions,,,,Frisco,TX,Collin,469-365-2571,,Employment Law,"2600 North Dallas Parkway, Ste 590",75034,Dallas-Fort Worth,3,1,2026-09-11,State Bar of Texas Member Directory
Aaron Randall Johnston,,,,Frisco,TX,Collin,972-292-8370,,General,1241 Twin Harbors Dr,75036,Dallas-Fort Worth,4,1,2026-09-11,State Bar of Texas Member Directory
AaronTurnerLaw.com,https://www.aaronturnerlaw.com/,,,Frisco,TX,Collin,972-971-5189,aturner@aaronturnerlaw.com,General,5671 Widgeon Way,75034,Dallas-Fort Worth,4,1,2026-09-11,State Bar of Texas Member Directory; State Bar self-reported website
"Abercrombie, Bailey, Johnson & Lyon PLLC",https://www.abjllegal.com/,,,Frisco,TX,Collin,469-248-6430,bryan@abjllegal.com,Criminal Defense,8700 Stonebrook Pkwy Unit 2326,75034,Dallas-Fort Worth,5,2,2026-09-11,State Bar of Texas Member Directory; State Bar self-reported website
Adam Jason Van Cleave,,,,Frisco,TX,Collin,972-739-6988,,General,11026 Snyder Dr,75035,Dallas-Fort Worth,4,1,2026-09-11,State Bar of Texas Member Directory
Addus HomeCare,,,,Frisco,TX,Collin,,,General,6303 Cowboys Way Ste 600,75034,Dallas-Fort Worth,4,1,2026-09-11,State Bar of Texas Member Directory
"Aggie Law Office, PLLC",https://aggielawoffice.com/,,,Frisco,TX,Collin,214-609-9100,info@aggielawoffice.com,Civil Litigation,6160 Warren Pkwy Ste 100,75034,Dallas-Fort Worth,3,1,2026-09-11,State Bar of Texas Member Directory; State Bar self-reported website
"Albin Oldner Law, PLLC",https://www.albinlawgroup.com/,,,Frisco,TX,Collin,214-423-5100,,Civil Litigation,5665 Dallas Pkwy Ste 200,75034,Dallas-Fort Worth,3,8,2026-09-11,State Bar of Texas Member Directory; State Bar self-reported website
Alfred Luis Faustino,,,,Frisco,TX,Collin,940-252-4826,,General,"5570 FM 423, Suite 250, PMB 1134",75036,Dallas-Fort Worth,4,1,2026-09-11,State Bar of Texas Member Directory
"Alliston & Crum Estate Planning, PLLC",,,,Frisco,TX,Collin,469-487-7758,,Estate Planning,8668 John Hickman Pkwy Ste 502,75034,Dallas-Fort Worth,2,2,2026-09-11,State Bar of Texas Member Directory; State Bar self-reported website
Alvin Fletcher Benton,,,,Frisco,TX,Collin,,,Civil Litigation,3074 Briarwood Lane,75034,Dallas-Fort Worth,3,1,2026-09-11,State Bar of Texas Member Directory
"Angarita Law Firm, PLLC.",https://www.angaritalaw.com/,,,Frisco,TX,Collin,469-428-7715,office@angaritalaw.com,General,1647 Old Witt Rd Ste 102,75036,Dallas-Fort Worth,4,1,2026-09-11,State Bar of Texas Member Directory; State Bar self-reported website
Anthonette Okorodudu Ayitey-Adjin,,,,Frisco,TX,Collin,,,Criminal Defense,11625 Custer Rd Ste 110 PMB 257,75035,Dallas-Fort Worth,5,1,2026-09-11,State Bar of Texas Member Directory
Anthony Dee,,,,Frisco,TX,Collin,405-217-3665,,General,6120 Mount Vernon Drive,75035,Dallas-Fort Worth,4,1,2026-09-11,State Bar of Texas Member Directory
Barbieri Law Firm PC,https://www.barbierilawfirm.com/,,,Frisco,TX,Collin,972-424-1902,,Criminal Defense,17 Cowboys Way Ste 175,75034,Dallas-Fort Worth,5,3,2026-09-11,State Bar of Texas Member Directory; Justia
Barry Joseph Jewell,,,,Frisco,TX,Collin,501-626-1694,,General,9505 Speaker Drive,75035,Dallas-Fort Worth,4,1,2026-09-11,State Bar of Texas Member Directory
"Bearstone Law, PLLC",https://bearstonelaw.com/,,,Frisco,TX,Collin,945-758-9455,,General,12800 Westridge Blvd Ste 141,75035,Dallas-Fort Worth,4,1,2026-09-11,State Bar of Texas Member Directory; State Bar self-reported website
Ben Crump Law PLLC,,,,Frisco,TX,Collin,972-942-0494,,Personal Injury,5 Cowboys Way Ste 300,75034,Dallas-Fort Worth,5,2,2026-09-11,State Bar of Texas Member Directory; Justia
Benjamin Westover,,,,Frisco,TX,Collin,214-471-4405,,General,7590 Perry Dr.,75035,Dallas-Fort Worth,4,1,2026-09-11,State Bar of Texas Member Directory
Blue Star Innovation Partners,https://bluestarinnovationpartners.com/,,,Frisco,TX,Collin,214-616-8862,info@bluestarinnovationpartners.com,General,1 Cowboys Way Ste 190,75034,Dallas-Fort Worth,4,1,2026-09-11,State Bar of Texas Member Directory; State Bar self-reported website
Boyd Litigation Group,,,,Frisco,TX,Collin,469-247-6975,,Criminal Defense,"9355 John W. Elliott Dr., Suite 25545",75033,Dallas-Fort Worth,5,1,2026-09-11,State Bar of Texas Member Directory
Braden Burleson,,,,Frisco,TX,Collin,,,General,25 Glistening Pond Dr,75034,Dallas-Fort Worth,4,1,2026-09-11,State Bar of Texas Member Directory
Brown Fox PLLC,https://brownfoxlaw.com/,,,Frisco,TX,Collin,972-707-1860,,Employment Law,6303 Cowboys Way Ste 450,75034,Dallas-Fort Worth,3,9,2026-09-11,State Bar of Texas Member Directory; State Bar self-reported website
"Bundren Law Group, PLLC",,,,Frisco,TX,Collin,214-808-3555,,Civil Rights,2591 Dallas Pkwy Ste 300,75034,Dallas-Fort Worth,3,1,2026-09-11,State Bar of Texas Member Directory
Burleigh IP,,,,Frisco,TX,Collin,469-547-7647,,General,2290 Briar Ct,75034,Dallas-Fort Worth,4,1,2026-09-11,State Bar of Texas Member Directory
Burrows Law Group,https://www.burrowsatlaw.com/,,,Frisco,TX,Collin,972-236-7798,,Estate Planning,6160 Warren Pkwy Ste 100,75034,Dallas-Fort Worth,2,1,2026-09-11,State Bar of Texas Member Directory; State Bar self-reported website
Business attorney,,,,Frisco,TX,Collin,512-969-1254,,General,1420 Bent Tree Drive,75036,Dallas-Fort Worth,4,1,2026-09-11,State Bar of Texas Member Directory
By-the-Book Workplace Investigations,https://www.bythebookinvestigations.com/,,,Frisco,TX,Collin,855-618-3247,hello@bythebookinvestigations.com,Employment Law,2591 Dallas Pkwy Ste 300,75034,Dallas-Fort Worth,3,1,2026-09-11,State Bar of Texas Member Directory; State Bar self-reported website
Campbell Law PLLC,https://campbellfirm.law/,,,Frisco,TX,Collin,469-423-6852,,Civil Litigation,5 Cowboys Way Ste 300,75034,Dallas-Fort Worth,3,1,2026-09-11,State Bar of Texas Member Directory; State Bar self-reported website
Carolyn Beth Becka,,,,Frisco,TX,Collin,469-545-3425,,General,PO BOX 915,75034,Dallas-Fort Worth,4,1,2026-09-11,State Bar of Texas Member Directory
Cawley Law Group LLC,,,,Frisco,TX,Collin,469-259-2221,,Personal Injury,2591 Dallas Pkwy Ste 300,75034,Dallas-Fort Worth,5,1,2026-09-11,State Bar of Texas Member Directory
"Cevallos Law Group, PLLC",https://cevalloslg.com/,,,Frisco,TX,Collin,469-252-1130,,Estate Planning,6136 Frisco Square Suite 400,75034,Dallas-Fort Worth,2,1,2026-09-11,State Bar of Texas Member Directory; State Bar self-reported website
Charles Andrew Mooney,,,,Frisco,TX,Collin,,,General,PO Box 2616,75034,Dallas-Fort Worth,4,1,2026-09-11,State Bar of Texas Member Directory
"Cherry Johnson Siegmund James, PC",,,,Frisco,TX,Collin,972-987-0709,,General,"4760 Preston Road, Suite 244-357",75034,Dallas-Fort Worth,4,1,2026-09-11,State Bar of Texas Member Directory
Christi Ann Reynolds,,,,Frisco,TX,Collin,,,Civil Litigation,3798 Torrance Boulevard,75034,Dallas-Fort Worth,3,1,2026-09-11,State Bar of Texas Member Directory
Clark Hill PLLC d/b/a Clark Hill Strasburger,https://www.clarkhill.com/,,,Frisco,TX,Collin,469-287-3900,,Civil Litigation,2600 Dallas Pkwy Ste 600,75034,Dallas-Fort Worth,3,23,2026-09-11,State Bar of Texas Member Directory; State Bar self-reported website
Cleve W. Powell,,,,Frisco,TX,Collin,469-207-4024,,Civil Litigation,2248 Fountain Glen Lane,75036,Dallas-Fort Worth,3,1,2026-09-11,State Bar of Texas Member Directory
"Coker, Robb & Cannon, P.C.",https://www.cokerlegal.com/,,,Frisco,TX,Collin,940-566-6649,,General,4875 Preston Rd Ste 100,75034,Dallas-Fort Worth,4,2,2026-09-11,State Bar of Texas Member Directory; State Bar self-reported website
Concierra Legal/Michelle May O'Neil PLLC,https://concierralegal.com/,,,Frisco,TX,Collin,214-506-0704,,General,5 Cowboys Way Ste 300,75034,Dallas-Fort Worth,4,1,2026-09-11,State Bar of Texas Member Directory; Justia
Connexus Credit Union,,,,Frisco,TX,Collin,202-258-0584,,Real Estate,12029 Mordor Ln,75035,Dallas-Fort Worth,2,1,2026-09-11,State Bar of Texas Member Directory
Connie Chuang Almond,,,,Frisco,TX,Collin,,,General,5755 Beacon Hill Dr,75036,Dallas-Fort Worth,4,1,2026-09-11,State Bar of Texas Member Directory
Culhane Meadows PLLC,https://cm.law/,,,Frisco,TX,Collin,214-687-7448,jleahey@cm.law,General,2591 Dallas Pkwy Ste 300,75034,Dallas-Fort Worth,4,2,2026-09-11,State Bar of Texas Member Directory; State Bar self-reported website
DIKE LAW GROUP,https://dklawg.com/,,,Frisco,TX,Collin,972-290-1031,,General,6160 Warren Pkwy Ste 100,75034,Dallas-Fort Worth,4,1,2026-09-11,State Bar of Texas Member Directory; State Bar self-reported website
David Curtis Boyd,,,,Frisco,TX,Collin,214-923-0961,,General,3010 Legacy Dr Ste 100,75034,Dallas-Fort Worth,4,1,2026-09-11,State Bar of Texas Member Directory
"Davis Law Office, P.C.",,,,Frisco,TX,Collin,817-829-5010,,Personal Injury,5605 Fm 423 Ste 500 PMB 327,75036,Dallas-Fort Worth,5,1,2026-09-11,State Bar of Texas Member Directory
"Daws Legal, PLLC",https://www.dawslegal.com/,,,Frisco,TX,Collin,972-970-9580,judson@dawslegal.com,Personal Injury,6160 Warren Pkwy Ste 100,75034,Dallas-Fort Worth,5,1,2026-09-11,State Bar of Texas Member Directory; State Bar self-reported website
Deniz Kilic,,,,Frisco,TX,Collin,469-490-9335,,General,7826 Glastonbury Dr,75035,Dallas-Fort Worth,4,1,2026-09-11,State Bar of Texas Member Directory
Diane K. Lettelleir,,,,Frisco,TX,Collin,214-794-3565,,Civil Litigation,6430 Shorehaven Court,75035,Dallas-Fort Worth,3,1,2026-09-11,State Bar of Texas Member Directory
"Drake Brown Law Firm, PLLC",,,,Frisco,TX,Collin,,,Estate Planning,6160 Warren Pkwy Ste 100,75034,Dallas-Fort Worth,2,1,2026-09-11,State Bar of Texas Member Directory
EEG Immigration Law Group,,,,Frisco,TX,Collin,469-459-1771,,Immigration,"5999 Custer Road, Suite 110-510",75035,Dallas-Fort Worth,2,1,2026-09-11,State Bar of Texas Member Directory; State Bar self-reported website
Eagle Family of Companies,,,,Frisco,TX,Collin,214-472-5044,,General,9300 Wade Blvd Ste 100,75035,Dallas-Fort Worth,4,1,2026-09-11,State Bar of Texas Member Directory
"Estes Law Office, PLLC",https://www.esteslawoffice.com/,,,Frisco,TX,Collin,972-418-2919,esteslawoffice@gmail.com,Estate Planning,6160 Warren Pkwy Ste 100,75034,Dallas-Fort Worth,2,1,2026-09-11,State Bar of Texas Member Directory; State Bar self-reported website
FCRA Attorneys PLLC (formerly Jaffer & Associates PLLC),,,,Frisco,TX,Collin,417-793-6121,,General,"7700 Preston Rd, Suite 703",75034,Dallas-Fort Worth,4,1,2026-09-11,State Bar of Texas Member Directory
"Fancher Legal, PLLC",,,,Frisco,TX,Collin,469-925-0022,,General,6136 Frisco Square Blvd Ste 400,75034,Dallas-Fort Worth,4,1,2026-09-11,State Bar of Texas Member Directory; State Bar self-reported website
Federal Defender's Office,,,,Frisco,TX,Collin,469-362-8506,,Criminal Defense,7460 Warren Pkwy Ste 270,75034,Dallas-Fort Worth,5,1,2026-09-11,State Bar of Texas Member Directory
"Fee, Smith, & Sharp LLP",https://www.feesmith.com/,,,Frisco,TX,Collin,972-934-9100,info@feesmith.com,Civil Litigation,2600 Network Blvd Ste 400,75034,Dallas-Fort Worth,3,3,2026-09-11,State Bar of Texas Member Directory; State Bar self-reported website
Feizy Law Office,https://feizylaw.com/,,,Frisco,TX,Collin,214-651-8686,nick@feizylaw.com,Personal Injury,8668 John Hickman Pkwy Ste 902,75034,Dallas-Fort Worth,5,1,2026-09-11,State Bar of Texas Member Directory; State Bar self-reported website
Ford Rutland Hale,,,,Frisco,TX,Collin,214-793-7436,,Estate Planning,9201 Warren Pkwy Ste 200,75035,Dallas-Fort Worth,2,1,2026-09-11,State Bar of Texas Member Directory
"Freeman Law, PLLC",https://freemanlaw.com/,,,Frisco,TX,Collin,214-984-3410,,Criminal Defense,7011 Main St,75034,Dallas-Fort Worth,5,3,2026-09-11,State Bar of Texas Member Directory; State Bar self-reported website; manual verified search
GCS/CFDI,,,,Frisco,TX,Collin,972-215-9271,,General,6 Savannah Cir,75034,Dallas-Fort Worth,4,1,2026-09-11,State Bar of Texas Member Directory
GNS Law PLLC,https://www.gnslawpllc.com/,,,Frisco,TX,Collin,469-620-0014,,General,2591 Dallas Pkwy Ste 300,75034,Dallas-Fort Worth,4,1,2026-09-11,State Bar of Texas Member Directory; Justia
Ghatrehee Law Firm PLLC,https://www.ghatlaw.com/,,,Frisco,TX,Collin,469-375-4553,,Personal Injury,4221 Preston Rd Ste 100,75034,Dallas-Fort Worth,5,1,2026-09-11,State Bar of Texas Member Directory; State Bar self-reported website
"Graham Legal, PLLC",http://grahamlegalpllc.com/,,,Frisco,TX,Collin,469-209-1589,,Personal Injury,"8501 Wade Blvd., Suite 340",75034,Dallas-Fort Worth,5,2,2026-09-11,State Bar of Texas Member Directory; State Bar self-reported website
Gravely P.C.,https://gravelylaw.com/,,,Frisco,TX,Collin,214-225-6681,april@androvett.com,Civil Litigation,5 Cowboys Way Ste 300,75034,Dallas-Fort Worth,3,1,2026-09-11,State Bar of Texas Member Directory; State Bar self-reported website
"Gretchen A. Benolken, P.C.",https://www.probatetexaswills.com/biography,,,Frisco,TX,Collin,940-483-9400,,Estate Planning,6160 Warren Pkwy Ste 100,75034,Dallas-Fort Worth,2,1,2026-09-11,State Bar of Texas Member Directory; Justia
"Grinke Stewart Law, PLLC",https://www.grinkestewartlaw.com/,,,Frisco,TX,Collin,469-598-2001,info@grinkestewartlaw.com,General,8501 Wade Blvd Ste 1460,75034,Dallas-Fort Worth,4,8,2026-09-11,State Bar of Texas Member Directory; State Bar self-reported website
Guggenheim Partners,,,,Frisco,TX,Collin,214-872-4030,,Real Estate,"3000 Internet Blvd, Suite 570",75034,Dallas-Fort Worth,2,1,2026-09-11,State Bar of Texas Member Directory; State Bar self-reported website
HBH Law Offices,,,,Frisco,TX,Collin,469-237-4727,,Civil Litigation,6988 Lebanon Rd Ste 103,75034,Dallas-Fort Worth,3,1,2026-09-11,State Bar of Texas Member Directory
HCSC,,,,Frisco,TX,Collin,,,General,7338 Calla Lilly Ln,75034,Dallas-Fort Worth,4,1,2026-09-11,State Bar of Texas Member Directory; State Bar self-reported website
Hajra Imtiaz Malik,,,,Frisco,TX,Collin,972-382-9111,,General,PO Box 1354,75034,Dallas-Fort Worth,4,1,2026-09-11,State Bar of Texas Member Directory
Hamilton Immigration Law,https://www.hamiltonimmigration.law/,,,Frisco,TX,Collin,832-814-4434,ben@hamiltonimmigration.law,Immigration,12255 University Dr Ste 200 PMB 472,75035,Dallas-Fort Worth,2,1,2026-09-11,State Bar of Texas Member Directory; State Bar self-reported website
"Hanshaw Kennedy Hafen, LLP",,,,Frisco,TX,Collin,972-731-6500,,Employment Law,1415 Legacy Dr Ste 350,75034,Dallas-Fort Worth,3,9,2026-09-11,State Bar of Texas Member Directory; Justia
"Harness, Dickey & Pierce",https://www.harnessip.com/,,,Frisco,TX,Collin,469-777-5412,,Civil Litigation,2600 Network Blvd Ste 230,75034,Dallas-Fort Worth,3,3,2026-09-11,State Bar of Texas Member Directory; State Bar self-reported website
Henry Hill PLLC,,,,Frisco,TX,Collin,972-755-0002,,Personal Injury,6801 Gaylord Pkwy Ste 400,75034,Dallas-Fort Worth,5,5,2026-09-11,State Bar of Texas Member Directory; Justia
"Henslee & Huguely, LLP",,,,Frisco,TX,Collin,972-490-2625,,Employment Law,11289 Pagewynne Drive,75035,Dallas-Fort Worth,3,1,2026-09-11,State Bar of Texas Member Directory
Hicham Sami Barakat,,,,Frisco,TX,Collin,,,Real Estate,8864 Kennsington St,75036,Dallas-Fort Worth,2,1,2026-09-11,State Bar of Texas Member Directory
"Hilary J Weber Attorney at Law, PLLC",,,,Frisco,TX,Collin,214-883-1949,,Estate Planning,11349 Rio Secco Rd,75035,Dallas-Fort Worth,2,1,2026-09-11,State Bar of Texas Member Directory
"Hogue Barnett, PLLC",https://hoguebarnett.com/,,,Frisco,TX,Collin,214-618-3160,,Estate Planning,5300 Town And Country Blvd Ste 200,75034,Dallas-Fort Worth,2,1,2026-09-11,State Bar of Texas Member Directory; State Bar self-reported website
"IDLife, LLC",,,,Frisco,TX,Collin,469-777-5702,,Employment Law,"10825 John W. Elliott Dr., Ste. 100",75033,Dallas-Fort Worth,3,1,2026-09-11,State Bar of Texas Member Directory; State Bar self-reported website
"JBG Law, PLLC",https://jbglaw.com/,,,Frisco,TX,Collin,972-987-0904,,Estate Planning,2591 Dallas Pkwy Ste 300,75034,Dallas-Fort Worth,2,1,2026-09-11,State Bar of Texas Member Directory; State Bar self-reported website
JM Host PLLC,https://www.jmhostlaw.com/,,,Frisco,TX,Collin,972-979-9194,,General,PO Box 5243,75035,Dallas-Fort Worth,4,1,2026-09-11,State Bar of Texas Member Directory; State Bar self-reported website
JMG Legal PLLC,https://jmglegaltx.com/,,,Frisco,TX,Collin,940-222-6014,info@jmglegaltx.com,General,3245 Main St #235-302,75034,Dallas-Fort Worth,4,1,2026-09-11,State Bar of Texas Member Directory; State Bar self-reported website
Jason Kyle Klotz,,,,Frisco,TX,Collin,,,Personal Injury,8960 Pancho Barnes Trl,75034,Dallas-Fort Worth,5,1,2026-09-11,State Bar of Texas Member Directory
Jerry Michael Lawson,,,,Frisco,TX,Collin,214-793-6118,,Employment Law,4465 Kilkenny Pl,75034,Dallas-Fort Worth,3,1,2026-09-11,State Bar of Texas Member Directory
Jesse Green,http://jessegreen.us/,,,Frisco,TX,Collin,469-323-8300,jgreen@jessegreen.us,Employment Law,11913 Wishing Well Ct,75035,Dallas-Fort Worth,3,1,2026-09-11,State Bar of Texas Member Directory; State Bar self-reported website
John P. Knouse,https://knouselaw.com/,,,Frisco,TX,Collin,972-380-1188,knouselaw@gmail.com,Criminal Defense,2591 Dallas Pkwy Ste 300,75034,Dallas-Fort Worth,5,1,2026-09-11,State Bar of Texas Member Directory; State Bar self-reported website
John Richard Collins,,,,Frisco,TX,Collin,432-296-8800,,General,2415 Oyster Bay Dr,75036,Dallas-Fort Worth,4,1,2026-09-11,State Bar of Texas Member Directory
John T. Beard P.C.,,,,Frisco,TX,Collin,469-855-2540,,Real Estate,5729 Lebanon Rd Ste 144 PMB 250,75034,Dallas-Fort Worth,2,1,2026-09-11,State Bar of Texas Member Directory; State Bar self-reported website
Jonathan Daniel Martz,,,,Frisco,TX,Collin,972-332-1804,,General,"11625 Custer Road, Suite 110-225",75034,Dallas-Fort Worth,4,1,2026-09-11,State Bar of Texas Member Directory
Jordan Monk Reber P.C.,http://www.jjcmlaw.com/,,,Frisco,TX,Collin,972-392-1123,,Estate Planning,3211 Internet Blvd Ste 230,75034,Dallas-Fort Worth,2,3,2026-09-11,State Bar of Texas Member Directory; State Bar self-reported website
Joshua Aaron Petersen,,,,Frisco,TX,Collin,,,General,6160 Warren Parkway,75034,Dallas-Fort Worth,4,1,2026-09-11,State Bar of Texas Member Directory
"Judith P Kenney & Associates, P.C.",https://www.judithkenneylaw.com/,,,Frisco,TX,Collin,972-713-6133,judith@judithkenneylaw.com,Estate Planning,5300 Town And Country Blvd Ste 195,75034,Dallas-Fort Worth,2,1,2026-09-11,State Bar of Texas Member Directory; State Bar self-reported website
KE Horn & Associates,,,,Frisco,TX,Collin,972-591-8300,,General,12044 Shoal Creek Dr,75035,Dallas-Fort Worth,4,1,2026-09-11,State Bar of Texas Member Directory
Kaleisha Nicole Stuart,,,,Frisco,TX,Collin,,,General,1 Cowboys Way Ste 100,75034,Dallas-Fort Worth,4,1,2026-09-11,State Bar of Texas Member Directory
"Kamilah Henderson Law Firm, PLLC",https://www.kamilahhendersonlaw.com/,,,Frisco,TX,Collin,972-731-4382,,Estate Planning,2591 Dallas Pkwy Ste 300,75034,Dallas-Fort Worth,2,1,2026-09-11,State Bar of Texas Member Directory; State Bar self-reported website
"Kamuche Law Firm, PLLC",https://kamuchelaw.com/,,,Frisco,TX,Collin,214-217-4529,,Estate Planning,8501 Wade Blvd Ste 410,75034,Dallas-Fort Worth,2,1,2026-09-11,State Bar of Texas Member Directory; State Bar self-reported website
"Kazi Law Firm, PLLC",https://www.kazilawfirm.com/,,,Frisco,TX,Collin,888-500-5294,info@kazilawfirm.com,Estate Planning,7700 Preston Rd Suite 803,75034,Dallas-Fort Worth,2,1,2026-09-11,State Bar of Texas Member Directory; Justia
Kenneth Bruce Chaiken,,,,Frisco,TX,Collin,214-722-9494,,Personal Injury,26 Fairway Dr,75034,Dallas-Fort Worth,5,1,2026-09-11,State Bar of Texas Member Directory
"Knowles Law, PLLC",,,,Frisco,TX,Collin,808-825-7366,,General,8209 Sebastian Inlt,75035,Dallas-Fort Worth,4,1,2026-09-11,State Bar of Texas Member Directory
"Kristine Arlitt, PLLC",,,,Frisco,TX,Collin,210-269-6101,,Civil Litigation,PO Box 5370,75035,Dallas-Fort Worth,3,1,2026-09-11,State Bar of Texas Member Directory; State Bar self-reported website
Kriti Sharma,https://www.barbierilawfirm.com/,,,Frisco,TX,Collin,972-737-9608,,General,"17 Cowboys Way, Suite 175",75034,Dallas-Fort Worth,4,1,2026-09-11,State Bar of Texas Member Directory; Justia
L&L Law group,https://landllawgroup.com/,,,Frisco,TX,Collin,972-370-5060,info@landllawgroup.com,Criminal Defense,5899 Preston Rd Ste 101,75034,Dallas-Fort Worth,5,6,2026-09-11,State Bar of Texas Member Directory; Justia
"LAW OFFICES OF KEVIN G. HERD, PLLC",,,,Frisco,TX,Collin,972-571-9752,,Employment Law,PO Box 2014,75034,Dallas-Fort Worth,3,1,2026-09-11,State Bar of Texas Member Directory
"LONE STAR COUNSEL a dba of Pratt Law Group, PLLC",https://texasestates.com/,,,Frisco,TX,Collin,972-712-1515,,Estate Planning,2591 Dallas Pkwy Ste 300,75034,Dallas-Fort Worth,2,1,2026-09-11,State Bar of Texas Member Directory; Justia
Law Firm of Robert S. Widner,https://widnerlawgroup.com/,,,Frisco,TX,Collin,972-979-5700,,General,5 Cowboys Way Ste 300,75034,Dallas-Fort Worth,4,1,2026-09-11,State Bar of Texas Member Directory; State Bar self-reported website
"Law Office of Adriane S. Grace, PLLC",https://www.gracelawoffice.com/,,,Frisco,TX,Collin,972-379-8167,info@gracelawoffice.com,Estate Planning,8668 John Hickman Pkwy Ste 202,75034,Dallas-Fort Worth,2,1,2026-09-11,State Bar of Texas Member Directory; State Bar self-reported website
Law Office of Edward Spears,,,,Frisco,TX,Collin,469-585-0854,,Criminal Defense,5729 Lebanon Rd Ste 144,75034,Dallas-Fort Worth,5,1,2026-09-11,State Bar of Texas Member Directory
"Law Office of Ervette P. Sims, PLLC",,,,Frisco,TX,Collin,972-992-4290,,Criminal Defense,3245 Main St Ste 235 PMB 293,75034,Dallas-Fort Worth,5,1,2026-09-11,State Bar of Texas Member Directory
Law Office of Gary E. Day,,,,Frisco,TX,Collin,214-597-1917,,General,9503 PRESTMONT PL,75035,Dallas-Fort Worth,4,1,2026-09-11,State Bar of Texas Member Directory
Law Office of Jeremy W. McKey,https://www.mckeylawfirm.com/,,,Frisco,TX,Collin,214-855-8788,,Personal Injury,5899 Preston Rd Ste 203,75034,Dallas-Fort Worth,5,1,2026-09-11,State Bar of Texas Member Directory; State Bar self-reported website
Law Office of Jill Kuswa Nicaud,https://jknlawfirm.com/,,,Frisco,TX,Collin,214-226-8899,jknlawfirm@gmail.com,Personal Injury,4491 Voyager Dr,75034,Dallas-Fort Worth,5,1,2026-09-11,State Bar of Texas Member Directory; State Bar self-reported website
Law Office of Lauren J. Kwon,,,,Frisco,TX,Collin,214-493-1116,,Immigration,PO Box 5059,75035,Dallas-Fort Worth,2,1,2026-09-11,State Bar of Texas Member Directory
Law Office of Mark Meisinger,,,,Frisco,TX,Collin,214-906-3006,,Criminal Defense,9902 Ashmont Dr,75035,Dallas-Fort Worth,5,1,2026-09-11,State Bar of Texas Member Directory; State Bar self-reported website
Law Office of Matthew A. Ford,,,,Frisco,TX,Collin,214-227-9972,,Personal Injury,"8765 Stockard Drive, #303",75034,Dallas-Fort Worth,5,1,2026-09-11,State Bar of Texas Member Directory
Law Office of Robert R. Gibbons,,,,Frisco,TX,Collin,214-417-1971,,Civil Litigation,14911 Foxbriar Ln,75035,Dallas-Fort Worth,3,1,2026-09-11,State Bar of Texas Member Directory
Law Offices of Biederman & Burleson PLLC,https://www.collincountydwiattorneys.com/lawyers/hunter-biederman/,,,Frisco,TX,Collin,469-333-3333,,Criminal Defense,2591 Dallas Pkwy Ste 207,75034,Dallas-Fort Worth,5,1,2026-09-11,State Bar of Texas Member Directory; Justia
Law Offices of David E. Jones,https://www.joneslawdallas.com/,,,Frisco,TX,Collin,214-206-1477,david@joneslawdallas.com,Personal Injury,3211 Internet Blvd Ste 220,75034,Dallas-Fort Worth,5,1,2026-09-11,State Bar of Texas Member Directory; State Bar self-reported website
Law Offices of Kenneth S. Harter,https://kenharter.com/,,,Frisco,TX,Collin,972-752-1928,,Criminal Defense,6160 Warren Pkwy Ste 100,75034,Dallas-Fort Worth,5,1,2026-09-11,State Bar of Texas Member Directory; State Bar self-reported website
Law Offices of Linda Risinger,https://www.lindarisingerlaw.com,,,Frisco,TX,Collin,972-377-0096,,General,2591 Dallas Pkwy Ste 300,75034,Dallas-Fort Worth,4,1,2026-09-11,State Bar of Texas Member Directory; State Bar self-reported website
Law Offices of Skip Simpson,https://www.skipsimpson.com/,,,Frisco,TX,Collin,214-618-8222,,Personal Injury,2591 Dallas Pkwy Ste 300,75034,Dallas-Fort Worth,5,1,2026-09-11,State Bar of Texas Member Directory; State Bar self-reported website
Law Offices of Stuart B Kalb PC,,,,Frisco,TX,Collin,972-490-8383,,Estate Planning,795 Burnswick Isles Way,75036,Dallas-Fort Worth,2,1,2026-09-11,State Bar of Texas Member Directory
Law Offices of T. Rick Frazier,,,,Frisco,TX,Collin,972-661-3288,,Civil Litigation,2591 Dallas Pkwy Ste 300,75034,Dallas-Fort Worth,3,1,2026-09-11,State Bar of Texas Member Directory; State Bar self-reported website
Leonard I. Margolis,,,,Frisco,TX,Collin,972-294-0200,,Real Estate,1561 Foard Dr,75034,Dallas-Fort Worth,2,1,2026-09-11,State Bar of Texas Member Directory
"Lincoln Federal Law Firm, P.L.L.C.",https://lincolnfederallaw.com/,,,Frisco,TX,Collin,469-607-1008,,General,7548 Preston Rd. Ste. 141-51,75034,Dallas-Fort Worth,4,1,2026-09-11,State Bar of Texas Member Directory; Justia
Lipp Legal PLLC,,,,Frisco,TX,Collin,512-775-3383,,Civil Litigation,2591 Dallas Pkwy Ste 300,75034,Dallas-Fort Worth,3,1,2026-09-11,State Bar of Texas Member Directory
"Loveland & Hurley, PLLC",https://lhestatelaw.com/,,,Frisco,TX,Collin,972-668-6810,info@lhestatelaw.com,Estate Planning,2600 Network Blvd Ste 560,75034,Dallas-Fort Worth,2,3,2026-09-11,State Bar of Texas Member Directory; State Bar self-reported website
"Mackoy, Hernandez, Jones & Woods LLP",https://www.hqattorneys.com/,,,Frisco,TX,Collin,214-387-9056,,Estate Planning,1415 Legacy Dr Ste 300,75034,Dallas-Fort Worth,2,4,2026-09-11,State Bar of Texas Member Directory; State Bar self-reported website
Marc T. Little Law Group P.C.,https://www.mtllawgroup.com/,,,Frisco,TX,Collin,888-353-5999,,General,7460 Warren Pkwy Ste 100,75034,Dallas-Fort Worth,4,1,2026-09-11,State Bar of Texas Member Directory; State Bar self-reported website
Margaret Karian Ricchi,,,,Frisco,TX,Collin,,,Employment Law,2600 Network Blvd Ste 400,75034,Dallas-Fort Worth,3,1,2026-09-11,State Bar of Texas Member Directory; State Bar self-reported website
Mark Dashiell Chambers,,,,Frisco,TX,Collin,,,General,5005 Southern Hills Dr,75034,Dallas-Fort Worth,4,1,2026-09-11,State Bar of Texas Member Directory
Martin Leo Shives,,,,Frisco,TX,Collin,,,Civil Litigation,5729 Lebanon Rd Ste 144 PMB 227,75034,Dallas-Fort Worth,3,1,2026-09-11,State Bar of Texas Member Directory
Marx Law Firm PLLC,,,,Frisco,TX,Collin,469-229-7757,,General,6136 Frisco Square Blvd Ste 400,75034,Dallas-Fort Worth,4,2,2026-09-11,State Bar of Texas Member Directory; Justia
Matthew Brian Lawhon,,,,Frisco,TX,Collin,,,General,11625 Custer Rd Ste 110 PMB 119,75035,Dallas-Fort Worth,4,1,2026-09-11,State Bar of Texas Member Directory; State Bar self-reported website
Matthew West Barrier,,,,Frisco,TX,Collin,,,Civil Litigation,11608 Charlotte Ln,75035,Dallas-Fort Worth,3,1,2026-09-11,State Bar of Texas Member Directory
"May & May, P.C.",,,,Frisco,TX,Collin,972-502-9500,,Personal Injury,"6371 Preston Road, Suite 150",75034,Dallas-Fort Worth,5,2,2026-09-11,State Bar of Texas Member Directory; State Bar self-reported website
McAfee LLC,,,,Frisco,TX,Collin,,,Employment Law,17 Cowboys Way Ste 600,75034,Dallas-Fort Worth,3,1,2026-09-11,State Bar of Texas Member Directory
"McCall Law Group, PLLC",https://www.mccalllawgroup.com/,,,Frisco,TX,Collin,469-287-7697,,Civil Litigation,"6160 Warren Parkway, Suite 100",75034,Dallas-Fort Worth,3,2,2026-09-11,State Bar of Texas Member Directory; State Bar self-reported website
"McCathern, PLLC",https://mccathernlaw.com/scott-j-becker/,,,Frisco,TX,Collin,214-741-2662,contact@mccathernlaw.com,Criminal Defense,1 Cowboys Way Ste 175,75034,Dallas-Fort Worth,5,7,2026-09-11,State Bar of Texas Member Directory; Justia
"McGivney Kluger Clark & Intoccia, P.C.",,,,Frisco,TX,Collin,201-274-3160,,Personal Injury,5 Cowboys Way Ste 300,75034,Dallas-Fort Worth,5,1,2026-09-11,State Bar of Texas Member Directory
Meron Dagnew,,,,Frisco,TX,Collin,404-798-7545,,General,8700 Stonebrook Pkwy Suite #1926,75034,Dallas-Fort Worth,4,1,2026-09-11,State Bar of Texas Member Directory
"Messer Fort, PLLC",https://txmunicipallaw.com/,,,Frisco,TX,Collin,972-668-6400,,Employment Law,6371 Preston Rd Ste 200,75034,Dallas-Fort Worth,3,13,2026-09-11,State Bar of Texas Member Directory; State Bar self-reported website
Min Ji Kim,,,,Frisco,TX,Collin,,,General,12209 Chattanooga Dr,75035,Dallas-Fort Worth,4,1,2026-09-11,State Bar of Texas Member Directory
Mitul Rai Chowdhury,,,,Frisco,TX,Collin,,,General,2304 IdleWild drive,75036,Dallas-Fort Worth,4,1,2026-09-11,State Bar of Texas Member Directory
Monika Kumar,,,,Frisco,TX,Collin,,,Workers' Compensation,3010 LEGACY DR STE 130,75034,Dallas-Fort Worth,5,1,2026-09-11,State Bar of Texas Member Directory
"Moore Family Law, P.C.",https://www.pwm-law.com/divorce,,,Frisco,TX,Collin,214-764-8033,,General,6160 Warren Parkway Suite No. 100,75034,Dallas-Fort Worth,4,1,2026-09-11,State Bar of Texas Member Directory; Justia
My Dallas Criminal Lawyer,https://www.mydallascriminallawyer.com/frisco/,,,Frisco,TX,Collin,214-764-5535,info@mydallascriminallawyer.com,Criminal Defense,5 Cowboys Way Ste 300,75034,Dallas-Fort Worth,5,2,2026-09-11,State Bar of Texas Member Directory; Justia
Neal P Flagg PC,https://nealflagglaw.com/,,,Frisco,TX,Collin,214-727-9941,neal@nealflagglaw.com,Personal Injury,7 Innisbrook Ct,75034,Dallas-Fort Worth,5,1,2026-09-11,State Bar of Texas Member Directory; State Bar self-reported website
Nessa Kai McFarland,,,,Frisco,TX,Collin,,,General,PO Box 2336,75034,Dallas-Fort Worth,4,1,2026-09-11,State Bar of Texas Member Directory
North Texas Education Coalition,https://www.ntxec.org/,,,Frisco,TX,Collin,469-287-8493,info@ntxec.org,General,5729 Lebanon Rd Ste 144 PMB 264,75034,Dallas-Fort Worth,4,1,2026-09-11,State Bar of Texas Member Directory; State Bar self-reported website
Noskin Law Firm,https://noskinlawfirm.com/,,,Frisco,TX,Collin,972-214-4777,snoskin@noskinlawfirm.com,Estate Planning,5729 Lebanon Rd Ste 144,75034,Dallas-Fort Worth,2,1,2026-09-11,State Bar of Texas Member Directory; State Bar self-reported website
"O'Neil Wysocki, PC",,,,Frisco,TX,Collin,972-852-8000,,Estate Planning,7330 Stonebrook Pkwy Ste 100 # 3 Mb,75034,Dallas-Fort Worth,2,6,2026-09-11,State Bar of Texas Member Directory; State Bar self-reported website
"OCR Legal, PLLC",https://www.ocrlegal.com/,,,Frisco,TX,Collin,469-926-6126,ocrlegal@gmail.com,Bankruptcy,7460 Warren Pkwy Ste 100,75034,Dallas-Fort Worth,2,1,2026-09-11,State Bar of Texas Member Directory; State Bar self-reported website
OW Lawyers,https://www.owlawyers.com/,,,Frisco,TX,Collin,972-852-8000,,General,7330 Stonebrook Pkwy Ste 100,75034,Dallas-Fort Worth,4,1,2026-09-11,State Bar of Texas Member Directory; State Bar self-reported website
Oduneye Law Firm,https://www.oduneyelaw.com/,,,Frisco,TX,Collin,469-987-0444,info@oduneyelaw.com,Immigration,8700 Stonebrook Pkwy Unit 783,75034,Dallas-Fort Worth,2,1,2026-09-11,State Bar of Texas Member Directory
"Orsinger, Nelson, Downing & Anderson, LLP",https://ondafamilylaw.com/,,,Frisco,TX,Collin,972-963-5459,,Estate Planning,2600 Network Blvd Ste 200,75034,Dallas-Fort Worth,2,9,2026-09-11,State Bar of Texas Member Directory; State Bar self-reported website
"Owens Law, PLLC",https://www.friscotxlawyer.com/,,,Frisco,TX,Collin,917-623-9068,,Criminal Defense,13780 Leland Dr,75035,Dallas-Fort Worth,5,1,2026-09-11,State Bar of Texas Member Directory; State Bar self-reported website
Pfister Family Law,https://www.friscolawfirm.com/,,,Frisco,TX,Collin,972-712-6700,,General,5300 Town And Country Blvd Ste 110,75034,Dallas-Fort Worth,4,3,2026-09-11,State Bar of Texas Member Directory; Justia
"Plunk Smith, PLLC",https://plunksmith.com/,,,Frisco,TX,Collin,972-370-3333,,Civil Litigation,2801 Network Blvd Ste 300,75034,Dallas-Fort Worth,3,7,2026-09-11,State Bar of Texas Member Directory; State Bar self-reported website
Preston Christopher Turner,,,,Frisco,TX,Collin,,,General,"1701 Legacy Drive, Suite 2000",75034,Dallas-Fort Worth,4,1,2026-09-11,State Bar of Texas Member Directory
Rachel Beth Silverman,,,,Frisco,TX,Collin,,,General,11226 Clearstream Lane,75035,Dallas-Fort Worth,4,1,2026-09-11,State Bar of Texas Member Directory
Randy Farrar. Attorney at Law,https://rwflegal.com/,,,Frisco,TX,Collin,469-534-5026,admin@rwflegal.com,Criminal Defense,8779 Woodstream Drive,75034,Dallas-Fort Worth,5,1,2026-09-11,State Bar of Texas Member Directory; State Bar self-reported website
"Regency Title & Escrow, LLC",,,,Frisco,TX,Collin,901-753-9499,,Estate Planning,"7620 Arches Lane Frisco, TX 75035",75035,Dallas-Fort Worth,2,1,2026-09-11,State Bar of Texas Member Directory
Reid Dennis Frick,https://reiddennisfrick.com/,,,Frisco,TX,Collin,972-991-2626,info@reiddennis.com,Workers' Compensation,2600 Dallas Pkwy Ste 380,75034,Dallas-Fort Worth,5,3,2026-09-11,State Bar of Texas Member Directory; Justia
Richard Edwin Lahr,,,,Frisco,TX,Collin,972-351-6191,,Estate Planning,P O Box 5145,75035,Dallas-Fort Worth,2,1,2026-09-11,State Bar of Texas Member Directory
Robert Joseph Rayes,,,,Frisco,TX,Collin,,,General,1650 Double Falls Drive,75036,Dallas-Fort Worth,4,1,2026-09-11,State Bar of Texas Member Directory
Robert L.Scott,,,,Frisco,TX,Collin,903-454-0044,,Estate Planning,6842 Lebanon Rd Ste 101,75034,Dallas-Fort Worth,2,1,2026-09-11,State Bar of Texas Member Directory
Roberts Markel Weinberg Butler Hailey PC,https://rmwbh.com/,,,Frisco,TX,Collin,281-796-4402,,Personal Injury,1 Cowboys Way Ste 585,75034,Dallas-Fort Worth,5,4,2026-09-11,State Bar of Texas Member Directory; State Bar self-reported website
Robin Raynish PLLC,,,,Frisco,TX,Collin,,,Personal Injury,6136 Frisco Square Blvd Suite 400,75034,Dallas-Fort Worth,5,1,2026-09-11,State Bar of Texas Member Directory
Rule Law,https://shackelford.law/,,,Frisco,TX,Collin,214-578-0941,,Estate Planning,5 Cowboys Way Ste 300,75034,Dallas-Fort Worth,2,2,2026-09-11,State Bar of Texas Member Directory; State Bar self-reported website
Russell Lynn Richardson,,,,Frisco,TX,Collin,214-577-5876,,Real Estate,8335 Challenger Ln None,75034,Dallas-Fort Worth,2,1,2026-09-11,State Bar of Texas Member Directory
"Scheef & Stone, LLP",https://solidcounsel.com/,,,Frisco,TX,Collin,214-472-2100,,Civil Litigation,2600 Network Blvd Ste 400,75034,Dallas-Fort Worth,3,22,2026-09-11,State Bar of Texas Member Directory; Justia
"Scroggins Law Group, PLLC",https://scrogginslawgroup.com/,,,Frisco,TX,Collin,214-469-3100,,General,2500 Legacy Dr Ste 250,75034,Dallas-Fort Worth,4,1,2026-09-11,State Bar of Texas Member Directory; State Bar self-reported website
"Shackelford, Bowen, McKinley & Norton, LLP",https://shackelford.law/,,,Frisco,TX,Collin,214-780-1400,,Real Estate,11660 Creek Point Dr,75035,Dallas-Fort Worth,2,3,2026-09-11,State Bar of Texas Member Directory; State Bar self-reported website
Simon | Paschal PLLC,https://www.simonpaschal.com/,,,Frisco,TX,Collin,972-893-9341,info@simonpaschal.com,Employment Law,5300 Town And Country Blvd Ste 155,75034,Dallas-Fort Worth,3,2,2026-09-11,State Bar of Texas Member Directory; State Bar self-reported website
"Snellings Law, PLLC",https://snellingsinjurylaw.com/attorneys/scott-snellings/,,,Frisco,TX,Collin,214-387-0387,info@snellingsinjurylaw.com,Personal Injury,5750 Genesis Ct Ste 103,75034,Dallas-Fort Worth,5,2,2026-09-11,State Bar of Texas Member Directory; Justia
SoFi,,,,Frisco,TX,Collin,,,Real Estate,14872 Foxbriar Ln,75035,Dallas-Fort Worth,2,1,2026-09-11,State Bar of Texas Member Directory
Stephen Alford Starks,,,,Frisco,TX,Collin,,,General,"15900 Gateway Drive, Suite 300",75033,Dallas-Fort Worth,4,1,2026-09-11,State Bar of Texas Member Directory
Summit Court Advisors LLC,,,,Frisco,TX,Collin,,,Employment Law,3733 Summit Ct,75034,Dallas-Fort Worth,3,1,2026-09-11,State Bar of Texas Member Directory
THE COHN LAW FIRM,,,,Frisco,TX,Collin,972-994-9393,,General,"5605 FM 423, Suite 500, #328",75036,Dallas-Fort Worth,4,1,2026-09-11,State Bar of Texas Member Directory
TIAA,,,,Frisco,TX,Collin,214-626-8311,,General,3965 Dallas Pkwy,75034,Dallas-Fort Worth,4,1,2026-09-11,State Bar of Texas Member Directory; State Bar self-reported website
Terrence G. Turzinski,https://tgtlaw.com/,,,Frisco,TX,Collin,214-369-9630,,Personal Injury,2591 Dallas Pkwy Ste 300,75034,Dallas-Fort Worth,5,1,2026-09-11,State Bar of Texas Member Directory; State Bar self-reported website
The Cleveland Firm,,,,Frisco,TX,Collin,972-377-0092,,Employment Law,"2591 Dallas Parkway, Suite 300",75034,Dallas-Fort Worth,3,1,2026-09-11,State Bar of Texas Member Directory; State Bar self-reported website
"The Figueroa Law Group, PLLC",,,,Frisco,TX,Collin,214-289-5051,,Real Estate,Five Cowboys Way Suite 300,75034,Dallas-Fort Worth,2,1,2026-09-11,State Bar of Texas Member Directory
"The Law Office of Joanne M. Lee, PLLC",https://jmlinjurylaw.com/,,,Frisco,TX,Collin,214-764-3600,law@jmlinjurylaw.com,Personal Injury,11500 State Highway 121 Ste 620,75035,Dallas-Fort Worth,5,1,2026-09-11,State Bar of Texas Member Directory; State Bar self-reported website
"The Law Office of Robert Newton, PC",,,,Frisco,TX,Collin,214-957-1292,,Civil Litigation,6959 Lebanon Rd Ste 212,75034,Dallas-Fort Worth,3,1,2026-09-11,State Bar of Texas Member Directory; State Bar self-reported website
"The Law Office of Stephanie Inman, PLLC",https://www.stephanieinmanlaw.com/,,,Frisco,TX,Collin,469-278-0298,stephanie@stephanieinmanlaw.com,General,12800 Westridge Blvd Ste 106,75035,Dallas-Fort Worth,4,1,2026-09-11,State Bar of Texas Member Directory; State Bar self-reported website
"The Law Office of Troy P. Burleson, P.C.",https://www.burlesonlawoffice.com/,,,Frisco,TX,Collin,866-439-2182,,Criminal Defense,2591 Dallas Pkwy Ste 207,75034,Dallas-Fort Worth,5,1,2026-09-11,State Bar of Texas Member Directory; State Bar self-reported website
"The Law Offices of Amy L. Jenkins, P.C.",http://www.amyjenkinslaw.com/,,,Frisco,TX,Collin,469-296-8202,ajenkins@amyjenkinslaw.com,Estate Planning,12800 Westridge Blvd Suite 161,75035,Dallas-Fort Worth,2,1,2026-09-11,State Bar of Texas Member Directory; State Bar self-reported website
The Law Offices of Caprice Garcia,,,,Frisco,TX,Collin,214-988-9223,,Criminal Defense,P.O. Box 5943,75035,Dallas-Fort Worth,5,1,2026-09-11,State Bar of Texas Member Directory
"The Law Offices of Reynolds & Reynolds, PLLC",https://rrlfirm.com/,,,Frisco,TX,Collin,214-891-6606,info@rrlfirm.com,Personal Injury,3211 Internet Blvd Ste 220,75034,Dallas-Fort Worth,5,3,2026-09-11,State Bar of Texas Member Directory; Justia
"The Law Offices of Rita C. Dixon, PLLC",https://ritadixonlaw.com/,,,Frisco,TX,Collin,817-768-6333,office@ritadixonlaw.com,Estate Planning,2591 Dallas Pkwy Ste 300,75034,Dallas-Fort Worth,2,2,2026-09-11,State Bar of Texas Member Directory; State Bar self-reported website
The McGahey Law Firm,,,,Frisco,TX,Collin,214-636-8275,,General,5905 Norfolk Lane,75035,Dallas-Fort Worth,4,1,2026-09-11,State Bar of Texas Member Directory
The Page Law Firm,https://www.pagelawfirm.com/,,,Frisco,TX,Collin,214-618-2101,,Bankruptcy,1125 Legacy Dr Ste 320,75034,Dallas-Fort Worth,2,1,2026-09-11,State Bar of Texas Member Directory; State Bar self-reported website
"The Pellar Law Firm, PLLC",https://pellarlaw.com/,,,Frisco,TX,Collin,972-532-9243,dpellar@pellarlaw.com,Personal Injury,"2591 Dallas Parkway, Suite 300",75034,Dallas-Fort Worth,5,1,2026-09-11,State Bar of Texas Member Directory; State Bar self-reported website
"The Radchenko Law Group, PLLC",https://www.familylawofnorthtexas.com/,,,Frisco,TX,Collin,945-300-5522,,Personal Injury,6136 Frisco Square Blvd Ste 400,75034,Dallas-Fort Worth,5,2,2026-09-11,State Bar of Texas Member Directory; State Bar self-reported website
The Smith Law Firm,https://www.riverasmith.com/,,,Frisco,TX,Collin,214-669-0606,cheryl@riverasmith.com,Real Estate,11660 Creek Point Drive,75035,Dallas-Fort Worth,2,1,2026-09-11,State Bar of Texas Member Directory; State Bar self-reported website
"The Windley Law Firm, PLLC",,,,Frisco,TX,Collin,972-420-6560,,Criminal Defense,2591 Dallas Pkwy Ste 300,75034,Dallas-Fort Worth,5,1,2026-09-11,State Bar of Texas Member Directory
"Tittle Santiago, PLLC",https://tittlesantiago.com/,,,Frisco,TX,Collin,972-213-2316,,Bankruptcy,1125 Legacy Dr Ste 230,75034,Dallas-Fort Worth,2,2,2026-09-11,State Bar of Texas Member Directory; State Bar self-reported website
"Towson Law Firm, PLLC",https://towsonfirm.com/,,,Frisco,TX,Collin,972-731-4363,,Estate Planning,400 Stonebrook Pkwy Unit 203,75036,Dallas-Fort Worth,2,1,2026-09-11,State Bar of Texas Member Directory; Justia
Udoka O. Amah,https://www.uoalegal.com/,,,Frisco,TX,Collin,347-291-4713,contact@uoalegal.com,Immigration,6160 Warren Pkwy Ste 100,75034,Dallas-Fort Worth,2,1,2026-09-11,State Bar of Texas Member Directory; State Bar self-reported website
W. Bruce Woody,,,,Frisco,TX,Collin,,,General,6876 Prospero Lane,75036,Dallas-Fort Worth,4,1,2026-09-11,State Bar of Texas Member Directory
Wade IP Law PLLC,https://www.wadeiplaw.com/,,,Frisco,TX,Collin,972-850-0300,,Real Estate,8700 Stonebrook Pkwy Unit 1591,75034,Dallas-Fort Worth,2,2,2026-09-11,State Bar of Texas Member Directory; State Bar self-reported website
Warren M. Yarbrough,,,,Frisco,TX,Collin,972-731-7312,,General,8585 John Wesley Dr Ste 130,75034,Dallas-Fort Worth,4,1,2026-09-11,State Bar of Texas Member Directory
Whalen Law Office,https://www.whalenlawoffice.com/staff/ryne-t-sandel/,,,Frisco,TX,Collin,214-368-2560,,Criminal Defense,9300 John Hickman Pkwy Ste 501,75035,Dallas-Fort Worth,5,2,2026-09-11,State Bar of Texas Member Directory; Justia
William B. Churchill Attorney at Law,,,,Frisco,TX,Collin,214-458-5608,,Civil Rights,4142 Republic Drive,75034,Dallas-Fort Worth,3,1,2026-09-11,State Bar of Texas Member Directory
William Jason Metzger,,,,Frisco,TX,Collin,858-705-3958,,Real Estate,"5999 Custer Rd., Ste. 110-120",75035,Dallas-Fort Worth,2,1,2026-09-11,State Bar of Texas Member Directory
"William Lovin & Associates, LLC",http://www.williamlovin.com/,,,Frisco,TX,Collin,469-252-7007,,General,2591 Dallas Pkwy Ste 300,75034,Dallas-Fort Worth,4,1,2026-09-11,State Bar of Texas Member Directory; State Bar self-reported website
William M. Leonard,,,,Frisco,TX,Collin,,,General,4528 Explorer Dr.,75034,Dallas-Fort Worth,4,1,2026-09-11,State Bar of Texas Member Directory
Winston & Strawn LLP,,,,Frisco,TX,Collin,214-453-6556,,Real Estate,15155 Viburnum Road,75035,Dallas-Fort Worth,2,1,2026-09-11,State Bar of Texas Member Directory; State Bar self-reported website
Wintrust Commercial Finance,,,,Frisco,TX,Collin,469-403-2856,,General,"3201 Dallas Parkway, Suite 800",75034,Dallas-Fort Worth,4,1,2026-09-11,State Bar of Texas Member Directory
"Wolfe, Tidwell & McCoy, LLP",https://www.wtm.law,,,Frisco,TX,Collin,972-712-3530,,Personal Injury,2591 Dallas Pkwy Ste 300,75034,Dallas-Fort Worth,5,1,2026-09-11,State Bar of Texas Member Directory; State Bar self-reported website
YZ Law Firm LLP,https://yzlaw.com/,,,Frisco,TX,Collin,332-301-2024,info@yzlaw.com,Civil Litigation,"9355 John W Elliott Dr, Ste 25555",75033,Dallas-Fort Worth,3,1,2026-09-11,State Bar of Texas Member Directory; State Bar self-reported website
Yijia Chen,,,,Frisco,TX,Collin,469-428-4843,,General,13279 spoakne way,75035,Dallas-Fort Worth,4,1,2026-09-11,State Bar of Texas Member Directory
Yvonne Scharfe Bailes,,,,Frisco,TX,Collin,832-515-9059,,General,11625 Custer Rd Ste 110 PMB 367,75035,Dallas-Fort Worth,4,1,2026-09-11,State Bar of Texas Member Directory
ridgely law firm,,,,Frisco,TX,Collin,972-991-1112,,Criminal Defense,2591 Dallas Pkwy Ste 300,75034,Dallas-Fort Worth,5,1,2026-09-11,State Bar of Texas Member Directory
Colin Francis Xuereb,,,,Lucas,TX,Collin,,,General,1120 Clove Glen CT,75002,Dallas-Fort Worth,4,1,2026-09-11,State Bar of Texas Member Directory
RLHarrisLaw,,,,Lucas,TX,Collin,214-629-2251,,Civil Litigation,1020 Highland Dr,75002,Dallas-Fort Worth,3,1,2026-09-11,State Bar of Texas Member Directory
Trina McReynolds Bailey,,,,Lucas,TX,Collin,,,General,1550 Goose Lane,75002,Dallas-Fort Worth,4,1,2026-09-11,State Bar of Texas Member Directory
coleesquire.com,,,,Lucas,TX,Collin,844-529-2653,,Criminal Defense,2515 Orr Road,75002,Dallas-Fort Worth,5,1,2026-09-11,State Bar of Texas Member Directory; State Bar self-reported website
"1st Planning, PLLC",,,,Mckinney,TX,Collin,469-207-1529,,Estate Planning,6401 W. Eldorado Parkway PMB 324,75070,Dallas-Fort Worth,2,1,2026-09-11,State Bar of Texas Member Directory
ASM Compliance Plus Solutions,,,,Mckinney,TX,Collin,214-212-4421,,General,5405 Basham Ln,75070,Dallas-Fort Worth,4,1,2026-09-11,State Bar of Texas Member Directory
Aaron G. Ries,,,,Mckinney,TX,Collin,,,General,2501 W. University,75071,Dallas-Fort Worth,4,1,2026-09-11,State Bar of Texas Member Directory
"Abernathy, Roeder, Boyd & Hullett, P.C.",,,,Mckinney,TX,Collin,214-544-4000,,Civil Litigation,1700 Redbud Blvd Ste 300,75069,Dallas-Fort Worth,3,21,2026-09-11,State Bar of Texas Member Directory; State Bar self-reported website
Ada Michelle Lugo Oliveras,,,,Mckinney,TX,Collin,,,General,7312 Bledington LN,75071,Dallas-Fort Worth,4,1,2026-09-11,State Bar of Texas Member Directory
"Alan Campbell & Associates, PC",https://www.alclawfirm.com/,,,Mckinney,TX,Collin,469-675-3878,liz@alclawfirm.com,Personal Injury,5900 S Lake Forest Dr Ste 410,75070,Dallas-Fort Worth,5,2,2026-09-11,State Bar of Texas Member Directory; State Bar self-reported website
Alesya Vladimirovna Vasilenko,,,,Mckinney,TX,Collin,,,General,9201 Water Tree Drive,75072,Dallas-Fort Worth,4,1,2026-09-11,State Bar of Texas Member Directory
Alexis Marina Nicole Thrasher,,,,Mckinney,TX,Collin,,,General,"5900 S Lake Forest Dr, Suite 450",75070,Dallas-Fort Worth,4,1,2026-09-11,State Bar of Texas Member Directory
"Ali Kelley Law, PC",https://www.alikelleylaw.com/,,,Mckinney,TX,Collin,469-422-6551,info@alikelleylaw.com,General,208 E Louisiana St Ste 318,75069,Dallas-Fort Worth,4,1,2026-09-11,State Bar of Texas Member Directory; State Bar self-reported website
Amy Leigh Lord,,,,Mckinney,TX,Collin,469-766-6100,,General,501 Park Lake Dr,75072,Dallas-Fort Worth,4,1,2026-09-11,State Bar of Texas Member Directory
Ann Susan Mathew,,,,Mckinney,TX,Collin,,,Criminal Defense,2100 Bloomdale Rd. Suite 100,75071,Dallas-Fort Worth,5,1,2026-09-11,State Bar of Texas Member Directory
Austin Rucker,,,,Mckinney,TX,Collin,,,Criminal Defense,211 E Louisiana St Ste B-3,75069,Dallas-Fort Worth,5,1,2026-09-11,State Bar of Texas Member Directory
"Aycock Howard, PLLC",,,,Mckinney,TX,Collin,,,Estate Planning,7300 State Highway 121 Ste 300,75070,Dallas-Fort Worth,2,3,2026-09-11,State Bar of Texas Member Directory
Beth Ann Peters,,,,Mckinney,TX,Collin,,,General,2709 Highridge Drive,75071,Dallas-Fort Worth,4,1,2026-09-11,State Bar of Texas Member Directory
Betty Ann Caton,,,,Mckinney,TX,Collin,,,General,206 South Tennessee,75069,Dallas-Fort Worth,4,1,2026-09-11,State Bar of Texas Member Directory
"Blackland Partners, LLC",,,,Mckinney,TX,Collin,,,General,"6500 Meyer Way, Ste 302",75070,Dallas-Fort Worth,4,1,2026-09-11,State Bar of Texas Member Directory
"Blueprint Construction Counsel, LLP",,,,Mckinney,TX,Collin,469-455-1167,,General,8401 White Stallion Trail,75070,Dallas-Fort Worth,4,1,2026-09-11,State Bar of Texas Member Directory
Borserine Law,https://borserinelaw.com/,,,Mckinney,TX,Collin,469-207-1255,,General,1216 N Central Expy Ste 202,75070,Dallas-Fort Worth,4,1,2026-09-11,State Bar of Texas Member Directory; State Bar self-reported website
Brandii Akimee Genease Rice,,,,Mckinney,TX,Collin,,,General,8513 Pine Valley Dr,75070,Dallas-Fort Worth,4,1,2026-09-11,State Bar of Texas Member Directory
"Braun Law Group, PLLC",,,,Mckinney,TX,Collin,214-965-7999,,Personal Injury,7300 State Highway 121 Ste 300,75070,Dallas-Fort Worth,5,3,2026-09-11,State Bar of Texas Member Directory
Brotherton Law Firm,https://www.brothertonlaw.com/,,,Mckinney,TX,Collin,972-317-8700,,Criminal Defense,PO Box 3767,75070,Dallas-Fort Worth,5,1,2026-09-11,State Bar of Texas Member Directory; State Bar self-reported website
"Burrell Law Group, LLC",,,,Mckinney,TX,Collin,214-973-5138,,Employment Law,6841 Virginia Pkwy Ste 103 PMB 334,75071,Dallas-Fort Worth,3,1,2026-09-11,State Bar of Texas Member Directory; State Bar self-reported website
Burress Injury Law,https://www.mytexasfirm.com/,,,Mckinney,TX,Collin,214-726-0016,admin@mytexasfirm.com,Personal Injury,6952 Mediterranean Dr,75072,Dallas-Fort Worth,5,6,2026-09-11,State Bar of Texas Member Directory; State Bar self-reported website
Burress Law PLLC,https://www.mytexasfirm.com/,,,Mckinney,TX,Collin,214-726-0016,admin@mytexasfirm.com,Personal Injury,6952 Mediterranean Dr,75072,Dallas-Fort Worth,5,5,2026-09-11,State Bar of Texas Member Directory; State Bar self-reported website
Camille Borg Law PLLC,https://www.camilleborglaw.com/,,,Mckinney,TX,Collin,469-608-1529,,General,5060 Collin McKinney Pkwy Ste 104,75070,Dallas-Fort Worth,4,2,2026-09-11,State Bar of Texas Member Directory; State Bar self-reported website
"Candace L. Vogt, PLLC",,,,Mckinney,TX,Collin,469-742-0100,,Estate Planning,230 E Hunt St Ste 101,75069,Dallas-Fort Worth,2,1,2026-09-11,State Bar of Texas Member Directory
"Cardinal Wealth Management Group, LLC",,,,Mckinney,TX,Collin,469-320-1535,,Estate Planning,7300 State Hwy 121 Ste 300 PMB 114,75070,Dallas-Fort Worth,2,1,2026-09-11,State Bar of Texas Member Directory; State Bar self-reported website
Carmen I Colon Maldonado,,,,Mckinney,TX,Collin,,,General,8624 Dewland Dr,75070,Dallas-Fort Worth,4,1,2026-09-11,State Bar of Texas Member Directory
Carolyn Sue Windham,,,,Mckinney,TX,Collin,214-551-0351,,Estate Planning,4305 Harlow Ct,75070,Dallas-Fort Worth,2,1,2026-09-11,State Bar of Texas Member Directory
Carrie M. Gregg,,,,Mckinney,TX,Collin,,,General,3509 Larrow Ct,75070,Dallas-Fort Worth,4,1,2026-09-11,State Bar of Texas Member Directory
Caton Law Firm,https://www.caton-firm.com/,,,Mckinney,TX,Collin,972-562-0777,info@huntonwilliams.com,Estate Planning,PO Box 387,75070,Dallas-Fort Worth,2,2,2026-09-11,State Bar of Texas Member Directory; State Bar self-reported website
Cheryl Gosch Law PLLC,,,,Mckinney,TX,Collin,214-263-8280,,General,4706 Arbor Glen Dr,75072,Dallas-Fort Worth,4,1,2026-09-11,State Bar of Texas Member Directory
"Chesley & Perales, PC",https://chesleyperaleslaw.com/,,,Mckinney,TX,Collin,972-292-7130,,Criminal Defense,6951 Virginia Pkwy Ste 311,75071,Dallas-Fort Worth,5,2,2026-09-11,State Bar of Texas Member Directory; State Bar self-reported website
"Chiles McGuire Criminal Law, PLLC",https://mycasedismissed.com/,,,Mckinney,TX,Collin,214-432-6540,,Criminal Defense,"6000 Alma Road, Suite #902",75070,Dallas-Fort Worth,5,1,2026-09-11,State Bar of Texas Member Directory; Justia
"Christiansen Law Group, PLLC",,,,Mckinney,TX,Collin,214-924-9215,,Real Estate,526 N Kentucky St,75069,Dallas-Fort Worth,2,1,2026-09-11,State Bar of Texas Member Directory; State Bar self-reported website
"Christopher A Routt, P.C.",,,,Mckinney,TX,Collin,214-733-2391,chris@routtlaw.com,Criminal Defense,1207 W University Dr Ste 103,75069,Dallas-Fort Worth,5,1,2026-09-11,State Bar of Texas Member Directory; State Bar self-reported website
Claire Noel Kirk,,,,Mckinney,TX,Collin,972-548-4352,,General,2100 Bloomdale Rd,75071,Dallas-Fort Worth,4,1,2026-09-11,State Bar of Texas Member Directory
Colleen Melburn Matzke,,,,Mckinney,TX,Collin,979-578-2666,,General,375 Adriatic Pkwy Apt 1218,75072,Dallas-Fort Worth,4,1,2026-09-11,State Bar of Texas Member Directory
Collin County Law Group,https://collincountylaw.com/,,,Mckinney,TX,Collin,972-548-7167,,Criminal Defense,2100 Bloomdale Rd Ste 100,75071,Dallas-Fort Worth,5,14,2026-09-11,State Bar of Texas Member Directory; State Bar self-reported website
Corinne Ann Mason,,,,Mckinney,TX,Collin,972-548-3860,,Criminal Defense,2100 Bloomdale Rd Ste 20364,75071,Dallas-Fort Worth,5,1,2026-09-11,State Bar of Texas Member Directory
"Crozier Family Law, PLLC",,,,Mckinney,TX,Collin,972-665-8113,,Estate Planning,2490 W. White Avenue,75071,Dallas-Fort Worth,2,1,2026-09-11,State Bar of Texas Member Directory; State Bar self-reported website
Cyrus Johnson Esq.,,,,Mckinney,TX,Collin,972-516-4322,,General,7300 State Highway 121 Ste 300,75070,Dallas-Fort Worth,4,1,2026-09-11,State Bar of Texas Member Directory
DEL VALLE FIRM,,,,Mckinney,TX,Collin,,,General,550 N Central Expy # 885,75070,Dallas-Fort Worth,4,1,2026-09-11,State Bar of Texas Member Directory
"Dale R. Rose, PLLC",https://roseknowslaw.com/,,,Mckinney,TX,Collin,972-634-7673,,Personal Injury,1821 N. Lake Forest Drive Suite 700 - PMB 362,75071,Dallas-Fort Worth,5,1,2026-09-11,State Bar of Texas Member Directory; Justia
Daniel W Krueger PLLC d/b/a DK Legal Group,,,,Mckinney,TX,Collin,,,General,2530 Eldorado Pkwy Ste 110,75070,Dallas-Fort Worth,4,1,2026-09-11,State Bar of Texas Member Directory
Davis Resolutions,,,,Mckinney,TX,Collin,214-724-4767,,General,5100 Eldorado Pkwy Ste 102 PMB 725,75070,Dallas-Fort Worth,4,1,2026-09-11,State Bar of Texas Member Directory
Diane L. Snyder,,,,Mckinney,TX,Collin,469-223-7570,,General,6013 Wildwood Drive,75072,Dallas-Fort Worth,4,1,2026-09-11,State Bar of Texas Member Directory
"Donald H. Flanary, Jr., PLLC",,,,Mckinney,TX,Collin,214-762-0767,,Personal Injury,6130 Alma Rd Th 21,75070,Dallas-Fort Worth,5,1,2026-09-11,State Bar of Texas Member Directory
Easley Law Group,https://www.divorcemediationcentersofamerica.com/,,,Mckinney,TX,Collin,469-406-4320,,General,5900 S Lake Forest Dr Ste 200,75070,Dallas-Fort Worth,4,1,2026-09-11,State Bar of Texas Member Directory; State Bar self-reported website
Emerson Automation Solutions,,,,Mckinney,TX,Collin,972-548-3530,,General,3200 Emerson Way,75069,Dallas-Fort Worth,4,1,2026-09-11,State Bar of Texas Member Directory
"Fajardo Law Group, LLC",https://fajardolawgroup.com/,,,Mckinney,TX,Collin,469-812-2336,tfajardo@fajardolawgroup.com,Immigration,7300 State Highway 121 Ste 300,75070,Dallas-Fort Worth,2,1,2026-09-11,State Bar of Texas Member Directory; State Bar self-reported website
Fawaz Maarouf,,,,Mckinney,TX,Collin,,,General,2324 Roaming Dr,75071,Dallas-Fort Worth,4,1,2026-09-11,State Bar of Texas Member Directory
"Fierro Law, PLLC",,,,Mckinney,TX,Collin,214-504-5406,,General,1216 N Central Expy Ste 208,75070,Dallas-Fort Worth,4,1,2026-09-11,State Bar of Texas Member Directory; State Bar self-reported website
Finalsite,,,,Mckinney,TX,Collin,,,Employment Law,6105 Belle Ct,75072,Dallas-Fort Worth,3,1,2026-09-11,State Bar of Texas Member Directory
Fisher Phillips LLP,,,,Mckinney,TX,Collin,214-220-8308,,Employment Law,7101 Edgarton Way,75071,Dallas-Fort Worth,3,2,2026-09-11,State Bar of Texas Member Directory
"Forest Law, P.C.",,,,Mckinney,TX,Collin,214-919-3960,,Personal Injury,299 Eldorado Pkwy,75069,Dallas-Fort Worth,5,1,2026-09-11,State Bar of Texas Member Directory
"Futia & Associates, P.C.",,,,Mckinney,TX,Collin,972-747-9930,,Personal Injury,5604 Hillview Ct,75072,Dallas-Fort Worth,5,1,2026-09-11,State Bar of Texas Member Directory
"Galvan Law, PLLC",https://lawgalvan.com/,,,Mckinney,TX,Collin,972-640-2522,,Personal Injury,1400 N Coit Rd Ste 502,75071,Dallas-Fort Worth,5,1,2026-09-11,State Bar of Texas Member Directory; State Bar self-reported website
"GamiLaw, PLLC",,,,Mckinney,TX,Collin,,,General,6329 County Road 125,75071,Dallas-Fort Worth,4,1,2026-09-11,State Bar of Texas Member Directory
"Gibbs Nolte Robison Rose, PLLC",https://mckinneylaw.com/,,,Mckinney,TX,Collin,972-562-0266,,Criminal Defense,1575 Heritage Dr Ste 301,75069,Dallas-Fort Worth,5,1,2026-09-11,State Bar of Texas Member Directory; State Bar self-reported website
"Gibbs, Nolte, Campos PLLC",https://mckinneylaw.com/,,,Mckinney,TX,Collin,972-562-0266,,Criminal Defense,1575 Heritage Dr Ste 301,75069,Dallas-Fort Worth,5,2,2026-09-11,State Bar of Texas Member Directory; State Bar self-reported website
Goodson Law PLLC,https://goodsonlaw.co/,,,Mckinney,TX,Collin,469-850-3187,info@goodsonlaw.co,Civil Litigation,6841 Virginia Pkwy Ste 103,75071,Dallas-Fort Worth,3,1,2026-09-11,State Bar of Texas Member Directory; State Bar self-reported website
"Green Intellectual Property Advocates, LLC",,,,Mckinney,TX,Collin,,,General,2408 Warwick Circle,75072,Dallas-Fort Worth,4,1,2026-09-11,State Bar of Texas Member Directory
Hadley Elizabeth Gable,,,,Mckinney,TX,Collin,,,General,3011 Partridge Lane,75072,Dallas-Fort Worth,4,1,2026-09-11,State Bar of Texas Member Directory
"Hamada Smith, PLLC",https://www.hamadasmith.com/,,,Mckinney,TX,Collin,972-872-8885,info@hamadasmith.com,General,206 S Kentucky St. Suite 200,75069,Dallas-Fort Worth,4,1,2026-09-11,State Bar of Texas Member Directory; State Bar self-reported website
Harrison Hull & Mumm PLLC,,,,Mckinney,TX,Collin,214-585-0094,,Personal Injury,112 W Virginia St,75069,Dallas-Fort Worth,5,6,2026-09-11,State Bar of Texas Member Directory; State Bar self-reported website
Hope Elaine Hughes,,,,Mckinney,TX,Collin,,,Real Estate,"1821 N Lake Forest Drive, Suite 700-372",75071,Dallas-Fort Worth,2,1,2026-09-11,State Bar of Texas Member Directory
Housewright Law Group,https://housewrightlawgroup.com/,,,Mckinney,TX,Collin,214-389-3632,,General,5900 S Lake Forest Dr Ste 300 PMB 3006,75070,Dallas-Fort Worth,4,2,2026-09-11,State Bar of Texas Member Directory; State Bar self-reported website
Hultkrantz Law Office,,,,Mckinney,TX,Collin,469-667-1946,,Criminal Defense,230 E Hunt St Ste 100,75069,Dallas-Fort Worth,5,1,2026-09-11,State Bar of Texas Member Directory
Ife Adesola & Associates PLLC,,,,Mckinney,TX,Collin,469-396-5273,,Estate Planning,7300 State Highway 121 Ste 300,75070,Dallas-Fort Worth,2,1,2026-09-11,State Bar of Texas Member Directory; State Bar self-reported website
Independent Contract Attorney,,,,Mckinney,TX,Collin,,,General,2900 Gabriel Drive,75071,Dallas-Fort Worth,4,1,2026-09-11,State Bar of Texas Member Directory
Jacque Martin Holt,,,,Mckinney,TX,Collin,,,Estate Planning,508 Excalibur Dr,75071,Dallas-Fort Worth,2,1,2026-09-11,State Bar of Texas Member Directory
James Gardner Dahl,,,,Mckinney,TX,Collin,214-403-0234,,General,3002 hartford ct,75070,Dallas-Fort Worth,4,1,2026-09-11,State Bar of Texas Member Directory
James Jeffrey Landrum,,,,Mckinney,TX,Collin,214-532-4124,,General,3204 Arledge Court,75070,Dallas-Fort Worth,4,1,2026-09-11,State Bar of Texas Member Directory
"James Nygaard, Attorney at Law",https://www.nygaardfamilylaw.com/,,,Mckinney,TX,Collin,214-733-8044,,General,212 E Virginia St,75069,Dallas-Fort Worth,4,1,2026-09-11,State Bar of Texas Member Directory; State Bar self-reported website
Jeanne Ann Sterba,,,,Mckinney,TX,Collin,,,Real Estate,301 Tottenham Ct,75072,Dallas-Fort Worth,2,1,2026-09-11,State Bar of Texas Member Directory
Jennifer Elaine Balmos,,,,Mckinney,TX,Collin,,,General,4005 Darlington Way,75071,Dallas-Fort Worth,4,1,2026-09-11,State Bar of Texas Member Directory
Joe Dorman Attorney at Law,,,,Mckinney,TX,Collin,214-455-5191,,Estate Planning,5505 Fairfax Ct,75072,Dallas-Fort Worth,2,1,2026-09-11,State Bar of Texas Member Directory
John Evans Sullivan,,,,Mckinney,TX,Collin,469-360-6927,,Real Estate,6601 Thorntree,75072,Dallas-Fort Worth,2,1,2026-09-11,State Bar of Texas Member Directory
John L. Plant,,,,Mckinney,TX,Collin,,,Criminal Defense,550 N Central Expy Box 413,75070,Dallas-Fort Worth,5,1,2026-09-11,State Bar of Texas Member Directory
"Joplin Hendricks, PLLC",,,,Mckinney,TX,Collin,972-529-0952,,Estate Planning,7290 Virginia Pkwy Ste 2600,75071,Dallas-Fort Worth,2,2,2026-09-11,State Bar of Texas Member Directory; State Bar self-reported website
"Jordan Ryan Law, PLLC",https://www.jordanryanlaw.com/,,,Mckinney,TX,Collin,972-302-2429,jordanryan@jordanryanlaw.com,Real Estate,7300 State Hwy 121 Ste 300,75070,Dallas-Fort Worth,2,1,2026-09-11,State Bar of Texas Member Directory; State Bar self-reported website
Karen Ann Ditsch,http://www.karenditsch.com/,,,Mckinney,TX,Collin,972-332-1969,karen@karenditsch.com,General,1203 W University Dr Ste B,75069,Dallas-Fort Worth,4,1,2026-09-11,State Bar of Texas Member Directory; State Bar self-reported website
"Kaske Law, PC",https://www.kaskelaw.com/,,,Mckinney,TX,Collin,972-532-0821,efile@kaskelaw.com,General,"7300 State Highway 121, Suite 300",75070,Dallas-Fort Worth,4,2,2026-09-11,State Bar of Texas Member Directory; State Bar self-reported website
Kathryn Elizabeth Burgess,,,,Mckinney,TX,Collin,972-548-4309,,Criminal Defense,"2100 Bloomdale Rd, Ste 100",75071,Dallas-Fort Worth,5,1,2026-09-11,State Bar of Texas Member Directory
"Keith R. Herbert, P.A.",,,,Mckinney,TX,Collin,800-529-6263,,Personal Injury,7604 Hilton Head Drive,75070,Dallas-Fort Worth,5,1,2026-09-11,State Bar of Texas Member Directory
Kent Caperton PC,,,,Mckinney,TX,Collin,512-461-0498,,General,2800 Whitetail Ct,75072,Dallas-Fort Worth,4,1,2026-09-11,State Bar of Texas Member Directory
"Kimberly P. Killebrew, Attorney at Law",https://killebrewfamilylaw.com/,,,Mckinney,TX,Collin,214-432-1595,,General,2570 Eldorado Pkwy Ste 150,75070,Dallas-Fort Worth,4,1,2026-09-11,State Bar of Texas Member Directory; State Bar self-reported website
Klein Eldredge PLLC,https://kleineldredgelaw.com/,,,Mckinney,TX,Collin,469-790-0969,macy@kleineldredgelaw.com,Criminal Defense,5900 S Lake Forest Dr Ste 410,75070,Dallas-Fort Worth,5,1,2026-09-11,State Bar of Texas Member Directory; State Bar self-reported website
Knapp Law Firm,https://www.gknapplaw.com/,,,Mckinney,TX,Collin,214-717-5222,pknapp@gknapplaw.com,Criminal Defense,"2150 S. Central Expressway, Suite 200",75070,Dallas-Fort Worth,5,1,2026-09-11,State Bar of Texas Member Directory; State Bar self-reported website
"Kyle Johnson, Attorney At Law",,,,Mckinney,TX,Collin,214-914-3247,,Personal Injury,600 Moss Cliff Cir,75071,Dallas-Fort Worth,5,1,2026-09-11,State Bar of Texas Member Directory; State Bar self-reported website
"LANDERS LAW FIRM, PLLC",https://landerslegal.com/,,,Mckinney,TX,Collin,972-529-5707,lynda@landerslegal.com,General,1207 W University Dr Ste 102,75069,Dallas-Fort Worth,4,1,2026-09-11,State Bar of Texas Member Directory; State Bar self-reported website
"LUCE LAW, PC",https://www.lucelawpc.com/,,,Mckinney,TX,Collin,972-632-1300,,Personal Injury,5900 S Lake Forest Dr Ste 200,75070,Dallas-Fort Worth,5,1,2026-09-11,State Bar of Texas Member Directory; Justia
Lauren Jessie Wright,,,,Mckinney,TX,Collin,214-226-9143,,General,"3900 S. Stonebridge Drive, Suite 204",75070,Dallas-Fort Worth,4,1,2026-09-11,State Bar of Texas Member Directory
"Law Office of Angela Owens, PLLC",https://aowenslaw.com/,,,Mckinney,TX,Collin,972-360-3253,,Bankruptcy,1575 Heritage Dr Ste 306,75069,Dallas-Fort Worth,2,1,2026-09-11,State Bar of Texas Member Directory; State Bar self-reported website
Law Office of April Steele,,,,Mckinney,TX,Collin,214-402-9317,,Criminal Defense,PO Box 6647,75071,Dallas-Fort Worth,5,1,2026-09-11,State Bar of Texas Member Directory
Law Office of Austin R. Franco PLLC,https://www.austinfranco.com/,,,Mckinney,TX,Collin,214-702-9283,austin@austinfranco.com,Estate Planning,7300 State Highway 121 Ste. 300,75070,Dallas-Fort Worth,2,1,2026-09-11,State Bar of Texas Member Directory; State Bar self-reported website
Law Office of Bradley Voyles,https://voylesfirm.com/,,,Mckinney,TX,Collin,214-843-1199,bradvoyles@voylesfirm.com,Criminal Defense,6401 W Eldorado #2000,75071,Dallas-Fort Worth,5,1,2026-09-11,State Bar of Texas Member Directory; State Bar self-reported website
Law Office of Bryan D Perkins,http://bryanperkinslaw.com/,,,Mckinney,TX,Collin,972-369-7174,,Employment Law,208 S Johnson Street,75069,Dallas-Fort Worth,3,1,2026-09-11,State Bar of Texas Member Directory; State Bar self-reported website
Law Office of Chelsi Keever,,,,Mckinney,TX,Collin,469-440-9318,,Criminal Defense,1216 N Central Expy Ste 103,75070,Dallas-Fort Worth,5,1,2026-09-11,State Bar of Texas Member Directory
"Law Office of Chris Fredericks, PLLC",https://www.mckinneycriminallawyer.com/,,,Mckinney,TX,Collin,469-712-5741,,Criminal Defense,2035 Central Cir Ste 209,75069,Dallas-Fort Worth,5,1,2026-09-11,State Bar of Texas Member Directory; State Bar self-reported website
Law Office of Dan Meehan,,,,Mckinney,TX,Collin,903-427-4547,,Criminal Defense,113 Redbud Trail,75069,Dallas-Fort Worth,5,1,2026-09-11,State Bar of Texas Member Directory
Law Office of Daniel B. Jones,https://www.danielbjones.com/,,,Mckinney,TX,Collin,972-424-1165,,Civil Litigation,2150 S Central Expy Ste 200,75070,Dallas-Fort Worth,3,1,2026-09-11,State Bar of Texas Member Directory; State Bar self-reported website
Law Office of Danny McDaniel,,,,Mckinney,TX,Collin,469-464-5387,,Criminal Defense,"6800 Weiskopf Avenue, Suite 150",75070,Dallas-Fort Worth,5,2,2026-09-11,State Bar of Texas Member Directory
Law Office of Donald L. Wright,,,,Mckinney,TX,Collin,210-842-6807,,General,7421 Sabine Dr,75071,Dallas-Fort Worth,4,1,2026-09-11,State Bar of Texas Member Directory
Law Office of Dustin S. Hesseltine,,,,Mckinney,TX,Collin,214-578-8632,,Immigration,409 Rouen Drive,75072,Dallas-Fort Worth,2,1,2026-09-11,State Bar of Texas Member Directory
Law Office of Gene Sera,http://attorneygenesera.com/,,,Mckinney,TX,Collin,972-670-7400,,Criminal Defense,2150 S Central Expy Ste 200,75070,Dallas-Fort Worth,5,1,2026-09-11,State Bar of Texas Member Directory; Justia
"Law Office of J. Daniel Perkins, PLLC",https://www.jdperkinsattorney.com/,,,Mckinney,TX,Collin,945-333-8806,,Criminal Defense,1415 Harroun,75069,Dallas-Fort Worth,5,1,2026-09-11,State Bar of Texas Member Directory; State Bar self-reported website
Law Office of James T. Herod,,,,Mckinney,TX,Collin,,,General,405 Calmwater Cove,75071,Dallas-Fort Worth,4,1,2026-09-11,State Bar of Texas Member Directory
Law Office of Martin Leyko,,,,Mckinney,TX,Collin,469-855-6699,,Criminal Defense,"3900 S. Stonebridge Drive, Suite 502",75070,Dallas-Fort Worth,5,2,2026-09-11,State Bar of Texas Member Directory
Law Office of Matthew Gallagher,http://www.mattglaw.com/,,,Mckinney,TX,Collin,214-471-7188,,Criminal Defense,1411 Harroun Ave,75069,Dallas-Fort Worth,5,1,2026-09-11,State Bar of Texas Member Directory; State Bar self-reported website
"Law Office of Michael G. Diaz, P.C.",https://michaeldiazlaw.com/,,,Mckinney,TX,Collin,972-542-6820,michael@michaeldiazlaw.com,Criminal Defense,230 E Hunt St Ste 100,75069,Dallas-Fort Worth,5,2,2026-09-11,State Bar of Texas Member Directory; Justia
Law Office of R. Ramirez,,,,Mckinney,TX,Collin,972-633-9440,,Personal Injury,1005 Cove Meadow Ct,75071,Dallas-Fort Worth,5,1,2026-09-11,State Bar of Texas Member Directory
"Law Office of Scott M. Ruggiero, P.C.",,,,Mckinney,TX,Collin,214-495-0070,,General,205 W Louisiana St Ste 103,75069,Dallas-Fort Worth,4,1,2026-09-11,State Bar of Texas Member Directory; State Bar self-reported website
Law Office of Trenton S. Horner,,,,Mckinney,TX,Collin,214-957-2502,,Personal Injury,P.O. Box 2936,75070,Dallas-Fort Worth,5,1,2026-09-11,State Bar of Texas Member Directory
Law Office of Vamsi Cherukuri PLLC,https://www.vamsicherukurilaw.com/,,,Mckinney,TX,Collin,720-520-4667,,Estate Planning,7300 State Highway Suite 378,75070,Dallas-Fort Worth,2,1,2026-09-11,State Bar of Texas Member Directory; State Bar self-reported website
Law Office of Veronica Deaver,https://www.veronicadeaver.com/,,,Mckinney,TX,Collin,214-282-5024,veronicadeaver@msn.com,General,1575 Heritage Dr Ste 107,75069,Dallas-Fort Worth,4,1,2026-09-11,State Bar of Texas Member Directory; State Bar self-reported website
Law Office of Yvette Y Stringer Lane,,,,Mckinney,TX,Collin,469-325-9079,,Estate Planning,2700 N Lake Forest Dr Apt 2207,75071,Dallas-Fort Worth,2,1,2026-09-11,State Bar of Texas Member Directory
Law Offices of Dan A. Atkerson,https://www.atkersonlaw.com/,,,Mckinney,TX,Collin,469-387-1343,,Personal Injury,3401 Andesite Rd,75071,Dallas-Fort Worth,5,1,2026-09-11,State Bar of Texas Member Directory; State Bar self-reported website
Law Offices of Edwin V King,,,,Mckinney,TX,Collin,214-871-8800,,Criminal Defense,1575 Heritage Dr Ste 301,75069,Dallas-Fort Worth,5,1,2026-09-11,State Bar of Texas Member Directory
Law Offices of John C. Willems,,,,Mckinney,TX,Collin,214-537-8789,,Estate Planning,1605 Lake Trails Cir,75069,Dallas-Fort Worth,2,1,2026-09-11,State Bar of Texas Member Directory
Lemke & Pederson,https://lemkepederson.com/,,,Mckinney,TX,Collin,972-562-4400,,Estate Planning,201 S McDonald St Ste E,75069,Dallas-Fort Worth,2,2,2026-09-11,State Bar of Texas Member Directory; Justia
Levine Baker Law PLLC,,,,Mckinney,TX,Collin,469-400-6849,,Estate Planning,"8751 Collin McKinney Parkway, suite 1103",75070,Dallas-Fort Worth,2,1,2026-09-11,State Bar of Texas Member Directory
Lindsey M. Graham,,,,Mckinney,TX,Collin,,,Criminal Defense,2100 Bloomdale Road,75071,Dallas-Fort Worth,5,1,2026-09-11,State Bar of Texas Member Directory
Lisa Karole Mitchell,,,,Mckinney,TX,Collin,972-548-4428,,Criminal Defense,2100 Bloomdale Rd Ste 200,75071,Dallas-Fort Worth,5,1,2026-09-11,State Bar of Texas Member Directory
Logan R. Goodwin,,,,Mckinney,TX,Collin,972-548-4398,,Criminal Defense,210 Bloomdale Rd Ste 100,75071,Dallas-Fort Worth,5,1,2026-09-11,State Bar of Texas Member Directory
"Lowe Collab Law, PLLC",https://lowecollablaw.com/,,,Mckinney,TX,Collin,214-945-1043,info@lowecollablaw.com,General,6401 Eldorado Pkwy Ste 416,75070,Dallas-Fort Worth,4,1,2026-09-11,State Bar of Texas Member Directory; Justia
Malcolm Miranda & Associates P.C.,https://malcolmmirandalaw.com/,,,Mckinney,TX,Collin,469-714-0240,,Criminal Defense,1216 N Central Expy Ste 205,75070,Dallas-Fort Worth,5,1,2026-09-11,State Bar of Texas Member Directory; Justia
"Marigold Law Firm, PLLC",,,,Mckinney,TX,Collin,469-905-2902,,General,709 N Jordan Rd,75071,Dallas-Fort Worth,4,1,2026-09-11,State Bar of Texas Member Directory
Mark Heidenheimer PLLC,,,,Mckinney,TX,Collin,214-578-0360,,Criminal Defense,2208 Wisteria Way,75071,Dallas-Fort Worth,5,1,2026-09-11,State Bar of Texas Member Directory
Matthew Creek,,,,Mckinney,TX,Collin,972-413-8693,,General,610 Elm St Suite 1350,75069,Dallas-Fort Worth,4,1,2026-09-11,State Bar of Texas Member Directory
Matthew Sean McClure,,,,Mckinney,TX,Collin,,,Criminal Defense,2100 Bloomdale Rd,75071,Dallas-Fort Worth,5,1,2026-09-11,State Bar of Texas Member Directory
McCraw Law Group,https://mccrawlawgroup.com/,,,Mckinney,TX,Collin,972-854-7900,,Personal Injury,5900 S Lake Forest Dr Ste 450,75070,Dallas-Fort Worth,5,8,2026-09-11,State Bar of Texas Member Directory; Justia
Medica,,,,Mckinney,TX,Collin,,,General,Medica,75071,Dallas-Fort Worth,4,1,2026-09-11,State Bar of Texas Member Directory
"Michael C. Roth & Associates, PLLC",,,,Mckinney,TX,Collin,972-957-5230,,Employment Law,300 E Davis St # 186,75069,Dallas-Fort Worth,3,1,2026-09-11,State Bar of Texas Member Directory
"Michael D. Curran, Attorney P.C.",,,,Mckinney,TX,Collin,972-569-8484,,Criminal Defense,2035 Central Cir Ste 209,75069,Dallas-Fort Worth,5,1,2026-09-11,State Bar of Texas Member Directory; State Bar self-reported website
Michael G. Cameron,,,,Mckinney,TX,Collin,214-532-9857,,General,4100 Eldorado Pkwy Ste 100 PMB 459,75070,Dallas-Fort Worth,4,1,2026-09-11,State Bar of Texas Member Directory
Molly Craft,,,,Mckinney,TX,Collin,,,General,2100 Bloomdale Rd Ste 200,75071,Dallas-Fort Worth,4,1,2026-09-11,State Bar of Texas Member Directory
Mueller Family Law Group,,,,Mckinney,TX,Collin,972-562-2212,,General,205 W Louisiana St Ste 100,75069,Dallas-Fort Worth,4,5,2026-09-11,State Bar of Texas Member Directory; State Bar self-reported website
"Munck Wilson Mandala, LLP",https://www.munckwilson.com/people/,,,Mckinney,TX,Collin,972-628-3600,,General,12770 Coit Rd,75251,Dallas-Fort Worth,4,3,2026-09-11,State Bar of Texas Member Directory; State Bar self-reported website
"NTX Law, PLLC",https://www.ntx.law/,,,Mckinney,TX,Collin,214-983-9726,zach@ntx.law,Criminal Defense,610 Elm St Ste 530,75069,Dallas-Fort Worth,5,1,2026-09-11,State Bar of Texas Member Directory; State Bar self-reported website
Nadia C. Mendieta Chacon,,,,Mckinney,TX,Collin,,,Criminal Defense,3404 pinecone dr,75070,Dallas-Fort Worth,5,1,2026-09-11,State Bar of Texas Member Directory
Naomi Ozaki Killough,,,,Mckinney,TX,Collin,214-548-7616,,Estate Planning,3812 Landsdowne Dr,75072,Dallas-Fort Worth,2,1,2026-09-11,State Bar of Texas Member Directory
Nathan Ross White,,,,Mckinney,TX,Collin,801-706-6254,,Civil Litigation,1229 Hoyt Dr,75071,Dallas-Fort Worth,3,1,2026-09-11,State Bar of Texas Member Directory
"Neal Peters Law, PLLC",https://www.nealpeterslaw.com/,,,Mckinney,TX,Collin,469-466-5030,firm@nealpeterslaw.com,Estate Planning,205 W Louisiana St Ste 103,75069,Dallas-Fort Worth,2,3,2026-09-11,State Bar of Texas Member Directory; State Bar self-reported website
Nicholas L. Fryar,,,,Mckinney,TX,Collin,214-733-6402,,General,1300 N Waddill St,75069,Dallas-Fort Worth,4,1,2026-09-11,State Bar of Texas Member Directory
"Nii Amaa Ollennu Law Firm, PLLC",https://www.nolawtx.com/,,,Mckinney,TX,Collin,469-620-0333,info@naolawfirm.com,Criminal Defense,1216 N Central Expy Ste 208,75070,Dallas-Fort Worth,5,1,2026-09-11,State Bar of Texas Member Directory; State Bar self-reported website
Noor Wadi Law,https://www.noorwadilaw.com/,,,Mckinney,TX,Collin,214-810-1191,noor@noorwadilaw.com,Criminal Defense,7210 Virginia Pkwy #6170,75071,Dallas-Fort Worth,5,1,2026-09-11,State Bar of Texas Member Directory; State Bar self-reported website
"North Texas Law, PLLC",,,,Mckinney,TX,Collin,469-861-8886,,Personal Injury,2309 Virginia Pkwy Ste 200,75071,Dallas-Fort Worth,5,1,2026-09-11,State Bar of Texas Member Directory; State Bar self-reported website
"Norton Law, PLLC",,,,Mckinney,TX,Collin,972-736-8594,,Civil Litigation,7300 State Hwy 121 Ste 300,75070,Dallas-Fort Worth,3,2,2026-09-11,State Bar of Texas Member Directory
"Norton Law, PLLC - Kimberly S. Norton, Attorney at Law",https://ksnortonlaw.com/,,,Mckinney,TX,Collin,972-658-3878,,Estate Planning,"7300 State Highway 121, Suite 300",75070,Dallas-Fort Worth,2,1,2026-09-11,State Bar of Texas Member Directory; State Bar self-reported website
"O'Toole Law, PLLC",https://jonotoole.com/,,,Mckinney,TX,Collin,214-225-6658,jon@jonotoole.com,Criminal Defense,300 E Davis St Ste 228,75069,Dallas-Fort Worth,5,1,2026-09-11,State Bar of Texas Member Directory; State Bar self-reported website
PAUL KEY LAW,https://paulkeylaw.com/,,,Mckinney,TX,Collin,972-562-4446,,Criminal Defense,3900 S Stonebridge Dr Ste 502,75070,Dallas-Fort Worth,5,1,2026-09-11,State Bar of Texas Member Directory; Justia
"Pask Law, PLLC",https://www.paskcriminaldefense.com/lawyers/harrison-pask/,,,Mckinney,TX,Collin,214-360-9700,,Criminal Defense,5900 S Lake Forest Dr Ste 410,75070,Dallas-Fort Worth,5,2,2026-09-11,State Bar of Texas Member Directory; Justia
Peter J. Graham,,,,Mckinney,TX,Collin,972-547-7676,,Criminal Defense,130 S Chestnut St McKinney Municipal Court,75069,Dallas-Fort Worth,5,1,2026-09-11,State Bar of Texas Member Directory
"Philips & Epperson Attorneys, L.P.",https://www.philipsandepperson.com/,,,Mckinney,TX,Collin,972-562-9440,,Criminal Defense,2301 Virginia Pkwy,75071,Dallas-Fort Worth,5,3,2026-09-11,State Bar of Texas Member Directory; State Bar self-reported website
Prevost Law Firm,https://prevostlawfirm.com/,,,Mckinney,TX,Collin,855-584-3576,,Personal Injury,5900 S Lake Forest Dr Ste 300 PMB 2250,75070,Dallas-Fort Worth,5,1,2026-09-11,State Bar of Texas Member Directory; State Bar self-reported website
Puhl Law Group PC,,,,Mckinney,TX,Collin,972-569-3166,,General,2200 Old McGarrah Rd,75072,Dallas-Fort Worth,4,1,2026-09-11,State Bar of Texas Member Directory; Justia
"QURESHI LAW FIRM, PLLC",http://www.q-a-law.com/,,,Mckinney,TX,Collin,972-607-9999,u.qureshi@q-a-law.com,Estate Planning,8951 Collin McKinney Pkwy Ste 503,75070,Dallas-Fort Worth,2,1,2026-09-11,State Bar of Texas Member Directory; State Bar self-reported website
Quadros Migl & Kilmer PLLC,https://www.qmklaw.com/,,,Mckinney,TX,Collin,713-300-9662,,Real Estate,"321 N. Central Expy., Suite 340",75070,Dallas-Fort Worth,2,2,2026-09-11,State Bar of Texas Member Directory; State Bar self-reported website
R. Dean Davenport Attorney at Law,https://estatelawtexas.com/,,,Mckinney,TX,Collin,469-352-1876,,Estate Planning,"6800 Weiskopf Avenue, Suite 150",75070,Dallas-Fort Worth,2,1,2026-09-11,State Bar of Texas Member Directory; Justia
Raven Forbes,,,,Mckinney,TX,Collin,,,General,2501 W University Dr,75071,Dallas-Fort Worth,4,1,2026-09-11,State Bar of Texas Member Directory
Richard Duong Nguyen,https://nguyenattorney.com/,,,Mckinney,TX,Collin,832-290-0670,,Personal Injury,7300 State Highway 121 Ste 300,75070,Dallas-Fort Worth,5,1,2026-09-11,State Bar of Texas Member Directory
Richard Kevin Layton,,,,Mckinney,TX,Collin,832-495-8395,,Civil Litigation,3905 Diamond Rdg Mckinney Tx 75071,75071,Dallas-Fort Worth,3,1,2026-09-11,State Bar of Texas Member Directory
RightNow Media,,,,Mckinney,TX,Collin,,,Civil Litigation,6300 Henneman Way,75070,Dallas-Fort Worth,3,1,2026-09-11,State Bar of Texas Member Directory
Rodney Dwaine Patten,,,,Mckinney,TX,Collin,,,Criminal Defense,3723 Ryeland Cove,75071,Dallas-Fort Worth,5,1,2026-09-11,State Bar of Texas Member Directory
Roger B. Keesee,,,,Mckinney,TX,Collin,972-896-6387,,General,221-Whitman Drive,75072,Dallas-Fort Worth,4,1,2026-09-11,State Bar of Texas Member Directory
Ronald William Burns,,,,Mckinney,TX,Collin,972-632-9009,,Civil Litigation,2205 Canyon Point,75071,Dallas-Fort Worth,3,1,2026-09-11,State Bar of Texas Member Directory
"Rosenthal, Kalabus & Therrian, PLLC",,,,Mckinney,TX,Collin,972-369-0577,,Criminal Defense,7300 State Highway 121 Ste 400,75070,Dallas-Fort Worth,5,10,2026-09-11,State Bar of Texas Member Directory; Justia
"Ruais Law, PLLC",https://www.bluejeanslaw.com/,,,Mckinney,TX,Collin,214-572-2109,,Estate Planning,8951 Collin McKinney Pkwy Ste 201,75070,Dallas-Fort Worth,2,1,2026-09-11,State Bar of Texas Member Directory; State Bar self-reported website
"Ryan G Cole Law, PLLC",,,,Mckinney,TX,Collin,972-565-9966,,General,"300 E Davis Street, Suite 163",75069,Dallas-Fort Worth,4,1,2026-09-11,State Bar of Texas Member Directory
"S. M. Sanders, PLLC",,,,Mckinney,TX,Collin,254-214-5071,,Civil Litigation,1928 Cotton Creek Pass,75071,Dallas-Fort Worth,3,1,2026-09-11,State Bar of Texas Member Directory
"Saldana Collins Law Firm, PLLC",,,,Mckinney,TX,Collin,972-369-0307,,Criminal Defense,2001 Auburn Hills Pkwy Ste 501,75071,Dallas-Fort Worth,5,1,2026-09-11,State Bar of Texas Member Directory; State Bar self-reported website
"Saunders Walsh & Beard, PLLC",https://saunderswalsh.com/team-member/jacob-d-thomas/,,,Mckinney,TX,Collin,214-919-3555,,Civil Litigation,6850 Tpc Dr Ste 210,75070,Dallas-Fort Worth,3,13,2026-09-11,State Bar of Texas Member Directory; Justia
"Schmitz, Loyd & Paul, PLLC",https://theslplawfirm.com/,,,Mckinney,TX,Collin,972-885-8499,,Estate Planning,2570 Eldorado Pkwy Ste 150,75070,Dallas-Fort Worth,2,5,2026-09-11,State Bar of Texas Member Directory; State Bar self-reported website
Schuler Development,,,,Mckinney,TX,Collin,,,General,PO Box 6621,75071,Dallas-Fort Worth,4,1,2026-09-11,State Bar of Texas Member Directory
"Schwartz Manente, PLLC",,,,Mckinney,TX,Collin,,,Real Estate,1446 Heritage Dr,75069,Dallas-Fort Worth,2,1,2026-09-11,State Bar of Texas Member Directory; State Bar self-reported website
Scott D. Pertee,,,,Mckinney,TX,Collin,609-317-0758,,General,6508 VALLEY VIEW DR,75071,Dallas-Fort Worth,4,1,2026-09-11,State Bar of Texas Member Directory
"Scott, Ray, Pemberton & Goll, PLLC",https://www.scottraylaw.com/,,,Mckinney,TX,Collin,972-525-5872,info@scottraylaw.com,Personal Injury,"1400 N. Coit Rd., Suite 406",75071,Dallas-Fort Worth,5,3,2026-09-11,State Bar of Texas Member Directory; State Bar self-reported website
Seiako Vercera Bynum,,,,Mckinney,TX,Collin,,,General,2520 Sunnyside Dr,75071,Dallas-Fort Worth,4,1,2026-09-11,State Bar of Texas Member Directory
"Shantell Law, PLLC",https://www.shantelllaw.com/,,,Mckinney,TX,Collin,,,Criminal Defense,7300 State Highway 121 Ste 300,75070,Dallas-Fort Worth,5,1,2026-09-11,State Bar of Texas Member Directory; State Bar self-reported website
"Sharon Kay Simmons, Attorney at Law",,,,Mckinney,TX,Collin,214-672-1330,,Real Estate,828 Utica Dr,75069,Dallas-Fort Worth,2,1,2026-09-11,State Bar of Texas Member Directory
Siekierski Law PLLC,https://texastaxlawyer.com,,,Mckinney,TX,Collin,214-454-7268,scott@texastaxlawyer.com,Estate Planning,212 E Virginia St,75069,Dallas-Fort Worth,2,1,2026-09-11,State Bar of Texas Member Directory; State Bar self-reported website
Southern Glazers Wine and Spirits,,,,Mckinney,TX,Collin,,,General,201 Applewood Ct.,75071,Dallas-Fort Worth,4,1,2026-09-11,State Bar of Texas Member Directory
"Staci S. Johnson, Attorney at Law",,,,Mckinney,TX,Collin,469-288-6161,,General,707 Long Hill Ct.,75071,Dallas-Fort Worth,4,1,2026-09-11,State Bar of Texas Member Directory
"Sullivan Evans Goenawein, PC",https://sullivanevanslaw.com/,,,Mckinney,TX,Collin,972-665-6001,,Personal Injury,7300 State Highway 121 Ste 510,75070,Dallas-Fort Worth,5,4,2026-09-11,State Bar of Texas Member Directory; State Bar self-reported website
Susan McDonald Herndon,,,,Mckinney,TX,Collin,214-803-9378,,Estate Planning,2308 Grassmere Ln,75071,Dallas-Fort Worth,2,1,2026-09-11,State Bar of Texas Member Directory
Sydney Katherine Horner,,,,Mckinney,TX,Collin,,,General,2100 Bloomdale Rd. Ste 100,75071,Dallas-Fort Worth,4,1,2026-09-11,State Bar of Texas Member Directory
TCurren Law PLLC,,,,Mckinney,TX,Collin,,,Real Estate,PO Box 6555,75071,Dallas-Fort Worth,2,1,2026-09-11,State Bar of Texas Member Directory
"Terri Daniel Attorney at Law, PLLC",https://www.terridaniellaw.com/,,,Mckinney,TX,Collin,469-942-6511,,Criminal Defense,6675 Mediterranean Dr Ste 407,75072,Dallas-Fort Worth,5,1,2026-09-11,State Bar of Texas Member Directory; State Bar self-reported website
Tessa Shari Bromley,,,,Mckinney,TX,Collin,214-298-8830,,General,PO Box 173,75070,Dallas-Fort Worth,4,1,2026-09-11,State Bar of Texas Member Directory
"The Allis Law Firm, PLLC",https://theallislawfirm.com/,,,Mckinney,TX,Collin,281-819-0216,callis@theallislawfirm.com,General,"6841 Virginia Pkwy Ste 103, Box #138",75071,Dallas-Fort Worth,4,1,2026-09-11,State Bar of Texas Member Directory; State Bar self-reported website
"The Anderson Law Firm, PLLC",https://andersonlawfirmpllc.com/,,,Mckinney,TX,Collin,972-299-0833,brian@andersonlawfirmpllc.com,Estate Planning,5900 S Lake Forest Dr Ste 300,75070,Dallas-Fort Worth,2,5,2026-09-11,State Bar of Texas Member Directory; State Bar self-reported website
"The Darwich Law Firm Co., LPA",https://www.darwichlegal.com/,,,Mckinney,TX,Collin,469-960-6069,omar@darwichlegal.com,Criminal Defense,"6951 Virginia Parkway, Suite 104",75071,Dallas-Fort Worth,5,1,2026-09-11,State Bar of Texas Member Directory; State Bar self-reported website
"The Draper Law Firm, P.C.",https://draperfirm.com/,,,Mckinney,TX,Collin,469-715-6801,,General,6401 Eldorado Pkwy Ste 80,75070,Dallas-Fort Worth,4,3,2026-09-11,State Bar of Texas Member Directory; State Bar self-reported website
"The Edgett Law Firm, P.C.",https://edgettlawfirm.com,,,Mckinney,TX,Collin,972-424-0760,,Criminal Defense,1400 N Coit Rd Ste 104,75071,Dallas-Fort Worth,5,2,2026-09-11,State Bar of Texas Member Directory; State Bar self-reported website
"The Evers Law Firm, PLLC",http://theeverslawfirm.com/,,,Mckinney,TX,Collin,910-512-5290,txbizlawprof@gmail.com,Personal Injury,PO Box 368,75070,Dallas-Fort Worth,5,1,2026-09-11,State Bar of Texas Member Directory; State Bar self-reported website
"The Fox Firm, PLLC",,,,Mckinney,TX,Collin,972-413-8693,,Criminal Defense,610 Elm St Ste 1350,75069,Dallas-Fort Worth,5,1,2026-09-11,State Bar of Texas Member Directory; State Bar self-reported website
The Garner Firm,,,,Mckinney,TX,Collin,972-562-8280,,Criminal Defense,1216 N Central Expy Ste 203A,75070,Dallas-Fort Worth,5,1,2026-09-11,State Bar of Texas Member Directory; State Bar self-reported website
The Gilmore Firm PLLC,https://estateplansofdallas.com/,,,Mckinney,TX,Collin,214-997-4320,info@estateplansofdallas.com,Estate Planning,"6951 Virginia Parkway, Ste 214",75071,Dallas-Fort Worth,2,1,2026-09-11,State Bar of Texas Member Directory; State Bar self-reported website
The Hooper Law Firm,,,,Mckinney,TX,Collin,832-451-5288,,Real Estate,7300 State Highway 121 Ste 300,75070,Dallas-Fort Worth,2,1,2026-09-11,State Bar of Texas Member Directory; State Bar self-reported website
The Law Office of Armando A. Nunez,,,,Mckinney,TX,Collin,972-547-3943,,Criminal Defense,230 E Hunt St Ste 100,75069,Dallas-Fort Worth,5,1,2026-09-11,State Bar of Texas Member Directory
"The Law Office of Daniel L. White, PLLC",,,,Mckinney,TX,Collin,469-941-0040,,Criminal Defense,114 1/2 E Louisiana St Ste 206,75069,Dallas-Fort Worth,5,1,2026-09-11,State Bar of Texas Member Directory; State Bar self-reported website
"The Law Office of Deric King Walpole, PLLC",https://www.dkwdefense.com/,,,Mckinney,TX,Collin,469-500-1243,deric@dkwdefense.com,Criminal Defense,5900 S Lake Forest Dr Ste 410,75070,Dallas-Fort Worth,5,1,2026-09-11,State Bar of Texas Member Directory; State Bar self-reported website
"The Law Office of H. Alex Fuller, PLLC",https://www.afullerlaw.com/,,,Mckinney,TX,Collin,972-905-0572,,Criminal Defense,321 N Central Expy Ste 340,75070,Dallas-Fort Worth,5,1,2026-09-11,State Bar of Texas Member Directory; State Bar self-reported website
"The Law Office of Hannah Clare Stroud, PLLC",,,,Mckinney,TX,Collin,214-945-3361,,Estate Planning,2490 W White Ave,75071,Dallas-Fort Worth,2,1,2026-09-11,State Bar of Texas Member Directory
The Law Office of James L. Rogers Jr.,https://jamesrogerslaw.com/,,,Mckinney,TX,Collin,972-702-4357,jj@jamesrogerslaw.com,Criminal Defense,1504 1st Ave,75069,Dallas-Fort Worth,5,1,2026-09-11,State Bar of Texas Member Directory; State Bar self-reported website
"The Law Office of Jesse Melester, PLLC",,,,Mckinney,TX,Collin,214-302-0817,,Personal Injury,250 Adriatic Pkwy Ste 108,75072,Dallas-Fort Worth,5,1,2026-09-11,State Bar of Texas Member Directory
The Law Office of Jodi L. Brown,,,,Mckinney,TX,Collin,903-267-2977,,Criminal Defense,"2150 S. Central Expressway, Suite 200",75070,Dallas-Fort Worth,5,1,2026-09-11,State Bar of Texas Member Directory
"The Law Office of Randal Goodwin, PLLC",https://randalgoodwinlaw.com/,,,Mckinney,TX,Collin,972-435-9966,randal@randalgoodwinlaw.com,Criminal Defense,"321 N Central Expressway, Ste. 306",75070,Dallas-Fort Worth,5,1,2026-09-11,State Bar of Texas Member Directory
The Law Office of Shawna M. Bates,,,,Mckinney,TX,Collin,469-305-0663,,Estate Planning,7017 Emerald Creek Drive,75071,Dallas-Fort Worth,2,1,2026-09-11,State Bar of Texas Member Directory; State Bar self-reported website
The Law Office of Wesley D. Spencer,https://wspencerlaw.com/,,,Mckinney,TX,Collin,972-839-3669,,Criminal Defense,3900 S Stonebridge Dr Ste 502,75070,Dallas-Fort Worth,5,1,2026-09-11,State Bar of Texas Member Directory; State Bar self-reported website
The Law Offices of A. Scott Campbell,,,,Mckinney,TX,Collin,972-984-1504,,Personal Injury,5900 S Lake Forest Dr Ste 200,75070,Dallas-Fort Worth,5,1,2026-09-11,State Bar of Texas Member Directory
"The Law Offices of Karen R. Arias, PLLC",,,,Mckinney,TX,Collin,972-468-0776,,Criminal Defense,"6951 Virginia Parkway, Ste 311",75071,Dallas-Fort Worth,5,1,2026-09-11,State Bar of Texas Member Directory
"The Law Offices of Paul G. Dell, P.C.",,,,Mckinney,TX,Collin,972-325-4444,,General,3900 S Stonebridge Dr Ste 204,75070,Dallas-Fort Worth,4,2,2026-09-11,State Bar of Texas Member Directory; State Bar self-reported website
"The Malolo Law Firm, PLLC",https://mckinneyestateplanning.com/,,,Mckinney,TX,Collin,214-620-2088,,Estate Planning,6401 Eldorado Pkwy Ste 102,75070,Dallas-Fort Worth,2,1,2026-09-11,State Bar of Texas Member Directory; State Bar self-reported website
The Moreau Law Firm,,,,Mckinney,TX,Collin,469-289-2992,,Estate Planning,1203 N Kentucky St Ste B,75069,Dallas-Fort Worth,2,1,2026-09-11,State Bar of Texas Member Directory; State Bar self-reported website
"The Nordhaus Firm, PLLC",https://www.collincountyattorney.com/,,,Mckinney,TX,Collin,214-726-1450,info@collincountyattorney.com,Estate Planning,7300 State Highway 121 Ste 300 PMB 3108,75070,Dallas-Fort Worth,2,1,2026-09-11,State Bar of Texas Member Directory; Justia
The Ramage Law Group,https://www.ramagefamilylawfirm.com/,,,Mckinney,TX,Collin,972-562-9890,,General,8951 Collin McKinney Pkwy Ste 1401,75070,Dallas-Fort Worth,4,4,2026-09-11,State Bar of Texas Member Directory; Justia
The Stace Williams Law Firm,https://www.stacewilliamslawfirm.com/,,,Mckinney,TX,Collin,281-465-4600,,Personal Injury,5501 Twin Cities Ln Ste 100,75070,Dallas-Fort Worth,5,1,2026-09-11,State Bar of Texas Member Directory; State Bar self-reported website
"The Taggart Firm, LLC",https://www.taggartfirm.com/,,,Mckinney,TX,Collin,469-676-6644,info@taggartfirm.com,Criminal Defense,2490 W White Ave,75071,Dallas-Fort Worth,5,1,2026-09-11,State Bar of Texas Member Directory; State Bar self-reported website
The Willingham Law Firm,https://www.willprobateattorneys.com/,,,Mckinney,TX,Collin,214-250-4407,i@taylorwillingham.com,Estate Planning,7701 Eldorado Pkwy,75070,Dallas-Fort Worth,2,2,2026-09-11,State Bar of Texas Member Directory; State Bar self-reported website
Tiffany Chari Green,,,,Mckinney,TX,Collin,972-542-9405,,General,"901 North McDonald St., Suite 702",75069,Dallas-Fort Worth,4,1,2026-09-11,State Bar of Texas Member Directory; State Bar self-reported website
Timothy William Avery,,,,Mckinney,TX,Collin,214-914-3993,,Criminal Defense,PO Box 3307,75070,Dallas-Fort Worth,5,1,2026-09-11,State Bar of Texas Member Directory; State Bar self-reported website
Toya White,,,,Mckinney,TX,Collin,,,General,316 Gentle Creek Drive,75072,Dallas-Fort Worth,4,1,2026-09-11,State Bar of Texas Member Directory
Treyson James Brooks,https://www.treysonbrooks.com/,,,Mckinney,TX,Collin,972-677-8743,,Civil Litigation,208 S Johnson St Ste 326,75069,Dallas-Fort Worth,3,1,2026-09-11,State Bar of Texas Member Directory; State Bar self-reported website
Tyler Louis Nusbaum,,,,Mckinney,TX,Collin,,,General,800 Winter Creek Dr,75071,Dallas-Fort Worth,4,1,2026-09-11,State Bar of Texas Member Directory
"Underwood Law Firm, P.C.",https://www.yourcriminaldefenseattorney.com/,,,Mckinney,TX,Collin,972-535-6377,,Criminal Defense,"600 Bailey Avenue, Suite 200",76107,Dallas-Fort Worth,5,3,2026-09-11,State Bar of Texas Member Directory; Justia
Vitz Law Office,https://vitzlaw.com:443/,,,Mckinney,TX,Collin,972-569-8600,natalya@vitzlaw.com,Criminal Defense,1413 Harroun Ave,75069,Dallas-Fort Worth,5,1,2026-09-11,State Bar of Texas Member Directory; State Bar self-reported website
"WG LAW, PC",https://willprobateattorneys.com/,,,Mckinney,TX,Collin,214-250-4407,i@taylorwillingham.com,Estate Planning,7701 Eldorado Pkwy Ste 100,75070,Dallas-Fort Worth,2,2,2026-09-11,State Bar of Texas Member Directory; State Bar self-reported website
"Webster Law, PLLC",,,,Mckinney,TX,Collin,972-284-9889,,Criminal Defense,9752 Old Field Dr,75072,Dallas-Fort Worth,5,1,2026-09-11,State Bar of Texas Member Directory; State Bar self-reported website
William David Keese,,,,Mckinney,TX,Collin,580-634-6257,,Real Estate,PO Box 6229,75071,Dallas-Fort Worth,2,1,2026-09-11,State Bar of Texas Member Directory
"Woods & Matlock, PC",https://www.northtexasfamilylawyers.com/,,,Mckinney,TX,Collin,972-972-8820,,General,205 W Louisiana St Ste 103,75069,Dallas-Fort Worth,4,2,2026-09-11,State Bar of Texas Member Directory; State Bar self-reported website
"Wormington Law Group, PLLC",https://www.wormingtonlegal.com/,,,Mckinney,TX,Collin,972-569-3930,david@wormingtonlegal.com,Personal Injury,212 E Virginia St,75069,Dallas-Fort Worth,5,1,2026-09-11,State Bar of Texas Member Directory; State Bar self-reported website
Wozniak Law PLLC,,,,Mckinney,TX,Collin,469-675-3872,,Criminal Defense,5900 S Lake Forest Dr Ste 410,75070,Dallas-Fort Worth,5,1,2026-09-11,State Bar of Texas Member Directory
Wright Commercial Litigation,https://jwrightlaw.com/,,,Mckinney,TX,Collin,469-270-7819,,Civil Litigation,"7300 State Highway 121, Ste 300",75070,Dallas-Fort Worth,3,1,2026-09-11,State Bar of Texas Member Directory; State Bar self-reported website
"Wynne Smith & Young, PLLC",,,,Mckinney,TX,Collin,903-893-8177,,Criminal Defense,2600 Eldorado Pkwy Ste 210,75070,Dallas-Fort Worth,5,2,2026-09-11,State Bar of Texas Member Directory; Justia
Yee & Associates,https://www.yeeiplaw.com/,,,Mckinney,TX,Collin,214-730-4319,,General,PO Box 6669,75071,Dallas-Fort Worth,4,3,2026-09-11,State Bar of Texas Member Directory; State Bar self-reported website
Zan Emil Moltz,,,,Mckinney,TX,Collin,214-726-0599,,Criminal Defense,PO Box 1856,75070,Dallas-Fort Worth,5,1,2026-09-11,State Bar of Texas Member Directory
Arcfield,,,,Melissa,TX,Collin,571-401-2191,,Employment Law,3913 Greenbrier Drive,75454,Dallas-Fort Worth,3,1,2026-09-11,State Bar of Texas Member Directory
"Caitlin Twyman, Atty",,,,Melissa,TX,Collin,,,Immigration,1919 E Melissa Rd Unit 1,75454,Dallas-Fort Worth,2,1,2026-09-11,State Bar of Texas Member Directory
Kari A. Smith,,,,Melissa,TX,Collin,,,General,2316 Yorktown Drive,75454,Dallas-Fort Worth,4,1,2026-09-11,State Bar of Texas Member Directory
Law Offices of Roland Monteros,,,,Melissa,TX,Collin,469-990-3142,,Personal Injury,2202 Ranchwood Dr.,75454,Dallas-Fort Worth,5,1,2026-09-11,State Bar of Texas Member Directory
Whitney Jade Leifeste,,,,Melissa,TX,Collin,,,Estate Planning,4009 Rain Lily Bend,75454,Dallas-Fort Worth,2,1,2026-09-11,State Bar of Texas Member Directory
Briscoe Consulting,https://www.briscoeconsulting.com/,,,Murphy,TX,Collin,214-680-4115,tom@briscoeconsulting.com,General,122 Skyline Dr,75094,Dallas-Fort Worth,4,1,2026-09-11,State Bar of Texas Member Directory; State Bar self-reported website
Cecil Glenn Foster,,,,Murphy,TX,Collin,972-429-7312,,Estate Planning,367 Montana Trl,75094,Dallas-Fort Worth,2,1,2026-09-11,State Bar of Texas Member Directory
Deborah S. Ramos,,,,Murphy,TX,Collin,214-642-2560,,General,1313 Mayfield Drive,75094,Dallas-Fort Worth,4,1,2026-09-11,State Bar of Texas Member Directory
Joseph Neal Richardson,,,,Murphy,TX,Collin,214-802-5438,,General,236 Sheila Ave,75094,Dallas-Fort Worth,4,1,2026-09-11,State Bar of Texas Member Directory
Kelce Steven Wilson,,,,Murphy,TX,Collin,,,General,1205 Terrace Mill Drive,75094,Dallas-Fort Worth,4,1,2026-09-11,State Bar of Texas Member Directory
Law Office of Ravinder Deol,,,,Murphy,TX,Collin,214-702-2247,,Criminal Defense,318 W Fm 544 Ste D1,75094,Dallas-Fort Worth,5,1,2026-09-11,State Bar of Texas Member Directory
"Robert Clary, PLLC",,,,Murphy,TX,Collin,972-757-5690,,Criminal Defense,405 Windward Dr,75094,Dallas-Fort Worth,5,1,2026-09-11,State Bar of Texas Member Directory
Scott R. Craig,,,,Murphy,TX,Collin,915-497-1805,,General,809 Cold Springs Ct,75094,Dallas-Fort Worth,4,1,2026-09-11,State Bar of Texas Member Directory
THE CLOUD LAW FIRM PLLC,,,,Murphy,TX,Collin,972-567-3669,,General,103 Salsbury Cir,75094,Dallas-Fort Worth,4,1,2026-09-11,State Bar of Texas Member Directory
The Riddle Firm,,,,Murphy,TX,Collin,,,General,517 Angle Ridge Drive,75094,Dallas-Fort Worth,4,1,2026-09-11,State Bar of Texas Member Directory
"The Settle Law Firm, PLLC",https://www.thesettlelawfirm.com/,,,Murphy,TX,Collin,972-914-9252,,Estate Planning,213 N Murphy Rd Ste 500,75094,Dallas-Fort Worth,2,2,2026-09-11,State Bar of Texas Member Directory; State Bar self-reported website
Glennis E. Sims,,,,Nevada,TX,Collin,214-213-8078,,Personal Injury,3925 Clear Water Ln.,75173,Dallas-Fort Worth,5,1,2026-09-11,State Bar of Texas Member Directory
Floyd IP,https://www.floydip.com/,,,Parker,TX,Collin,512-497-7500,afloyd@floydip.com,Civil Litigation,3203 Bluffs Ln,75002,Dallas-Fort Worth,3,1,2026-09-11,State Bar of Texas Member Directory; State Bar self-reported website
Francisco I. Pena,,,,Parker,TX,Collin,214-695-8409,,General,4613 Bryce Dr.,75002,Dallas-Fort Worth,4,1,2026-09-11,State Bar of Texas Member Directory
"Karen J. Pratt, Attorney at Law",,,,Parker,TX,Collin,903-245-6267,,General,6404 Northridge Parkway,75002,Dallas-Fort Worth,4,1,2026-09-11,State Bar of Texas Member Directory
Thomas Tarnay PLLC,,,,Parker,TX,Collin,214-395-8212,,Civil Litigation,2103 Virginia Pl,75094,Dallas-Fort Worth,3,1,2026-09-11,State Bar of Texas Member Directory
Zunxuan Chen,,,,Parker,TX,Collin,,,General,5004 Shady Knolls Dr,75002,Dallas-Fort Worth,4,1,2026-09-11,State Bar of Texas Member Directory
A First Name Basis,,,,Plano,TX,Collin,,,General,"1800 Preston Park, Suite 275",75024,Dallas-Fort Worth,4,1,2026-09-11,State Bar of Texas Member Directory
AP3 Law Firm PLLC,,,,Plano,TX,Collin,,,General,5048 Tennyson Parkway Ste. 115,75024,Dallas-Fort Worth,4,1,2026-09-11,State Bar of Texas Member Directory
AXA XL,https://axaxl.com/,,,Plano,TX,Collin,972-663-3274,,Personal Injury,3501 S Echo Trl,75023,Dallas-Fort Worth,5,1,2026-09-11,State Bar of Texas Member Directory; State Bar self-reported website
Adelle Mize Casey,,,,Plano,TX,Collin,,,General,3601 Trinity Ln,75075,Dallas-Fort Worth,4,1,2026-09-11,State Bar of Texas Member Directory
Akrami PLLC dba David Akrami Law,https://davidakramilaw.com/,,,Plano,TX,Collin,469-592-5838,david@akramipllc.com,General,3242 Preston Rd Ste 150 # 7,75093,Dallas-Fort Worth,4,1,2026-09-11,State Bar of Texas Member Directory; State Bar self-reported website
"Albano Law, PLLC",,,,Plano,TX,Collin,972-668-9704,,General,8105 Rasor Blvd Ste 63,75024,Dallas-Fort Worth,4,1,2026-09-11,State Bar of Texas Member Directory; State Bar self-reported website
"Aldridge Pite, LLP",https://aldridgepite.com/,,,Plano,TX,Collin,619-326-2416,customerservice@aldridgepite.com,Criminal Defense,101 E Park Blvd Ste 600,75074,Dallas-Fort Worth,5,2,2026-09-11,State Bar of Texas Member Directory; State Bar self-reported website
Alex DuLaney PLLC,,,,Plano,TX,Collin,214-929-9040,,Civil Litigation,3948 Legacy Dr Ste 106 PMB 363,75023,Dallas-Fort Worth,3,1,2026-09-11,State Bar of Texas Member Directory
Alfred Curby Ligon,,,,Plano,TX,Collin,972-672-0272,,General,101 E Park Blvd Ste 600,75074,Dallas-Fort Worth,4,1,2026-09-11,State Bar of Texas Member Directory
Aligned Data Centers,,,,Plano,TX,Collin,,,Employment Law,2800 Summit Ave,75074,Dallas-Fort Worth,3,1,2026-09-11,State Bar of Texas Member Directory
Allred & Wilcox PLLC,https://allredwilcox.com/,,,Plano,TX,Collin,214-224-0885,aa@allredwilcox.com,General,1022 E 15th St,75074,Dallas-Fort Worth,4,1,2026-09-11,State Bar of Texas Member Directory; State Bar self-reported website
"Altynay Karatayeva, Attorney",,,,Plano,TX,Collin,214-801-6054,,General,2024 W 15th St Ste F,75075,Dallas-Fort Worth,4,1,2026-09-11,State Bar of Texas Member Directory; State Bar self-reported website
Amanda Rae Follett,,,,Plano,TX,Collin,214-991-0408,,General,4440 Tradition Trl Ste 114,75093,Dallas-Fort Worth,4,1,2026-09-11,State Bar of Texas Member Directory
Amick Gadness,https://www.disabilitylawyerpro.com/,,,Plano,TX,Collin,214-473-8383,,General,2401 Brown Deer Trl.,75023,Dallas-Fort Worth,4,2,2026-09-11,State Bar of Texas Member Directory; State Bar self-reported website
Amy Louise Carlson Speck,,,,Plano,TX,Collin,972-943-8468,,General,6505 W Park Blvd Ste 306 Pmb 130,75093,Dallas-Fort Worth,4,1,2026-09-11,State Bar of Texas Member Directory
"Anderson Merchandisers, LLC",,,,Plano,TX,Collin,214-475-7447,,Civil Litigation,5801 Headquarters Dr Ste 1400,75024,Dallas-Fort Worth,3,1,2026-09-11,State Bar of Texas Member Directory
Andrew S. Fink,,,,Plano,TX,Collin,214-923-2236,,General,6409 Vicki Lane,75093,Dallas-Fort Worth,4,1,2026-09-11,State Bar of Texas Member Directory
Angie Margret Augustus,,,,Plano,TX,Collin,,,General,1508 Amherst Dr,75075,Dallas-Fort Worth,4,1,2026-09-11,State Bar of Texas Member Directory
Ankita Bajaj,,,,Plano,TX,Collin,817-690-8453,,General,2500 Dallas Pkwy Ste 300,75093,Dallas-Fort Worth,4,1,2026-09-11,State Bar of Texas Member Directory
Ann Scowcroft O'Blenes,,,,Plano,TX,Collin,972-898-6600,,General,3001 Woody Trail,75093,Dallas-Fort Worth,4,1,2026-09-11,State Bar of Texas Member Directory
"Apgar Legal, PLLC",https://apgarlegal.com/,,,Plano,TX,Collin,214-521-2200,,Criminal Defense,5465 Legacy Dr Ste 650,75024,Dallas-Fort Worth,5,1,2026-09-11,State Bar of Texas Member Directory; State Bar self-reported website
"Armstrong Divorce & Family Law, PLLC",https://armstronglawtexas.com/,,,Plano,TX,Collin,214-741-9906,info@armstronglawtexas.com,General,5850 Granite Pkwy Ste 940,75024,Dallas-Fort Worth,4,6,2026-09-11,State Bar of Texas Member Directory; State Bar self-reported website
Ashcraft Law Firm,,,,Plano,TX,Collin,214-987-0660,,Personal Injury,8105 Rasor Blvd Ste 257,75024,Dallas-Fort Worth,5,1,2026-09-11,State Bar of Texas Member Directory
"Asiatico & Associates, PLLC",https://www.baalegal.com/,,,Plano,TX,Collin,214-570-0700,,Civil Litigation,PO Box 260449,75026,Dallas-Fort Worth,3,4,2026-09-11,State Bar of Texas Member Directory; State Bar self-reported website
"Ates and Associates, PC",,,,Plano,TX,Collin,972-342-7955,,Estate Planning,2701 W 15th St Ste D # 533,75075,Dallas-Fort Worth,2,1,2026-09-11,State Bar of Texas Member Directory
Atlas Law Partners PLLC,,,,Plano,TX,Collin,682-789-3355,,Estate Planning,5465 Legacy Dr Ste 650,75024,Dallas-Fort Worth,2,1,2026-09-11,State Bar of Texas Member Directory
"Atlas Legal Research, L.P.",https://atlaslegal.com/,,,Plano,TX,Collin,214-526-8811,,Civil Litigation,5700 Tennyson Pkwy Ste 300,75024,Dallas-Fort Worth,3,1,2026-09-11,State Bar of Texas Member Directory; State Bar self-reported website
Auction.com,,,,Plano,TX,Collin,214-380-9914,,Employment Law,"4975 Preston Park Blvd., Suite 470",75024,Dallas-Fort Worth,3,1,2026-09-11,State Bar of Texas Member Directory; State Bar self-reported website
Bailey & Galyen Attorneys At Law,https://www.thetexasattorney.com/,,,Plano,TX,Collin,972-398-2600,,General,660 N Central Expy Ste 290,75074,Dallas-Fort Worth,4,1,2026-09-11,State Bar of Texas Member Directory; State Bar self-reported website
Baker Law Firm,,,,Plano,TX,Collin,,,Personal Injury,3717 Nash Ln,75025,Dallas-Fort Worth,5,1,2026-09-11,State Bar of Texas Member Directory
Baker Moran Doggett Ma & Dobbs LLP,https://bakermoran.com/,,,Plano,TX,Collin,469-351-3500,info@bakermoran.com,Civil Litigation,1400 Preston Rd Ste 295,75093,Dallas-Fort Worth,3,11,2026-09-11,State Bar of Texas Member Directory; State Bar self-reported website
"Barry A Rosson MD, JD",,,,Plano,TX,Collin,512-537-4880,,General,4420 Birdsong Ln,75093,Dallas-Fort Worth,4,1,2026-09-11,State Bar of Texas Member Directory
Barry S. Brown,,,,Plano,TX,Collin,,,General,3113 Breton Drive,75025,Dallas-Fort Worth,4,1,2026-09-11,State Bar of Texas Member Directory
Bart T. Thomas,,,,Plano,TX,Collin,,,General,7801 Alma Dr Ste 105,75025,Dallas-Fort Worth,4,1,2026-09-11,State Bar of Texas Member Directory
"Barta Jones, PLLC",https://bartajones.com/,,,Plano,TX,Collin,314-302-1451,,General,3308 Preston Rd,75093,Dallas-Fort Worth,4,2,2026-09-11,State Bar of Texas Member Directory; State Bar self-reported website
Bay Area Technology School,,,,Plano,TX,Collin,510-382-9932,,General,7004 Ebony Court,75024,Dallas-Fort Worth,4,1,2026-09-11,State Bar of Texas Member Directory
Baymark Partners,,,,Plano,TX,Collin,972-991-5457,,General,"Granite Park II 5700 Granite Pkwy, Ste 435",75024,Dallas-Fort Worth,4,1,2026-09-11,State Bar of Texas Member Directory; State Bar self-reported website
Becker'paul,,,,Plano,TX,Collin,214-701-5336,,Civil Litigation,2400 Grimsby Crt,75025,Dallas-Fort Worth,3,1,2026-09-11,State Bar of Texas Member Directory
"Bedrock Holdings, LP",,,,Plano,TX,Collin,972-422-8633,,Real Estate,1039 E 15th St,75074,Dallas-Fort Worth,2,1,2026-09-11,State Bar of Texas Member Directory
Bedrock Manufacturing,,,,Plano,TX,Collin,206-536-6192,,General,1039 E 15th St,75074,Dallas-Fort Worth,4,1,2026-09-11,State Bar of Texas Member Directory
Beker Law PLLC,https://www.bekerlawfirm.com/,,,Plano,TX,Collin,972-483-0410,,Personal Injury,5700 Tennyson Pkwy Ste 300 PMB 310A,75024,Dallas-Fort Worth,5,1,2026-09-11,State Bar of Texas Member Directory; State Bar self-reported website
Benchmark Mortgage,,,,Plano,TX,Collin,469-613-2784,,Civil Litigation,5160 Tennyson Pkwy Ste 1000,75024,Dallas-Fort Worth,3,1,2026-09-11,State Bar of Texas Member Directory; State Bar self-reported website
Benjamin Robert Julius,,,,Plano,TX,Collin,469-568-5608,,General,2217 Chasefield Dr,75023,Dallas-Fort Worth,4,1,2026-09-11,State Bar of Texas Member Directory
"Berger Law Frim, PLLC",,,,Plano,TX,Collin,972-441-8921,,Estate Planning,6000 Columbus Ave Apt 1801,75024,Dallas-Fort Worth,2,1,2026-09-11,State Bar of Texas Member Directory; State Bar self-reported website
"Berry Law Firm, PLLC",https://lawmlb.com/,,,Plano,TX,Collin,214-702-1569,,General,101 E. Park Blvd Suite 600,75074,Dallas-Fort Worth,4,2,2026-09-11,State Bar of Texas Member Directory; State Bar self-reported website
Beth Briscoe Carson,,,,Plano,TX,Collin,,,General,3201 Plains Ct,75074,Dallas-Fort Worth,4,1,2026-09-11,State Bar of Texas Member Directory
Blackberry,,,,Plano,TX,Collin,972-556-3513,,General,7950 Legacy Dr Ste 400,75024,Dallas-Fort Worth,4,1,2026-09-11,State Bar of Texas Member Directory
"Blackwell & Duncan, PLLC",https://www.txproptax.com/,,,Plano,TX,Collin,214-380-2810,blackwell@txproptax.com,Civil Litigation,500 N Central Expy Ste 427,75074,Dallas-Fort Worth,3,2,2026-09-11,State Bar of Texas Member Directory; State Bar self-reported website
"Blakely Law, PLLC",,,,Plano,TX,Collin,972-876-2081,,Criminal Defense,6505 W Park Blvd Ste 306 PMB 290,75093,Dallas-Fort Worth,5,1,2026-09-11,State Bar of Texas Member Directory
Bloomenstiel P.C.,https://www.vbloomlaw.com/,,,Plano,TX,Collin,972-881-9700,,Personal Injury,101 E Park Blvd Ste 450,75074,Dallas-Fort Worth,5,1,2026-09-11,State Bar of Texas Member Directory; Justia
Bobby Wayne Braxton,,,,Plano,TX,Collin,469-814-0032,,General,5000 Legacy Dr Ste 465,75024,Dallas-Fort Worth,4,1,2026-09-11,State Bar of Texas Member Directory; State Bar self-reported website
Bogdanowicz PLLC,https://bogfamilylaw.com/,,,Plano,TX,Collin,469-409-7450,,General,5601 Granite Pkwy Ste 350,75024,Dallas-Fort Worth,4,1,2026-09-11,State Bar of Texas Member Directory; State Bar self-reported website
"Boisbrun Hofman, PLLC",,,,Plano,TX,Collin,972-375-9755,,General,1255 W 15th St Ste 400,75075,Dallas-Fort Worth,4,1,2026-09-11,State Bar of Texas Member Directory
Bowman and Brooke LLP,https://www.bowmanandbrooke.com/,,,Plano,TX,Collin,972-616-1720,,Personal Injury,5850 Granite Pkwy Ste 900,75024,Dallas-Fort Worth,5,5,2026-09-11,State Bar of Texas Member Directory; State Bar self-reported website
Brenda Taylor Rhoades,,,,Plano,TX,Collin,972-509-1250,,Bankruptcy,660 N Central Expy Ste 300A,75074,Dallas-Fort Worth,2,1,2026-09-11,State Bar of Texas Member Directory
Brigitte Hocking,,,,Plano,TX,Collin,469-858-5184,,Immigration,6517 Riverhill Drive,75024,Dallas-Fort Worth,2,1,2026-09-11,State Bar of Texas Member Directory
"Britton Law firm, PLLC",,,,Plano,TX,Collin,469-635-1299,,Estate Planning,7250 Dallas Pkwy Ste 400,75024,Dallas-Fort Worth,2,1,2026-09-11,State Bar of Texas Member Directory
"Brooks Law Firm, PC",,,,Plano,TX,Collin,469-644-8245,,Real Estate,"101 E Park Blvd Suite 600, Plano, TX 101 E Park Blvd Suite 600, 10A Plano, TX",75074,Dallas-Fort Worth,2,1,2026-09-11,State Bar of Texas Member Directory; State Bar self-reported website
"Brozynski & Dalton, PC",https://www.bdlegalgroup.com/,,,Plano,TX,Collin,972-371-0679,,Civil Litigation,5700 Tennyson Pkwy Ste 300,75024,Dallas-Fort Worth,3,2,2026-09-11,State Bar of Texas Member Directory; State Bar self-reported website
"C. Gray Law, PLLC",,,,Plano,TX,Collin,,,Real Estate,5509 Wilts Court,75093,Dallas-Fort Worth,2,1,2026-09-11,State Bar of Texas Member Directory
CM Law,https://cm.law/,,,Plano,TX,Collin,972-765-2678,jleahey@cm.law,General,3400 Silverstone Dr Ste 114,75023,Dallas-Fort Worth,4,1,2026-09-11,State Bar of Texas Member Directory; State Bar self-reported website
CNA Claims Counsel Group,,,,Plano,TX,Collin,214-220-5717,,General,5801 Headquarters Dr Ste 750A,75024,Dallas-Fort Worth,4,1,2026-09-11,State Bar of Texas Member Directory
"CTLaw Texas, PLLC",,,,Plano,TX,Collin,469-888-4028,,Criminal Defense,5151 Headquarters Dr Ste 210,75024,Dallas-Fort Worth,5,1,2026-09-11,State Bar of Texas Member Directory
Cadence McShane Construction Co. LLC,,,,Plano,TX,Collin,972-239-2336,,Civil Litigation,7160 Dallas Pkwy Ste 625,75024,Dallas-Fort Worth,3,1,2026-09-11,State Bar of Texas Member Directory
Calhoun & Associates,,,,Plano,TX,Collin,214-766-8100,,Civil Rights,3315 Silverstone Dr Ste A,75023,Dallas-Fort Worth,3,1,2026-09-11,State Bar of Texas Member Directory
"Camille Cooper Scroggins, P.C.",https://www.planocollaborativedivorcelawyer.com/,,,Plano,TX,Collin,972-608-8905,,General,6010 W Spring Creek Pkwy PMB 11,75024,Dallas-Fort Worth,4,1,2026-09-11,State Bar of Texas Member Directory; State Bar self-reported website
Canada Lewis & Associates,https://canadalewis.com/,,,Plano,TX,Collin,469-664-0022,,Civil Litigation,5550 Granite Pkwy Ste 195,75024,Dallas-Fort Worth,3,3,2026-09-11,State Bar of Texas Member Directory; State Bar self-reported website
"Caroline F. Woodbury, Esq.",,,,Plano,TX,Collin,214-909-9819,,Real Estate,1509 MOCKINGBIRD DR,75093,Dallas-Fort Worth,2,1,2026-09-11,State Bar of Texas Member Directory
"Caroline McCracken, Attorney at Law, P.C",,,,Plano,TX,Collin,,,General,"5501 Independence Parkway, Suite 206",75023,Dallas-Fort Worth,4,1,2026-09-11,State Bar of Texas Member Directory
"Carpenter & Schumacher, P.C.",https://www.carpenterschumacher.com/,,,Plano,TX,Collin,972-403-1133,,Personal Injury,2500 Dallas Pkwy Ste 495,75093,Dallas-Fort Worth,5,4,2026-09-11,State Bar of Texas Member Directory; State Bar self-reported website
"Carstens, Allen & Gourley, LLP",https://www.caglaw.com/,,,Plano,TX,Collin,972-367-2001,,Employment Law,7500 Dallas Pkwy Ste 300,75024,Dallas-Fort Worth,3,9,2026-09-11,State Bar of Texas Member Directory; State Bar self-reported website
"Casey Davis Law, Criminal Defense Firm",https://www.caseydavislaw.com/casey-davis.html,,,Plano,TX,Collin,972-715-1929,casey@caseydavislaw.com,Criminal Defense,1400 Preston Rd Ste 407,75093,Dallas-Fort Worth,5,1,2026-09-11,State Bar of Texas Member Directory; Justia
Catalyst Health Group,,,,Plano,TX,Collin,,,General,8277 Belleview Dr Ste 250,75024,Dallas-Fort Worth,4,1,2026-09-11,State Bar of Texas Member Directory
Catherine Marie Fancher,,,,Plano,TX,Collin,,,General,5212 Blackhawk Dr.,75093,Dallas-Fort Worth,4,1,2026-09-11,State Bar of Texas Member Directory
Center for American and Int'l Law,https://www.cailaw.org:443/,,,Plano,TX,Collin,972-244-3411,klarraga@cailaw.org,General,5201 Democracy Dr,75024,Dallas-Fort Worth,4,1,2026-09-11,State Bar of Texas Member Directory; State Bar self-reported website
"Chaiken Legal Group, P.C.",http://www.chaikenlegalgroup.com/,,,Plano,TX,Collin,214-751-3433,,Real Estate,5960 W Parker Rd Ste 278 PMB 194,75093,Dallas-Fort Worth,2,1,2026-09-11,State Bar of Texas Member Directory; State Bar self-reported website
Charles H. Awalt Law Office,,,,Plano,TX,Collin,972-423-0022,,Estate Planning,1255 W 15th St Ste 550,75075,Dallas-Fort Worth,2,1,2026-09-11,State Bar of Texas Member Directory; State Bar self-reported website
Charles W. Luedtke,,,,Plano,TX,Collin,972-613-1500,,General,1600 Amelia Ct Apt 1021,75075,Dallas-Fort Worth,4,1,2026-09-11,State Bar of Texas Member Directory
Chen Law Office,,,,Plano,TX,Collin,214-537-4540,,General,700 W Spring Creek Pkwy Ste 212,75023,Dallas-Fort Worth,4,1,2026-09-11,State Bar of Texas Member Directory
Cherry Petersen Albert,https://texuslaw.com/,,,Plano,TX,Collin,214-265-1227,info@texuslaw.com,Civil Litigation,6404 Rockbluff Circle,75024,Dallas-Fort Worth,3,1,2026-09-11,State Bar of Texas Member Directory; State Bar self-reported website
Chi-Yang Cheng,,,,Plano,TX,Collin,214-600-2134,,General,4044 Bramley Way,75093,Dallas-Fort Worth,4,1,2026-09-11,State Bar of Texas Member Directory
Christ United Methodist Church,,,,Plano,TX,Collin,972-596-4303,,General,3101 Coit Rd,75075,Dallas-Fort Worth,4,1,2026-09-11,State Bar of Texas Member Directory; State Bar self-reported website
"Cinclair Law, A Professional Limited Liability Company",,,,Plano,TX,Collin,214-507-8215,,General,2221 Stanmore Ln,75025,Dallas-Fort Worth,4,1,2026-09-11,State Bar of Texas Member Directory; State Bar self-reported website
Cleaves Law Firm,https://www.cleaveslaw.com/,,,Plano,TX,Collin,972-403-0333,,General,6010 W Spring Creek Pkwy,75024,Dallas-Fort Worth,4,1,2026-09-11,State Bar of Texas Member Directory; Justia
Cobb Law PLLC,https://cobblawtx.com/,,,Plano,TX,Collin,972-372-4285,jcobbtx@gmail.com,Employment Law,PO Box 260491,75026,Dallas-Fort Worth,3,1,2026-09-11,State Bar of Texas Member Directory; State Bar self-reported website
Colin Trent Crain,,,,Plano,TX,Collin,,,General,437 Coit Road,75075,Dallas-Fort Worth,4,1,2026-09-11,State Bar of Texas Member Directory
Collins & Arnove,,,,Plano,TX,Collin,972-516-4255,,Bankruptcy,101 E Park Blvd Ste 875,75074,Dallas-Fort Worth,2,2,2026-09-11,State Bar of Texas Member Directory; State Bar self-reported website
"Colven, Tran & Meredith, P.C.",https://colvenandtran.com/,,,Plano,TX,Collin,469-209-8326,,Real Estate,1401 Burnham Dr,75093,Dallas-Fort Worth,2,4,2026-09-11,State Bar of Texas Member Directory; State Bar self-reported website
Commercial Real Estate Law Group,https://www.cre.law/,,,Plano,TX,Collin,832-451-2594,shams@cre.law,Civil Litigation,555 Republic Dr Ste 490,75074,Dallas-Fort Worth,3,1,2026-09-11,State Bar of Texas Member Directory; State Bar self-reported website
Congdon Criminal Defense PLLC,http://www.congdondefense.com/,,,Plano,TX,Collin,972-928-0078,brad@congdondefense.com,Criminal Defense,5851 Legacy Cir Fl 6,75024,Dallas-Fort Worth,5,1,2026-09-11,State Bar of Texas Member Directory; State Bar self-reported website
"Conley Rose, P.C.",https://www.conleyrose.com/,,,Plano,TX,Collin,972-731-2288,,General,4965 Preston Park Blvd Ste 195,75093,Dallas-Fort Worth,4,17,2026-09-11,State Bar of Texas Member Directory; State Bar self-reported website
Cook Law Firm Group PC,https://harmoncooklaw.com/,,,Plano,TX,Collin,469-585-9396,harmoncook@gmail.com,Criminal Defense,"5055 W. Park Blvd, Ste 400",75093,Dallas-Fort Worth,5,1,2026-09-11,State Bar of Texas Member Directory; State Bar self-reported website
"Courtney Iber Law, PC",,,,Plano,TX,Collin,216-280-2040,,Real Estate,2308 Evening Sun Dr,75093,Dallas-Fort Worth,2,1,2026-09-11,State Bar of Texas Member Directory
"Cowles & Thompson, P.C.",,,,Plano,TX,Collin,214-672-2000,,Civil Litigation,4965 Preston Park Blvd Ste 320,75093,Dallas-Fort Worth,3,4,2026-09-11,State Bar of Texas Member Directory; Justia
Craig Thomas Beling,,,,Plano,TX,Collin,949-304-9970,,Civil Litigation,5151 Headquarters Dr Ste 165,75024,Dallas-Fort Worth,3,1,2026-09-11,State Bar of Texas Member Directory
Crain & Wooley,https://www.estateplanningdfw.law/,,,Plano,TX,Collin,972-945-1610,crainwooleycopy3@crainwooley.law,Estate Planning,2805 Dallas Pkwy Ste 400,75093,Dallas-Fort Worth,2,2,2026-09-11,State Bar of Texas Member Directory; State Bar self-reported website
Crowder Law Firm,,,,Plano,TX,Collin,214-544-0061,,Criminal Defense,7950 Legacy Dr Ste 360,75024,Dallas-Fort Worth,5,3,2026-09-11,State Bar of Texas Member Directory
Curtis T. Howard,,,,Plano,TX,Collin,972-941-2423,,Criminal Defense,777 E 15th St,75074,Dallas-Fort Worth,5,1,2026-09-11,State Bar of Texas Member Directory
Cynthia Marcotte Stamer PC,https://www.cynthiastamer.com/,,,Plano,TX,Collin,214-452-8297,cstamer@solutionslawyer.net,Employment Law,3948 Legacy Dr Ste 106 PMB 397,75023,Dallas-Fort Worth,3,1,2026-09-11,State Bar of Texas Member Directory; State Bar self-reported website
Danielle Runyan,,,,Plano,TX,Collin,,,General,2001 W Plano Pkwy Ste 1600,75075,Dallas-Fort Worth,4,1,2026-09-11,State Bar of Texas Member Directory
"David G. Sisler, Attorney and Counselor at Law",,,,Plano,TX,Collin,,,Real Estate,"5760 Legacy Drive, Suite B3-200",75024,Dallas-Fort Worth,2,1,2026-09-11,State Bar of Texas Member Directory
"David K. Haynes, Attorney at Law",,,,Plano,TX,Collin,214-287-8984,,Criminal Defense,1100 Colmar Dr,75023,Dallas-Fort Worth,5,1,2026-09-11,State Bar of Texas Member Directory
David Kirkendall,,,,Plano,TX,Collin,866-298-8454,,Bankruptcy,6505 W Park Blvd,75093,Dallas-Fort Worth,2,1,2026-09-11,State Bar of Texas Member Directory
David L Kane PC,https://www.davidkanepc.com/,,,Plano,TX,Collin,972-665-0055,info@davidkanepc.com,Civil Litigation,5301 Village Creek Dr Ste A,75093,Dallas-Fort Worth,3,2,2026-09-11,State Bar of Texas Member Directory; State Bar self-reported website
David Marion Kleckner,,,,Plano,TX,Collin,469-733-2794,,General,6521 Preston Rd Ste 100,75024,Dallas-Fort Worth,4,1,2026-09-11,State Bar of Texas Member Directory
David Preston Cheung,,,,Plano,TX,Collin,,,Personal Injury,P.O. Box 863975,75086,Dallas-Fort Worth,5,1,2026-09-11,State Bar of Texas Member Directory
Davis Business Law,,,,Plano,TX,Collin,469-780-4761,,Personal Injury,"660 N. Central Expwy., Suite 420",75074,Dallas-Fort Worth,5,1,2026-09-11,State Bar of Texas Member Directory
"DeMarco Mitchell, PLLC",http://www.demarcomitchell.com/,,,Plano,TX,Collin,972-578-1400,,Bankruptcy,500 N Central Expy Ste 500,75074,Dallas-Fort Worth,2,2,2026-09-11,State Bar of Texas Member Directory; State Bar self-reported website
Dement|Stern PLLC,,,,Plano,TX,Collin,214-272-9429,,Criminal Defense,5700 Tennyson Pkwy Ste 300,75024,Dallas-Fort Worth,5,1,2026-09-11,State Bar of Texas Member Directory
"Dennis F. Houfek, Attorney at Law",,,,Plano,TX,Collin,214-724-0629,,Real Estate,PO Box 260326,75026,Dallas-Fort Worth,2,1,2026-09-11,State Bar of Texas Member Directory
"DiCapo Law Office, PLLC.",,,,Plano,TX,Collin,214-919-3535,,Immigration,7600 San Jacinto Pl Ste 200,75024,Dallas-Fort Worth,2,1,2026-09-11,State Bar of Texas Member Directory; Justia
Dianne Reeder Reis,,,,Plano,TX,Collin,972-381-8500,,Estate Planning,5904 Pebblestone Lane,75093,Dallas-Fort Worth,2,1,2026-09-11,State Bar of Texas Member Directory
"Don High, Lawyer",http://donhigh.com/,,,Plano,TX,Collin,214-499-5677,lantis@kreativelaw.com,Criminal Defense,816 Greylyn Dr,75075,Dallas-Fort Worth,5,1,2026-09-11,State Bar of Texas Member Directory; State Bar self-reported website
Donald R. Westfall,,,,Plano,TX,Collin,,,Real Estate,5929 Gemstone PL,75093,Dallas-Fort Worth,2,1,2026-09-11,State Bar of Texas Member Directory
Donald Tomlinson,,,,Plano,TX,Collin,214-373-1516,,General,5560 Tennyson Pkwy #201,75024,Dallas-Fort Worth,4,1,2026-09-11,State Bar of Texas Member Directory
Dortch Lindstrom Livingston Law Group,https://www.dll-law.com/,,,Plano,TX,Collin,214-393-1212,,General,2613 Dallas Pkwy Ste 220,75093,Dallas-Fort Worth,4,1,2026-09-11,State Bar of Texas Member Directory; State Bar self-reported website
Douglas Floyd,,,,Plano,TX,Collin,214-704-7081,,Criminal Defense,3336 Therondunn Drive,75023,Dallas-Fort Worth,5,1,2026-09-11,State Bar of Texas Member Directory; State Bar self-reported website
"Dry Law, PLLC",https://drylaw.com/,,,Plano,TX,Collin,972-797-9512,info@drylaw.com,Civil Litigation,909 18th St,75074,Dallas-Fort Worth,3,6,2026-09-11,State Bar of Texas Member Directory; State Bar self-reported website
Dunham & Jones,https://www.dunhamlaw.com/,,,Plano,TX,Collin,214-888-8888,,Criminal Defense,101 E Park Blvd Ste 1110,75074,Dallas-Fort Worth,5,5,2026-09-11,State Bar of Texas Member Directory; State Bar self-reported website
Durward D. Dupre,,,,Plano,TX,Collin,,,Estate Planning,5535 Windhaven Pkwy Unit 8,75024,Dallas-Fort Worth,2,1,2026-09-11,State Bar of Texas Member Directory
Ebby Halliday Companies,,,,Plano,TX,Collin,972-980-6604,,Civil Litigation,5560 Tennyson Pkwy Ste 100,75024,Dallas-Fort Worth,3,1,2026-09-11,State Bar of Texas Member Directory; State Bar self-reported website
Edmund Michael Emrich,,,,Plano,TX,Collin,917-880-2103,,Bankruptcy,"5800 Legacy Circle, Apt. 212",75024,Dallas-Fort Worth,2,1,2026-09-11,State Bar of Texas Member Directory
"Eichelbaum Wardell Hansen Powell & Muñoz, P.C.",https://www.edlaw.com/,,,Plano,TX,Collin,972-377-7900,information@edlaw.com,General,5801 Tennyson Pkwy Ste 360,75024,Dallas-Fort Worth,4,3,2026-09-11,State Bar of Texas Member Directory; State Bar self-reported website
"Ekvall & Byrne, L.L.P.",,,,Plano,TX,Collin,,,Civil Litigation,3537 Mason Dr,75025,Dallas-Fort Worth,3,1,2026-09-11,State Bar of Texas Member Directory
Elbially Law Office PLLC,https://www.elbially.com/,,,Plano,TX,Collin,469-629-6303,info@elbiallylaw.com,General,"704 East 15th Street, Suite 204",75074,Dallas-Fort Worth,4,1,2026-09-11,State Bar of Texas Member Directory; State Bar self-reported website
Eleanor D. Landon,,,,Plano,TX,Collin,972-672-8095,,Real Estate,2200 Willow Bend Dr,75093,Dallas-Fort Worth,2,1,2026-09-11,State Bar of Texas Member Directory
"Elloitt, Thomason & Gibson, LLP",,,,Plano,TX,Collin,972-896-5706,,General,4975 Preston Park Blvd Ste 820,75093,Dallas-Fort Worth,4,1,2026-09-11,State Bar of Texas Member Directory
Emma Riley Creedon,,,,Plano,TX,Collin,,,General,2500 Dallas Pkwy Ste 600,75093,Dallas-Fort Worth,4,1,2026-09-11,State Bar of Texas Member Directory
"Eric Higgins, P.C.",https://www.higginsflg.com/,,,Plano,TX,Collin,972-529-5554,,General,5151 Headquarters Dr Ste 255,75024,Dallas-Fort Worth,4,1,2026-09-11,State Bar of Texas Member Directory; State Bar self-reported website
European Wax Center,,,,Plano,TX,Collin,469-249-3472,,General,5830 Granite Pkwy Ste 300,75024,Dallas-Fort Worth,4,1,2026-09-11,State Bar of Texas Member Directory
Evaleen M. Davis,,,,Plano,TX,Collin,214-769-0019,,Estate Planning,101 E Park Blvd Suite 600,75074,Dallas-Fort Worth,2,1,2026-09-11,State Bar of Texas Member Directory
Evelyn Jean Pulliam,,,,Plano,TX,Collin,469-786-8061,,Employment Law,6565 Headquarters Dr,75024,Dallas-Fort Worth,3,1,2026-09-11,State Bar of Texas Member Directory
Express Legal Funding,,,,Plano,TX,Collin,469-318-6132,,Civil Litigation,"5717 Legacy Drive, Suite 250",75024,Dallas-Fort Worth,3,1,2026-09-11,State Bar of Texas Member Directory; State Bar self-reported website
FBFK Law,https://www.fbfk.law/,,,Plano,TX,Collin,469-440-5418,,Civil Litigation,2500 Dallas Pkwy Ste 600,75093,Dallas-Fort Worth,3,4,2026-09-11,State Bar of Texas Member Directory; State Bar self-reported website
Ferguson Braswell Fraser Kubasta PC,https://www.fbfk.law/,,,Plano,TX,Collin,972-378-9111,,Civil Litigation,2500 Dallas Pkwy Ste 600,75093,Dallas-Fort Worth,3,20,2026-09-11,State Bar of Texas Member Directory; State Bar self-reported website
Fidelity National Law Group,,,,Plano,TX,Collin,972-812-9400,,Civil Litigation,"6900 Dallas Parkway, Suite 610",75024,Dallas-Fort Worth,3,12,2026-09-11,State Bar of Texas Member Directory
Finance of America Holdings LLC,,,,Plano,TX,Collin,972-201-9210,,General,2500 Dallas Pkwy Ste 430,75093,Dallas-Fort Worth,4,1,2026-09-11,State Bar of Texas Member Directory
Finance of America LLC,,,,Plano,TX,Collin,,,General,5830 Granite Parkway Suite 400,75024,Dallas-Fort Worth,4,1,2026-09-11,State Bar of Texas Member Directory
Fisher Investments,,,,Plano,TX,Collin,,,General,6500 International Parkway,75093,Dallas-Fort Worth,4,1,2026-09-11,State Bar of Texas Member Directory
Fogarty LLP,https://www.fogartyip.com/,,,Plano,TX,Collin,214-722-8983,,General,5465 Legacy Dr Ste 650,75024,Dallas-Fort Worth,4,1,2026-09-11,State Bar of Texas Member Directory; State Bar self-reported website
Frank D. Lanter,,,,Plano,TX,Collin,713-546-2019,,Personal Injury,7900 Windrose Ave Fl 16,75024,Dallas-Fort Worth,5,1,2026-09-11,State Bar of Texas Member Directory
Fred E McDonald III Attorney,,,,Plano,TX,Collin,972-250-0358,,General,5408 W Plano Pkwy,75093,Dallas-Fort Worth,4,1,2026-09-11,State Bar of Texas Member Directory
Fred Kolodey Attorney,,,,Plano,TX,Collin,214-202-7784,fred@kolodeylaw.com,Estate Planning,5109 Captiva Dr,75093,Dallas-Fort Worth,2,1,2026-09-11,State Bar of Texas Member Directory; State Bar self-reported website
"Freeman Mathis & Gary, LLP",https://www.fmglaw.com/,,,Plano,TX,Collin,469-962-1521,,Employment Law,7160 Dallas Pkwy Ste 625,75024,Dallas-Fort Worth,3,7,2026-09-11,State Bar of Texas Member Directory; State Bar self-reported website
Freiner Defense Firm,,,,Plano,TX,Collin,214-897-3936,,Criminal Defense,3316 Singletree Trl,75023,Dallas-Fort Worth,5,1,2026-09-11,State Bar of Texas Member Directory
Frito-Lay / PepsiCo,,,,Plano,TX,Collin,972-334-3877,,General,7701 Legacy Dr,75024,Dallas-Fort Worth,4,1,2026-09-11,State Bar of Texas Member Directory
"G.J. Chavez & Associates, P.C.",,,,Plano,TX,Collin,972-705-5374,,Estate Planning,3315 Silverstone Dr Ste A,75023,Dallas-Fort Worth,2,2,2026-09-11,State Bar of Texas Member Directory; State Bar self-reported website
Gage Amburgey Waggoner,,,,Plano,TX,Collin,972-578-5545,,General,2800 E. Spring Creek Parkway BB212,75074,Dallas-Fort Worth,4,1,2026-09-11,State Bar of Texas Member Directory
"Girling Law, PLLC",https://tan-chamois-507358.hostingersite.com/,,,Plano,TX,Collin,972-662-8870,,Bankruptcy,6833 Coit Rd Ste 107,75024,Dallas-Fort Worth,2,1,2026-09-11,State Bar of Texas Member Directory; State Bar self-reported website
Gold Law Firm,,,,Plano,TX,Collin,972-578-1050,,Employment Law,1201 Serenade Cir,75075,Dallas-Fort Worth,3,1,2026-09-11,State Bar of Texas Member Directory; State Bar self-reported website
"Goranson Bain Ausley, PLLC",https://gbfamilylaw.com/,,,Plano,TX,Collin,214-473-9696,,Civil Litigation,7160 Dallas Pkwy Ste 650,75024,Dallas-Fort Worth,3,19,2026-09-11,State Bar of Texas Member Directory; Justia
"Grable Martin, PLLC",https://grablemartin.com/,,,Plano,TX,Collin,972-342-4662,info@grablemartin.com,Civil Litigation,3929 Sagamore Hill Court,75025,Dallas-Fort Worth,3,1,2026-09-11,State Bar of Texas Member Directory; State Bar self-reported website
Gray Reed McGraw LLP,https://www.grayreed.com/,,,Plano,TX,Collin,469-307-5100,,Estate Planning,7800 Dallas Pkwy Ste 560,75024,Dallas-Fort Worth,2,3,2026-09-11,State Bar of Texas Member Directory; State Bar self-reported website
"Greco Legal Services, PLLC",https://www.grecolegalservices.com/,,,Plano,TX,Collin,214-621-8963,shelly@grecolegalservices.com,Personal Injury,2701 D West 15th St. #552,75075,Dallas-Fort Worth,5,1,2026-09-11,State Bar of Texas Member Directory; State Bar self-reported website
Gregory Peter Huh,,,,Plano,TX,Collin,972-739-6939,,General,6000 Headquarters Dr,75024,Dallas-Fort Worth,4,1,2026-09-11,State Bar of Texas Member Directory
Gunnar Robert Heinisch,,,,Plano,TX,Collin,469-642-5685,,General,6565 Headquarters Dr,75024,Dallas-Fort Worth,4,1,2026-09-11,State Bar of Texas Member Directory
Gunnstaks Law Office,https://www.gunnstakslaw.com/,,,Plano,TX,Collin,972-392-2300,,Personal Injury,5550 Granite Pkwy Ste 165,75024,Dallas-Fort Worth,5,1,2026-09-11,State Bar of Texas Member Directory; State Bar self-reported website
"Gwen Williams Law Firm, P.C.",https://www.gwenwilliamslaw.com/,,,Plano,TX,Collin,972-688-6605,gwen@gwenwilliamslaw.com,General,6301 Preston Rd Ste 700,75024,Dallas-Fort Worth,4,1,2026-09-11,State Bar of Texas Member Directory; State Bar self-reported website
"Haltom & Doan, Texarkana, TX",,,,Plano,TX,Collin,,,General,4417 OAK KNOLL DRIVE,75093,Dallas-Fort Worth,4,1,2026-09-11,State Bar of Texas Member Directory; State Bar self-reported website
Hamilton Law Firm,,,,Plano,TX,Collin,972-867-7220,,Personal Injury,802 E 15th St,75074,Dallas-Fort Worth,5,2,2026-09-11,State Bar of Texas Member Directory
"Harris Law Firm, PLLC",http://harrislaw.biz/,,,Plano,TX,Collin,972-665-9955,attorney@harrislaw.biz,Civil Litigation,6275 W Plano Pkwy Ste 500,75093,Dallas-Fort Worth,3,1,2026-09-11,State Bar of Texas Member Directory; State Bar self-reported website
"Haynes and Boone, LLP",https://www.haynesboone.com/,,,Plano,TX,Collin,214-651-5223,,General,6000 Headquarters Dr Ste 200,75024,Dallas-Fort Worth,4,25,2026-09-11,State Bar of Texas Member Directory; State Bar self-reported website
Heart to Heart Hospice,,,,Plano,TX,Collin,972-468-2023,,General,Chief Compliance Officer 7240 Chase Oaks Blvd,75025,Dallas-Fort Worth,4,1,2026-09-11,State Bar of Texas Member Directory
Heather Lora Gram-Chavez,,,,Plano,TX,Collin,,,Personal Injury,1255 W 15th St # 1060,75075,Dallas-Fort Worth,5,1,2026-09-11,State Bar of Texas Member Directory
Hellner Brandt,,,,Plano,TX,Collin,214-629-5339,,Personal Injury,5055 W Park Blvd Ste 400,75093,Dallas-Fort Worth,5,3,2026-09-11,State Bar of Texas Member Directory; State Bar self-reported website
Hesse & Hesse PC,,,,Plano,TX,Collin,972-503-9800,,Real Estate,5560 Tennyson Pkwy Ste 250,75024,Dallas-Fort Worth,2,2,2026-09-11,State Bar of Texas Member Directory
"Hesse, Hesse & Blythe, PC",https://www.hesselaw.com/,,,Plano,TX,Collin,972-503-9800,info@hesselaw.com,Real Estate,5560 Tennyson Pkwy Ste 250,75024,Dallas-Fort Worth,2,5,2026-09-11,State Bar of Texas Member Directory; State Bar self-reported website
Highland Homes,,,,Plano,TX,Collin,972-789-3500,,Real Estate,5601 Democracy Dr Ste 300,75024,Dallas-Fort Worth,2,1,2026-09-11,State Bar of Texas Member Directory
Hoffman Kelley LLP,https://hklfirm.com/,,,Plano,TX,Collin,214-965-9710,,Workers' Compensation,1721 W Plano Pkwy Ste 203,75075,Dallas-Fort Worth,5,4,2026-09-11,State Bar of Texas Member Directory; State Bar self-reported website
Hunter & Kramer PC,https://www.hklegal.net/,,,Plano,TX,Collin,214-387-4591,,Estate Planning,2301 W Plano Pkwy Ste 106,75075,Dallas-Fort Worth,2,2,2026-09-11,State Bar of Texas Member Directory; State Bar self-reported website
I. Mochia Law,,,,Plano,TX,Collin,240-495-4215,,Estate Planning,5700 Tennyson Pkwy Ste 300,75024,Dallas-Fort Worth,2,1,2026-09-11,State Bar of Texas Member Directory; State Bar self-reported website
Improving,,,,Plano,TX,Collin,214-226-6758,,Employment Law,"5445 Legacy Drive, #100",75024,Dallas-Fort Worth,3,1,2026-09-11,State Bar of Texas Member Directory; State Bar self-reported website
In-House Counsel,,,,Plano,TX,Collin,,,Employment Law,6501 Legacy Dr Ste B100,75024,Dallas-Fort Worth,3,1,2026-09-11,State Bar of Texas Member Directory
"Inceptiv Law, Inc.",https://inceptiv.law/,,,Plano,TX,Collin,214-450-7447,info@inceptiv.law,General,5917 Pebblestone Lane,75093,Dallas-Fort Worth,4,1,2026-09-11,State Bar of Texas Member Directory; State Bar self-reported website
"Inspira Financial Trust, LLC",,,,Plano,TX,Collin,,,General,2813 Sandray Court,75093,Dallas-Fort Worth,4,1,2026-09-11,State Bar of Texas Member Directory
J Michael Price II Attorney at Law,https://www.jmichaelprice.com/,,,Plano,TX,Collin,214-765-8000,,Criminal Defense,5600 Tennyson Pkwy Ste 210,75024,Dallas-Fort Worth,5,1,2026-09-11,State Bar of Texas Member Directory; State Bar self-reported website
J.A. Williams Law,https://www.jawilliamslaw.com/,,,Plano,TX,Collin,972-363-9017,info@jawilliamslaw.com,General,"6275 W. Plano Parkway, Suite 500",75093,Dallas-Fort Worth,4,1,2026-09-11,State Bar of Texas Member Directory; State Bar self-reported website
J.P. Morgan,,,,Plano,TX,Collin,,,General,8181 Communications Pkwy,75024,Dallas-Fort Worth,4,1,2026-09-11,State Bar of Texas Member Directory
"JARES, JD",,,,Plano,TX,Collin,972-424-5678,,Criminal Defense,909 14th St,75074,Dallas-Fort Worth,5,1,2026-09-11,State Bar of Texas Member Directory
JH LAW PLLC,https://jhtaxlaw.com/,,,Plano,TX,Collin,214-764-7969,taxquestions@jhtaxlaw.com,General,4324 Mapleshade Ln Ste 260,75093,Dallas-Fort Worth,4,1,2026-09-11,State Bar of Texas Member Directory; State Bar self-reported website
JPMC,,,,Plano,TX,Collin,,,Employment Law,8181 Communications Parkway,75024,Dallas-Fort Worth,3,2,2026-09-11,State Bar of Texas Member Directory
"JVP Law, PLLC",https://jvplawoffice.com/,,,Plano,TX,Collin,469-550-9374,,Employment Law,101 East Park Boulevard Suite 600,75074,Dallas-Fort Worth,3,1,2026-09-11,State Bar of Texas Member Directory; Justia
James Douglas Connolly,,,,Plano,TX,Collin,469-586-8340,,General,4604 ladyfern way,75024,Dallas-Fort Worth,4,1,2026-09-11,State Bar of Texas Member Directory
James Franklin Webb,,,,Plano,TX,Collin,214-682-7596,,Civil Litigation,5830 Granite Pkwy Ste 100 # 265,75024,Dallas-Fort Worth,3,1,2026-09-11,State Bar of Texas Member Directory
"James I. Harlan, Esq., MA, JD, Attorney at Law, PLLC",,,,Plano,TX,Collin,214-514-3134,,Civil Litigation,5760 Legacy Dr Ste B3 PMB 448,75024,Dallas-Fort Worth,3,1,2026-09-11,State Bar of Texas Member Directory; State Bar self-reported website
James Introligator,,,,Plano,TX,Collin,713-890-2925,,General,PO Box 868008,75086,Dallas-Fort Worth,4,1,2026-09-11,State Bar of Texas Member Directory
"James L. Haynes Law Office, P.C.",,,,Plano,TX,Collin,972-963-5108,,General,3504 Sandy Trail Ln,75023,Dallas-Fort Worth,4,1,2026-09-11,State Bar of Texas Member Directory
"Janelle Creme, PLLC",https://www.prosperattorney.com/,,,Plano,TX,Collin,469-714-2280,janelle@prosperattorney.com,Estate Planning,5550 Granite Pkwy Ste 270,75024,Dallas-Fort Worth,2,2,2026-09-11,State Bar of Texas Member Directory; State Bar self-reported website
Janet P Hope Attorney at Law,http://www.planowills.com/,,,Plano,TX,Collin,972-208-2300,jphope@planowills.com,Estate Planning,"5055 W. Park Blvd., Suite 400",75093,Dallas-Fort Worth,2,2,2026-09-11,State Bar of Texas Member Directory; State Bar self-reported website
"Jason M. Tyra, PLLC",,,,Plano,TX,Collin,972-201-9008,,Estate Planning,6301 Preston Rd Ste 700,75024,Dallas-Fort Worth,2,1,2026-09-11,State Bar of Texas Member Directory
Jason Winstead Patalano,,,,Plano,TX,Collin,972-769-2727,,General,5700 W Plano Pkwy Ste 220,75093,Dallas-Fort Worth,4,1,2026-09-11,State Bar of Texas Member Directory
Jeffrey C. Mateer,,,,Plano,TX,Collin,972-941-4444,,Civil Rights,2001 W Plano Pkwy Ste 1600,75075,Dallas-Fort Worth,3,1,2026-09-11,State Bar of Texas Member Directory
Jeffrey Neil Bogost,,,,Plano,TX,Collin,214-747-1844,,Criminal Defense,2300 McDermott Rd Ste 200 PMB 334,75025,Dallas-Fort Worth,5,1,2026-09-11,State Bar of Texas Member Directory
Jeremy Dale Crew,,,,Plano,TX,Collin,972-560-6288,,Estate Planning,"2805 Dallas Pkwy, Suite 400",75093,Dallas-Fort Worth,2,1,2026-09-11,State Bar of Texas Member Directory; State Bar self-reported website
Jerome S. Wade,,,,Plano,TX,Collin,214-803-2884,,Real Estate,5816 Bridle Bend Trl,75093,Dallas-Fort Worth,2,1,2026-09-11,State Bar of Texas Member Directory
Jiannan Zhang,,,,Plano,TX,Collin,469-456-9418,,General,3300 Neiman Road,75025,Dallas-Fort Worth,4,1,2026-09-11,State Bar of Texas Member Directory
"Jody Lynn Johnson, PC",https://jljfamilylaw.com/,,,Plano,TX,Collin,972-464-2727,jody.johnson@jljfamilylaw.com,General,5151 Headquarters Dr Ste 255,75024,Dallas-Fort Worth,4,1,2026-09-11,State Bar of Texas Member Directory; State Bar self-reported website
Joe N. Johnson,,,,Plano,TX,Collin,,,Personal Injury,6357 Westblanc Drive,75093,Dallas-Fort Worth,5,1,2026-09-11,State Bar of Texas Member Directory; State Bar self-reported website
John A. Wise,http://www.johnawiselaw.com/,,,Plano,TX,Collin,469-371-0146,,Real Estate,5055 W Park Blvd Ste 400,75093,Dallas-Fort Worth,2,1,2026-09-11,State Bar of Texas Member Directory; State Bar self-reported website
John Andrew Gallagher,,,,Plano,TX,Collin,,,General,3529 Big Horn Trail,75075,Dallas-Fort Worth,4,1,2026-09-11,State Bar of Texas Member Directory
John Croley,,,,Plano,TX,Collin,281-620-5262,,General,3516 Snidow Drive,75025,Dallas-Fort Worth,4,1,2026-09-11,State Bar of Texas Member Directory
"John F. Williams, Jr., P.C.",https://www.jfwjr.com/,,,Plano,TX,Collin,972-527-4500,,Estate Planning,5700 W Plano Pkwy Ste 2250,75093,Dallas-Fort Worth,2,1,2026-09-11,State Bar of Texas Member Directory; State Bar self-reported website
"John Meazell, P.C.",https://www.meazellfirm.com/,,,Plano,TX,Collin,972-881-4300,l.crabtree@meazellfirm.com,Personal Injury,1400 Gables Ct,75075,Dallas-Fort Worth,5,1,2026-09-11,State Bar of Texas Member Directory; State Bar self-reported website
"John R. Brown, Attorney",,,,Plano,TX,Collin,214-801-1799,,Civil Litigation,2024 W 15th St Ste F # 145,75075,Dallas-Fort Worth,3,1,2026-09-11,State Bar of Texas Member Directory
Johnson Consultants,,,,Plano,TX,Collin,972-743-6764,,Personal Injury,3308 Preston Rd Ste 350 PMB 468,75093,Dallas-Fort Worth,5,1,2026-09-11,State Bar of Texas Member Directory
"Johnson Reist, PLLC",https://www.johnsonreist.com/,,,Plano,TX,Collin,469-501-7475,,Personal Injury,1312 14th St Ste 202,75074,Dallas-Fort Worth,5,2,2026-09-11,State Bar of Texas Member Directory; State Bar self-reported website
Jordan Mark Jahner,,,,Plano,TX,Collin,,,General,4512 Emerson Dr,75093,Dallas-Fort Worth,4,1,2026-09-11,State Bar of Texas Member Directory
Joseph Levy Rosenfield,,,,Plano,TX,Collin,214-728-5171,,Civil Litigation,6009 W Parker Rd Ste 149 PMB 204,75093,Dallas-Fort Worth,3,1,2026-09-11,State Bar of Texas Member Directory
"Julie A. Ladner, P.C.",,,,Plano,TX,Collin,,,General,7001 W Parker Rd Apt 116,75093,Dallas-Fort Worth,4,1,2026-09-11,State Bar of Texas Member Directory; State Bar self-reported website
Julie Linares,,,,Plano,TX,Collin,469-568-2095,,Civil Litigation,6505 W Park Blvd Ste 306-Pmb # 353,75093,Dallas-Fort Worth,3,1,2026-09-11,State Bar of Texas Member Directory; State Bar self-reported website
Julie Porter Gasper,,,,Plano,TX,Collin,469-801-1041,,General,5821 Masterson Dr,75093,Dallas-Fort Worth,4,1,2026-09-11,State Bar of Texas Member Directory
K&L Gates LLP,https://www.klgates.com/,,,Plano,TX,Collin,302-416-7065,,General,8105 Greensboro Drive,75025,Dallas-Fort Worth,4,1,2026-09-11,State Bar of Texas Member Directory; State Bar self-reported website
K. Terrell Dismukes,,,,Plano,TX,Collin,404-452-4660,,Estate Planning,5945 W PARKER RD APT 2812,75093,Dallas-Fort Worth,2,1,2026-09-11,State Bar of Texas Member Directory
"KD Phillips Law Firm, PLLC",https://www.kdphillipslaw.com/,,,Plano,TX,Collin,972-327-5800,info@kdphillipslaw.com,Bankruptcy,6010 W Spring Creek Pkwy,75024,Dallas-Fort Worth,2,1,2026-09-11,State Bar of Texas Member Directory; State Bar self-reported website
Kaliser & Associates PC,,,,Plano,TX,Collin,469-398-2783,,General,6275 W Plano Pkwy Ste 500 PMB 500D,75093,Dallas-Fort Worth,4,1,2026-09-11,State Bar of Texas Member Directory
Karen Barry Boyd,,,,Plano,TX,Collin,972-422-9700,,Employment Law,5124 Arrowhead Lane,75093,Dallas-Fort Worth,3,1,2026-09-11,State Bar of Texas Member Directory
"Kasselman & McCorkindale, A Professional Corporation",,,,Plano,TX,Collin,469-586-7409,,Civil Litigation,6275 W Plano Pkwy Ste 500,75093,Dallas-Fort Worth,3,1,2026-09-11,State Bar of Texas Member Directory
Katrina Height Parker,,,,Plano,TX,Collin,214-653-6153,,General,5960 W PARKER RD STE 278 PMB 178,75093,Dallas-Fort Worth,4,1,2026-09-11,State Bar of Texas Member Directory
Keller & Stark,,,,Plano,TX,Collin,972-516-8600,,General,PO Box 260041,75026,Dallas-Fort Worth,4,2,2026-09-11,State Bar of Texas Member Directory
"Kelly Law, PLLC",,,,Plano,TX,Collin,206-724-4754,,General,2300 McDermott Rd Ste 200 PMB 238,75025,Dallas-Fort Worth,4,1,2026-09-11,State Bar of Texas Member Directory
Kelly Marie Hurt,https://qslwm.com/attorney/kelly-hurt/,,,Plano,TX,Collin,214-880-1896,,General,"5801 Tennyson Parkway, Suite 440",75024,Dallas-Fort Worth,4,1,2026-09-11,State Bar of Texas Member Directory; State Bar self-reported website
"Kelly, Smith & Schmidt, P.C.",https://www.kellysmithpc.com/,,,Plano,TX,Collin,972-848-7300,,Personal Injury,6275 W Plano Pkwy Ste 500,75093,Dallas-Fort Worth,5,1,2026-09-11,State Bar of Texas Member Directory; State Bar self-reported website
Kendall A. Lincoln,,,,Plano,TX,Collin,,,General,"5801 Tennyson Pkwy, Suite 440",75024,Dallas-Fort Worth,4,1,2026-09-11,State Bar of Texas Member Directory
Kenja IP LAW,https://www.kenjaip.com/,,,Plano,TX,Collin,650-561-4758,,General,5851 Legacy Cir Fl 6,75024,Dallas-Fort Worth,4,1,2026-09-11,State Bar of Texas Member Directory; State Bar self-reported website
Kevin Arnett Chumney,,,,Plano,TX,Collin,214-870-5753,,General,1813 Carmel Dr,75075,Dallas-Fort Worth,4,1,2026-09-11,State Bar of Texas Member Directory
Kimberly Wynn Shauck,,,,Plano,TX,Collin,,,Civil Litigation,4328 Lavaca Dr.,75074,Dallas-Fort Worth,3,1,2026-09-11,State Bar of Texas Member Directory
"Kong Law, PLLC",,,,Plano,TX,Collin,214-531-4188,,Criminal Defense,"2540 K Ave, Suite 388",75074,Dallas-Fort Worth,5,1,2026-09-11,State Bar of Texas Member Directory; State Bar self-reported website
"KoonsFuller, P.C.",http://koonsfuller.com/,,,Plano,TX,Collin,972-769-2727,info@koonsfuller.com,Personal Injury,5700 W Plano Pkwy Ste 2200,75093,Dallas-Fort Worth,5,9,2026-09-11,State Bar of Texas Member Directory; Justia
"Krupa Downs Law, PLLC",https://www.krupadownslaw.com/,,,Plano,TX,Collin,214-556-3862,,Estate Planning,"400 Chisholm Place, Suite 216",75075,Dallas-Fort Worth,2,1,2026-09-11,State Bar of Texas Member Directory; State Bar self-reported website
Krypton Solutions LLC,,,,Plano,TX,Collin,,,Employment Law,3060 SUMMIT AVE.,75074,Dallas-Fort Worth,3,1,2026-09-11,State Bar of Texas Member Directory
Ladd R. Gibke,,,,Plano,TX,Collin,972-533-2631,,General,4468 Longfellow Dr.,75093,Dallas-Fort Worth,4,1,2026-09-11,State Bar of Texas Member Directory
"Lafferty Law Firm, PLLC",,,,Plano,TX,Collin,972-905-3812,,Civil Litigation,"2024 W. 15th Street, Ste. F-142",75075,Dallas-Fort Worth,3,1,2026-09-11,State Bar of Texas Member Directory
"Lang Law Office, P.C.",https://langlawtx.com/,,,Plano,TX,Collin,972-731-6758,,General,3900 American Dr Ste 102,75075,Dallas-Fort Worth,4,2,2026-09-11,State Bar of Texas Member Directory; State Bar self-reported website
Larry Brett Bullington,,,,Plano,TX,Collin,,,General,2608 Pine Springs Drive,75093,Dallas-Fort Worth,4,1,2026-09-11,State Bar of Texas Member Directory
Laura Fisher James,,,,Plano,TX,Collin,,,General,3929 Dove Creek Lane,75093,Dallas-Fort Worth,4,1,2026-09-11,State Bar of Texas Member Directory
Lauren Catherine Wu,,,,Plano,TX,Collin,,,General,5828 Bassinghall Lane,75023,Dallas-Fort Worth,4,1,2026-09-11,State Bar of Texas Member Directory
Law Office Of Mark A. Mosley,https://www.mosleylawfirm.com/,,,Plano,TX,Collin,972-437-4119,mark@mosleylawfirm.com,Estate Planning,"1410 G Avenue, Suite 400",75074,Dallas-Fort Worth,2,1,2026-09-11,State Bar of Texas Member Directory; State Bar self-reported website
Law Office Of Mary E. Skelnik,https://www.skelniklaw.com/,,,Plano,TX,Collin,469-426-9699,mary@skelniklaw.com,General,6825 FRANCESCA LN,75024,Dallas-Fort Worth,4,1,2026-09-11,State Bar of Texas Member Directory; State Bar self-reported website
Law Office of Allen Roach,https://roachfamilylaw.com/,,,Plano,TX,Collin,214-584-6539,,General,"500 N. Central Expy, Suite 500",75074,Dallas-Fort Worth,4,1,2026-09-11,State Bar of Texas Member Directory; Justia
Law Office of Alma R. Benavides,https://www.benavidesfamilylaw.com/,,,Plano,TX,Collin,972-578-2600,,General,4690 McDermott Rd Ste 100,75024,Dallas-Fort Worth,4,1,2026-09-11,State Bar of Texas Member Directory; State Bar self-reported website
"Law Office of Amanda H. Doom, PLLC",,,,Plano,TX,Collin,469-440-9656,,Immigration,1900 Preston Road #267 -219,75093,Dallas-Fort Worth,2,1,2026-09-11,State Bar of Texas Member Directory
"Law Office of Arthur Allen, PLLC",,,,Plano,TX,Collin,469-831-6167,,Estate Planning,1400 Gables Court,75075,Dallas-Fort Worth,2,2,2026-09-11,State Bar of Texas Member Directory
Law Office of Beverly Burk,,,,Plano,TX,Collin,972-732-8185,,Estate Planning,5929 Lodestone Dr,75093,Dallas-Fort Worth,2,1,2026-09-11,State Bar of Texas Member Directory
"Law Office of Brant Zohar, PLLC",,,,Plano,TX,Collin,214-334-5777,,Estate Planning,4200 Mapleshade Ln Ste 120,75093,Dallas-Fort Worth,2,1,2026-09-11,State Bar of Texas Member Directory
Law Office of Bryan K. Gallerson,,,,Plano,TX,Collin,469-997-2215,,Personal Injury,7900 Parkwood 16th Floor South,75024,Dallas-Fort Worth,5,3,2026-09-11,State Bar of Texas Member Directory
"Law Office of Carolyne K. Davis, PC",,,,Plano,TX,Collin,214-277-1886,,Estate Planning,"5465 Legacy Drive, Suite 650",75024,Dallas-Fort Worth,2,1,2026-09-11,State Bar of Texas Member Directory
"Law Office of Charlotte D. Key, PLLC",https://www.keyestatelaw.com/,,,Plano,TX,Collin,972-752-3454,info@keyestatelaw.com,Estate Planning,"5055 W. Park Blvd., Ste. 400",75093,Dallas-Fort Worth,2,1,2026-09-11,State Bar of Texas Member Directory; State Bar self-reported website
Law Office of Christopher Kalis,,,,Plano,TX,Collin,214-871-6005,,Personal Injury,5617 Kelly Ln,75093,Dallas-Fort Worth,5,1,2026-09-11,State Bar of Texas Member Directory; State Bar self-reported website
"Law Office of Craig W. Crosby, Sr.",,,,Plano,TX,Collin,972-352-1451,,Civil Litigation,1705 Snowmass Dr,75025,Dallas-Fort Worth,3,1,2026-09-11,State Bar of Texas Member Directory
Law Office of D. Brent Lemon,http://dblemon.com/,,,Plano,TX,Collin,214-747-2277,,Civil Litigation,6275 W Plano Pkwy Ste 500,75093,Dallas-Fort Worth,3,1,2026-09-11,State Bar of Texas Member Directory; State Bar self-reported website
"Law Office of Dilipkumar M. Patel, PLLC",http://dmpatellaw.com/,,,Plano,TX,Collin,214-453-0221,dilip@dmpatellaw.com,Real Estate,5700 Tennyson Pkwy Ste 300,75024,Dallas-Fort Worth,2,1,2026-09-11,State Bar of Texas Member Directory; State Bar self-reported website
Law Office of Dimple Desai Shah,https://dimplelaw.com/,,,Plano,TX,Collin,972-987-1604,,Personal Injury,6010 W Spring Creek Pkwy PMB 315,75024,Dallas-Fort Worth,5,1,2026-09-11,State Bar of Texas Member Directory; State Bar self-reported website
Law Office of Ding Yubin PLLC,https://dinglegal.com/,,,Plano,TX,Collin,469-606-2626,,Estate Planning,5465 Legacy Dr Ste 650,75024,Dallas-Fort Worth,2,1,2026-09-11,State Bar of Texas Member Directory; State Bar self-reported website
Law Office of Frank G. Pearce,,,,Plano,TX,Collin,972-690-0366,,Immigration,5000 Legacy Dr Ste 380,75024,Dallas-Fort Worth,2,1,2026-09-11,State Bar of Texas Member Directory; State Bar self-reported website
Law Office of Gordon & Luss,,,,Plano,TX,Collin,214-498-3147,,General,3504 Mount Vernon Way,75025,Dallas-Fort Worth,4,1,2026-09-11,State Bar of Texas Member Directory
"Law Office of Greyson M. Dunn, PLLC",https://www.texasinmateparole.com/,,,Plano,TX,Collin,972-998-3206,parole@greysonlaw.com,Criminal Defense,5465 Legacy Dr Ste 650,75024,Dallas-Fort Worth,5,1,2026-09-11,State Bar of Texas Member Directory; State Bar self-reported website
Law Office of Jae Lee,https://www.jmleelaw.com/immigration,,,Plano,TX,Collin,972-905-2170,,Immigration,6860 Dallas Pkwy Ste 249A,75024,Dallas-Fort Worth,2,1,2026-09-11,State Bar of Texas Member Directory; Justia
Law Office of Jeff L. Pierce,https://www.jeffpiercelaw.com/lawyers/jeff-l-pierce/,,,Plano,TX,Collin,972-423-0331,,Criminal Defense,3108 Midway Rd Ste 101,75093,Dallas-Fort Worth,5,1,2026-09-11,State Bar of Texas Member Directory; Justia
Law Office of Jerry A Wells,,,,Plano,TX,Collin,214-802-9100,,General,1400 Gables Ct # 1168,75075,Dallas-Fort Worth,4,1,2026-09-11,State Bar of Texas Member Directory; State Bar self-reported website
Law Office of John S. Unell,https://unelllaw.com/,,,Plano,TX,Collin,972-516-4224,,Real Estate,5700 Tennyson Parkway Suite 300,75024,Dallas-Fort Worth,2,1,2026-09-11,State Bar of Texas Member Directory; Justia
Law Office of John Stilwell,,,,Plano,TX,Collin,972-403-7400,,Personal Injury,"6213 Chapel Hill Blvd, Suite B",75093,Dallas-Fort Worth,5,2,2026-09-11,State Bar of Texas Member Directory
Law Office of Jonathan S. Gansell,,,,Plano,TX,Collin,214-649-7689,,Personal Injury,6101 Aberdeen Dr,75093,Dallas-Fort Worth,5,1,2026-09-11,State Bar of Texas Member Directory
Law Office of K H Haywood,,,,Plano,TX,Collin,214-460-6800,,Criminal Defense,9720 Coit Rd Ste 220 PMB 255,75025,Dallas-Fort Worth,5,1,2026-09-11,State Bar of Texas Member Directory; State Bar self-reported website
Law Office of Kenneth E Johns Jr,,,,Plano,TX,Collin,972-489-1230,,General,5309 Tate Ave,75093,Dallas-Fort Worth,4,1,2026-09-11,State Bar of Texas Member Directory
Law Office of Mac Morris,https://www.macmorrislaw.com/,,,Plano,TX,Collin,972-673-0083,,Criminal Defense,7600 San Jacinto Pl Ste Law Center Build,75024,Dallas-Fort Worth,5,1,2026-09-11,State Bar of Texas Member Directory; Justia
Law Office of Marc J. Fratter,,,,Plano,TX,Collin,214-471-3434,,Criminal Defense,101 E Park Blvd Ste 355,75074,Dallas-Fort Worth,5,1,2026-09-11,State Bar of Texas Member Directory
Law Office of Mark E. Evans,,,,Plano,TX,Collin,972-774-4500,,General,6860 Dallas Pkwy Ste 200,75024,Dallas-Fort Worth,4,1,2026-09-11,State Bar of Texas Member Directory
Law Office of Mellannise Henderson-Love,,,,Plano,TX,Collin,214-638-8777,,Employment Law,5700 Tennyson Pkwy Ste 300,75024,Dallas-Fort Worth,3,1,2026-09-11,State Bar of Texas Member Directory; State Bar self-reported website
Law Office of Michael E. Young PLLC,https://mikeyounglaw.com/,,,Plano,TX,Collin,214-546-4247,,General,5960 W Parker Rd Ste 278 PMB 421,75093,Dallas-Fort Worth,4,1,2026-09-11,State Bar of Texas Member Directory; Justia
"Law Office of Nicole Knox, PLLC",https://nicoleknoxlaw.com/,,,Plano,TX,Collin,214-845-6286,info@nicoleknoxlaw.com,Criminal Defense,7250 Dallas Pkwy Ste 400,75024,Dallas-Fort Worth,5,1,2026-09-11,State Bar of Texas Member Directory; State Bar self-reported website
Law Office of Palmer Bailey,,,,Plano,TX,Collin,972-560-4095,,General,101 E Park Blvd Ste 600,75074,Dallas-Fort Worth,4,1,2026-09-11,State Bar of Texas Member Directory
Law Office of Rebecca A. Egelston,,,,Plano,TX,Collin,214-351-4121,,Estate Planning,PO Box 260923,75026,Dallas-Fort Worth,2,1,2026-09-11,State Bar of Texas Member Directory
Law Office of Ronald W Bradley,,,,Plano,TX,Collin,214-704-1715,,Personal Injury,4732 Yorkshire Tr,75093,Dallas-Fort Worth,5,1,2026-09-11,State Bar of Texas Member Directory
Law Office of Sonya K. Jackson PLLC,,,,Plano,TX,Collin,972-759-4252,,General,5700 Tennyson Pkwy Ste 300,75024,Dallas-Fort Worth,4,1,2026-09-11,State Bar of Texas Member Directory
"Law Office of Steven Malin, PLLC",,,,Plano,TX,Collin,214-800-5117,,General,1400 Preston Rd Ste 400,75093,Dallas-Fort Worth,4,1,2026-09-11,State Bar of Texas Member Directory
"Law Office of TL Brown, PLLC",,,,Plano,TX,Collin,945-234-0282,,Personal Injury,5055 W Park Blvd Ste 400,75093,Dallas-Fort Worth,5,1,2026-09-11,State Bar of Texas Member Directory
"Law Office of Thu Nguyen, PLLC",https://nguyenimmigration.com/,,,Plano,TX,Collin,972-685-5660,thu@nguyenimmigration.com,Immigration,2901 W. Parker Road Box 864259,75023,Dallas-Fort Worth,2,1,2026-09-11,State Bar of Texas Member Directory; State Bar self-reported website
Law Office of Todd A. Dolginoff,,,,Plano,TX,Collin,972-208-3048,,Workers' Compensation,3941 Legacy Dr Ste 204 PMB 302,75023,Dallas-Fort Worth,5,1,2026-09-11,State Bar of Texas Member Directory
Law Office of Tommy L Carter,,,,Plano,TX,Collin,214-537-8301,,General,5055 W Park Blvd Ste 400,75093,Dallas-Fort Worth,4,1,2026-09-11,State Bar of Texas Member Directory
"Law Office of Travis McBride, PLLC",,,,Plano,TX,Collin,972-961-2188,,Civil Litigation,1255 W 15th St Ste 400,75075,Dallas-Fort Worth,3,1,2026-09-11,State Bar of Texas Member Directory
Law Offices of Austin Allen,,,,Plano,TX,Collin,214-799-2000,,Real Estate,3000 Custer Rd Ste 270 PMB 145,75075,Dallas-Fort Worth,2,1,2026-09-11,State Bar of Texas Member Directory
"Law Offices of Bill J. Stovall, P.C.",,,,Plano,TX,Collin,214-887-0911,,Criminal Defense,7700 Windrose Ave Unit 300,75024,Dallas-Fort Worth,5,1,2026-09-11,State Bar of Texas Member Directory; Justia
Law Offices of Brian J. Judis,,,,Plano,TX,Collin,214-220-5600,,Workers' Compensation,5801 Headquarters Dr Ste 7508,75024,Dallas-Fort Worth,5,1,2026-09-11,State Bar of Texas Member Directory
Law Offices of Christopher Wynne,,,,Plano,TX,Collin,,,General,3205 Cobble Brook Ln,75074,Dallas-Fort Worth,4,1,2026-09-11,State Bar of Texas Member Directory
"Law Offices of J.R. Fletcher, PLLC",https://www.fletcherfirm.com/,,,Plano,TX,Collin,972-942-8750,,Estate Planning,5700 Tennyson Pkwy Ste 300,75024,Dallas-Fort Worth,2,1,2026-09-11,State Bar of Texas Member Directory; State Bar self-reported website
Law Offices of Joel M Fineberg PC,,,,Plano,TX,Collin,972-665-5510,,General,5717 Legacy Dr Ste 250,75024,Dallas-Fort Worth,4,2,2026-09-11,State Bar of Texas Member Directory
"Law Offices of Kevan I. Benkowitz, A Professional Corporation",https://www.kiblaw.com/,,,Plano,TX,Collin,972-712-1221,,Personal Injury,5600 Tennyson Pkwy Ste 382,75024,Dallas-Fort Worth,5,1,2026-09-11,State Bar of Texas Member Directory; State Bar self-reported website
"Law Offices of Michael Doyle, PLLC",,,,Plano,TX,Collin,972-608-1040,,General,6417 Berwyn Dr,75093,Dallas-Fort Worth,4,1,2026-09-11,State Bar of Texas Member Directory
"Law Offices of Robt D. Wilson, P.C.",,,,Plano,TX,Collin,214-637-8866,,Criminal Defense,1900 Preston Rd Ste 267 PMB 72,75093,Dallas-Fort Worth,5,1,2026-09-11,State Bar of Texas Member Directory; State Bar self-reported website
Law Offices of Wayne A. Johnson,,,,Plano,TX,Collin,214-454-3292,,Estate Planning,"500 N Central Expressway, Suite 500",75074,Dallas-Fort Worth,2,1,2026-09-11,State Bar of Texas Member Directory
"Law offices of Maria Tu, P.C.",http://www.mariatulawoffices.com/,,,Plano,TX,Collin,972-964-8366,mariatuattorney@yahoo.com,Criminal Defense,6600 Chase Oaks Blvd Ste 150,75023,Dallas-Fort Worth,5,1,2026-09-11,State Bar of Texas Member Directory; State Bar self-reported website
"Law offices of Raymund C. King, MD, JD, PLLC",,,,Plano,TX,Collin,972-381-2792,,General,6860 Dallas Pkwy Ste 200,75024,Dallas-Fort Worth,4,1,2026-09-11,State Bar of Texas Member Directory; State Bar self-reported website
Law offices of Rebecca S Whitehouse,https://www.rebeccawhitehouse.com/,,,Plano,TX,Collin,972-731-2521,rebecca@rebeccawhitehouse.com,Immigration,5465 Legacy Dr Ste 650,75024,Dallas-Fort Worth,2,1,2026-09-11,State Bar of Texas Member Directory; State Bar self-reported website
"Law offices of S. George Alfonso, PLLC",https://www.worldwidecounsel.net/,,,Plano,TX,Collin,972-755-5446,sgeorge@worldwidecounsel.net,Civil Litigation,7500 Dallas Pkwy Ste 300,75024,Dallas-Fort Worth,3,1,2026-09-11,State Bar of Texas Member Directory; State Bar self-reported website
"Lefebvre Law Firm, PLLC",https://www.lefelegal.com/,,,Plano,TX,Collin,972-665-9793,,Immigration,5700 Tennyson Pkwy Ste 300,75024,Dallas-Fort Worth,2,1,2026-09-11,State Bar of Texas Member Directory; Justia
Legal,https://www.blacknallfirm.com/,,,Plano,TX,Collin,214-678-9111,info@blacknallfirm.com,Personal Injury,5465 Legacy Dr Ste 650,75024,Dallas-Fort Worth,5,1,2026-09-11,State Bar of Texas Member Directory; State Bar self-reported website
"Leggett Clemons Crandall, PLLC",https://lcclawfirm.com/,,,Plano,TX,Collin,214-473-8686,info@lcclawfirm.com,Real Estate,5700 Granite Pkwy Ste 950,75024,Dallas-Fort Worth,2,6,2026-09-11,State Bar of Texas Member Directory; State Bar self-reported website
"Leibowitz Law Group, P.L.L.C.",https://www.leibowitzlawgroup.com/,,,Plano,TX,Collin,469-501-2582,andrew@leibowitzlawgroup.com,Personal Injury,5465 Legacy Dr Ste 650,75024,Dallas-Fort Worth,5,1,2026-09-11,State Bar of Texas Member Directory; State Bar self-reported website
"Leu, Peirce & Olson, PLLC",https://elderlawtexas.com/,,,Plano,TX,Collin,972-996-2540,,Estate Planning,2313 Coit Rd Ste A,75075,Dallas-Fort Worth,2,4,2026-09-11,State Bar of Texas Member Directory; State Bar self-reported website
Lewis & Ashworth PLLC,https://www.lewisashworth.com/,,,Plano,TX,Collin,214-306-9402,,Criminal Defense,101 E Park Blvd Ste 230,75074,Dallas-Fort Worth,5,2,2026-09-11,State Bar of Texas Member Directory; State Bar self-reported website
Liles Parker PLLC,,,,Plano,TX,Collin,214-952-5169,,General,P.O. Box 864391,75086,Dallas-Fort Worth,4,1,2026-09-11,State Bar of Texas Member Directory
"Linda Wynn Drain, Attorney at Law",,,,Plano,TX,Collin,,,Criminal Defense,PO Box 860068,75086,Dallas-Fort Worth,5,1,2026-09-11,State Bar of Texas Member Directory
Lindquist Eisenberg LLP,https://www.le-llp.com/,,,Plano,TX,Collin,469-917-5976,phil@le-llp.com,Estate Planning,5700 W Plano Pkwy Ste 3400,75093,Dallas-Fort Worth,2,2,2026-09-11,State Bar of Texas Member Directory; State Bar self-reported website
Lisa Michelle Holt,,,,Plano,TX,Collin,,,General,8724 San Bernard Street,75024,Dallas-Fort Worth,4,1,2026-09-11,State Bar of Texas Member Directory
Lizardo Law PC,https://lizardolaw.com/,,,Plano,TX,Collin,469-447-9955,klizardo@lizardolaw.com,Personal Injury,P.O. Box 250033,75025,Dallas-Fort Worth,5,1,2026-09-11,State Bar of Texas Member Directory; State Bar self-reported website
"LloydWinter, P.C.",https://lloydwinterlaw.com/,,,Plano,TX,Collin,559-233-3636,jwinter@lloydwinterlaw.com,Civil Litigation,3315 Silverstone Dr Ste B,75023,Dallas-Fort Worth,3,1,2026-09-11,State Bar of Texas Member Directory; State Bar self-reported website
Locke Law US LLC,,,,Plano,TX,Collin,800-656-4584,,Criminal Defense,7800 Preston Rd Ste 113,75024,Dallas-Fort Worth,5,1,2026-09-11,State Bar of Texas Member Directory; State Bar self-reported website
Logan Landrum & Greenwood PLLC,http://www.loganenergylaw.com/,,,Plano,TX,Collin,972-398-1770,,Real Estate,101 E Park Blvd Ste 600,75074,Dallas-Fort Worth,2,2,2026-09-11,State Bar of Texas Member Directory; State Bar self-reported website
Low Law Firm,,,,Plano,TX,Collin,214-662-4517,,Criminal Defense,3400 Nickel Creek Drive,75025,Dallas-Fort Worth,5,1,2026-09-11,State Bar of Texas Member Directory
"Luke Laman, Attorney at Law",,,,Plano,TX,Collin,214-770-4894,,Civil Litigation,3421 Nancy Court,75023,Dallas-Fort Worth,3,1,2026-09-11,State Bar of Texas Member Directory
MBL Title,https://mbl-title.com/,,,Plano,TX,Collin,214-389-4023,orders@mbl-title.com,Real Estate,1022 E. 15th Street,75074,Dallas-Fort Worth,2,2,2026-09-11,State Bar of Texas Member Directory; State Bar self-reported website
MF Law PLLC,,,,Plano,TX,Collin,,,Civil Litigation,7700 Windrose Ave Fl 3,75024,Dallas-Fort Worth,3,1,2026-09-11,State Bar of Texas Member Directory
MLD Mortgage Inc. dba The Money Store - Chief Legal & Enterprise Risk Officer,,,,Plano,TX,Collin,973-302-5033,,Real Estate,1604 Old Course Drive,75093,Dallas-Fort Worth,2,1,2026-09-11,State Bar of Texas Member Directory
"MLF Legal, PLLC",,,,Plano,TX,Collin,214-357-1782,,Personal Injury,3237 Sailmaker Ln,75023,Dallas-Fort Worth,5,3,2026-09-11,State Bar of Texas Member Directory; State Bar self-reported website
Magbegor Law Firm,http://www.magbegor.com/,,,Plano,TX,Collin,469-609-7850,contact@magbegor.com,Employment Law,"5851 Legacy Cir, Ste 600",75024,Dallas-Fort Worth,3,1,2026-09-11,State Bar of Texas Member Directory; State Bar self-reported website
"Manchee & Manchee, PC",,,,Plano,TX,Collin,972-960-2240,,Bankruptcy,"5048 Tennyson Pkwy, Suite 250",75024,Dallas-Fort Worth,2,2,2026-09-11,State Bar of Texas Member Directory; State Bar self-reported website
Marc Lewis Klyman,,,,Plano,TX,Collin,,,General,"7200 Dallas Parkway, #507",75024,Dallas-Fort Worth,4,1,2026-09-11,State Bar of Texas Member Directory
Marissa A. Maggio,https://www.maggioinjurylawyers.com/,,,Plano,TX,Collin,214-466-7770,,Personal Injury,2701D W 15th St #537,75075,Dallas-Fort Worth,5,1,2026-09-11,State Bar of Texas Member Directory; State Bar self-reported website
Mark Austin Little,,,,Plano,TX,Collin,469-467-5516,,General,6000 Legacy Drive,75024,Dallas-Fort Worth,4,1,2026-09-11,State Bar of Texas Member Directory
Mark Davin Perantie,,,,Plano,TX,Collin,469-556-0591,,General,6404 Abbotsford Dr.,75074,Dallas-Fort Worth,4,1,2026-09-11,State Bar of Texas Member Directory
Markel,https://www.markel.com/,,,Plano,TX,Collin,469-241-3490,,Personal Injury,5601 Granite Pkwy #600,75024,Dallas-Fort Worth,5,2,2026-09-11,State Bar of Texas Member Directory; State Bar self-reported website
Mary Taylor Butler,,,,Plano,TX,Collin,,,General,4308 Cedar Valley Drive,75024,Dallas-Fort Worth,4,1,2026-09-11,State Bar of Texas Member Directory
"Mason Law Firm, PLLC",https://masonfirm.law/,,,Plano,TX,Collin,469-808-9804,,Employment Law,5601 Democracy Dr Ste 120,75024,Dallas-Fort Worth,3,1,2026-09-11,State Bar of Texas Member Directory; State Bar self-reported website
Matthew Edward Norvell,,,,Plano,TX,Collin,214-995-6184,,General,821 wynnpage lane,75075,Dallas-Fort Worth,4,1,2026-09-11,State Bar of Texas Member Directory
"McCarthy & Holthus, LLP",,,,Plano,TX,Collin,214-291-3800,,Bankruptcy,1255 W 15th St Ste 1060,75075,Dallas-Fort Worth,2,4,2026-09-11,State Bar of Texas Member Directory; State Bar self-reported website
Melodie Katherine Stowasser Craft,,,,Plano,TX,Collin,469-713-7952,,General,2213 Loch Haven Dr,75023,Dallas-Fort Worth,4,1,2026-09-11,State Bar of Texas Member Directory
Merrill Lane Kaliser,https://kaliserlaw.com/,,,Plano,TX,Collin,972-567-6099,team@kaliserlaw.com,Personal Injury,6275 W Plano Pkwy Ste 500D,75093,Dallas-Fort Worth,5,1,2026-09-11,State Bar of Texas Member Directory; State Bar self-reported website
"Michael B. Suffness, PC",https://www.suffness.com/,,,Plano,TX,Collin,972-985-1331,,Civil Litigation,5201 W Park Blvd Ste 100,75093,Dallas-Fort Worth,3,1,2026-09-11,State Bar of Texas Member Directory; State Bar self-reported website
Michael D. Cavalier,,,,Plano,TX,Collin,972-665-1000,,General,3900 Dallas Pkwy Ste 500,75093,Dallas-Fort Worth,4,1,2026-09-11,State Bar of Texas Member Directory
Michael Daines Burgoyne,,,,Plano,TX,Collin,469-863-4555,,General,6800 Bishop Road,75024,Dallas-Fort Worth,4,1,2026-09-11,State Bar of Texas Member Directory
Michael Kent Canada,,,,Plano,TX,Collin,214-632-7228,,Personal Injury,1900 Preston Rd Ste 267,75093,Dallas-Fort Worth,5,1,2026-09-11,State Bar of Texas Member Directory
Michael Ross Walenciak,,,,Plano,TX,Collin,972-378-9111,,Civil Litigation,2500 Dallas Pkwy Ste 600,75093,Dallas-Fort Worth,3,1,2026-09-11,State Bar of Texas Member Directory; State Bar self-reported website
MidFirst Bank,,,,Plano,TX,Collin,469-497-2413,,Civil Litigation,6900 Dallas Pkwy Ste 770,75024,Dallas-Fort Worth,3,1,2026-09-11,State Bar of Texas Member Directory; State Bar self-reported website
"Miller Law Office, PLLC",https://www.aaronmillerlaw.com/,,,Plano,TX,Collin,214-292-4225,,Estate Planning,1400 Preston Rd Ste 118,75093,Dallas-Fort Worth,2,1,2026-09-11,State Bar of Texas Member Directory; State Bar self-reported website
"Miller, George & Suggs, PLLC",,,,Plano,TX,Collin,214-216-0130,,Real Estate,6080 Tennyson Pkwy Ste 100,75024,Dallas-Fort Worth,2,1,2026-09-11,State Bar of Texas Member Directory
"Misty H. Gutierrez, PLLC",https://mhgfirm.com/,,,Plano,TX,Collin,214-326-0161,misty@mhgfirm.com,Civil Litigation,PO Box 940009,75094,Dallas-Fort Worth,3,1,2026-09-11,State Bar of Texas Member Directory; State Bar self-reported website
Morris Thompson PLLC,https://morristhompsonlaw.com/,,,Plano,TX,Collin,214-390-4292,,Estate Planning,6752 Bastille Drive (Optional),75024,Dallas-Fort Worth,2,1,2026-09-11,State Bar of Texas Member Directory; State Bar self-reported website
Morton C Swichkow PC,,,,Plano,TX,Collin,972-985-4274,,Real Estate,4480 Junction Dr,75093,Dallas-Fort Worth,2,1,2026-09-11,State Bar of Texas Member Directory
Mosser Law PLLC,http://www.mosserlaw.com/,,,Plano,TX,Collin,972-733-3223,info@mosserlaw.com,Criminal Defense,8100 Dallas Pkwy Ste 115A,75024,Dallas-Fort Worth,5,3,2026-09-11,State Bar of Texas Member Directory; State Bar self-reported website
Nathan D. Richardson,,,,Plano,TX,Collin,,,General,3900 Dallas Pkwy,75093,Dallas-Fort Worth,4,1,2026-09-11,State Bar of Texas Member Directory
Nathan M Rosen PC,,,,Plano,TX,Collin,972-818-7600,,Real Estate,5025 Bridge Creek Dr,75093,Dallas-Fort Worth,2,1,2026-09-11,State Bar of Texas Member Directory
"Neil Now Legal, PLLC",,,,Plano,TX,Collin,214-249-8299,,Criminal Defense,901 18th St The Davis House,75074,Dallas-Fort Worth,5,1,2026-09-11,State Bar of Texas Member Directory; State Bar self-reported website
Nelson Mullins Riley & Scarborough LLP,https://www.nelsonmullins.com/,,,Plano,TX,Collin,469-484-6301,gc@nelsonmullins.com,Personal Injury,5830 Granite Pkwy Ste 1000,75024,Dallas-Fort Worth,5,17,2026-09-11,State Bar of Texas Member Directory; State Bar self-reported website
Nicole Risher Marsh,,,,Plano,TX,Collin,,,General,8009 Greenwood Dr.,75025,Dallas-Fort Worth,4,1,2026-09-11,State Bar of Texas Member Directory
Norman L. Nelson,,,,Plano,TX,Collin,972-489-8467,,Real Estate,6601 Castlemere Dr,75093,Dallas-Fort Worth,2,1,2026-09-11,State Bar of Texas Member Directory
"Norris Family Law, P.L.L.C.",https://www.cbnfamilylaw.com/,,,Plano,TX,Collin,469-252-2022,,Personal Injury,5851 LEGACY CIRCLE #600,75024,Dallas-Fort Worth,5,1,2026-09-11,State Bar of Texas Member Directory; State Bar self-reported website
North Texas Tollway Authority,,,,Plano,TX,Collin,214-461-2059,,Civil Litigation,5900 W. Plano Pkwy,75093,Dallas-Fort Worth,3,2,2026-09-11,State Bar of Texas Member Directory; State Bar self-reported website
"Novak Law, PC",,,,Plano,TX,Collin,,,General,7909 Alderwood Pl,75025,Dallas-Fort Worth,4,1,2026-09-11,State Bar of Texas Member Directory
Office of the Standing Chapter 13 Trustee,https://www.planoch13.com/,,,Plano,TX,Collin,972-943-2580,,Bankruptcy,500 N Central Expy Ste 350,75074,Dallas-Fort Worth,2,2,2026-09-11,State Bar of Texas Member Directory; State Bar self-reported website
"PINCKERT FAMILY LAW, PLLC",,,,Plano,TX,Collin,214-810-4498,,General,3502 Sherrye Drive #100,75074,Dallas-Fort Worth,4,1,2026-09-11,State Bar of Texas Member Directory
"PLANO, TEXAS",,,,Plano,TX,Collin,972-836-0563,,Estate Planning,7608 Roaring Ridge Dr.,75025,Dallas-Fort Worth,2,1,2026-09-11,State Bar of Texas Member Directory; State Bar self-reported website
PS Legal Group,,,,Plano,TX,Collin,469-631-1119,,General,"5700 Tennyson Parkway, Suite 300",75024,Dallas-Fort Worth,4,1,2026-09-11,State Bar of Texas Member Directory
Patricio Delgado,,,,Plano,TX,Collin,214-674-9159,,General,6300 Legacy Dr,75024,Dallas-Fort Worth,4,1,2026-09-11,State Bar of Texas Member Directory
Patrick Michael Dupre,,,,Plano,TX,Collin,,,General,PO Box 262713,75026,Dallas-Fort Worth,4,1,2026-09-11,State Bar of Texas Member Directory
"Paul W. Brown, Attorney & Counselor at Law",,,,Plano,TX,Collin,214-514-5405,,Estate Planning,5945 Kensington Dr,75093,Dallas-Fort Worth,2,1,2026-09-11,State Bar of Texas Member Directory
Peeples & Kohler PC,http://www.peepleskohler.com/,,,Plano,TX,Collin,972-473-9444,jill@peepleskohler.com,General,5600 Tennyson Pkwy Ste 395,75024,Dallas-Fort Worth,4,1,2026-09-11,State Bar of Texas Member Directory; State Bar self-reported website
Pelley Law Office LLP,https://pelleylaw.com/,,,Plano,TX,Collin,972-608-0335,,Criminal Defense,1312 14th St Ste 100,75074,Dallas-Fort Worth,5,1,2026-09-11,State Bar of Texas Member Directory; State Bar self-reported website
Pending,,,,Plano,TX,Collin,469-382-2253,,Employment Law,7721 Cap Rock Dr,75025,Dallas-Fort Worth,3,1,2026-09-11,State Bar of Texas Member Directory
Penney OpCo LLC,,,,Plano,TX,Collin,972-431-5356,,General,6501 Legacy Dr Ste B100,75024,Dallas-Fort Worth,4,2,2026-09-11,State Bar of Texas Member Directory; State Bar self-reported website
PennyMac,,,,Plano,TX,Collin,469-666-1373,,Real Estate,3525 San Patricio Drive,75025,Dallas-Fort Worth,2,1,2026-09-11,State Bar of Texas Member Directory
"Periquet Law, PLLC",,,,Plano,TX,Collin,469-675-1427,,Estate Planning,5465 Legacy Dr Ste 650,75024,Dallas-Fort Worth,2,1,2026-09-11,State Bar of Texas Member Directory; State Bar self-reported website
"Peter C. Hall, PLLC",https://www.ntxlawoffice.com/,,,Plano,TX,Collin,972-696-9463,peter@ntxlawoffice.com,Estate Planning,555 Republic Dr Ste 300,75074,Dallas-Fort Worth,2,1,2026-09-11,State Bar of Texas Member Directory; Justia
"Petrazio Law Firm, PLLC",,,,Plano,TX,Collin,972-965-1016,,Criminal Defense,5465 Legacy Dr Ste 650,75024,Dallas-Fort Worth,5,1,2026-09-11,State Bar of Texas Member Directory
Pizza Hut,,,,Plano,TX,Collin,972-338-6930,,General,7100 Corporate Dr,75024,Dallas-Fort Worth,4,2,2026-09-11,State Bar of Texas Member Directory
Pogue Energy Law PLLC,,,,Plano,TX,Collin,,,General,6505 W Park Blvd Ste 306 PMB 267,75093,Dallas-Fort Worth,4,1,2026-09-11,State Bar of Texas Member Directory
QBE,,,,Plano,TX,Collin,972-398-8685,,General,6400 International Pkwy Ste 2000,75093,Dallas-Fort Worth,4,1,2026-09-11,State Bar of Texas Member Directory
QBE North America,,,,Plano,TX,Collin,972-398-8689,,Employment Law,2400 Dallas Pkwy Ste 350,75093,Dallas-Fort Worth,3,2,2026-09-11,State Bar of Texas Member Directory
"Quilling, Selander, Lownds, Winslett & Moser, P.C.",https://qslwm.com/,,,Plano,TX,Collin,214-880-1837,,Civil Litigation,5801 Tennyson Pkwy Ste 440,75024,Dallas-Fort Worth,3,13,2026-09-11,State Bar of Texas Member Directory; State Bar self-reported website
"R. E. Lopez & Associates, P.C.",https://www.gothurtgetlopez.com/,,,Plano,TX,Collin,469-209-7727,info@gothurtgetlopez.com,Personal Injury,"550 E. 15th St., Suite 200",75074,Dallas-Fort Worth,5,2,2026-09-11,State Bar of Texas Member Directory; State Bar self-reported website
"R. Fred Hosey, Attorney at Law.",,,,Plano,TX,Collin,214-912-6237,,Personal Injury,3524 Kimble Drive,75025,Dallas-Fort Worth,5,1,2026-09-11,State Bar of Texas Member Directory
ROSSINI LAW,,,,Plano,TX,Collin,214-763-3089,,Civil Litigation,5000 Old Shepard Place No. 226,75093,Dallas-Fort Worth,3,1,2026-09-11,State Bar of Texas Member Directory; State Bar self-reported website
Raechel Parolisi,https://www.qdroattorney.law/,,,Plano,TX,Collin,469-443-4069,info@qdroattorney.law,General,2300 McDermott Rd Ste 200 PMB 255,75025,Dallas-Fort Worth,4,1,2026-09-11,State Bar of Texas Member Directory; State Bar self-reported website
Ral James Mazza,,,,Plano,TX,Collin,,,General,5600 Tennyson Pkwy Ste 180,75024,Dallas-Fort Worth,4,1,2026-09-11,State Bar of Texas Member Directory
Ramona Veronica Singh Ladwig,,,,Plano,TX,Collin,,,General,3948 Legacy Dr Ste 106 PMB 393,75023,Dallas-Fort Worth,4,1,2026-09-11,State Bar of Texas Member Directory
Randolph Arthur Scott,,,,Plano,TX,Collin,346-407-1284,,General,7900 Windrose Ave,75024,Dallas-Fort Worth,4,1,2026-09-11,State Bar of Texas Member Directory
"Ray & Weinstein, P.C.",https://rayandweinstein.com/,,,Plano,TX,Collin,972-383-9686,,General,5055 W Park Blvd Ste 400,75093,Dallas-Fort Worth,4,2,2026-09-11,State Bar of Texas Member Directory; State Bar self-reported website
"Ray Galvan, P.C.",,,,Plano,TX,Collin,214-617-3211,,Criminal Defense,"7200 Dallas Parkway, #1923",75024,Dallas-Fort Worth,5,1,2026-09-11,State Bar of Texas Member Directory
Ray Nicholas Hosack,,,,Plano,TX,Collin,,,Personal Injury,2516 Dalgreen Dr,75075,Dallas-Fort Worth,5,1,2026-09-11,State Bar of Texas Member Directory
"RealManage, LLC",,,,Plano,TX,Collin,,,General,6111 W Plano Pkwy Ste 1000,75093,Dallas-Fort Worth,4,1,2026-09-11,State Bar of Texas Member Directory
Rebecca Jane Halliday,,,,Plano,TX,Collin,,,Real Estate,5560 Tennyson Pkwy Ste 250,75024,Dallas-Fort Worth,2,1,2026-09-11,State Bar of Texas Member Directory
Rebecca Sue Fuller,,,,Plano,TX,Collin,870-245-6302,,General,3420 NANCY CT,75023,Dallas-Fort Worth,4,1,2026-09-11,State Bar of Texas Member Directory
Renwick & Associates PC,,,,Plano,TX,Collin,972-820-9595,,Personal Injury,6404 International Pkwy Ste 2030,75093,Dallas-Fort Worth,5,1,2026-09-11,State Bar of Texas Member Directory
"Republic Finance, LLC",,,,Plano,TX,Collin,469-991-0016,,General,8428 Parkwood Blvd,75024,Dallas-Fort Worth,4,2,2026-09-11,State Bar of Texas Member Directory
"Resolution Today, LLC (mediations)",https://resolution.today/,,,Plano,TX,Collin,214-773-9500,george@resolution.today,Civil Litigation,2024 W 15th St Ste F # 503,75075,Dallas-Fort Worth,3,1,2026-09-11,State Bar of Texas Member Directory; State Bar self-reported website
Richard J. Lebos,,,,Plano,TX,Collin,469-440-5410,,Real Estate,"2500 Dallas Parkway, Suite 600",75093,Dallas-Fort Worth,2,1,2026-09-11,State Bar of Texas Member Directory
Richard L. Donaldson,,,,Plano,TX,Collin,214-202-6751,,General,"6101 Ohio Drive Villa 6, Plano, TX 75024",75024,Dallas-Fort Worth,4,1,2026-09-11,State Bar of Texas Member Directory
Richard W. Ward,,,,Plano,TX,Collin,214-769-8639,,Civil Litigation,6304 Teal Ct,75024,Dallas-Fort Worth,3,1,2026-09-11,State Bar of Texas Member Directory
Richardson Law Office,,,,Plano,TX,Collin,972-801-2500,,Criminal Defense,730 E Park Blvd Ste 200,75074,Dallas-Fort Worth,5,1,2026-09-11,State Bar of Texas Member Directory; Justia
Robert Carl Turner,,,,Plano,TX,Collin,800-366-6303,,Real Estate,3509 South Echo Trail,75023,Dallas-Fort Worth,2,1,2026-09-11,State Bar of Texas Member Directory; State Bar self-reported website
Robert Charles Earle,,,,Plano,TX,Collin,,,Civil Litigation,6300 Legacy Drive,75024,Dallas-Fort Worth,3,1,2026-09-11,State Bar of Texas Member Directory
"Robert E. Mangum, Jr., Attorney at Law",,,,Plano,TX,Collin,214-202-4956,,Civil Litigation,"3317 Altrick Dr, Plano, TX 75093-8089",75093,Dallas-Fort Worth,3,1,2026-09-11,State Bar of Texas Member Directory
Robert H. Botts,,,,Plano,TX,Collin,,,Estate Planning,3313 STEVEN DR,75023,Dallas-Fort Worth,2,1,2026-09-11,State Bar of Texas Member Directory; State Bar self-reported website
Robert Harris Chozick,,,,Plano,TX,Collin,,,General,3509 Brees St.,75075,Dallas-Fort Worth,4,1,2026-09-11,State Bar of Texas Member Directory
"Ron V Berkowitz, Attorney at law",,,,Plano,TX,Collin,972-467-6444,,General,"7200 Dallas Parkway, #1121",75024,Dallas-Fort Worth,4,1,2026-09-11,State Bar of Texas Member Directory; State Bar self-reported website
"Ronald A Dubner, Attorney and Mediator",,,,Plano,TX,Collin,214-529-7052,,Civil Litigation,3604 Dandelion Dr,75093,Dallas-Fort Worth,3,1,2026-09-11,State Bar of Texas Member Directory
Ronald R. Payne,,,,Plano,TX,Collin,469-916-6100,,Civil Litigation,5560 Tennyson Pkwy Ste 210,75024,Dallas-Fort Worth,3,1,2026-09-11,State Bar of Texas Member Directory
Roy E. Gurley,,,,Plano,TX,Collin,972-965-4406,,Estate Planning,6600 Overlook Ct.,75024,Dallas-Fort Worth,2,1,2026-09-11,State Bar of Texas Member Directory
Roy Lee Reeves,,,,Plano,TX,Collin,,,Personal Injury,1400 Gables Ct,75075,Dallas-Fort Worth,5,1,2026-09-11,State Bar of Texas Member Directory
"Ryan Law Firm, PLLC",https://ryanlawyers.com/,,,Plano,TX,Collin,972-250-6363,,Civil Litigation,8101 Windrose Ave Ste 950,75024,Dallas-Fort Worth,3,15,2026-09-11,State Bar of Texas Member Directory; State Bar self-reported website
S.Lauro P.C.,,,,Plano,TX,Collin,214-906-3934,,Employment Law,6009 W Parker Rd Ste 149 PMB 150,75093,Dallas-Fort Worth,3,1,2026-09-11,State Bar of Texas Member Directory
Sadaf Khan,,,,Plano,TX,Collin,,,Civil Litigation,4008 Wilshire Court,75023,Dallas-Fort Worth,3,1,2026-09-11,State Bar of Texas Member Directory
Samsung Research America,,,,Plano,TX,Collin,,,General,"6105 Tennyson Parkway, Suite 300",75024,Dallas-Fort Worth,4,1,2026-09-11,State Bar of Texas Member Directory
"Sanders, Motley and Gallardo",,,,Plano,TX,Collin,903-816-2861,,Civil Litigation,7901 Windrose Ave,75024,Dallas-Fort Worth,3,1,2026-09-11,State Bar of Texas Member Directory
Sarah Dawn Blackstock,,,,Plano,TX,Collin,972-234-8208,,General,"5600 Tennyson Parkway, Suite 265",75024,Dallas-Fort Worth,4,1,2026-09-11,State Bar of Texas Member Directory; State Bar self-reported website
Saraiya Pllc,https://www.saraiyalaw.com/,,,Plano,TX,Collin,469-277-3400,lh@j.ki,Civil Litigation,7160 Preston Rd Ste 100,75024,Dallas-Fort Worth,3,1,2026-09-11,State Bar of Texas Member Directory; State Bar self-reported website
"Scarfone Law Group, PLLC",https://callscarfone.com/,,,Plano,TX,Collin,561-609-1200,,Personal Injury,1400 Preston Rd Ste 400 PMB 413,75093,Dallas-Fort Worth,5,2,2026-09-11,State Bar of Texas Member Directory; State Bar self-reported website
Schlake Chapa Law,http://dfwcriminaldefense.com/,,,Plano,TX,Collin,469-839-6655,jo@dfwcriminaldefense.com,Criminal Defense,701 E 15th St Ste 201,75074,Dallas-Fort Worth,5,1,2026-09-11,State Bar of Texas Member Directory; State Bar self-reported website
"Scott & Associates, P.C.",,,,Plano,TX,Collin,210-298-3029,,Estate Planning,6505 W Park Blvd Ste 306 PMB 353,75093,Dallas-Fort Worth,2,5,2026-09-11,State Bar of Texas Member Directory; State Bar self-reported website
"Scroggins & Savage, PLLC",https://divorcedifferently.com/,,,Plano,TX,Collin,214-367-6700,,General,"5465 Legacy Drive, Suite 650",75024,Dallas-Fort Worth,4,1,2026-09-11,State Bar of Texas Member Directory; State Bar self-reported website
Secured Title of Texas LLC,,,,Plano,TX,Collin,469-939-8548,,Real Estate,5151 Headquarters Dr Ste 260,75024,Dallas-Fort Worth,2,1,2026-09-11,State Bar of Texas Member Directory
"Securus Technologies, LLC",,,,Plano,TX,Collin,972-277-0565,,General,5360 Legacy Dr Ste 300 Ste 3000,75024,Dallas-Fort Worth,4,1,2026-09-11,State Bar of Texas Member Directory
Seidel Law Firm,,,,Plano,TX,Collin,214-234-2500,,Bankruptcy,6505 W Park Blvd Ste 306,75093,Dallas-Fort Worth,2,1,2026-09-11,State Bar of Texas Member Directory
"Senn Law Firm, PLLC",,,,Plano,TX,Collin,214-697-1783,,Real Estate,7000 Independence Pkwy Ste 156 PMB 133,75025,Dallas-Fort Worth,2,1,2026-09-11,State Bar of Texas Member Directory
Serena Maria Mergeani,,,,Plano,TX,Collin,,,General,Preston Road,75024,Dallas-Fort Worth,4,1,2026-09-11,State Bar of Texas Member Directory
"Sessions, Israel & Shartle, LLC",https://www.sessions.legal/,,,Plano,TX,Collin,214-741-3001,,Employment Law,5700 Granite Pkwy Ste 260,75024,Dallas-Fort Worth,3,3,2026-09-11,State Bar of Texas Member Directory; State Bar self-reported website
"Shaddock & Associates, PC",https://shaddocklawdocs.com/,,,Plano,TX,Collin,972-682-2700,,Real Estate,2400 Dallas Pkwy Ste 560,75093,Dallas-Fort Worth,2,1,2026-09-11,State Bar of Texas Member Directory; State Bar self-reported website
Shanelle Fisher Legal,,,,Plano,TX,Collin,,,General,"3948 Legacy Drive, Ste. 106 #340",75024,Dallas-Fort Worth,4,1,2026-09-11,State Bar of Texas Member Directory
Shapiro Law Firm,https://www.theshapirolawfirm.com/,,,Plano,TX,Collin,972-423-0033,,Criminal Defense,PO Box 861720,75086,Dallas-Fort Worth,5,3,2026-09-11,State Bar of Texas Member Directory; Justia
"Short Law Firm, PC",https://www.shortlawfirm.com/,,,Plano,TX,Collin,972-964-9964,,General,"6275 W. Plano Parkway, Suite 500",75093,Dallas-Fort Worth,4,1,2026-09-11,State Bar of Texas Member Directory; State Bar self-reported website
"Siebman Law, LLP",https://siebman.com/,,,Plano,TX,Collin,214-387-9100,,Civil Rights,"4949 Hedgcoxe, Suite 230",75024,Dallas-Fort Worth,3,1,2026-09-11,State Bar of Texas Member Directory; State Bar self-reported website
Skye Nicole Johnson Kennedy,,,,Plano,TX,Collin,,,General,7408 Marchman Way,75025,Dallas-Fort Worth,4,1,2026-09-11,State Bar of Texas Member Directory
Son & Tan LLP,,,,Plano,TX,Collin,972-808-9888,,Real Estate,7005 Chase Oaks Blvd Ste 180,75025,Dallas-Fort Worth,2,1,2026-09-11,State Bar of Texas Member Directory
"Sorley Law, PLLC",,,,Plano,TX,Collin,214-931-6197,,General,3905 Hedgcoxe Rd Unit 251421,75025,Dallas-Fort Worth,4,1,2026-09-11,State Bar of Texas Member Directory
Sound Physicians,,,,Plano,TX,Collin,913-626-1778,,General,1217 Baxter Dr.,75025,Dallas-Fort Worth,4,1,2026-09-11,State Bar of Texas Member Directory; State Bar self-reported website
Spencer Fane LLP,https://www.spencerfane.com/,,,Plano,TX,Collin,972-324-0300,info@spencerfane.com,Civil Litigation,5700 Granite Pkwy Ste 650,75024,Dallas-Fort Worth,3,20,2026-09-11,State Bar of Texas Member Directory; State Bar self-reported website
Stanley & Associates PLLC,,,,Plano,TX,Collin,214-570-4944,,Personal Injury,2600 K Ave Ste 180,75074,Dallas-Fort Worth,5,2,2026-09-11,State Bar of Texas Member Directory
Stantec,,,,Plano,TX,Collin,724-504-4559,,General,6080 Tennyson Pkwy Ste 200,75024,Dallas-Fort Worth,4,1,2026-09-11,State Bar of Texas Member Directory; State Bar self-reported website
"Star Law Group, PLLC and EquitiFy, Inc.",,,,Plano,TX,Collin,,,Real Estate,555 Republic Dr Ste 500,75074,Dallas-Fort Worth,2,1,2026-09-11,State Bar of Texas Member Directory
"Starr Law Firm, P.C.",https://starrlawfirm.com/,,,Plano,TX,Collin,972-633-2588,,Estate Planning,3108 Midway Rd Ste 101,75093,Dallas-Fort Worth,2,5,2026-09-11,State Bar of Texas Member Directory; Justia
Stasny PLLC,,,,Plano,TX,Collin,214-924-4086,,General,PO Box 251714,75025,Dallas-Fort Worth,4,1,2026-09-11,State Bar of Texas Member Directory
Stephen Andrew Grimmer,,,,Plano,TX,Collin,,,Civil Litigation,2409 Charlene Dr,75074,Dallas-Fort Worth,3,1,2026-09-11,State Bar of Texas Member Directory
Stephen H. Miller,,,,Plano,TX,Collin,972-578-7097,,Criminal Defense,704 E 15th St Ste 104,75074,Dallas-Fort Worth,5,1,2026-09-11,State Bar of Texas Member Directory
"Steptoe & Johnson, PLLC",https://www.steptoe-johnson.com/,,,Plano,TX,Collin,469-920-8224,hoa_paralegals@steptoe-johnson.com,Estate Planning,6900 Dallas Pkwy Ste 600,75024,Dallas-Fort Worth,2,8,2026-09-11,State Bar of Texas Member Directory; State Bar self-reported website
"Steven W. Wright, PLLC Attorney at Law",,,,Plano,TX,Collin,469-562-4000,,Criminal Defense,2000 N Central Expy Ste 200,75074,Dallas-Fort Worth,5,2,2026-09-11,State Bar of Texas Member Directory; State Bar self-reported website
Stonebriar Commercial Finance LLC,,,,Plano,TX,Collin,469-609-8518,,Real Estate,5525 Granite Pkwy Ste 1800,75024,Dallas-Fort Worth,2,2,2026-09-11,State Bar of Texas Member Directory; State Bar self-reported website
Susan M. McKee,,,,Plano,TX,Collin,469-353-0478,,General,PO Box 863176,75086,Dallas-Fort Worth,4,1,2026-09-11,State Bar of Texas Member Directory
"T. Green Law, PLLC",https://www.terrigreenlaw.com/,,,Plano,TX,Collin,972-731-2609,terri@terrigreenlaw.com,Estate Planning,"5465 Legacy Drive, Suite 650",75024,Dallas-Fort Worth,2,1,2026-09-11,State Bar of Texas Member Directory; State Bar self-reported website
"TIDWELL, PLLC",https://tidwellattorneys.com/,,,Plano,TX,Collin,972-234-8208,admin@tidwellattorneys.com,Criminal Defense,"5600 Tennyson Pkwy, Suite 265",75024,Dallas-Fort Worth,5,2,2026-09-11,State Bar of Texas Member Directory; State Bar self-reported website
Tadlock Law Firm PLLC,https://www.tadlocklaw.com/,,,Plano,TX,Collin,214-550-1122,,Civil Litigation,2109 Sinclair Ln,75093,Dallas-Fort Worth,3,2,2026-09-11,State Bar of Texas Member Directory
"Taghizadeh Law, PC",,,,Plano,TX,Collin,,,Immigration,3308 Preston Rd Ste 350 PMB 375,75093,Dallas-Fort Worth,2,1,2026-09-11,State Bar of Texas Member Directory
"Taylor Law Group, PLLC",,,,Plano,TX,Collin,469-786-9823,,Criminal Defense,5960 W Parker Rd Ste 278 PMB 104,75093,Dallas-Fort Worth,5,1,2026-09-11,State Bar of Texas Member Directory
Tellus Group,,,,Plano,TX,Collin,469-532-0685,,Real Estate,5301 Headquarters Dr,75024,Dallas-Fort Worth,2,2,2026-09-11,State Bar of Texas Member Directory; State Bar self-reported website
"Terry D. Criss, Attorney & Counselor at Law",,,,Plano,TX,Collin,972-439-2793,,Civil Litigation,4324 Mapleshade Ln Ste 273,75093,Dallas-Fort Worth,3,1,2026-09-11,State Bar of Texas Member Directory
"The Ahmed Firm, PLLC",https://www.theahmedfirm.com/,,,Plano,TX,Collin,972-934-5858,melissa@theahmedfirm.com,Criminal Defense,555 Republic Dr Ste 300,75074,Dallas-Fort Worth,5,1,2026-09-11,State Bar of Texas Member Directory; State Bar self-reported website
The Barber Law Firm,https://www.thebarberlawfirm.com/,,,Plano,TX,Collin,972-231-5800,,Personal Injury,1751 W Plano Pkwy Ste 100,75075,Dallas-Fort Worth,5,1,2026-09-11,State Bar of Texas Member Directory; Justia
The Barbknecht Firm,,,,Plano,TX,Collin,972-312-1510,,Personal Injury,4217 Grandbrook Ln,75074,Dallas-Fort Worth,5,1,2026-09-11,State Bar of Texas Member Directory
"The Bhatti Law Firm, PLLC",,,,Plano,TX,Collin,214-253-2533,,Personal Injury,5700 Tennyson Pkwy Ste 300,75024,Dallas-Fort Worth,5,2,2026-09-11,State Bar of Texas Member Directory
"The Bird Law Firm, P.C.",,,,Plano,TX,Collin,214-836-5499,,General,5700 Tennyson Parkway Suite 300,75024,Dallas-Fort Worth,4,1,2026-09-11,State Bar of Texas Member Directory
"The Bronson Law Firm, P.C.",,,,Plano,TX,Collin,972-770-2660,,Civil Litigation,555 Republic Dr Ste 550,75074,Dallas-Fort Worth,3,1,2026-09-11,State Bar of Texas Member Directory
The Capelle Law Firm,https://www.capellelaw.com/,,,Plano,TX,Collin,214-387-6040,bjcapelle@gmail.com,Estate Planning,5465 Legacy Dr Ste 650,75024,Dallas-Fort Worth,2,1,2026-09-11,State Bar of Texas Member Directory; State Bar self-reported website
The Cole Law Firm,,,,Plano,TX,Collin,972-735-8412,,General,5851 Legacy Cir Ste 600,75024,Dallas-Fort Worth,4,1,2026-09-11,State Bar of Texas Member Directory; State Bar self-reported website
The De La Garza Law Firm,https://delagarzalaw.com/,,,Plano,TX,Collin,214-740-1708,info@delagarzalaw.com,Criminal Defense,6301 Preston Rd Ste 700,75024,Dallas-Fort Worth,5,2,2026-09-11,State Bar of Texas Member Directory; State Bar self-reported website
The Fan Law Office,https://www.fanlawoffice.com/,,,Plano,TX,Collin,469-629-1376,inquiries@fanlawoffice.com,Estate Planning,5830 Granite Pkwy Ste 100 # 269,75024,Dallas-Fort Worth,2,1,2026-09-11,State Bar of Texas Member Directory; State Bar self-reported website
The Hulse Law Firm,https://www.hulselaw.com/,,,Plano,TX,Collin,972-334-9700,,Personal Injury,5700 Tennyson Pkwy Ste 300,75024,Dallas-Fort Worth,5,1,2026-09-11,State Bar of Texas Member Directory; State Bar self-reported website
The JM Law Group,https://www.thejmlawgroup.com/,,,Plano,TX,Collin,214-646-3253,,Personal Injury,5550 Granite Parkway 145,75024,Dallas-Fort Worth,5,2,2026-09-11,State Bar of Texas Member Directory; State Bar self-reported website
"The Lambert Firm, P.C.",https://lambertfirm.com/,,,Plano,TX,Collin,972-312-0001,,Estate Planning,PO Box 262156,75026,Dallas-Fort Worth,2,1,2026-09-11,State Bar of Texas Member Directory; State Bar self-reported website
"The Law Office of Beverley L. Rogers, PLLC",,,,Plano,TX,Collin,214-649-7685,,Criminal Defense,PO Box 251135,75025,Dallas-Fort Worth,5,1,2026-09-11,State Bar of Texas Member Directory
"The Law Office of Brian Bagley, PLLC",,,,Plano,TX,Collin,972-422-2424,,Estate Planning,701 E 15th St Ste 216,75074,Dallas-Fort Worth,2,1,2026-09-11,State Bar of Texas Member Directory; State Bar self-reported website
The Law Office of Elisse V. Woelfel,,,,Plano,TX,Collin,469-443-6040,,Personal Injury,6275 W. Plano Parkway Suite 500,75093,Dallas-Fort Worth,5,1,2026-09-11,State Bar of Texas Member Directory
"The Law Office of Joel M. Vecchio, P.C.",https://www.vecchioinjurylaw.com/,,,Plano,TX,Collin,972-380-4444,,Personal Injury,101 E Park Blvd Ste 450,75074,Dallas-Fort Worth,5,1,2026-09-11,State Bar of Texas Member Directory; State Bar self-reported website
"The Law Office of Karen M. Meaders, PLLC",,,,Plano,TX,Collin,214-923-3182,,Estate Planning,PO Box 864078,75086,Dallas-Fort Worth,2,1,2026-09-11,State Bar of Texas Member Directory
The Law Office of Mark O'Bryan,https://markobryanlaw.com/,,,Plano,TX,Collin,972-372-4054,,Criminal Defense,3948 Legacy Dr Ste 106 PMB 336,75023,Dallas-Fort Worth,5,1,2026-09-11,State Bar of Texas Member Directory; State Bar self-reported website
The Law Offices Of Phil Burleson Jr.,,,,Plano,TX,Collin,214-908-2567,,General,6860 Dallas Pkwy Ste 200,75024,Dallas-Fort Worth,4,1,2026-09-11,State Bar of Texas Member Directory
"The Law Offices of Stephen C. Christy, P.C.",,,,Plano,TX,Collin,214-620-0969,,Civil Litigation,2501 Meadow Hills Ln,75093,Dallas-Fort Worth,3,1,2026-09-11,State Bar of Texas Member Directory
"The Law offices of Jack M. Kuykendall, P.C.",https://www.jmklaw.net/,,,Plano,TX,Collin,972-989-7140,jmkesq@jmklaw.net,Civil Litigation,5048 Tennyson Pkwy Ste 250,75024,Dallas-Fort Worth,3,1,2026-09-11,State Bar of Texas Member Directory; State Bar self-reported website
The Lawyers Receivership Group,https://lrecg.com/,,,Plano,TX,Collin,214-647-0552,,Criminal Defense,"5700 Tennyson Parkway, Suite 300",75024,Dallas-Fort Worth,5,1,2026-09-11,State Bar of Texas Member Directory; State Bar self-reported website
The McShane Companies,,,,Plano,TX,Collin,214-402-5280,,General,7500 Dallas Parkway Suite 600,75024,Dallas-Fort Worth,4,1,2026-09-11,State Bar of Texas Member Directory; State Bar self-reported website
"The Michelle M. Williams Law Firm, PLLC",https://michellewilliamslaw.com/,,,Plano,TX,Collin,214-748-9800,,General,6275 W Plano Pkwy Ste 500,75093,Dallas-Fort Worth,4,1,2026-09-11,State Bar of Texas Member Directory; State Bar self-reported website
"The Monroe Law Firm, PLLC",https://monroecounsel.com/,,,Plano,TX,Collin,972-619-3588,info@monroecounsel.com,Real Estate,"5700 Tennyson Parkway, Ste. 300",75024,Dallas-Fort Worth,2,1,2026-09-11,State Bar of Texas Member Directory; State Bar self-reported website
The Nevins Law Firm,,,,Plano,TX,Collin,214-668-9395,,Employment Law,4205 Whistler Drive,75093,Dallas-Fort Worth,3,1,2026-09-11,State Bar of Texas Member Directory; State Bar self-reported website
The Ongley Law Firm PLLC,,,,Plano,TX,Collin,469-450-2846,,General,5513 Blackhawk Dr,75093,Dallas-Fort Worth,4,1,2026-09-11,State Bar of Texas Member Directory; State Bar self-reported website
"The Ponce Law Office, P.C.",,,,Plano,TX,Collin,214-484-8175,,Immigration,5700 Tennyson Pkwy Ste 300,75024,Dallas-Fort Worth,2,1,2026-09-11,State Bar of Texas Member Directory; State Bar self-reported website
"The Price Firm, PLLC",https://thepricefirm.com/,,,Plano,TX,Collin,972-335-8222,info@thepricefirm.com,General,5677 W Spring Creek Pkwy Ste 205,75024,Dallas-Fort Worth,4,1,2026-09-11,State Bar of Texas Member Directory; State Bar self-reported website
The Sanderson Law Group,https://www.sanderson.law/,,,Plano,TX,Collin,214-727-8160,admin@sanderson.law,Real Estate,2301 Ohio Dr Ste 250,75093,Dallas-Fort Worth,2,1,2026-09-11,State Bar of Texas Member Directory; State Bar self-reported website
The Steinbach Law Firm,,,,Plano,TX,Collin,972-960-1850,,Personal Injury,6009 W Parker Rd Ste 149-111,75093,Dallas-Fort Worth,5,1,2026-09-11,State Bar of Texas Member Directory
"The Suster Law Group, PLLC",https://www.susterlaw.com/,,,Plano,TX,Collin,972-380-0130,,Civil Litigation,1316 Village Creek Dr Ste 500,75093,Dallas-Fort Worth,3,3,2026-09-11,State Bar of Texas Member Directory; Justia
The Willis Law Group,https://www.thewillislawgroup.com/,,,Plano,TX,Collin,214-736-9453,,Personal Injury,1985 Forest Lane,75042,Dallas-Fort Worth,5,2,2026-09-11,State Bar of Texas Member Directory; State Bar self-reported website
"The Zendeh Del Law Firm, PLLC",https://www.zenlawfirm.com/,,,Plano,TX,Collin,214-919-3600,,Criminal Defense,7600 San Jacinto Pl Ste 200,75024,Dallas-Fort Worth,5,2,2026-09-11,State Bar of Texas Member Directory; State Bar self-reported website
Thomas A. Koza,,,,Plano,TX,Collin,214-244-9749,,General,4601 Saxon Drive,75093,Dallas-Fort Worth,4,1,2026-09-11,State Bar of Texas Member Directory
Thomas S. O'Connell,,,,Plano,TX,Collin,214-762-9148,,Criminal Defense,3108 Midway Rd. Sute 101,75093,Dallas-Fort Worth,5,1,2026-09-11,State Bar of Texas Member Directory
Thomas Sterling Burke,,,,Plano,TX,Collin,972-403-7424,,Civil Litigation,5740 Cedar Grove Cir.,75093,Dallas-Fort Worth,3,1,2026-09-11,State Bar of Texas Member Directory
"Thomas W. Hamrick, Senior Counsel",http://www.tomhamrick.com/,,,Plano,TX,Collin,214-396-7676,hamricklaw@gmail.com,Civil Litigation,8128 Grand Canyon Dr,75025,Dallas-Fort Worth,3,1,2026-09-11,State Bar of Texas Member Directory; State Bar self-reported website
"Thomas W. Kendall, Attorney-at-Law",,,,Plano,TX,Collin,832-414-0504,,General,6709 Greyhawk Circle,75024,Dallas-Fort Worth,4,1,2026-09-11,State Bar of Texas Member Directory
"Tiago Title, LLC",,,,Plano,TX,Collin,973-473-0330,,Real Estate,5345 Towne Square Dr Ste 280,75024,Dallas-Fort Worth,2,1,2026-09-11,State Bar of Texas Member Directory; State Bar self-reported website
Todd Eric Landis,,,,Plano,TX,Collin,,,General,500 Harmon Drive,75075,Dallas-Fort Worth,4,1,2026-09-11,State Bar of Texas Member Directory
Todd W. Shaw,,,,Plano,TX,Collin,,,General,8000 Dominion Pkwy,75024,Dallas-Fort Worth,4,1,2026-09-11,State Bar of Texas Member Directory
Toyota Financial Savings Bank,,,,Plano,TX,Collin,469-486-5587,,General,6565 Headquarters Drive,75024,Dallas-Fort Worth,4,2,2026-09-11,State Bar of Texas Member Directory
"Traveland Law, PLLC",https://travelandlaw.com/,,,Plano,TX,Collin,972-422-5544,,Employment Law,P.O. Box 865057,75086,Dallas-Fort Worth,3,1,2026-09-11,State Bar of Texas Member Directory; State Bar self-reported website
Trevor Theilen Law Office,https://www.trevlaw.com/,,,Plano,TX,Collin,972-528-0153,,Criminal Defense,PO Box 863674,75086,Dallas-Fort Worth,5,1,2026-09-11,State Bar of Texas Member Directory; Justia
"Tromberg, Miller, Morris & Partners, PLLC",,,,Plano,TX,Collin,972-532-0128,,Real Estate,"6080 Tennyson Parkway, Suite 100",75024,Dallas-Fort Worth,2,4,2026-09-11,State Bar of Texas Member Directory
Truman Elbert Coe,,,,Plano,TX,Collin,214-688-1393,,Bankruptcy,4624 Halmark Dr.,75024,Dallas-Fort Worth,2,1,2026-09-11,State Bar of Texas Member Directory
Turner Carrigan Law Office,,,,Plano,TX,Collin,214-764-8373,,General,PO Box 250516,75025,Dallas-Fort Worth,4,2,2026-09-11,State Bar of Texas Member Directory
USPS Law Department - Central,,,,Plano,TX,Collin,972-665-9364,,Employment Law,660 Data Drive,75075,Dallas-Fort Worth,3,1,2026-09-11,State Bar of Texas Member Directory
"Unlimited Labor Solutions, LLC",https://www.unlimitedlabor.net/,,,Plano,TX,Collin,,,Immigration,5601 Democracy Dr Ste 120,75024,Dallas-Fort Worth,2,1,2026-09-11,State Bar of Texas Member Directory; State Bar self-reported website
"Urban Oil & Gas Group, LLC",,,,Plano,TX,Collin,972-543-8825,,General,1000 14th St Ste 300,75074,Dallas-Fort Worth,4,2,2026-09-11,State Bar of Texas Member Directory
VICTORIA BARR LAW,,,,Plano,TX,Collin,214-799-3961,,Criminal Defense,1312 14th St Ste 206,75074,Dallas-Fort Worth,5,1,2026-09-11,State Bar of Texas Member Directory
VINCI Highways Mobility Solutions,,,,Plano,TX,Collin,,,General,5800 Tennyson Pkwy Ste 500,75024,Dallas-Fort Worth,4,1,2026-09-11,State Bar of Texas Member Directory
Vanacour Perkins PLLC,https://www.vanacourperkins.com/,,,Plano,TX,Collin,972-865-6034,info@vanacourperkins.com,Civil Litigation,5700 Tennyson Pkwy Ste 300,75024,Dallas-Fort Worth,3,2,2026-09-11,State Bar of Texas Member Directory; State Bar self-reported website
Vrinda Sharma,,,,Plano,TX,Collin,214-560-5449,,General,5801 Tennyson Pkwy. Suite 440,75024,Dallas-Fort Worth,4,1,2026-09-11,State Bar of Texas Member Directory
Vusion,,,,Plano,TX,Collin,,,General,5101 Tennyson Pkwy,75024,Dallas-Fort Worth,4,1,2026-09-11,State Bar of Texas Member Directory; State Bar self-reported website
WICKES LAW PLLC,https://www.wickeslaw.com/,,,Plano,TX,Collin,972-473-6900,,Personal Injury,5600 Tennyson Pkwy Ste 205,75024,Dallas-Fort Worth,5,1,2026-09-11,State Bar of Texas Member Directory; Justia
Wade Ross Baggette,,,,Plano,TX,Collin,214-571-5638,,Estate Planning,Box 260007,75026,Dallas-Fort Worth,2,1,2026-09-11,State Bar of Texas Member Directory
Walker & Ismail,,,,Plano,TX,Collin,972-769-3000,,Criminal Defense,1400 Gables Ct,75075,Dallas-Fort Worth,5,1,2026-09-11,State Bar of Texas Member Directory; State Bar self-reported website
Walker Law Firm,,,,Plano,TX,Collin,972-867-0663,,Estate Planning,1400 Gables Ct,75075,Dallas-Fort Worth,2,1,2026-09-11,State Bar of Texas Member Directory
Walter Richard Peck,,,,Plano,TX,Collin,972-763-5042,,General,4965 Preston Park Blvd Ste 300,75093,Dallas-Fort Worth,4,1,2026-09-11,State Bar of Texas Member Directory
Weeks Law Firm,https://weekslawfirm.com/,,,Plano,TX,Collin,214-269-4290,info@weekslawfirm.com,Estate Planning,5600 Tennyson Pkwy Ste 105,75024,Dallas-Fort Worth,2,2,2026-09-11,State Bar of Texas Member Directory; State Bar self-reported website
Wei Xu,,,,Plano,TX,Collin,,,Employment Law,3801 Evesham Dr,75025,Dallas-Fort Worth,3,1,2026-09-11,State Bar of Texas Member Directory
Weinberg Law Firm PLLC,https://www.wlfirm.com/,,,Plano,TX,Collin,972-403-3330,jillwlfirm@gmail.com,Employment Law,6425 Willow Creek Dr,75093,Dallas-Fort Worth,3,1,2026-09-11,State Bar of Texas Member Directory; State Bar self-reported website
Wendi Elizabeth Hammond,,,,Plano,TX,Collin,972-746-8540,,General,7801 Alma Dr Ste 105 PMB 167,75025,Dallas-Fort Worth,4,1,2026-09-11,State Bar of Texas Member Directory
Wilder Law Firm,https://wilderfirm.com/,,,Plano,TX,Collin,469-457-4868,,Criminal Defense,5600 Tennyson Pkwy Ste 330,75024,Dallas-Fort Worth,5,2,2026-09-11,State Bar of Texas Member Directory; Justia
"William C. Dvorak, P.C.",,,,Plano,TX,Collin,972-562-0102,,Estate Planning,"5700 Granite Pkwy., Suite 200",75024,Dallas-Fort Worth,2,1,2026-09-11,State Bar of Texas Member Directory
Williams & Thorson,https://www.williamsthorson.com/,,,Plano,TX,Collin,972-226-4900,,Personal Injury,555 Republic Dr Ste 314,75074,Dallas-Fort Worth,5,1,2026-09-11,State Bar of Texas Member Directory; State Bar self-reported website
Winchester & Associates,,,,Plano,TX,Collin,214-423-0000,,Personal Injury,2222 W Spring Creek Pkwy Ste 114,75023,Dallas-Fort Worth,5,1,2026-09-11,State Bar of Texas Member Directory; State Bar self-reported website
Woody Dean Cook,,,,Plano,TX,Collin,214-336-7440,,General,PO Box 260294,75026,Dallas-Fort Worth,4,1,2026-09-11,State Bar of Texas Member Directory
"Yellow Law Group, PC",https://yellow.law/,,,Plano,TX,Collin,201-899-6194,contact@yellow.law,Estate Planning,730 E Park Blvd Ste 100,75074,Dallas-Fort Worth,2,1,2026-09-11,State Bar of Texas Member Directory; Justia
Yum! Brands,,,,Plano,TX,Collin,,,Employment Law,7100 Corporate Dr,75024,Dallas-Fort Worth,3,2,2026-09-11,State Bar of Texas Member Directory
Zoubi Law PLLC,,,,Plano,TX,Collin,214-506-0440,,Employment Law,5851 Legacy Cir Ste 600,75024,Dallas-Fort Worth,3,1,2026-09-11,State Bar of Texas Member Directory
Jody Wynne Sutherland,,,,Princeton,TX,Collin,214-578-6498,,Civil Litigation,109 Yorkshire Dr,75407,Dallas-Fort Worth,3,1,2026-09-11,State Bar of Texas Member Directory
"Leal-Calandra Legal, PLLC",,,,Princeton,TX,Collin,214-764-6424,,Personal Injury,123 W Princeton Dr Ste 200,75407,Dallas-Fort Worth,5,1,2026-09-11,State Bar of Texas Member Directory
Leland Ray Caldwell,,,,Princeton,TX,Collin,972-369-7979,,Criminal Defense,2295 County Road 494,75407,Dallas-Fort Worth,5,1,2026-09-11,State Bar of Texas Member Directory
Marlo Antwon Obera,,,,Princeton,TX,Collin,469-751-8622,,General,PO Box 1082,75407,Dallas-Fort Worth,4,1,2026-09-11,State Bar of Texas Member Directory
Patrick Andrew Hoffman,,,,Princeton,TX,Collin,469-774-4022,,Estate Planning,8032 County Road 436,75407,Dallas-Fort Worth,2,1,2026-09-11,State Bar of Texas Member Directory
"Rita N. Bacon, Attorney at Law",,,,Princeton,TX,Collin,214-673-2355,,Criminal Defense,621 E Princeton Dr Unit 175,75407,Dallas-Fort Worth,5,1,2026-09-11,State Bar of Texas Member Directory
+Law Offices of Ronald R. Cresswell,,,,Prosper,TX,Collin,214-762-7256,,Estate Planning,1021 White Crest Ln,75078,Dallas-Fort Worth,2,1,2026-09-11,State Bar of Texas Member Directory
A.R. Midkiff Law,,,,Prosper,TX,Collin,,,Real Estate,PO Box 851,75078,Dallas-Fort Worth,2,1,2026-09-11,State Bar of Texas Member Directory; State Bar self-reported website
Caitlyn Lauren Goodwin,,,,Prosper,TX,Collin,,,Civil Litigation,608 E. 1st Street,75078,Dallas-Fort Worth,3,1,2026-09-11,State Bar of Texas Member Directory
Charles A. Stokes,,,,Prosper,TX,Collin,469-348-6149,,General,PO Box 117,75078,Dallas-Fort Worth,4,1,2026-09-11,State Bar of Texas Member Directory
Clay Petroleum,,,,Prosper,TX,Collin,806-282-8415,,General,2140 Elm Terrace Ln,75078,Dallas-Fort Worth,4,1,2026-09-11,State Bar of Texas Member Directory
Corey L. Cheek,,,,Prosper,TX,Collin,214-674-8063,,Personal Injury,2801 Vista View Ln,75078,Dallas-Fort Worth,5,1,2026-09-11,State Bar of Texas Member Directory
Courtney Michelle Domel,,,,Prosper,TX,Collin,,,Immigration,3770 Blue Sage Drive,75078,Dallas-Fort Worth,2,1,2026-09-11,State Bar of Texas Member Directory
"Crowder Legal Services, LLC.",https://crowderlawtx.com/,,,Prosper,TX,Collin,214-908-7384,,Criminal Defense,PO Box 518,75078,Dallas-Fort Worth,5,1,2026-09-11,State Bar of Texas Member Directory; State Bar self-reported website
Eric E. Bensen,https://www.ericbensen.com/,,,Prosper,TX,Collin,917-817-7084,ericbensen@me.com,General,280 Aurora Way,75078,Dallas-Fort Worth,4,1,2026-09-11,State Bar of Texas Member Directory; State Bar self-reported website
Grenier Law Firm,https://grenierlawfirm.com/,,,Prosper,TX,Collin,877-622-5840,,Employment Law,PO Box 1491,75078,Dallas-Fort Worth,3,2,2026-09-11,State Bar of Texas Member Directory; State Bar self-reported website
IREN,,,,Prosper,TX,Collin,972-955-3201,,Real Estate,2520 Misty Meadow Dr,75078,Dallas-Fort Worth,2,1,2026-09-11,State Bar of Texas Member Directory
Keith D. Becker,https://www.attorneybecker.com/,,,Prosper,TX,Collin,469-296-8200,keith@attorneybecker.com,General,291 S Preston Rd Ste 1140,75078,Dallas-Fort Worth,4,1,2026-09-11,State Bar of Texas Member Directory; Justia
Kelley Clarke PC,https://kelleyclarkelaw.com,,,Prosper,TX,Collin,972-253-4440,info@kelleyclarke.com,Real Estate,603 E Broadway St,75078,Dallas-Fort Worth,2,6,2026-09-11,State Bar of Texas Member Directory; State Bar self-reported website
Law Office of Frank G. Alfano,,,,Prosper,TX,Collin,205-515-6134,,General,3741 Marigold Lane,75078,Dallas-Fort Worth,4,1,2026-09-11,State Bar of Texas Member Directory; State Bar self-reported website
"Law Office of Matt Hurt, PLLC",http://matthurtlaw.com/,,,Prosper,TX,Collin,214-305-5055,,Real Estate,"321 N. Preston Road, Suite A",75078,Dallas-Fort Worth,2,2,2026-09-11,State Bar of Texas Member Directory; State Bar self-reported website
Law Offices of Arthur K. Smith,,,,Prosper,TX,Collin,,,Personal Injury,6604 Preston Country Ln,75078,Dallas-Fort Worth,5,1,2026-09-11,State Bar of Texas Member Directory; State Bar self-reported website
Low Swinney Evans & James,,,,Prosper,TX,Collin,512-379-5800,,General,1221 Monticello dr.,75078,Dallas-Fort Worth,4,1,2026-09-11,State Bar of Texas Member Directory; State Bar self-reported website
Medtronic,,,,Prosper,TX,Collin,303-513-2981,,General,1311 Blue Forest Dr,75078,Dallas-Fort Worth,4,1,2026-09-11,State Bar of Texas Member Directory
Mickey Fox PLLC,https://www.mickeyfox.com/,,,Prosper,TX,Collin,972-838-5438,,Civil Litigation,130 N Preston Rd Ste 107,75078,Dallas-Fort Worth,3,1,2026-09-11,State Bar of Texas Member Directory; State Bar self-reported website
Montgomery Legal,https://mlegaltx.com/,,,Prosper,TX,Collin,214-432-6100,,General,PO Box 231,75078,Dallas-Fort Worth,4,1,2026-09-11,State Bar of Texas Member Directory; Justia
Ronnie R. Brazell,,,,Prosper,TX,Collin,,,Employment Law,PO Box 1087,75078,Dallas-Fort Worth,3,1,2026-09-11,State Bar of Texas Member Directory
Rudd Legal PLLC,https://www.ruddlegal.com/,,,Prosper,TX,Collin,469-481-7727,,General,307 E 1st St Ste 10,75078,Dallas-Fort Worth,4,2,2026-09-11,State Bar of Texas Member Directory; State Bar self-reported website
SPX FLOW,,,,Prosper,TX,Collin,,,General,4620 Liberty Drive,75078,Dallas-Fort Worth,4,1,2026-09-11,State Bar of Texas Member Directory
Sam L. Moffett,,,,Prosper,TX,Collin,,,Real Estate,PO Box 1256,75078,Dallas-Fort Worth,2,1,2026-09-11,State Bar of Texas Member Directory
Sewell Sewell Beard LLC,https://sewellbeard.com/,,,Prosper,TX,Collin,972-777-5390,,Civil Litigation,290 S Preston Rd Ste 340,75078,Dallas-Fort Worth,3,5,2026-09-11,State Bar of Texas Member Directory; State Bar self-reported website
"The Celeste Law Firm, PLLC",,,,Prosper,TX,Collin,214-272-2491,,Estate Planning,PO Box 1521,75078,Dallas-Fort Worth,2,1,2026-09-11,State Bar of Texas Member Directory
"The Greg Hall Law Firm, PLLC",,,,Prosper,TX,Collin,214-766-6005,,Civil Litigation,290 S Preston Rd Ste 300,75078,Dallas-Fort Worth,3,1,2026-09-11,State Bar of Texas Member Directory
The Law Offices of James Angelino,https://jamesangelino.com/,,,Prosper,TX,Collin,214-310-9196,your@email,Criminal Defense,670 N Preston Road,75078,Dallas-Fort Worth,5,1,2026-09-11,State Bar of Texas Member Directory; State Bar self-reported website
The Lucio Law Firm,https://www.dallasdivorceattorney.com/,,,Prosper,TX,Collin,972-664-1511,,General,PO Box 1698,75078,Dallas-Fort Worth,4,1,2026-09-11,State Bar of Texas Member Directory; State Bar self-reported website
Wade Travis Kricken,,,,Prosper,TX,Collin,,,General,4261 E University Dr PMB 30-261,75078,Dallas-Fort Worth,4,1,2026-09-11,State Bar of Texas Member Directory
"Yates Law Group, PLLC",https://yateslg.com/,,,Prosper,TX,Collin,214-281-8000,jeff@yateslg.com,Civil Litigation,"290 S. Preston Road, Suite 300",75078,Dallas-Fort Worth,3,1,2026-09-11,State Bar of Texas Member Directory; State Bar self-reported website
"Law Office of Vaniecy S. Nwigwe, PLLC",,,,Sachse,TX,Collin,214-878-2437,,General,5250 Highway 78 Ste 750 PMB 108,75048,Dallas-Fort Worth,4,1,2026-09-11,State Bar of Texas Member Directory
"Barnett Information Technology Law, PLLC",,,,Wylie,TX,Collin,121-476-2797,,General,809 Woodbridge Pkwy Ste 500 PMB 200,75098,Dallas-Fort Worth,4,1,2026-09-11,State Bar of Texas Member Directory
CloudHQ LLC,,,,Wylie,TX,Collin,214-790-8141,,Real Estate,3605 Nancy Dr,75098,Dallas-Fort Worth,2,1,2026-09-11,State Bar of Texas Member Directory
"J. Kent Newsom, PC",,,,Wylie,TX,Collin,972-442-3541,,Real Estate,250 S Highway 78,75098,Dallas-Fort Worth,2,1,2026-09-11,State Bar of Texas Member Directory
"Jon T, Oden, P.C.",https://trustplanwill.com/,,,Wylie,TX,Collin,972-429-4032,,Estate Planning,3307 Francis Dr,75098,Dallas-Fort Worth,2,1,2026-09-11,State Bar of Texas Member Directory; State Bar self-reported website
Julia Handt,,,,Wylie,TX,Collin,,,General,3901 Osage Lane,75098,Dallas-Fort Worth,4,1,2026-09-11,State Bar of Texas Member Directory
"Law Office of Deborah L. Matern, P.C.",http://www.wylieattorney.com/,,,Wylie,TX,Collin,972-442-5700,dmatern@wylieattorney.com,Estate Planning,PO Box 2213,75098,Dallas-Fort Worth,2,1,2026-09-11,State Bar of Texas Member Directory; State Bar self-reported website
"Pace & McSwain, PLLC",https://www.wylielegal.com/,,,Wylie,TX,Collin,469-626-9871,,Criminal Defense,108 S Jackson Ave Ste 207,75098,Dallas-Fort Worth,5,1,2026-09-11,State Bar of Texas Member Directory; State Bar self-reported website
Pamela Ann King Wells,,,,Wylie,TX,Collin,469-371-2523,,Estate Planning,111 Martin,75098,Dallas-Fort Worth,2,1,2026-09-11,State Bar of Texas Member Directory
"Pulliam Law, PLLC",https://pulliamlegal.com/,,,Wylie,TX,Collin,972-295-2336,info@pulliamlegal.com,Employment Law,303 S Jackson Ave Ste 100,75098,Dallas-Fort Worth,3,1,2026-09-11,State Bar of Texas Member Directory; State Bar self-reported website
Susan Von Stein,,,,Wylie,TX,Collin,,,General,303 Seis Lagos Trl,75098,Dallas-Fort Worth,4,1,2026-09-11,State Bar of Texas Member Directory
The Law Office Of Grant S Goens Pllc,https://goenslaw.com/,,,Wylie,TX,Collin,469-479-3518,,Civil Litigation,PO Box 707,75098,Dallas-Fort Worth,3,1,2026-09-11,State Bar of Texas Member Directory; State Bar self-reported website
"The Law Office of Donna M. Hoffmann, Pll",,,,Wylie,TX,Collin,972-890-6031,,Criminal Defense,716 Pickwick Ln,75098,Dallas-Fort Worth,5,1,2026-09-11,State Bar of Texas Member Directory
