law_firm_name,website,google_business_profile,legal_directory_listing,city,state,county,phone_number,email,practice_area,street_address,zip_code,msa,priority,number_of_lawyers,date_pulled,source
ABGi USA,,,,,TX,Fort Bend,,,General,,,Houston,4,1,2026-09-13,State Bar of Texas Member Directory
"AR Patel & Associates, PC",,,,,TX,Fort Bend,713-927-7290,,General,,,Houston,4,1,2026-09-13,State Bar of Texas Member Directory
Aaron J. Lott,,,,,TX,Fort Bend,,,General,,,Houston,4,1,2026-09-13,State Bar of Texas Member Directory
Afamefuna Ikenna Pride Okeke,,,,,TX,Fort Bend,,,Civil Litigation,,,Houston,3,1,2026-09-13,State Bar of Texas Member Directory
Agustin Mora Bowen,,,,,TX,Fort Bend,,,General,,,Houston,4,1,2026-09-13,State Bar of Texas Member Directory
Akerman LLP,,,,,TX,Fort Bend,,,General,,,Houston,4,1,2026-09-13,State Bar of Texas Member Directory
Aldoluis Mikajell Cantu Rauda,,,,,TX,Fort Bend,,,General,,,Houston,4,1,2026-09-13,State Bar of Texas Member Directory
"Aldridge Pite, LLP",,,,,TX,Fort Bend,908-208-0214,,Personal Injury,,,Houston,5,1,2026-09-13,State Bar of Texas Member Directory
Alexander B. Hu,,,,,TX,Fort Bend,,,General,,,Houston,4,1,2026-09-13,State Bar of Texas Member Directory
Alexander Van Sims,,,,,TX,Fort Bend,,,General,,,Houston,4,1,2026-09-13,State Bar of Texas Member Directory
Alexandra Daniela Villalon,,,,,TX,Fort Bend,,,Criminal Defense,,,Houston,5,1,2026-09-13,State Bar of Texas Member Directory
Ali Abbas,,,,,TX,Fort Bend,,,General,,,Houston,4,1,2026-09-13,State Bar of Texas Member Directory
Ali Asir Dhukka,,,,,TX,Fort Bend,,,General,,,Houston,4,1,2026-09-13,State Bar of Texas Member Directory
Ali Sohani,,,,,TX,Fort Bend,,,Estate Planning,,,Houston,2,1,2026-09-13,State Bar of Texas Member Directory
Allison Nicole Toliver,,,,,TX,Fort Bend,,,General,,,Houston,4,1,2026-09-13,State Bar of Texas Member Directory
Allison Rae Lammers,,,,,TX,Fort Bend,713-296-4782,,General,,,Houston,4,1,2026-09-13,State Bar of Texas Member Directory
Alton D. Holmes,,,,,TX,Fort Bend,,,General,,,Houston,4,1,2026-09-13,State Bar of Texas Member Directory
Amanda Mae Longtin,,,,,TX,Fort Bend,,,General,,,Houston,4,1,2026-09-13,State Bar of Texas Member Directory
Amar Mahesh Patel,,,,,TX,Fort Bend,,,General,,,Houston,4,1,2026-09-13,State Bar of Texas Member Directory
Amber Taliah Orr,,,,,TX,Fort Bend,,,General,,,Houston,4,1,2026-09-13,State Bar of Texas Member Directory
Ambria Wilmore,,,,,TX,Fort Bend,,,Real Estate,,,Houston,2,1,2026-09-13,State Bar of Texas Member Directory
Ami Vasant Patel,,,,,TX,Fort Bend,713-962-7617,,General,,,Houston,4,1,2026-09-13,State Bar of Texas Member Directory
Amrin A. Rehman,,,,,TX,Fort Bend,,,General,,,Houston,4,1,2026-09-13,State Bar of Texas Member Directory
Anaam Majid Butt,,,,,TX,Fort Bend,,,Immigration,,,Houston,2,1,2026-09-13,State Bar of Texas Member Directory
Andrei Fumurescu,,,,,TX,Fort Bend,,,General,,,Houston,4,1,2026-09-13,State Bar of Texas Member Directory
Andrew Kyle Shadowens,,,,,TX,Fort Bend,,,General,,,Houston,4,1,2026-09-13,State Bar of Texas Member Directory
Andrew Paul Kulha,,,,,TX,Fort Bend,713-597-5998,,General,,,Houston,4,1,2026-09-13,State Bar of Texas Member Directory
Andrew William Robbins,,,,,TX,Fort Bend,,,General,,,Houston,4,1,2026-09-13,State Bar of Texas Member Directory
Angela Lynn Moore,,,,,TX,Fort Bend,,,General,,,Houston,4,1,2026-09-13,State Bar of Texas Member Directory
Angelica G. Johnson,,,,,TX,Fort Bend,,,Criminal Defense,,,Houston,5,1,2026-09-13,State Bar of Texas Member Directory; State Bar self-reported website
Anjali Jawahar Baxi,,,,,TX,Fort Bend,,,General,,,Houston,4,1,2026-09-13,State Bar of Texas Member Directory
Ann K. Thomas,,,,,TX,Fort Bend,,,Personal Injury,,,Houston,5,1,2026-09-13,State Bar of Texas Member Directory
Anthony R. Garcia,,,,,TX,Fort Bend,,,General,,,Houston,4,1,2026-09-13,State Bar of Texas Member Directory
Antoinette Frazho,,,,,TX,Fort Bend,517-327-6979,,Personal Injury,,,Houston,5,1,2026-09-13,State Bar of Texas Member Directory; State Bar self-reported website
April Hollins Gamble,,,,,TX,Fort Bend,202-512-8669,,General,,,Houston,4,1,2026-09-13,State Bar of Texas Member Directory
Apurva Lakshmi Swami,,,,,TX,Fort Bend,,,Criminal Defense,,,Houston,5,1,2026-09-13,State Bar of Texas Member Directory
Ardis Nicole Marshall,,,,,TX,Fort Bend,,,General,,,Houston,4,1,2026-09-13,State Bar of Texas Member Directory
Armon Ali Mehrinfar,,,,,TX,Fort Bend,713-490-4013,,Personal Injury,,,Houston,5,1,2026-09-13,State Bar of Texas Member Directory
Arshin Faridifar,,,,,TX,Fort Bend,281-546-4767,,General,,,Houston,4,1,2026-09-13,State Bar of Texas Member Directory
Arwa Naser Awad,,,,,TX,Fort Bend,,,General,,,Houston,4,1,2026-09-13,State Bar of Texas Member Directory
Asad Jhangir Gaddi,,,,,TX,Fort Bend,,,Criminal Defense,,,Houston,5,1,2026-09-13,State Bar of Texas Member Directory
Asha Antonia Hayes,,,,,TX,Fort Bend,,,Immigration,,,Houston,2,1,2026-09-13,State Bar of Texas Member Directory
Ashley Marianne Thomas,,,,,TX,Fort Bend,,,General,,,Houston,4,1,2026-09-13,State Bar of Texas Member Directory
Ata Hindi,,,,,TX,Fort Bend,,,General,,,Houston,4,1,2026-09-13,State Bar of Texas Member Directory
Austin Buck Weinle,,,,,TX,Fort Bend,,,General,,,Houston,4,1,2026-09-13,State Bar of Texas Member Directory
Austin Taylor Hubbert,,,,,TX,Fort Bend,,,General,,,Houston,4,1,2026-09-13,State Bar of Texas Member Directory
Axiom,https://www.axiomlaw.com/,,,,TX,Fort Bend,,,Real Estate,,,Houston,2,1,2026-09-13,State Bar of Texas Member Directory; State Bar self-reported website
Aya Mahjoub,,,,,TX,Fort Bend,,,Immigration,,,Houston,2,1,2026-09-13,State Bar of Texas Member Directory
Ayesha Mohiuddin,,,,,TX,Fort Bend,,,General,,,Houston,4,1,2026-09-13,State Bar of Texas Member Directory
Aysegul Eryilmaz Williams,,,,,TX,Fort Bend,,,General,,,Houston,4,1,2026-09-13,State Bar of Texas Member Directory
Azubike Nnamdi Anyaoku,,,,,TX,Fort Bend,,,General,,,Houston,4,1,2026-09-13,State Bar of Texas Member Directory
BWC Terminals,,,,,TX,Fort Bend,832-277-3242,,General,,,Houston,4,1,2026-09-13,State Bar of Texas Member Directory
Barry Louis Jones,,,,,TX,Fort Bend,713-816-4792,,Criminal Defense,,,Houston,5,1,2026-09-13,State Bar of Texas Member Directory
Bellale Del Valle Lara Guerrero,,,,,TX,Fort Bend,,,General,,,Houston,4,1,2026-09-13,State Bar of Texas Member Directory
Benjamin Chet Barkley,,,,,TX,Fort Bend,512-463-1176,,General,,,Houston,4,1,2026-09-13,State Bar of Texas Member Directory
Benjamin Mark Pei,,,,,TX,Fort Bend,,,General,,,Houston,4,1,2026-09-13,State Bar of Texas Member Directory
"Best Best & Krieger, LLP",https://bbklaw.com/,,,,TX,Fort Bend,202-370-5334,whitney.murray@bbklaw.com,Real Estate,,,Houston,2,1,2026-09-13,State Bar of Texas Member Directory; State Bar self-reported website
Bethany Ann Payne,,,,,TX,Fort Bend,,,General,,,Houston,4,1,2026-09-13,State Bar of Texas Member Directory
Bhakti Kirtan Vaghela,,,,,TX,Fort Bend,,,General,,,Houston,4,1,2026-09-13,State Bar of Texas Member Directory
"Big Enrichment, L.L.C.",,,,,TX,Fort Bend,,,Personal Injury,,,Houston,5,1,2026-09-13,State Bar of Texas Member Directory
Billy Joe Fair,,,,,TX,Fort Bend,,,General,,,Houston,4,1,2026-09-13,State Bar of Texas Member Directory
Blake Adam Wood,,,,,TX,Fort Bend,,,General,,,Houston,4,1,2026-09-13,State Bar of Texas Member Directory
Blank Rome LLP,,,,,TX,Fort Bend,713-815-3325,,General,,,Houston,4,1,2026-09-13,State Bar of Texas Member Directory
Blesson Mathews,,,,,TX,Fort Bend,,,General,,,Houston,4,1,2026-09-13,State Bar of Texas Member Directory
Blessy J. Varghese,,,,,TX,Fort Bend,,,General,,,Houston,4,1,2026-09-13,State Bar of Texas Member Directory
Bodson Environmental Law and Science,,,,,TX,Fort Bend,832-882-1657,,Real Estate,,,Houston,2,1,2026-09-13,State Bar of Texas Member Directory
Bora Yalimer,,,,,TX,Fort Bend,,,General,,,Houston,4,1,2026-09-13,State Bar of Texas Member Directory
Bostic Legal Group,,,,,TX,Fort Bend,214-356-1250,,Employment Law,,,Houston,3,1,2026-09-13,State Bar of Texas Member Directory
Bradford Brendt Rossi,,,,,TX,Fort Bend,,,General,,,Houston,4,1,2026-09-13,State Bar of Texas Member Directory; State Bar self-reported website
Brandt Eric Schneider,,,,,TX,Fort Bend,,,General,,,Houston,4,1,2026-09-13,State Bar of Texas Member Directory
Breonna Nicole Hurt,,,,,TX,Fort Bend,,,General,,,Houston,4,1,2026-09-13,State Bar of Texas Member Directory
Brian Christopher Koeppen,,,,,TX,Fort Bend,,,General,,,Houston,4,1,2026-09-13,State Bar of Texas Member Directory
Brian Jordan,,,,,TX,Fort Bend,,,General,,,Houston,4,1,2026-09-13,State Bar of Texas Member Directory
Britt Key Davis,,,,,TX,Fort Bend,,,General,,,Houston,4,1,2026-09-13,State Bar of Texas Member Directory
Brittney A. Robinson,,,,,TX,Fort Bend,,,General,,,Houston,4,1,2026-09-13,State Bar of Texas Member Directory
Brittnie Shonta Reeves,,,,,TX,Fort Bend,,,General,,,Houston,4,1,2026-09-13,State Bar of Texas Member Directory
Brooke Alysse Knight,,,,,TX,Fort Bend,,,General,,,Houston,4,1,2026-09-13,State Bar of Texas Member Directory
Camille Rae Joson,,,,,TX,Fort Bend,,,General,,,Houston,4,1,2026-09-13,State Bar of Texas Member Directory
Canetta Ivy Reid,,,,,TX,Fort Bend,,,Workers' Compensation,,,Houston,5,1,2026-09-13,State Bar of Texas Member Directory
Carmen Alicia Patino Urdaneta,,,,,TX,Fort Bend,,,General,,,Houston,4,1,2026-09-13,State Bar of Texas Member Directory
Carol Saliba,,,,,TX,Fort Bend,,,General,,,Houston,4,1,2026-09-13,State Bar of Texas Member Directory
Carol Vivian Bevan,,,,,TX,Fort Bend,,,General,,,Houston,4,1,2026-09-13,State Bar of Texas Member Directory
Casandra Valmond Moore,,,,,TX,Fort Bend,,,General,,,Houston,4,1,2026-09-13,State Bar of Texas Member Directory
Cassidy Lee Irwin,,,,,TX,Fort Bend,,,General,,,Houston,4,1,2026-09-13,State Bar of Texas Member Directory
Catherine C. Ngene,,,,,TX,Fort Bend,,,General,,,Houston,4,1,2026-09-13,State Bar of Texas Member Directory
Cecilia Gweneyette Broussard,,,,,TX,Fort Bend,,,General,,,Houston,4,1,2026-09-13,State Bar of Texas Member Directory
Chako Tomas Perez,,,,,TX,Fort Bend,,,Employment Law,,,Houston,3,1,2026-09-13,State Bar of Texas Member Directory
Chandra Beene,,,,,TX,Fort Bend,,,General,,,Houston,4,1,2026-09-13,State Bar of Texas Member Directory
Chansonique Alyse Rutherford,,,,,TX,Fort Bend,832-723-9241,,General,,,Houston,4,1,2026-09-13,State Bar of Texas Member Directory
Charles William Christmas,,,,,TX,Fort Bend,,,Estate Planning,,,Houston,2,1,2026-09-13,State Bar of Texas Member Directory; State Bar self-reported website
Charlotte Diane Floeck,,,,,TX,Fort Bend,,,General,,,Houston,4,1,2026-09-13,State Bar of Texas Member Directory
Chase Bowman,,,,,TX,Fort Bend,,,General,,,Houston,4,1,2026-09-13,State Bar of Texas Member Directory
Chasity Arnesia Henry,,,,,TX,Fort Bend,,,Civil Litigation,,,Houston,3,1,2026-09-13,State Bar of Texas Member Directory
Chidi Umez,,,,,TX,Fort Bend,,,General,,,Houston,4,1,2026-09-13,State Bar of Texas Member Directory
Chisom Chinenye Amanchukwu,,,,,TX,Fort Bend,,,General,,,Houston,4,1,2026-09-13,State Bar of Texas Member Directory
Chloe Dixon,,,,,TX,Fort Bend,,,General,,,Houston,4,1,2026-09-13,State Bar of Texas Member Directory
Christina Marisa Brown,,,,,TX,Fort Bend,,,General,,,Houston,4,1,2026-09-13,State Bar of Texas Member Directory
Christina Sara Thomas,,,,,TX,Fort Bend,832-723-0826,,General,,,Houston,4,1,2026-09-13,State Bar of Texas Member Directory
Christopher Conry Law,https://conrylaw.com/,,,,TX,Fort Bend,972-510-7124,,Civil Litigation,,,Houston,3,1,2026-09-13,State Bar of Texas Member Directory; State Bar self-reported website
Christopher Lee Bowen,,,,,TX,Fort Bend,,,Personal Injury,,,Houston,5,1,2026-09-13,State Bar of Texas Member Directory
Christopher Lee Wang,,,,,TX,Fort Bend,832-398-0114,,General,,,Houston,4,1,2026-09-13,State Bar of Texas Member Directory
Christopher Nabzdyk,,,,,TX,Fort Bend,,,General,,,Houston,4,1,2026-09-13,State Bar of Texas Member Directory
Christopher Nathaniel Glueck,,,,,TX,Fort Bend,,,General,,,Houston,4,1,2026-09-13,State Bar of Texas Member Directory
Christopher Robert Sabbagh,,,,,TX,Fort Bend,,,General,,,Houston,4,1,2026-09-13,State Bar of Texas Member Directory
Claudia Isabel Oviedo,,,,,TX,Fort Bend,,,Immigration,,,Houston,2,1,2026-09-13,State Bar of Texas Member Directory
Claudia Zavaleta Eubanks,,,,,TX,Fort Bend,,,Estate Planning,,,Houston,2,1,2026-09-13,State Bar of Texas Member Directory
Cole Loren Popham,,,,,TX,Fort Bend,,,General,,,Houston,4,1,2026-09-13,State Bar of Texas Member Directory
Colten M. Clarke,,,,,TX,Fort Bend,,,Civil Litigation,,,Houston,3,1,2026-09-13,State Bar of Texas Member Directory; State Bar self-reported website
Conley Rose PC,,,,,TX,Fort Bend,512-656-6193,,General,,,Houston,4,1,2026-09-13,State Bar of Texas Member Directory
Courtney Nicole Taylor,,,,,TX,Fort Bend,,,General,,,Houston,4,1,2026-09-13,State Bar of Texas Member Directory
Courtney P. Starzec,,,,,TX,Fort Bend,,,General,,,Houston,4,1,2026-09-13,State Bar of Texas Member Directory
Crystal Keron Ramswarup,,,,,TX,Fort Bend,,,General,,,Houston,4,1,2026-09-13,State Bar of Texas Member Directory
Cuong Lam Nguyen,,,,,TX,Fort Bend,,,General,,,Houston,4,1,2026-09-13,State Bar of Texas Member Directory; State Bar self-reported website
Cye James Fischer,,,,,TX,Fort Bend,,,General,,,Houston,4,1,2026-09-13,State Bar of Texas Member Directory
Cynthia Chidiogo Offordile,,,,,TX,Fort Bend,,,Estate Planning,,,Houston,2,1,2026-09-13,State Bar of Texas Member Directory
Cynthia Chidubem Odika,,,,,TX,Fort Bend,,,General,,,Houston,4,1,2026-09-13,State Bar of Texas Member Directory
D. Craig Landin,,,,,TX,Fort Bend,713-254-5012,,General,,,Houston,4,1,2026-09-13,State Bar of Texas Member Directory
"DK Law, PLLC",https://thedklawfirm.com/,,,,TX,Fort Bend,281-402-8856,,Personal Injury,,,Houston,5,1,2026-09-13,State Bar of Texas Member Directory; State Bar self-reported website
Daniel Desmond Stavinoha,,,,,TX,Fort Bend,,,General,,,Houston,4,1,2026-09-13,State Bar of Texas Member Directory
Daniel Marcelo Elustondo,,,,,TX,Fort Bend,,,General,,,Houston,4,1,2026-09-13,State Bar of Texas Member Directory
Daniel Prescott McManus,,,,,TX,Fort Bend,,,Personal Injury,,,Houston,5,1,2026-09-13,State Bar of Texas Member Directory
Darren Michael Bender,,,,,TX,Fort Bend,,,General,,,Houston,4,1,2026-09-13,State Bar of Texas Member Directory
Daryl Gene Aaron,,,,,TX,Fort Bend,832-683-6422,,General,,,Houston,4,1,2026-09-13,State Bar of Texas Member Directory
David A. Forson,,,,,TX,Fort Bend,,,General,,,Houston,4,1,2026-09-13,State Bar of Texas Member Directory
David James Bolen,,,,,TX,Fort Bend,,,General,,,Houston,4,1,2026-09-13,State Bar of Texas Member Directory
Davis Trent Taylor,,,,,TX,Fort Bend,281-840-9803,,General,,,Houston,4,1,2026-09-13,State Bar of Texas Member Directory
Dawn Elizabeth Allison,,,,,TX,Fort Bend,,,Criminal Defense,,,Houston,5,1,2026-09-13,State Bar of Texas Member Directory
De'Andrea Lynne Taylor,,,,,TX,Fort Bend,,,General,,,Houston,4,1,2026-09-13,State Bar of Texas Member Directory
Deja Rena Cutno Morton,,,,,TX,Fort Bend,,,General,,,Houston,4,1,2026-09-13,State Bar of Texas Member Directory
Demetrius K. Bivins,,,,,TX,Fort Bend,,,General,,,Houston,4,1,2026-09-13,State Bar of Texas Member Directory
Demetrius K. Bivins,,,,,TX,Fort Bend,,,General,,,Houston,4,1,2026-09-13,State Bar of Texas Member Directory
Department Homeland Security,,,,,TX,Fort Bend,,,General,,,Houston,4,1,2026-09-13,State Bar of Texas Member Directory
Destiny Shadelhia Wesley,,,,,TX,Fort Bend,,,Estate Planning,,,Houston,2,1,2026-09-13,State Bar of Texas Member Directory
Devin Shawn Edwards,,,,,TX,Fort Bend,281-642-8297,,Civil Litigation,,,Houston,3,1,2026-09-13,State Bar of Texas Member Directory
Donnell Colbert,,,,,TX,Fort Bend,,,General,,,Houston,4,1,2026-09-13,State Bar of Texas Member Directory
Douglas Clayton Muth,,,,,TX,Fort Bend,,,Personal Injury,,,Houston,5,1,2026-09-13,State Bar of Texas Member Directory
Ebony Jeanice Young,,,,,TX,Fort Bend,,,Personal Injury,,,Houston,5,1,2026-09-13,State Bar of Texas Member Directory
Edward Anthony Fox,,,,,TX,Fort Bend,,,General,,,Houston,4,1,2026-09-13,State Bar of Texas Member Directory
Edward Earl Abels,,,,,TX,Fort Bend,,,General,,,Houston,4,1,2026-09-13,State Bar of Texas Member Directory
Efe Jeff Umaka,,,,,TX,Fort Bend,,,Bankruptcy,,,Houston,2,1,2026-09-13,State Bar of Texas Member Directory
Ekundayo Seton,,,,,TX,Fort Bend,,,General,,,Houston,4,1,2026-09-13,State Bar of Texas Member Directory
Elaine Ingrid Pascual Miller,,,,,TX,Fort Bend,,,Immigration,,,Houston,2,1,2026-09-13,State Bar of Texas Member Directory
Eliane Ryder,,,,,TX,Fort Bend,,,General,,,Houston,4,1,2026-09-13,State Bar of Texas Member Directory
Elicia Renee Day,,,,,TX,Fort Bend,800-517-4360,,Real Estate,,,Houston,2,1,2026-09-13,State Bar of Texas Member Directory
Elizabeth Audrey Fawthrop Beatty,,,,,TX,Fort Bend,,,General,,,Houston,4,1,2026-09-13,State Bar of Texas Member Directory
Elizabeth Jaunita Lockett,,,,,TX,Fort Bend,,,Estate Planning,,,Houston,2,1,2026-09-13,State Bar of Texas Member Directory
Elizabeth Marie Hanna,,,,,TX,Fort Bend,,,General,,,Houston,4,1,2026-09-13,State Bar of Texas Member Directory
Elizabeth Nana Simo,,,,,TX,Fort Bend,,,General,,,Houston,4,1,2026-09-13,State Bar of Texas Member Directory
Elizabeth Painter Volmert,,,,,TX,Fort Bend,,,Personal Injury,,,Houston,5,1,2026-09-13,State Bar of Texas Member Directory
Elysia Susanna Garcia,,,,,TX,Fort Bend,,,General,,,Houston,4,1,2026-09-13,State Bar of Texas Member Directory
Enerflex Ltd.,,,,,TX,Fort Bend,713-408-4466,,Employment Law,,,Houston,3,1,2026-09-13,State Bar of Texas Member Directory
Eric M. Lee,,,,,TX,Fort Bend,,,General,,,Houston,4,1,2026-09-13,State Bar of Texas Member Directory
Erica J. Easter,,,,,TX,Fort Bend,,,Personal Injury,,,Houston,5,1,2026-09-13,State Bar of Texas Member Directory
Erin Kristen Mai,,,,,TX,Fort Bend,,,Real Estate,,,Houston,2,1,2026-09-13,State Bar of Texas Member Directory
Erin Patterson Isom,,,,,TX,Fort Bend,,,Estate Planning,,,Houston,2,1,2026-09-13,State Bar of Texas Member Directory
Essex Keith Campbell,,,,,TX,Fort Bend,,,General,,,Houston,4,1,2026-09-13,State Bar of Texas Member Directory
FNTI,,,,,TX,Fort Bend,,,General,,,Houston,4,1,2026-09-13,State Bar of Texas Member Directory
Faisal Al Alam,,,,,TX,Fort Bend,,,General,,,Houston,4,1,2026-09-13,State Bar of Texas Member Directory
Farhan Irfan Mohiuddin,,,,,TX,Fort Bend,,,General,,,Houston,4,1,2026-09-13,State Bar of Texas Member Directory
Farhana Mumtaz Qureshi,,,,,TX,Fort Bend,,,General,,,Houston,4,1,2026-09-13,State Bar of Texas Member Directory
Fiona Sheree Goodison,,,,,TX,Fort Bend,,,General,,,Houston,4,1,2026-09-13,State Bar of Texas Member Directory
Fisher T. Galvin,,,,,TX,Fort Bend,,,General,,,Houston,4,1,2026-09-13,State Bar of Texas Member Directory
Flora Sheree Powell,,,,,TX,Fort Bend,,,Bankruptcy,,,Houston,2,1,2026-09-13,State Bar of Texas Member Directory
Forrest H. Clark,,,,,TX,Fort Bend,,,General,,,Houston,4,1,2026-09-13,State Bar of Texas Member Directory
Francis Adeleke Adesina,,,,,TX,Fort Bend,,,Civil Litigation,,,Houston,3,1,2026-09-13,State Bar of Texas Member Directory
Frank Jerome Fraley,,,,,TX,Fort Bend,,,Criminal Defense,,,Houston,5,1,2026-09-13,State Bar of Texas Member Directory
Fred M. Felcman,,,,,TX,Fort Bend,713-501-7223,,Criminal Defense,,,Houston,5,1,2026-09-13,State Bar of Texas Member Directory
Frederick V. Hackett,,,,,TX,Fort Bend,281-615-0582,,Criminal Defense,,,Houston,5,1,2026-09-13,State Bar of Texas Member Directory
Gabriel Alejandro Pizarro De Jesus,,,,,TX,Fort Bend,,,General,,,Houston,4,1,2026-09-13,State Bar of Texas Member Directory
Gabriel Hanna Haddad,,,,,TX,Fort Bend,,,General,,,Houston,4,1,2026-09-13,State Bar of Texas Member Directory
Galilea Carolina Born,,,,,TX,Fort Bend,,,General,,,Houston,4,1,2026-09-13,State Bar of Texas Member Directory
George Peter Alex,,,,,TX,Fort Bend,,,General,,,Houston,4,1,2026-09-13,State Bar of Texas Member Directory
George S. Pharis,,,,,TX,Fort Bend,,,Estate Planning,,,Houston,2,1,2026-09-13,State Bar of Texas Member Directory
Gina Crystal Hong,,,,,TX,Fort Bend,,,General,,,Houston,4,1,2026-09-13,State Bar of Texas Member Directory
Glynda P. Stowers,,,,,TX,Fort Bend,,,General,,,Houston,4,1,2026-09-13,State Bar of Texas Member Directory
Grace U. Nzekwesi,,,,,TX,Fort Bend,,,General,,,Houston,4,1,2026-09-13,State Bar of Texas Member Directory
Gretchen Au Daniel,,,,,TX,Fort Bend,,,General,,,Houston,4,1,2026-09-13,State Bar of Texas Member Directory
Hamza F. Abuharb,,,,,TX,Fort Bend,,,Civil Litigation,,,Houston,3,1,2026-09-13,State Bar of Texas Member Directory
Haneen Abu Ghazaleh,,,,,TX,Fort Bend,,,General,,,Houston,4,1,2026-09-13,State Bar of Texas Member Directory
Harold Everett Kennedy,,,,,TX,Fort Bend,,,General,,,Houston,4,1,2026-09-13,State Bar of Texas Member Directory
Harris Wilson & Christenson PLLC,,,,,TX,Fort Bend,281-869-3419,,General,,,Houston,4,1,2026-09-13,State Bar of Texas Member Directory
"Hart IP, PLLC",,,,,TX,Fort Bend,,,General,,,Houston,4,1,2026-09-13,State Bar of Texas Member Directory
Hart Law Associates,,,,,TX,Fort Bend,713-977-6097,,General,,,Houston,4,1,2026-09-13,State Bar of Texas Member Directory
Hina Irfan Mohiuddin,,,,,TX,Fort Bend,,,General,,,Houston,4,1,2026-09-13,State Bar of Texas Member Directory
Hinna A. Hassan,,,,,TX,Fort Bend,,,General,,,Houston,4,1,2026-09-13,State Bar of Texas Member Directory
Humam Daas,,,,,TX,Fort Bend,,,General,,,Houston,4,1,2026-09-13,State Bar of Texas Member Directory
Huy Charlie Pham,,,,,TX,Fort Bend,,,General,,,Houston,4,1,2026-09-13,State Bar of Texas Member Directory
Hwapyeong Lee,,,,,TX,Fort Bend,,,General,,,Houston,4,1,2026-09-13,State Bar of Texas Member Directory
Ibeturu I. Alozie,,,,,TX,Fort Bend,,,General,,,Houston,4,1,2026-09-13,State Bar of Texas Member Directory
Indranil Chowdhury,,,,,TX,Fort Bend,281-772-9361,,Civil Litigation,,,Houston,3,1,2026-09-13,State Bar of Texas Member Directory
Irfan Siddiqui,,,,,TX,Fort Bend,,,General,,,Houston,4,1,2026-09-13,State Bar of Texas Member Directory
Irina Badea-Mic,,,,,TX,Fort Bend,361-537-4446,,General,,,Houston,4,1,2026-09-13,State Bar of Texas Member Directory
Isaac Abraham Idicula,,,,,TX,Fort Bend,,,General,,,Houston,4,1,2026-09-13,State Bar of Texas Member Directory
J Thomas Black PC,,,,,TX,Fort Bend,713-772-8037,,Bankruptcy,,,Houston,2,1,2026-09-13,State Bar of Texas Member Directory
"J.W. Holliday, PLLC",,,,,TX,Fort Bend,,,Real Estate,,,Houston,2,1,2026-09-13,State Bar of Texas Member Directory
JH Law,https://howethlaw.com/,,,,TX,Fort Bend,512-643-4951,info@howethlaw.com,Estate Planning,,,Houston,2,1,2026-09-13,State Bar of Texas Member Directory; State Bar self-reported website
"JO Law Firm, PLLC DBA Judah Legal",,,,,TX,Fort Bend,346-475-1247,,Personal Injury,,,Houston,5,1,2026-09-13,State Bar of Texas Member Directory
Jack Arthur Najarian,,,,,TX,Fort Bend,,,Estate Planning,,,Houston,2,1,2026-09-13,State Bar of Texas Member Directory
James Clayborn Burnett,,,,,TX,Fort Bend,346-441-6160,,Civil Litigation,,,Houston,3,1,2026-09-13,State Bar of Texas Member Directory
James Daniel Urban,,,,,TX,Fort Bend,,,Employment Law,,,Houston,3,1,2026-09-13,State Bar of Texas Member Directory
James T. Karna,,,,,TX,Fort Bend,,,Civil Litigation,,,Houston,3,1,2026-09-13,State Bar of Texas Member Directory
Jamie C. McCoy,,,,,TX,Fort Bend,,,General,,,Houston,4,1,2026-09-13,State Bar of Texas Member Directory
Jamie Lynn French Cantu,,,,,TX,Fort Bend,713-459-0749,,Estate Planning,,,Houston,2,1,2026-09-13,State Bar of Texas Member Directory
Jamilah Asya Way,,,,,TX,Fort Bend,,,General,,,Houston,4,1,2026-09-13,State Bar of Texas Member Directory
Janet M. Heppard,,,,,TX,Fort Bend,,,Estate Planning,,,Houston,2,1,2026-09-13,State Bar of Texas Member Directory
Janet Shiree Allen Gardner,,,,,TX,Fort Bend,713-530-4154,,Criminal Defense,,,Houston,5,1,2026-09-13,State Bar of Texas Member Directory
Janice Marsha Kuo Hoppe,,,,,TX,Fort Bend,,,Employment Law,,,Houston,3,1,2026-09-13,State Bar of Texas Member Directory
Jason Andrew Weeks,,,,,TX,Fort Bend,,,General,,,Houston,4,1,2026-09-13,State Bar of Texas Member Directory
Jason Marcus Jacobs,,,,,TX,Fort Bend,281-414-3805,,General,,,Houston,4,1,2026-09-13,State Bar of Texas Member Directory
Jason Michael Schmauch,,,,,TX,Fort Bend,,,General,,,Houston,4,1,2026-09-13,State Bar of Texas Member Directory
Jatoriyae Monique Dupree-Jones,,,,,TX,Fort Bend,,,General,,,Houston,4,1,2026-09-13,State Bar of Texas Member Directory
Jeffrey Jerwei Chen,,,,,TX,Fort Bend,,,General,,,Houston,4,1,2026-09-13,State Bar of Texas Member Directory
Jeffrey Mark Yurcak,,,,,TX,Fort Bend,,,Personal Injury,,,Houston,5,1,2026-09-13,State Bar of Texas Member Directory
Jennifer Erin Ryan,,,,,TX,Fort Bend,,,General,,,Houston,4,1,2026-09-13,State Bar of Texas Member Directory
Jennifer Lashawn Williams,,,,,TX,Fort Bend,,,General,,,Houston,4,1,2026-09-13,State Bar of Texas Member Directory
Jennifer Ruth White Vickers,,,,,TX,Fort Bend,,,Employment Law,,,Houston,3,1,2026-09-13,State Bar of Texas Member Directory
Jeremy Daniel Curtis,,,,,TX,Fort Bend,,,Estate Planning,,,Houston,2,1,2026-09-13,State Bar of Texas Member Directory
Jeremy Joseph Carrier,,,,,TX,Fort Bend,,,General,,,Houston,4,1,2026-09-13,State Bar of Texas Member Directory
Jessica Chioma Enwere,,,,,TX,Fort Bend,,,General,,,Houston,4,1,2026-09-13,State Bar of Texas Member Directory
Joel Joseph,,,,,TX,Fort Bend,713-491-4257,,Personal Injury,,,Houston,5,1,2026-09-13,State Bar of Texas Member Directory
Johana A. Powell,,,,,TX,Fort Bend,,,Immigration,,,Houston,2,1,2026-09-13,State Bar of Texas Member Directory
John Adame,,,,,TX,Fort Bend,,,General,,,Houston,4,1,2026-09-13,State Bar of Texas Member Directory
John Farneti,,,,,TX,Fort Bend,,,Personal Injury,,,Houston,5,1,2026-09-13,State Bar of Texas Member Directory
John K. Zaid and Associates,,,,,TX,Fort Bend,,,General,,,Houston,4,1,2026-09-13,State Bar of Texas Member Directory
John L. Collins,,,,,TX,Fort Bend,281-787-4877,,Employment Law,,,Houston,3,1,2026-09-13,State Bar of Texas Member Directory
John Michael Threadgill,,,,,TX,Fort Bend,,,Criminal Defense,,,Houston,5,1,2026-09-13,State Bar of Texas Member Directory
John Thomas Gooding,,,,,TX,Fort Bend,,,General,,,Houston,4,1,2026-09-13,State Bar of Texas Member Directory
Johnsen Law,,,,,TX,Fort Bend,,,Employment Law,,,Houston,3,1,2026-09-13,State Bar of Texas Member Directory
Jonathan Ray Stirneman,,,,,TX,Fort Bend,,,Estate Planning,,,Houston,2,1,2026-09-13,State Bar of Texas Member Directory
Joseph Ope,,,,,TX,Fort Bend,,,General,,,Houston,4,1,2026-09-13,State Bar of Texas Member Directory
Joseph Shawn Blaylock,,,,,TX,Fort Bend,,,General,,,Houston,4,1,2026-09-13,State Bar of Texas Member Directory
Josephine Ifiyizibe Sorgwe,,,,,TX,Fort Bend,,,Immigration,,,Houston,2,1,2026-09-13,State Bar of Texas Member Directory
Joy Nneka Alia,,,,,TX,Fort Bend,,,General,,,Houston,4,1,2026-09-13,State Bar of Texas Member Directory
Ju Eun Jang,,,,,TX,Fort Bend,,,General,,,Houston,4,1,2026-09-13,State Bar of Texas Member Directory
Juan David Rosales,,,,,TX,Fort Bend,,,Immigration,,,Houston,2,1,2026-09-13,State Bar of Texas Member Directory
Juan Pablo Hernandez,,,,,TX,Fort Bend,,,General,,,Houston,4,1,2026-09-13,State Bar of Texas Member Directory
Julia Marisol Maldonado,,,,,TX,Fort Bend,,,Immigration,,,Houston,2,1,2026-09-13,State Bar of Texas Member Directory
Justin Michael Foster,,,,,TX,Fort Bend,,,General,,,Houston,4,1,2026-09-13,State Bar of Texas Member Directory
Kaitlin Ong,,,,,TX,Fort Bend,,,General,,,Houston,4,1,2026-09-13,State Bar of Texas Member Directory
Kamelia Namazi,,,,,TX,Fort Bend,,,Real Estate,,,Houston,2,1,2026-09-13,State Bar of Texas Member Directory
Karen Cheryl Almonte,,,,,TX,Fort Bend,,,General,,,Houston,4,1,2026-09-13,State Bar of Texas Member Directory
Karen E. Herbert,,,,,TX,Fort Bend,,,General,,,Houston,4,1,2026-09-13,State Bar of Texas Member Directory
Karen Elizabeth Murray,,,,,TX,Fort Bend,,,Bankruptcy,,,Houston,2,1,2026-09-13,State Bar of Texas Member Directory
Karen Louise Brisco,,,,,TX,Fort Bend,,,General,,,Houston,4,1,2026-09-13,State Bar of Texas Member Directory
Karl Thomas Bibler,,,,,TX,Fort Bend,713-702-8906,,General,,,Houston,4,1,2026-09-13,State Bar of Texas Member Directory
Katarina Rose Shanar,,,,,TX,Fort Bend,832-671-3727,,General,,,Houston,4,1,2026-09-13,State Bar of Texas Member Directory
Katherine E. Bartos,,,,,TX,Fort Bend,,,General,65 Glasshill St.,,Houston,4,1,2026-09-13,State Bar of Texas Member Directory
Katherine Kelly Johnson,,,,,TX,Fort Bend,,,General,,,Houston,4,1,2026-09-13,State Bar of Texas Member Directory
Kayla Jamerson,,,,,TX,Fort Bend,,,Personal Injury,,,Houston,5,1,2026-09-13,State Bar of Texas Member Directory
Kayleigh Nicole Bedolla,,,,,TX,Fort Bend,,,General,,,Houston,4,1,2026-09-13,State Bar of Texas Member Directory
Keisha Lene Benson,,,,,TX,Fort Bend,,,General,,,Houston,4,1,2026-09-13,State Bar of Texas Member Directory
Kelli Ann Mowry,,,,,TX,Fort Bend,,,General,,,Houston,4,1,2026-09-13,State Bar of Texas Member Directory
Kellie Garcia,,,,,TX,Fort Bend,,,General,,,Houston,4,1,2026-09-13,State Bar of Texas Member Directory
Kelly Garrett Thorman,,,,,TX,Fort Bend,832-941-6829,,Criminal Defense,,,Houston,5,1,2026-09-13,State Bar of Texas Member Directory
Kelly Nicole Farrell,,,,,TX,Fort Bend,,,General,,,Houston,4,1,2026-09-13,State Bar of Texas Member Directory
Kelsey Rae Kim,,,,,TX,Fort Bend,,,General,,,Houston,4,1,2026-09-13,State Bar of Texas Member Directory
Kenneth Robert Downey,,,,,TX,Fort Bend,,,General,,,Houston,4,1,2026-09-13,State Bar of Texas Member Directory
Kenneth S. Barrow,,,,,TX,Fort Bend,281-450-0040,,Employment Law,,,Houston,3,1,2026-09-13,State Bar of Texas Member Directory
Kenneth W. Roberts,,,,,TX,Fort Bend,,,General,,,Houston,4,1,2026-09-13,State Bar of Texas Member Directory
Kenteshia Monae Prophet,,,,,TX,Fort Bend,,,General,,,Houston,4,1,2026-09-13,State Bar of Texas Member Directory
Kermesha La Trae Carter,,,,,TX,Fort Bend,,,General,,,Houston,4,1,2026-09-13,State Bar of Texas Member Directory
Kevin A. Buford,,,,,TX,Fort Bend,202-368-6020,,General,,,Houston,4,1,2026-09-13,State Bar of Texas Member Directory
Kevin Dwayne Burns,,,,,TX,Fort Bend,,,General,,,Houston,4,1,2026-09-13,State Bar of Texas Member Directory
Kevin Edward McConnell,,,,,TX,Fort Bend,281-788-3173,,Personal Injury,,,Houston,5,1,2026-09-13,State Bar of Texas Member Directory
Kevin Khoi Anh Hoang,,,,,TX,Fort Bend,,,General,,,Houston,4,1,2026-09-13,State Bar of Texas Member Directory
Kevin Mitchell Engelhardt,,,,,TX,Fort Bend,,,General,,,Houston,4,1,2026-09-13,State Bar of Texas Member Directory
Kevin Yu-Jin Yang,,,,,TX,Fort Bend,,,General,,,Houston,4,1,2026-09-13,State Bar of Texas Member Directory
Khaliq Law Firm PLLC,,,,,TX,Fort Bend,,,Criminal Defense,,,Houston,5,1,2026-09-13,State Bar of Texas Member Directory
Kira Monique Laws,,,,,TX,Fort Bend,,,Estate Planning,,,Houston,2,1,2026-09-13,State Bar of Texas Member Directory
Kirin Junaid Abbasi,,,,,TX,Fort Bend,,,Immigration,,,Houston,2,1,2026-09-13,State Bar of Texas Member Directory
Kirk Anthony White,,,,,TX,Fort Bend,713-304-1212,,Real Estate,,,Houston,2,1,2026-09-13,State Bar of Texas Member Directory
Kreshae Quao,,,,,TX,Fort Bend,,,General,,,Houston,4,1,2026-09-13,State Bar of Texas Member Directory
Kristen Lea Hernandez,,,,,TX,Fort Bend,,,General,,,Houston,4,1,2026-09-13,State Bar of Texas Member Directory
Kristin Jean Guidry,,,,,TX,Fort Bend,,,General,,,Houston,4,1,2026-09-13,State Bar of Texas Member Directory
Krystyna S. Salinas,,,,,TX,Fort Bend,,,Personal Injury,,,Houston,5,1,2026-09-13,State Bar of Texas Member Directory
Kunal Mishra,,,,,TX,Fort Bend,,,General,,,Houston,4,1,2026-09-13,State Bar of Texas Member Directory
Kurt William Bernlohr,,,,,TX,Fort Bend,,,General,,,Houston,4,1,2026-09-13,State Bar of Texas Member Directory
Kyle Christopher Rafferty,,,,,TX,Fort Bend,,,General,,,Houston,4,1,2026-09-13,State Bar of Texas Member Directory
Kyle Patrick Malone,,,,,TX,Fort Bend,,,General,,,Houston,4,1,2026-09-13,State Bar of Texas Member Directory
LaKisha Marie Thigpen,,,,,TX,Fort Bend,,,Criminal Defense,,,Houston,5,1,2026-09-13,State Bar of Texas Member Directory
LaTeri Alexis Alexander,,,,,TX,Fort Bend,,,General,,,Houston,4,1,2026-09-13,State Bar of Texas Member Directory
"Lakhani Law, PLLC",https://www.lakhaniatlaw.com/,,,,TX,Fort Bend,,karim@lakhaniatlaw.com,General,,,Houston,4,1,2026-09-13,State Bar of Texas Member Directory; State Bar self-reported website
Larry D. Wagenbach,,,,,TX,Fort Bend,,,General,,,Houston,4,1,2026-09-13,State Bar of Texas Member Directory
Latitude Legal,,,,,TX,Fort Bend,,,Employment Law,,,Houston,3,1,2026-09-13,State Bar of Texas Member Directory
Laurel Ann Agris,,,,,TX,Fort Bend,,,General,,,Houston,4,1,2026-09-13,State Bar of Texas Member Directory
Lauren Elizabeth Yonish,,,,,TX,Fort Bend,,,Personal Injury,,,Houston,5,1,2026-09-13,State Bar of Texas Member Directory
Lauren M. Flathouse,,,,,TX,Fort Bend,,,General,,,Houston,4,1,2026-09-13,State Bar of Texas Member Directory
Lauren Simone Fantroy-Winston,,,,,TX,Fort Bend,,,General,,,Houston,4,1,2026-09-13,State Bar of Texas Member Directory
Lauren Vodopia Elbaz,,,,,TX,Fort Bend,,,General,,,Houston,4,1,2026-09-13,State Bar of Texas Member Directory
Law Office Of Attorney Paula M. Miller,,,,,TX,Fort Bend,281-571-3446,,Criminal Defense,,,Houston,5,1,2026-09-13,State Bar of Texas Member Directory
Law Office of Dhiraj Suvarna,https://www.suvarnalaw.com/,,,,TX,Fort Bend,713-320-1486,consultationwithdhirajsuvarnaesq@suvarnalaw.com,Immigration,,,Houston,2,1,2026-09-13,State Bar of Texas Member Directory; State Bar self-reported website
Law Office of Evelyn Opoku,,,,,TX,Fort Bend,,,General,,,Houston,4,1,2026-09-13,State Bar of Texas Member Directory
"Law Office of Nick J. Thomas, PLLC",,,,,TX,Fort Bend,832-819-0083,,Civil Litigation,,,Houston,3,1,2026-09-13,State Bar of Texas Member Directory
Law Office of William G. Kanyha,,,,,TX,Fort Bend,,,Personal Injury,,,Houston,5,1,2026-09-13,State Bar of Texas Member Directory
Law Offices of Sandra G. Parker,,,,,TX,Fort Bend,281-348-3916,,General,,,Houston,4,1,2026-09-13,State Bar of Texas Member Directory
Lawrence E. Goldenthal,,,,,TX,Fort Bend,,,General,,,Houston,4,1,2026-09-13,State Bar of Texas Member Directory
Lee William Parker,,,,,TX,Fort Bend,,,General,,,Houston,4,1,2026-09-13,State Bar of Texas Member Directory
Leslie Palenius Shores,,,,,TX,Fort Bend,,,Personal Injury,,,Houston,5,1,2026-09-13,State Bar of Texas Member Directory
Liem Thanh Hoang,,,,,TX,Fort Bend,,,General,,,Houston,4,1,2026-09-13,State Bar of Texas Member Directory
"Limerick Consulting, LLC",,,,,TX,Fort Bend,713-907-5505,,General,,,Houston,4,1,2026-09-13,State Bar of Texas Member Directory
Linda Clark,,,,,TX,Fort Bend,832-549-2469,,Criminal Defense,,,Houston,5,1,2026-09-13,State Bar of Texas Member Directory
Lindie Johnston,,,,,TX,Fort Bend,,,General,,,Houston,4,1,2026-09-13,State Bar of Texas Member Directory
Lindsey Lubrano King,,,,,TX,Fort Bend,,,General,,,Houston,4,1,2026-09-13,State Bar of Texas Member Directory
Lisa Ann Louck,,,,,TX,Fort Bend,,,Personal Injury,,,Houston,5,1,2026-09-13,State Bar of Texas Member Directory
Lisa Kimes Jones,,,,,TX,Fort Bend,,,General,,,Houston,4,1,2026-09-13,State Bar of Texas Member Directory
Lisa Marie DeLaTorre,,,,,TX,Fort Bend,,,General,,,Houston,4,1,2026-09-13,State Bar of Texas Member Directory
Lisa Oanh Tran,,,,,TX,Fort Bend,,,General,,,Houston,4,1,2026-09-13,State Bar of Texas Member Directory
LivaNova,,,,,TX,Fort Bend,,,General,,,Houston,4,1,2026-09-13,State Bar of Texas Member Directory
Lorraine Margarita Manon,,,,,TX,Fort Bend,832-641-9574,,General,,,Houston,4,1,2026-09-13,State Bar of Texas Member Directory
Louise Correia Thompson,,,,,TX,Fort Bend,,,Employment Law,,,Houston,3,1,2026-09-13,State Bar of Texas Member Directory
Love Osahenrumwen Osemwegie,,,,,TX,Fort Bend,,,General,,,Houston,4,1,2026-09-13,State Bar of Texas Member Directory
Madiha Hassan Rizvi,,,,,TX,Fort Bend,,,General,,,Houston,4,1,2026-09-13,State Bar of Texas Member Directory
Mahin Aisha Ansari,,,,,TX,Fort Bend,,,General,,,Houston,4,1,2026-09-13,State Bar of Texas Member Directory
Maisha Kimberly Ballard,,,,,TX,Fort Bend,,,General,,,Houston,4,1,2026-09-13,State Bar of Texas Member Directory
Mandi N. Smith,,,,,TX,Fort Bend,,,General,,,Houston,4,1,2026-09-13,State Bar of Texas Member Directory
Margot Ann Merek,,,,,TX,Fort Bend,,,General,,,Houston,4,1,2026-09-13,State Bar of Texas Member Directory
Maria D. Ortega,,,,,TX,Fort Bend,,,Immigration,,,Houston,2,1,2026-09-13,State Bar of Texas Member Directory
Maria T. Jackson,,,,,TX,Fort Bend,,,Criminal Defense,,,Houston,5,1,2026-09-13,State Bar of Texas Member Directory
Maria Teresa Soto,,,,,TX,Fort Bend,,,General,,,Houston,4,1,2026-09-13,State Bar of Texas Member Directory
Maria Virginia De Los Santos,,,,,TX,Fort Bend,713-234-0281,,General,,,Houston,4,1,2026-09-13,State Bar of Texas Member Directory
Mariam Ahmed Khan,,,,,TX,Fort Bend,,,General,,,Houston,4,1,2026-09-13,State Bar of Texas Member Directory
Mariam Javed Siddiqui,,,,,TX,Fort Bend,,,General,,,Houston,4,1,2026-09-13,State Bar of Texas Member Directory
Mariana Sofia Brondino Zavalla,,,,,TX,Fort Bend,,,Immigration,,,Houston,2,1,2026-09-13,State Bar of Texas Member Directory
Marine Well Containment Company LLC,,,,,TX,Fort Bend,713-376-5071,,General,,,Houston,4,1,2026-09-13,State Bar of Texas Member Directory
Marissa Bagay Sibal,,,,,TX,Fort Bend,,,General,,,Houston,4,1,2026-09-13,State Bar of Texas Member Directory
Mark Casselle Grafenreed,,,,,TX,Fort Bend,832-724-5295,,Personal Injury,,,Houston,5,1,2026-09-13,State Bar of Texas Member Directory
Mark Hunter Barnett,,,,,TX,Fort Bend,,,General,,,Houston,4,1,2026-09-13,State Bar of Texas Member Directory
Mary Augusta Hutti,,,,,TX,Fort Bend,,,Workers' Compensation,,,Houston,5,1,2026-09-13,State Bar of Texas Member Directory
Mary Peter Cudd,https://marypetercudd.com/,,,,TX,Fort Bend,979-864-6016,marycuddlaw@gmail.com,Estate Planning,,,Houston,2,1,2026-09-13,State Bar of Texas Member Directory; State Bar self-reported website
Masooma Haider,,,,,TX,Fort Bend,,,General,,,Houston,4,1,2026-09-13,State Bar of Texas Member Directory
Matthew James McLeod,,,,,TX,Fort Bend,,,General,,,Houston,4,1,2026-09-13,State Bar of Texas Member Directory
Matthew Phuoc Nguyen,https://ulg.law/attorneys/,,,,TX,Fort Bend,281-818-8222,info@ulg.law,Immigration,,,Houston,2,1,2026-09-13,State Bar of Texas Member Directory; State Bar self-reported website
Maureen N. Iruke,,,,,TX,Fort Bend,,,General,,,Houston,4,1,2026-09-13,State Bar of Texas Member Directory
Megan D. Young,,,,,TX,Fort Bend,,,General,,,Houston,4,1,2026-09-13,State Bar of Texas Member Directory
Mia Alvarez,,,,,TX,Fort Bend,,,General,,,Houston,4,1,2026-09-13,State Bar of Texas Member Directory
Michael A. Stafford,,,,,TX,Fort Bend,,,Real Estate,,,Houston,2,1,2026-09-13,State Bar of Texas Member Directory
Michael E. Orsak,,,,,TX,Fort Bend,281-342-6300,,General,,,Houston,4,1,2026-09-13,State Bar of Texas Member Directory
Michael Edward Cropper,,,,,TX,Fort Bend,,mecropper1@yahoo.com,General,,,Houston,4,1,2026-09-13,State Bar of Texas Member Directory; State Bar self-reported website
Michael Ifeanyi Okechuku,,,,,TX,Fort Bend,713-377-1912,,Criminal Defense,,,Houston,5,1,2026-09-13,State Bar of Texas Member Directory
Michael K. Luke,,,,,TX,Fort Bend,,,General,,,Houston,4,1,2026-09-13,State Bar of Texas Member Directory
Michael Long Nguyen,,,,,TX,Fort Bend,713-584-5682,,General,,,Houston,4,1,2026-09-13,State Bar of Texas Member Directory
Michelle Leigh McCas Loftis,,,,,TX,Fort Bend,832-656-6465,,General,,,Houston,4,1,2026-09-13,State Bar of Texas Member Directory
Mihoa Victoria Vo,,,,,TX,Fort Bend,,,General,,,Houston,4,1,2026-09-13,State Bar of Texas Member Directory
Mili Sivadasan,,,,,TX,Fort Bend,,,General,,,Houston,4,1,2026-09-13,State Bar of Texas Member Directory
Millard E. Matthew,,,,,TX,Fort Bend,,,General,,,Houston,4,1,2026-09-13,State Bar of Texas Member Directory
Million Woldesenbet,,,,,TX,Fort Bend,,,General,,,Houston,4,1,2026-09-13,State Bar of Texas Member Directory
Ming Wai Viola So,,,,,TX,Fort Bend,,,General,,,Houston,4,1,2026-09-13,State Bar of Texas Member Directory
Mingbo Ye,,,,,TX,Fort Bend,,,Estate Planning,,,Houston,2,1,2026-09-13,State Bar of Texas Member Directory
Mohamad Fattouh,,,,,TX,Fort Bend,,,General,,,Houston,4,1,2026-09-13,State Bar of Texas Member Directory
Mohammad Hasan Jafri,,,,,TX,Fort Bend,,,General,,,Houston,4,1,2026-09-13,State Bar of Texas Member Directory
Mohmed Idris Patel,,,,,TX,Fort Bend,,,General,,,Houston,4,1,2026-09-13,State Bar of Texas Member Directory
Monique Trechelle Steele,,,,,TX,Fort Bend,,,General,,,Houston,4,1,2026-09-13,State Bar of Texas Member Directory
Mooris Ul-Hassan Jilani,,,,,TX,Fort Bend,,,General,,,Houston,4,1,2026-09-13,State Bar of Texas Member Directory
Mustafa Guler,,,,,TX,Fort Bend,,,General,,,Houston,4,1,2026-09-13,State Bar of Texas Member Directory
Myah Andanae Fuqua,,,,,TX,Fort Bend,,,General,,,Houston,4,1,2026-09-13,State Bar of Texas Member Directory
Nabalee Telita James,,,,,TX,Fort Bend,,,General,,,Houston,4,1,2026-09-13,State Bar of Texas Member Directory
Nadia Naz Ali,,,,,TX,Fort Bend,,,Personal Injury,,,Houston,5,1,2026-09-13,State Bar of Texas Member Directory
Nancy A. Reyes,,,,,TX,Fort Bend,,,General,,,Houston,4,1,2026-09-13,State Bar of Texas Member Directory
Naomi Cesney Nicholas,,,,,TX,Fort Bend,,,General,,,Houston,4,1,2026-09-13,State Bar of Texas Member Directory
Natalie Anita Bodie,,,,,TX,Fort Bend,,,General,,,Houston,4,1,2026-09-13,State Bar of Texas Member Directory
Nathan Matthew Block,,,,,TX,Fort Bend,,,Civil Litigation,,,Houston,3,1,2026-09-13,State Bar of Texas Member Directory
Nathlie Diala Ugwu,,,,,TX,Fort Bend,,,General,,,Houston,4,1,2026-09-13,State Bar of Texas Member Directory
Nebius Group,,,,,TX,Fort Bend,,,General,,,Houston,4,1,2026-09-13,State Bar of Texas Member Directory
Neelima Gonuguntla,,,,,TX,Fort Bend,,,Employment Law,,,Houston,3,1,2026-09-13,State Bar of Texas Member Directory
Nehad Magdi Mikhael,,,,,TX,Fort Bend,,,General,,,Houston,4,1,2026-09-13,State Bar of Texas Member Directory
Ngamy Thi McFall,,,,,TX,Fort Bend,,,General,,,Houston,4,1,2026-09-13,State Bar of Texas Member Directory
Nicholas James Cara,,,,,TX,Fort Bend,,,General,,,Houston,4,1,2026-09-13,State Bar of Texas Member Directory
Nicholas John Lykos,,,,,TX,Fort Bend,,,General,,,Houston,4,1,2026-09-13,State Bar of Texas Member Directory
Nicole Mary Biloune,,,,,TX,Fort Bend,,,General,,,Houston,4,1,2026-09-13,State Bar of Texas Member Directory
Nicole Teymouri,,,,,TX,Fort Bend,,,General,,,Houston,4,1,2026-09-13,State Bar of Texas Member Directory
Nicole Tracy Ann Hill,,,,,TX,Fort Bend,,,General,,,Houston,4,1,2026-09-13,State Bar of Texas Member Directory
Nik Abraham,,,,,TX,Fort Bend,,,General,,,Houston,4,1,2026-09-13,State Bar of Texas Member Directory
Noorulanne H. Jan,,,,,TX,Fort Bend,,,General,,,Houston,4,1,2026-09-13,State Bar of Texas Member Directory
Nousheen Sadruddin Pirani,,,,,TX,Fort Bend,,,General,,,Houston,4,1,2026-09-13,State Bar of Texas Member Directory
Office of Richard Kim LLC,,,,,TX,Fort Bend,,,Real Estate,,,Houston,2,1,2026-09-13,State Bar of Texas Member Directory
Olena Gannochenko,,,,,TX,Fort Bend,281-675-5012,,General,,,Houston,4,1,2026-09-13,State Bar of Texas Member Directory; State Bar self-reported website
Olufunmilola Olamide Oyekan,,,,,TX,Fort Bend,,,General,,,Houston,4,1,2026-09-13,State Bar of Texas Member Directory
Oluwafewa Moses Yinka-Hassan,,,,,TX,Fort Bend,,,Personal Injury,,,Houston,5,1,2026-09-13,State Bar of Texas Member Directory
Orange Law PLLC,,,,,TX,Fort Bend,,,Personal Injury,,,Houston,5,1,2026-09-13,State Bar of Texas Member Directory
Orjanel Kianna Lewis,,,,,TX,Fort Bend,,,General,,,Houston,4,1,2026-09-13,State Bar of Texas Member Directory
Osarennomase Osarumwense,,,,,TX,Fort Bend,,,General,,,Houston,4,1,2026-09-13,State Bar of Texas Member Directory
Oscar Nando Yu,,,,,TX,Fort Bend,,,General,,,Houston,4,1,2026-09-13,State Bar of Texas Member Directory
Oyindamola Tolulope Adeyekun,,,,,TX,Fort Bend,,,Criminal Defense,,,Houston,5,1,2026-09-13,State Bar of Texas Member Directory
PLANT-AS,,,,,TX,Fort Bend,,,General,,,Houston,4,1,2026-09-13,State Bar of Texas Member Directory
Pamela Christine Lyle,,,,,TX,Fort Bend,,,Estate Planning,,,Houston,2,1,2026-09-13,State Bar of Texas Member Directory
Pamela Collins Stovall,,,,,TX,Fort Bend,,,General,,,Houston,4,1,2026-09-13,State Bar of Texas Member Directory
Pamela Grace Nunez Kaithakottil,,,,,TX,Fort Bend,,,General,,,Houston,4,1,2026-09-13,State Bar of Texas Member Directory
Patrick Sean Lankford,,,,,TX,Fort Bend,,,General,,,Houston,4,1,2026-09-13,State Bar of Texas Member Directory
Paul G. Guist,,,,,TX,Fort Bend,,,General,,,Houston,4,1,2026-09-13,State Bar of Texas Member Directory
Phyllis Ann Ross,,,,,TX,Fort Bend,,,General,,,Houston,4,1,2026-09-13,State Bar of Texas Member Directory
Preston James McGlory,,,,,TX,Fort Bend,,,General,,,Houston,4,1,2026-09-13,State Bar of Texas Member Directory
Puffer-Sweiven,,,,,TX,Fort Bend,,,General,,,Houston,4,1,2026-09-13,State Bar of Texas Member Directory
Quimbee,,,,,TX,Fort Bend,,,General,,,Houston,4,1,2026-09-13,State Bar of Texas Member Directory
R L Novak Law,,,,,TX,Fort Bend,,,General,,,Houston,4,1,2026-09-13,State Bar of Texas Member Directory
RFH Law Firm,,,,,TX,Fort Bend,,,General,,,Houston,4,1,2026-09-13,State Bar of Texas Member Directory
ROSEN USA,,,,,TX,Fort Bend,,,General,,,Houston,4,1,2026-09-13,State Bar of Texas Member Directory
Rachel Gail Payne,,,,,TX,Fort Bend,,,General,,,Houston,4,1,2026-09-13,State Bar of Texas Member Directory
Rachel Omolara Adekanye,,,,,TX,Fort Bend,,,General,,,Houston,4,1,2026-09-13,State Bar of Texas Member Directory
Racquel Chika Amadi,,,,,TX,Fort Bend,,,Personal Injury,,,Houston,5,1,2026-09-13,State Bar of Texas Member Directory
Rafael Diaz,,,,,TX,Fort Bend,,,Criminal Defense,,,Houston,5,1,2026-09-13,State Bar of Texas Member Directory
Rafaela Bani,,,,,TX,Fort Bend,,,General,,,Houston,4,1,2026-09-13,State Bar of Texas Member Directory
Rahim Farhad Jamal,,,,,TX,Fort Bend,,,General,,,Houston,4,1,2026-09-13,State Bar of Texas Member Directory
Ramez Mazen Ganim,,,,,TX,Fort Bend,,,General,,,Houston,4,1,2026-09-13,State Bar of Texas Member Directory
Rana D. Robinson,,,,,TX,Fort Bend,,,General,,,Houston,4,1,2026-09-13,State Bar of Texas Member Directory
Ravi Rajagopal,,,,,TX,Fort Bend,630-251-2854,,Real Estate,,,Houston,2,1,2026-09-13,State Bar of Texas Member Directory
Reardon Legal,,,,,TX,Fort Bend,281-277-4800,,Real Estate,,,Houston,2,1,2026-09-13,State Bar of Texas Member Directory
Rebecca Paige Martin,,,,,TX,Fort Bend,,,Criminal Defense,,,Houston,5,1,2026-09-13,State Bar of Texas Member Directory
Rehman Ali Bhalesha,,,,,TX,Fort Bend,512-524-3725,,Civil Litigation,,,Houston,3,1,2026-09-13,State Bar of Texas Member Directory
Revenew International,,,,,TX,Fort Bend,,,General,,,Houston,4,1,2026-09-13,State Bar of Texas Member Directory
Riceland,,,,,TX,Fort Bend,,,Employment Law,,,Houston,3,1,2026-09-13,State Bar of Texas Member Directory
Richard G. Dennis,,,,,TX,Fort Bend,,,General,,,Houston,4,1,2026-09-13,State Bar of Texas Member Directory
"Robert D. Pointer, III, Attorney & Counselor at Law",,,,,TX,Fort Bend,832-524-8575,,Estate Planning,,,Houston,2,1,2026-09-13,State Bar of Texas Member Directory
Robert J. Flora,,,,,TX,Fort Bend,,,Personal Injury,,,Houston,5,1,2026-09-13,State Bar of Texas Member Directory
Robert J. Sinclair,,,,,TX,Fort Bend,,,General,,,Houston,4,1,2026-09-13,State Bar of Texas Member Directory
Robert Jonathan Davis,,,,,TX,Fort Bend,,,Employment Law,,,Houston,3,1,2026-09-13,State Bar of Texas Member Directory
Robert Louis Van Pelt,,,,,TX,Fort Bend,,,General,,,Houston,4,1,2026-09-13,State Bar of Texas Member Directory
Robert Peter Scamardo,,,,,TX,Fort Bend,,,Employment Law,,,Houston,3,1,2026-09-13,State Bar of Texas Member Directory
Robert S. Ladd,,,,,TX,Fort Bend,,,Real Estate,,,Houston,2,1,2026-09-13,State Bar of Texas Member Directory
Rohan Vinay Vaidya,,,,,TX,Fort Bend,,,General,,,Houston,4,1,2026-09-13,State Bar of Texas Member Directory
Rolf Frank Krueger,,,,,TX,Fort Bend,,,General,,,Houston,4,1,2026-09-13,State Bar of Texas Member Directory
Ronieshea Melissa Miller,,,,,TX,Fort Bend,,,Criminal Defense,,,Houston,5,1,2026-09-13,State Bar of Texas Member Directory
Rosemarie McDonald Donnelly,,,,,TX,Fort Bend,,,Civil Litigation,,,Houston,3,1,2026-09-13,State Bar of Texas Member Directory
Roshni K. Hemlani,,,,,TX,Fort Bend,,,Employment Law,,,Houston,3,1,2026-09-13,State Bar of Texas Member Directory
Ruby Ann Cherian,,,,,TX,Fort Bend,,,General,,,Houston,4,1,2026-09-13,State Bar of Texas Member Directory
Ryan Patrick Maun,,,,,TX,Fort Bend,281-468-9524,,General,,,Houston,4,1,2026-09-13,State Bar of Texas Member Directory
Ryenn Milan Hubbard,,,,,TX,Fort Bend,,,General,,,Houston,4,1,2026-09-13,State Bar of Texas Member Directory
SAFIULLAH LAW FIRM PLLC,,,,,TX,Fort Bend,,,General,,,Houston,4,1,2026-09-13,State Bar of Texas Member Directory
Sabrina Renee Sullivan,,,,,TX,Fort Bend,,,General,,,Houston,4,1,2026-09-13,State Bar of Texas Member Directory
Sachie Ana Canales,,,,,TX,Fort Bend,,,General,,,Houston,4,1,2026-09-13,State Bar of Texas Member Directory
Sadia A. Mandli,,,,,TX,Fort Bend,,,General,,,Houston,4,1,2026-09-13,State Bar of Texas Member Directory
Sahar Shirazi Grovas,,,,,TX,Fort Bend,,,Personal Injury,,,Houston,5,1,2026-09-13,State Bar of Texas Member Directory
Sai Pranathi Gudapati,,,,,TX,Fort Bend,,,General,,,Houston,4,1,2026-09-13,State Bar of Texas Member Directory
Saira Meena Shah,,,,,TX,Fort Bend,,,Real Estate,,,Houston,2,1,2026-09-13,State Bar of Texas Member Directory
Saman Dhukka,,,,,TX,Fort Bend,,,Estate Planning,,,Houston,2,1,2026-09-13,State Bar of Texas Member Directory
Samra Sultana Wilson,,,,,TX,Fort Bend,,,General,,,Houston,4,1,2026-09-13,State Bar of Texas Member Directory
Sandra Kaye Patton,,,,,TX,Fort Bend,,,General,,,Houston,4,1,2026-09-13,State Bar of Texas Member Directory
Sara Shirazi,,,,,TX,Fort Bend,,,General,,,Houston,4,1,2026-09-13,State Bar of Texas Member Directory
Sarah Vernier Wood,,,,,TX,Fort Bend,,,Criminal Defense,,,Houston,5,1,2026-09-13,State Bar of Texas Member Directory
Sarah Wetsch McDonnell,,,,,TX,Fort Bend,,,General,,,Houston,4,1,2026-09-13,State Bar of Texas Member Directory
Savannah Alexandria Jensen,,,,,TX,Fort Bend,,,General,,,Houston,4,1,2026-09-13,State Bar of Texas Member Directory
Savannah Sapna Oommen,,,,,TX,Fort Bend,,,General,,,Houston,4,1,2026-09-13,State Bar of Texas Member Directory
"Sayani Law Firm, PLLC",,,,,TX,Fort Bend,832-200-0495,,General,,,Houston,4,1,2026-09-13,State Bar of Texas Member Directory
Scott Allen Hill,,,,,TX,Fort Bend,,,General,,,Houston,4,1,2026-09-13,State Bar of Texas Member Directory
Shana Fini Volluz Runions,,,,,TX,Fort Bend,,,General,,,Houston,4,1,2026-09-13,State Bar of Texas Member Directory
Shane J. Hazelton,,,,,TX,Fort Bend,,,Criminal Defense,,,Houston,5,1,2026-09-13,State Bar of Texas Member Directory
Shanza Firoz Khan,,,,,TX,Fort Bend,,,General,,,Houston,4,1,2026-09-13,State Bar of Texas Member Directory
Shatara Rachelle Wiley,,,,,TX,Fort Bend,832-647-8760,,General,,,Houston,4,1,2026-09-13,State Bar of Texas Member Directory
Shawn Jih,,,,,TX,Fort Bend,,,General,,,Houston,4,1,2026-09-13,State Bar of Texas Member Directory
Shayan Memon,,,,,TX,Fort Bend,,,General,,,Houston,4,1,2026-09-13,State Bar of Texas Member Directory
Shearman Sterling,,,,,TX,Fort Bend,713-469-3800,,General,Unit 3209. China Central Place Tower 2.,,Houston,4,1,2026-09-13,State Bar of Texas Member Directory
Shelia A. Lindsey,,,,,TX,Fort Bend,281-410-8068,,General,,,Houston,4,1,2026-09-13,State Bar of Texas Member Directory
Sherry R. Wetsch,,,,,TX,Fort Bend,281-615-3640,,General,,,Houston,4,1,2026-09-13,State Bar of Texas Member Directory
Sidikat Adeola Ishola,,,,,TX,Fort Bend,,,General,,,Houston,4,1,2026-09-13,State Bar of Texas Member Directory
Sidra Habib Khan,,,,,TX,Fort Bend,,,General,,,Houston,4,1,2026-09-13,State Bar of Texas Member Directory
Sonali Ahluwalia Patel,,,,,TX,Fort Bend,,,General,,,Houston,4,1,2026-09-13,State Bar of Texas Member Directory
Stacey O. Nwosu,,,,,TX,Fort Bend,,,General,,,Houston,4,1,2026-09-13,State Bar of Texas Member Directory
Stephanie Luu,,,,,TX,Fort Bend,,,General,,,Houston,4,1,2026-09-13,State Bar of Texas Member Directory
Stephany Marlene Duque-Aguilar,,,,,TX,Fort Bend,,,General,,,Houston,4,1,2026-09-13,State Bar of Texas Member Directory
Steven Bruce Matthews,,,,,TX,Fort Bend,,,General,,,Houston,4,1,2026-09-13,State Bar of Texas Member Directory
Steven Diamond,,,,,TX,Fort Bend,,,General,,,Houston,4,1,2026-09-13,State Bar of Texas Member Directory
Steven K. Lo,,,,,TX,Fort Bend,,,General,,,Houston,4,1,2026-09-13,State Bar of Texas Member Directory
Steven Meisgeier,,,,,TX,Fort Bend,,,Employment Law,,,Houston,3,1,2026-09-13,State Bar of Texas Member Directory
Sumeyye Islamoglu,,,,,TX,Fort Bend,,,General,,,Houston,4,1,2026-09-13,State Bar of Texas Member Directory
Ta'Mara J. Foster,,,,,TX,Fort Bend,,,General,,,Houston,4,1,2026-09-13,State Bar of Texas Member Directory
Taherzadeh Law Firm,,,,,TX,Fort Bend,,,Employment Law,,,Houston,3,1,2026-09-13,State Bar of Texas Member Directory
Takeshia Arnaye Lane,,,,,TX,Fort Bend,,,General,,,Houston,4,1,2026-09-13,State Bar of Texas Member Directory
Talytha Mae Catchings Webb,,,,,TX,Fort Bend,832-496-1659,,General,,,Houston,4,1,2026-09-13,State Bar of Texas Member Directory
Tammam Alzarka,,,,,TX,Fort Bend,,,General,,,Houston,4,1,2026-09-13,State Bar of Texas Member Directory
Tammer Mazen Ganim,,,,,TX,Fort Bend,,,Real Estate,,,Houston,2,1,2026-09-13,State Bar of Texas Member Directory
Tania Carolina Pinon Venegas,,,,,TX,Fort Bend,,,General,,,Houston,4,1,2026-09-13,State Bar of Texas Member Directory
Tanikka Nicole Rawls,,,,,TX,Fort Bend,,,General,,,Houston,4,1,2026-09-13,State Bar of Texas Member Directory
Tanya Arora,,,,,TX,Fort Bend,,,General,,,Houston,4,1,2026-09-13,State Bar of Texas Member Directory
Tanya Marie Broholm,,,,,TX,Fort Bend,832-247-2438,,General,,,Houston,4,1,2026-09-13,State Bar of Texas Member Directory
Tanyga F. White,,,,,TX,Fort Bend,832-771-4252,,General,,,Houston,4,1,2026-09-13,State Bar of Texas Member Directory
Taraneh Malik,,,,,TX,Fort Bend,,,General,,,Houston,4,1,2026-09-13,State Bar of Texas Member Directory
Taylor Rae Dougherty,,,,,TX,Fort Bend,,,General,,,Houston,4,1,2026-09-13,State Bar of Texas Member Directory
Terence William Waldorf,,,,,TX,Fort Bend,281-382-9610,,General,,,Houston,4,1,2026-09-13,State Bar of Texas Member Directory
Teresa Tien,,,,,TX,Fort Bend,,,General,,,Houston,4,1,2026-09-13,State Bar of Texas Member Directory
"The Jensen Law Firm, PLLC",,,,,TX,Fort Bend,346-318-4602,,General,,,Houston,4,1,2026-09-13,State Bar of Texas Member Directory
"The Law Office of Jim D. Varghese, PLLC",,,,,TX,Fort Bend,,,Employment Law,,,Houston,3,1,2026-09-13,State Bar of Texas Member Directory
"The Law Office of John Mark Long, P.L.L.C.",,,,,TX,Fort Bend,832-398-0202,,Employment Law,,,Houston,3,1,2026-09-13,State Bar of Texas Member Directory
The N. Murray Law Firm,,,,,TX,Fort Bend,832-890-6386,,Criminal Defense,,,Houston,5,1,2026-09-13,State Bar of Texas Member Directory
The Thames Law Firm,,,,,TX,Fort Bend,832-301-8239,,Criminal Defense,,,Houston,5,1,2026-09-13,State Bar of Texas Member Directory
Theola Melanie Hagger,,,,,TX,Fort Bend,,,Criminal Defense,,,Houston,5,1,2026-09-13,State Bar of Texas Member Directory
Thomas Casey Gardner,,,,,TX,Fort Bend,,,General,,,Houston,4,1,2026-09-13,State Bar of Texas Member Directory
Thomas Quinn LLP,https://thomasquinnlaw.com/,,,,TX,Fort Bend,346-547-5019,,General,,,Houston,4,1,2026-09-13,State Bar of Texas Member Directory; State Bar self-reported website
Timothy P. Tonga,,,,,TX,Fort Bend,,,General,,,Houston,4,1,2026-09-13,State Bar of Texas Member Directory
Tina Kaviani Espili,,,,,TX,Fort Bend,,,General,,,Houston,4,1,2026-09-13,State Bar of Texas Member Directory
Tolu Omodele Nelms,,,,,TX,Fort Bend,,,Criminal Defense,,,Houston,5,1,2026-09-13,State Bar of Texas Member Directory
Tony K. Paschal,,,,,TX,Fort Bend,,,General,,,Houston,4,1,2026-09-13,State Bar of Texas Member Directory
Tracey Lachell Patterson,,,,,TX,Fort Bend,,,General,,,Houston,4,1,2026-09-13,State Bar of Texas Member Directory
Tracy Michelle Osina-Soape,,,,,TX,Fort Bend,346-800-4350,,General,,,Houston,4,1,2026-09-13,State Bar of Texas Member Directory
Tricia Nicole Atchison,,,,,TX,Fort Bend,,,General,,,Houston,4,1,2026-09-13,State Bar of Texas Member Directory
Ursala Mughni,,,,,TX,Fort Bend,,,Immigration,,,Houston,2,1,2026-09-13,State Bar of Texas Member Directory
Valeria Saucedo,,,,,TX,Fort Bend,,,General,,,Houston,4,1,2026-09-13,State Bar of Texas Member Directory
Vanessa Johnstone Quaciari,,,,,TX,Fort Bend,,,Personal Injury,,,Houston,5,1,2026-09-13,State Bar of Texas Member Directory
Veronica Denise Venice,,,,,TX,Fort Bend,281-750-6186,,General,,,Houston,4,1,2026-09-13,State Bar of Texas Member Directory
Veronica Garza,,,,,TX,Fort Bend,,,General,,,Houston,4,1,2026-09-13,State Bar of Texas Member Directory
Vestis,,,,,TX,Fort Bend,832-248-5338,,General,,,Houston,4,1,2026-09-13,State Bar of Texas Member Directory; State Bar self-reported website
Vidya Gopalakrishna Travis,,,,,TX,Fort Bend,512-271-9389,,General,,,Houston,4,1,2026-09-13,State Bar of Texas Member Directory
Vincent L. Washington,,,,,TX,Fort Bend,,,General,,,Houston,4,1,2026-09-13,State Bar of Texas Member Directory
Wil-Jeanne Eugene,,,,,TX,Fort Bend,,,General,,,Houston,4,1,2026-09-13,State Bar of Texas Member Directory
"Wilbanks Law, PLLC",https://www.wilbanks.law/,,,,TX,Fort Bend,281-400-0250,coby@wilbanks.law,Employment Law,,,Houston,3,1,2026-09-13,State Bar of Texas Member Directory; State Bar self-reported website
William Bickford Carpenter,,,,,TX,Fort Bend,,,General,,,Houston,4,1,2026-09-13,State Bar of Texas Member Directory
William H. Pate,,,,,TX,Fort Bend,,,General,,,Houston,4,1,2026-09-13,State Bar of Texas Member Directory
Willis Group,,,,,TX,Fort Bend,,,General,,,Houston,4,1,2026-09-13,State Bar of Texas Member Directory
Winstead PC,https://www.winstead.com/,,,,TX,Fort Bend,713-650-2621,jhoover@winstead.com,Estate Planning,,,Houston,2,2,2026-09-13,State Bar of Texas Member Directory; State Bar self-reported website
XXX-XX-XXXX,,,,,TX,Fort Bend,,,General,,,Houston,4,1,2026-09-13,State Bar of Texas Member Directory
Yadira Nunez Sanchez,,,,,TX,Fort Bend,,,General,,,Houston,4,1,2026-09-13,State Bar of Texas Member Directory
Yuanyuan Zhang,,,,,TX,Fort Bend,,,Real Estate,,,Houston,2,1,2026-09-13,State Bar of Texas Member Directory
Zainab Athina Elkadiri,,,,,TX,Fort Bend,,,Estate Planning,,,Houston,2,1,2026-09-13,State Bar of Texas Member Directory
Zakiya A. Smart,,,,,TX,Fort Bend,,,General,,,Houston,4,1,2026-09-13,State Bar of Texas Member Directory
Zerbe Miller,,,,,TX,Fort Bend,713-552-5520,,General,,,Houston,4,1,2026-09-13,State Bar of Texas Member Directory
Zeshan Irfan Mohiuddin,,,,,TX,Fort Bend,,,General,,,Houston,4,1,2026-09-13,State Bar of Texas Member Directory
inFidem Law PLLC,,,,,TX,Fort Bend,281-800-8998,,Estate Planning,,,Houston,2,1,2026-09-13,State Bar of Texas Member Directory; State Bar self-reported website
Jonathan Lee Chatmon,,,,Fresno,TX,Fort Bend,713-637-4483,,Criminal Defense,po box 1578,77545,Houston,5,1,2026-09-13,State Bar of Texas Member Directory
Kelsyn Onterryl Parker,,,,Fresno,TX,Fort Bend,,,General,4011 Teal Run Place Court,77545,Houston,4,1,2026-09-13,State Bar of Texas Member Directory
Law Office of Joyce Phoenix,,,,Fresno,TX,Fort Bend,281-633-0980,,Criminal Defense,PO Box 1626,77545,Houston,5,1,2026-09-13,State Bar of Texas Member Directory
"Law Office of Robert B. Goss, PC",https://www.attorneyforveterans.com/,,,Fresno,TX,Fort Bend,713-572-4838,,Personal Injury,PO Box 1459,77545,Houston,5,1,2026-09-13,State Bar of Texas Member Directory; State Bar self-reported website
Melissa Louise Carter,,,,Fresno,TX,Fort Bend,,,General,231 E Sycamore St,77545,Houston,4,1,2026-09-13,State Bar of Texas Member Directory
Teresa Katharine Pitre,,,,Fresno,TX,Fort Bend,281-972-9676,,Estate Planning,PO Box 532,77545,Houston,2,1,2026-09-13,State Bar of Texas Member Directory
The Law Office of Justin L. Writt,,,,Fresno,TX,Fort Bend,832-860-2233,,Criminal Defense,PO Box 814,77545,Houston,5,1,2026-09-13,State Bar of Texas Member Directory
"Doni L. Carder, Attorney at Law",https://donicarderlaw.com/,,,Fulshear,TX,Fort Bend,713-471-8688,doni@donicarderlaw.com,Estate Planning,32806 Woodfern Ct,77441,Houston,2,1,2026-09-13,State Bar of Texas Member Directory; State Bar self-reported website
Federal Science Partners,,,,Fulshear,TX,Fort Bend,713-471-5024,,General,4802 Southpoint Way,77441,Houston,4,1,2026-09-13,State Bar of Texas Member Directory
Hector Horacio Segura,,,,Fulshear,TX,Fort Bend,312-918-2449,,General,8055 Fm 359 Rd S Unit 74,77441,Houston,4,1,2026-09-13,State Bar of Texas Member Directory
James H. Hutchinson,,,,Fulshear,TX,Fort Bend,281-881-6262,,General,5115 Junction Cliff Ct,77441,Houston,4,1,2026-09-13,State Bar of Texas Member Directory
"Joseph C. LaValley III, Esq.",,,,Fulshear,TX,Fort Bend,281-728-3041,,Criminal Defense,27907 Twin Knolls Ln,77441,Houston,5,1,2026-09-13,State Bar of Texas Member Directory; State Bar self-reported website
Law Office of Frank E. Mann,,,,Fulshear,TX,Fort Bend,,,Civil Litigation,28937 Autumn Shore Dr,77441,Houston,3,1,2026-09-13,State Bar of Texas Member Directory
Law Offices of Alexius Miller,,,,Fulshear,TX,Fort Bend,,,General,3827 TEAL BAY LN,77441,Houston,4,1,2026-09-13,State Bar of Texas Member Directory
Martin William Brett,,,,Fulshear,TX,Fort Bend,361-558-8558,,Civil Litigation,3814 Lake Falls Dr,77441,Houston,3,1,2026-09-13,State Bar of Texas Member Directory
Matthew James Cara,,,,Fulshear,TX,Fort Bend,337-249-6441,,General,32611 Watersmeet St.,77441,Houston,4,1,2026-09-13,State Bar of Texas Member Directory
Nowotny Legal PLLC,https://nowotnylegal.com/,,,Fulshear,TX,Fort Bend,713-281-3976,info@nowotnylegal.com,General,31411 RIVERLAKE RD,77441,Houston,4,1,2026-09-13,State Bar of Texas Member Directory; State Bar self-reported website
Richard M. Forrest,,,,Fulshear,TX,Fort Bend,,,General,4902 Kendalia Cloud Ln,77441,Houston,4,1,2026-09-13,State Bar of Texas Member Directory
"Ronda Hood Law Firm, LLLP",,,,Fulshear,TX,Fort Bend,832-704-8195,,General,28718 Shoalhaven Court,77441,Houston,4,1,2026-09-13,State Bar of Texas Member Directory
"The Law Office of Justin G. McGee, PLLC",https://www.jgmcgeelaw.com/,,,Fulshear,TX,Fort Bend,713-239-4139,john@smith.com,Civil Litigation,PO Box 1161,77441,Houston,3,1,2026-09-13,State Bar of Texas Member Directory; State Bar self-reported website
The Sung Law Firm,,,,Fulshear,TX,Fort Bend,346-850-3739,,General,"The Sung Law Firm, P.O. Box 132,",77441,Houston,4,1,2026-09-13,State Bar of Texas Member Directory
"Van Holten Law Firm, PLLC",https://www.vanholtenlaw.com/landing/,,,Fulshear,TX,Fort Bend,832-404-6190,info@vanholtenlaw.com,General,5902 Drake Shadow Court,77441,Houston,4,1,2026-09-13,State Bar of Texas Member Directory
Wadler Perches & Kerlick,https://wphk-law.com/,,,Fulshear,TX,Fort Bend,979-532-3871,,Civil Litigation,29818 Fm 1093 Rd Ste 206,77441,Houston,3,2,2026-09-13,State Bar of Texas Member Directory; State Bar self-reported website
"Weaver and Tidwell, LLP",,,,Fulshear,TX,Fort Bend,,,Civil Litigation,4826 Kendalia Cloud Ln,77027,Houston,3,1,2026-09-13,State Bar of Texas Member Directory
"Abshire Dietary Consultants, LLC",,,,Katy,TX,Fort Bend,512-431-4880,,General,23619 Hawkins Creek Ct,77494,Houston,4,1,2026-09-13,State Bar of Texas Member Directory
"Adams Law Firm, Attorneys & Counselors PLLC",,,,Katy,TX,Fort Bend,281-391-9237,,General,23501 Cinco Ranch Blvd Ste H205,77494,Houston,4,1,2026-09-13,State Bar of Texas Member Directory; State Bar self-reported website
Adnane Law Firm,,,,Katy,TX,Fort Bend,,,Immigration,9550 SPRING GREEN BLVD. #408-330,77494,Houston,2,1,2026-09-13,State Bar of Texas Member Directory
Amanda Lourenco Cunha,,,,Katy,TX,Fort Bend,713-860-2291,,General,2002 Glen Burrow Ct,77494,Houston,4,1,2026-09-13,State Bar of Texas Member Directory
Amy L. Reinhardt Craft,,,,Katy,TX,Fort Bend,281-381-1556,,General,4402 Summits Edge Lane,77494,Houston,4,1,2026-09-13,State Bar of Texas Member Directory
"Ann Timpe-Brennan, PC",,,,Katy,TX,Fort Bend,713-782-3434,,General,10 Azure Lake Ct,77494,Houston,4,1,2026-09-13,State Bar of Texas Member Directory
Antalan & Associates PLLC,,,,Katy,TX,Fort Bend,737-275-6453,,Criminal Defense,9550 Spring Green Blvd Box 123,77494,Houston,5,1,2026-09-13,State Bar of Texas Member Directory
BRAYN Consulting LLC,,,,Katy,TX,Fort Bend,713-502-5993,,General,2011 Riverine Crest Cir.,77494,Houston,4,1,2026-09-13,State Bar of Texas Member Directory; State Bar self-reported website
"Banister & Miller, PLLC",https://banistermiller.com/,,,Katy,TX,Fort Bend,832-449-6419,,Criminal Defense,23410 Grand Reserve Dr Ste 501,77494,Houston,5,2,2026-09-13,State Bar of Texas Member Directory; State Bar self-reported website
"Barker Law Firm, PC",,,,Katy,TX,Fort Bend,713-205-7573,,Estate Planning,23225 Red River Dr,77494,Houston,2,1,2026-09-13,State Bar of Texas Member Directory; State Bar self-reported website
Bo Peng,,,,Katy,TX,Fort Bend,281-524-2966,,Civil Litigation,2717 Commercial Center Blvd Ste E200,77494,Houston,3,1,2026-09-13,State Bar of Texas Member Directory; State Bar self-reported website
Braam Partners,https://braampartners.com/,,,Katy,TX,Fort Bend,,,Personal Injury,23410 Grand Reserve Dr Ste 503,77494,Houston,5,1,2026-09-13,State Bar of Texas Member Directory; State Bar self-reported website
"Bromlow Law, PLLC",https://bromlowlaw.com/,,,Katy,TX,Fort Bend,562-303-3893,info@bromlowlaw.com,Estate Planning,7310 Fountain Spray,77494,Houston,2,1,2026-09-13,State Bar of Texas Member Directory
Caleb M. Headley,,,,Katy,TX,Fort Bend,,,Immigration,3622 Knights Hollow Ct,77494,Houston,2,1,2026-09-13,State Bar of Texas Member Directory; State Bar self-reported website
Casey Lee Coffman,,,,Katy,TX,Fort Bend,,,General,3407 Brinmont Place Lane,77494,Houston,4,1,2026-09-13,State Bar of Texas Member Directory
Catherine Leigh Ferrier,,,,Katy,TX,Fort Bend,,,General,4722 Middleoak Grove Lane,77494,Houston,4,1,2026-09-13,State Bar of Texas Member Directory
Christopher Andre' Walker,,,,Katy,TX,Fort Bend,832-437-9372,,Criminal Defense,6445 Fm 1463 Rd Ste 160 PMB 242,77494,Houston,5,1,2026-09-13,State Bar of Texas Member Directory
Collette Ross Gordon,,,,Katy,TX,Fort Bend,,,General,26111 Ashland Hollow Ln,77494,Houston,4,1,2026-09-13,State Bar of Texas Member Directory
Craig Luther Cook,,,,Katy,TX,Fort Bend,,,Estate Planning,9550 Spring Green Blvd Ste 408 PMB 248,77494,Houston,2,1,2026-09-13,State Bar of Texas Member Directory
Crayton Law PLLC,https://www.craytonlawfirm.com/,,,Katy,TX,Fort Bend,832-428-3628,,Employment Law,1708 Spring Green Blvd Ste 120 PMB 371,77494,Houston,3,1,2026-09-13,State Bar of Texas Member Directory; State Bar self-reported website
Crum & Forster,,,,Katy,TX,Fort Bend,713-954-8722,,Personal Injury,5111 Cinco Falls Drive,77494,Houston,5,1,2026-09-13,State Bar of Texas Member Directory
David Frishman,,,,Katy,TX,Fort Bend,281-391-2147,,Civil Litigation,5723 Highway Blvd,77494,Houston,3,1,2026-09-13,State Bar of Texas Member Directory
David Walton Cias,,,,Katy,TX,Fort Bend,,,Real Estate,26414 Morgan Creek Ln,77494,Houston,2,1,2026-09-13,State Bar of Texas Member Directory
Deborah Harris,,,,Katy,TX,Fort Bend,281-512-7817,,Employment Law,24215 Falcon Point Drive,77494,Houston,3,1,2026-09-13,State Bar of Texas Member Directory
Demeter Land Development,,,,Katy,TX,Fort Bend,,,General,25139 Clover Ranch Dr,77494,Houston,4,1,2026-09-13,State Bar of Texas Member Directory; State Bar self-reported website
Donati Brashear Law Firm,https://www.dblawfirm.com/,,,Katy,TX,Fort Bend,281-994-4034,ashley@dblawfirm.com,Criminal Defense,410 W Grand Pkwy S Ste 104,77494,Houston,5,2,2026-09-13,State Bar of Texas Member Directory; State Bar self-reported website
Douglas Koger,http://www.kogerlaw.com/,,,Katy,TX,Fort Bend,346-387-7167,info@kogerlaw.com,Employment Law,24285 Katy Fwy Ste 300,77494,Houston,3,1,2026-09-13,State Bar of Texas Member Directory; State Bar self-reported website
Edward Rothberg,,,,Katy,TX,Fort Bend,,,Bankruptcy,5022 Sandyfields Lane,77494,Houston,2,1,2026-09-13,State Bar of Texas Member Directory
Elizabeth Ann Preciado,,,,Katy,TX,Fort Bend,713-294-9304,,Criminal Defense,0000,77494,Houston,5,1,2026-09-13,State Bar of Texas Member Directory
Elrod Law Firm,https://www.elrodtaxlaw.com/,,,Katy,TX,Fort Bend,281-394-4700,aelrod@elrodtaxlaw.com,General,"22503 Katy Fwy., Ste. 100",77450,Houston,4,1,2026-09-13,State Bar of Texas Member Directory; State Bar self-reported website
Ernest Barrientos,,,,Katy,TX,Fort Bend,832-913-5277,,General,"2717 Commercial Center Blvd., Suite E200",77494,Houston,4,1,2026-09-13,State Bar of Texas Member Directory
Evelyn Yunery Garcia Lopez,,,,Katy,TX,Fort Bend,832-308-0636,,General,1450 W Grand Pkwy S Ste G #2108,77494,Houston,4,1,2026-09-13,State Bar of Texas Member Directory
Fischer Law Firm P.C.,,,,Katy,TX,Fort Bend,832-589-0911,,General,24285 Katy Fwy Ste 300,77494,Houston,4,1,2026-09-13,State Bar of Texas Member Directory; State Bar self-reported website
Gary Lee Paulson,,,,Katy,TX,Fort Bend,281-650-2144,,Civil Litigation,26934 Monterey Bend Lane,77494,Houston,3,1,2026-09-13,State Bar of Texas Member Directory
Gumbert Law Firm,https://gumbertlaw.com/,,,Katy,TX,Fort Bend,281-529-5411,jim@gumbertlaw.com,Personal Injury,"5701 4th Street, #369",77492,Houston,5,1,2026-09-13,State Bar of Texas Member Directory; State Bar self-reported website
"Haden & Gabbert, P.C.",,,,Katy,TX,Fort Bend,713-478-6991,,General,23501 Cinco Ranch Blvd Ste H120 PMB 131,77494,Houston,4,1,2026-09-13,State Bar of Texas Member Directory
Holtsclaw Law Firm,https://holtsclawlaw.com/,,,Katy,TX,Fort Bend,281-895-3033,info@holtsclawlaw.com,Estate Planning,25807 Westheimer Pkwy Ste 302,77494,Houston,2,1,2026-09-13,State Bar of Texas Member Directory; State Bar self-reported website
Hoover CS,,,,Katy,TX,Fort Bend,281-870-8402,,General,24285 Katy Fwy Ste 200,77494,Houston,4,1,2026-09-13,State Bar of Texas Member Directory
House Perron & House PLLC,https://www.houseperron.com/,,,Katy,TX,Fort Bend,281-762-1377,,Personal Injury,633 E Fernhurst Dr Ste 1401 Ct,77450,Houston,5,1,2026-09-13,State Bar of Texas Member Directory; State Bar self-reported website
"Howard Law Firm, PLLC",https://www.nhowardlaw.com/,,,Katy,TX,Fort Bend,346-702-4344,info@nhowardlaw.com,Estate Planning,26717 Westheimer Pkwy Ste 703,77494,Houston,2,1,2026-09-13,State Bar of Texas Member Directory; State Bar self-reported website
"Hunt Law Firm, PLLC",https://www.familylawyerkaty.com/,,,Katy,TX,Fort Bend,832-315-5494,,Estate Planning,23212 Red River Dr,77494,Houston,2,4,2026-09-13,State Bar of Texas Member Directory; State Bar self-reported website; Justia; manual verified search
J Cooper Mediation,,,,Katy,TX,Fort Bend,713-930-9370,,General,24600 Katy Fwy Ste 834 PMB 2022,77494,Houston,4,1,2026-09-13,State Bar of Texas Member Directory; State Bar self-reported website
"J. R. JONES LAW, PLLC",https://jrjoneslaw.com/,,,Katy,TX,Fort Bend,713-206-3485,john@jrjoneslaw.com,Civil Litigation,6026 Remson Hollow Lane,77494,Houston,3,1,2026-09-13,State Bar of Texas Member Directory; State Bar self-reported website
"J.W. Urech Law Firm, PLLC",https://www.jurechlaw.com/,,,Katy,TX,Fort Bend,281-712-7350,info@jurechlaw.com,Estate Planning,"24285 Katy Freeway, Suite 300",77494,Houston,2,1,2026-09-13,State Bar of Texas Member Directory; State Bar self-reported website
JWP Interests,,,,Katy,TX,Fort Bend,,,Real Estate,27415 Myrtle Lake Lane,77494,Houston,2,1,2026-09-13,State Bar of Texas Member Directory
James Vernon Hovendick,,,,Katy,TX,Fort Bend,,,Criminal Defense,5115 Cinco Forest Trail,77494,Houston,5,1,2026-09-13,State Bar of Texas Member Directory
Jennifer Christine Best,,,,Katy,TX,Fort Bend,,,General,9814 Linden May Ln,77494,Houston,4,1,2026-09-13,State Bar of Texas Member Directory
John Quinlan,,,,Katy,TX,Fort Bend,281-250-1560,,Personal Injury,22310 Grand Corner Dr Ste 140,77494,Houston,5,1,2026-09-13,State Bar of Texas Member Directory
John Robert Osborne,,,,Katy,TX,Fort Bend,832-844-0304,,Civil Litigation,24285 Katy Fwy Ste 300,77494,Houston,3,1,2026-09-13,State Bar of Texas Member Directory; State Bar self-reported website
Kathryn Meek Almar,,,,Katy,TX,Fort Bend,,,General,26714 Cedardale Pines Dr.,77494,Houston,4,1,2026-09-13,State Bar of Texas Member Directory
Kenneth Ross Carr,,,,Katy,TX,Fort Bend,,kenn.carr17@gmail.com,Employment Law,22415 Crescent Cove Ct,77494,Houston,3,1,2026-09-13,State Bar of Texas Member Directory; State Bar self-reported website
King and Spalding LLP,,,,Katy,TX,Fort Bend,713-751-3211,,General,3411 Alden Manor Ln,77494,Houston,4,1,2026-09-13,State Bar of Texas Member Directory
Krystal Loredo Talghani,,,,Katy,TX,Fort Bend,,,Estate Planning,4702 Sandy Arbor Ct,77494,Houston,2,1,2026-09-13,State Bar of Texas Member Directory
Law Office Of Greg H. Walker,,,,Katy,TX,Fort Bend,713-419-5887,,Real Estate,24614 Bell Canyon Ln,77494,Houston,2,1,2026-09-13,State Bar of Texas Member Directory
Law Office of Adrianne Z. Norman,https://aznormanlaw.com/,,,Katy,TX,Fort Bend,832-377-8938,info@aznormanlaw.com,Criminal Defense,2750 Fm 1463 Rd Ste 150,77494,Houston,5,1,2026-09-13,State Bar of Texas Member Directory; State Bar self-reported website
Law Office of Amy Lacy PLLC,https://www.amylacylaw.com/,,,Katy,TX,Fort Bend,281-550-0143,amylacylaw@gmail.com,General,24285 Katy Fwy Ste 300,77494,Houston,4,1,2026-09-13,State Bar of Texas Member Directory
"Law Office of C. Zan Pritchard, PLLC",http://www.zanpritchardlaw.com/,,,Katy,TX,Fort Bend,832-304-2248,zpritchard@zanpritchardlaw.com,Civil Litigation,2002 Saddlehorn Trl,77494,Houston,3,1,2026-09-13,State Bar of Texas Member Directory; State Bar self-reported website
Law Office of Cynthia Guerra,https://www.cynthiaguerralaw.com/,,,Katy,TX,Fort Bend,281-579-3977,c.guerralaw@gmail.com,Criminal Defense,440 Cobia Dr Ste 1801,77494,Houston,5,1,2026-09-13,State Bar of Texas Member Directory; Justia
"Law Office of Marron Gebremeskel, PLLC",,,,Katy,TX,Fort Bend,832-304-5319,,General,28111 S Firethorne Rd Ste 302,77494,Houston,4,1,2026-09-13,State Bar of Texas Member Directory
Law Offices of Pamela L. Stewart,,,,Katy,TX,Fort Bend,713-622-3893,,Bankruptcy,24503 Alexander Crossing Ln,77494,Houston,2,1,2026-09-13,State Bar of Texas Member Directory
Liang Gao,,,,Katy,TX,Fort Bend,541-753-7210,,Estate Planning,3307 Candle Stick Ln,77494,Houston,2,1,2026-09-13,State Bar of Texas Member Directory
Lovett Law Firm,https://www.accidentlawyertex.com/,,,Katy,TX,Fort Bend,281-391-5400,,Personal Injury,24285 Katy Fwy Suite 300,77494,Houston,5,1,2026-09-13,State Bar of Texas Member Directory; State Bar self-reported website
Mandy Goldman Miller,,,,Katy,TX,Fort Bend,832-900-9884,,General,9722 Gaston Rd Ste 150 # 257,77494,Houston,4,1,2026-09-13,State Bar of Texas Member Directory
Mark Allen White,,,,Katy,TX,Fort Bend,713-818-8397,,Civil Litigation,801 FM 1463 Ste. 200 #334,77494,Houston,3,1,2026-09-13,State Bar of Texas Member Directory
Mary Allison Pride,,,,Katy,TX,Fort Bend,281-693-5034,,Estate Planning,26207 Seminole Hill Ln,77494,Houston,2,1,2026-09-13,State Bar of Texas Member Directory
Melissa Elaine Freeman,,,,Katy,TX,Fort Bend,713-582-5620,,General,3111 Ginter Lane,77494,Houston,4,1,2026-09-13,State Bar of Texas Member Directory
Michael C. Balog,,,,Katy,TX,Fort Bend,,,General,5230 Juniper Terrace Ln,77494,Houston,4,1,2026-09-13,State Bar of Texas Member Directory
Mogey Elizabeth Lovelle,,,,Katy,TX,Fort Bend,,mogeylovelle@gmail.com,Real Estate,None None,77494,Houston,2,1,2026-09-13,State Bar of Texas Member Directory; State Bar self-reported website
"Monarca Law Firm, PLLC",https://www.monarcalawfirm.com/,,,Katy,TX,Fort Bend,832-709-9532,customerservice@monarcalawfirm.com,Immigration,25807 Westheimer Pkwy Ste 324,77494,Houston,2,1,2026-09-13,State Bar of Texas Member Directory; State Bar self-reported website
Obeta & Associates,https://obetalaw.com/,,,Katy,TX,Fort Bend,281-888-5135,info@obetalaw.com,Personal Injury,6703 Highway Blvd,77494,Houston,5,1,2026-09-13,State Bar of Texas Member Directory; State Bar self-reported website
"Ortego Law Firm, PLLC",https://www.lawortego.com/,,,Katy,TX,Fort Bend,832-557-4593,info@lawortego.com,Estate Planning,24285 Katy Fwy Ste 300,77494,Houston,2,1,2026-09-13,State Bar of Texas Member Directory; State Bar self-reported website
"Patterson Legal, PLLC",,,,Katy,TX,Fort Bend,713-539-4444,,Personal Injury,2717 Commercial Center Blvd Ste E200,77494,Houston,5,1,2026-09-13,State Bar of Texas Member Directory; State Bar self-reported website
"Paul Fredrick, Attorney-at-Law",,,,Katy,TX,Fort Bend,832-833-9295,,Civil Litigation,8514 Snowflower Meadow Lane,77095,Houston,3,1,2026-09-13,State Bar of Texas Member Directory
"Porras Law Firm, PLLC",https://www.porraslegaldefense.com/,,,Katy,TX,Fort Bend,979-204-1570,porraslaw@outlook.com,Criminal Defense,4031 Fm 1463 Rd Ste 40 PMB 262,77494,Houston,5,1,2026-09-13,State Bar of Texas Member Directory; State Bar self-reported website
Priya Mishra,,,,Katy,TX,Fort Bend,,,General,26407 Red Cliff Rdg,77494,Houston,4,1,2026-09-13,State Bar of Texas Member Directory
Roshni Ratnavali Rajnarinesingh-Saith,,,,Katy,TX,Fort Bend,,,General,23707 Thornsby Ct,77494,Houston,4,1,2026-09-13,State Bar of Texas Member Directory
Sandra Sims,,,,Katy,TX,Fort Bend,713-392-4725,,Estate Planning,28415 ROLLINGWOOD SOUTH LOOP,77494,Houston,2,1,2026-09-13,State Bar of Texas Member Directory
Scott Callahan & Associates,https://lawyerscottcallahan.com/,,,Katy,TX,Fort Bend,713-888-9000,,Personal Injury,2717 Commercial Center Blvd Ste E200,77494,Houston,5,1,2026-09-13,State Bar of Texas Member Directory; State Bar self-reported website
"Shannon Martin Finkelstein Alvarado & Dunne, P.C.",https://www.smfadlaw.com/,,,Katy,TX,Fort Bend,713-446-9804,lalvarado@smfadlaw.com,Civil Litigation,6725 S Fry Rd Ste 700 PMB 518,77494,Houston,3,1,2026-09-13,State Bar of Texas Member Directory; State Bar self-reported website
"Shields Law Firm, LLP",https://shieldsfirm.com/,,,Katy,TX,Fort Bend,832-422-7333,,Estate Planning,24285 Katy Fwy Ste 300A,77494,Houston,2,2,2026-09-13,State Bar of Texas Member Directory; State Bar self-reported website
Skillern Firm Divorce & Child Custody Lawyers,https://skillernfirm.com/,,,Katy,TX,Fort Bend,713-229-8855,,Civil Litigation,22322 Grand Corner Dr Ste 125,77494,Houston,3,2,2026-09-13,State Bar of Texas Member Directory; State Bar self-reported website
"Smart & Malone Family Law Group, PLLC",https://www.smartmalone.com/,,,Katy,TX,Fort Bend,346-251-5072,,Immigration,21218 Kingsland Blvd,77450,Houston,2,2,2026-09-13,State Bar of Texas Member Directory; State Bar self-reported website
Steven F. Meadows,,,,Katy,TX,Fort Bend,713-306-5531,,General,24818 North Point Place,77494,Houston,4,1,2026-09-13,State Bar of Texas Member Directory
"Swanson Law, PLLC",https://swansonspedlaw.com/,,,Katy,TX,Fort Bend,903-243-3443,,General,24285 Katy Fwy Ste 400 # 26,77494,Houston,4,1,2026-09-13,State Bar of Texas Member Directory; State Bar self-reported website
Talbot M. Theunissen,,,,Katy,TX,Fort Bend,337-315-2579,,Civil Litigation,1231 Sand Pines,77494,Houston,3,1,2026-09-13,State Bar of Texas Member Directory
The Adams Law Firm,https://www.theadamslawfirm.com/,,,Katy,TX,Fort Bend,281-391-9237,,Estate Planning,23501 Cinco Ranch Blvd Ste H205,77494,Houston,2,2,2026-09-13,State Bar of Texas Member Directory; State Bar self-reported website; manual verified search
The Bolton Law Firm PC,https://www.boltonlaw.com/,,,Katy,TX,Fort Bend,281-393-4174,,Estate Planning,21815 Oak Park Trails Drive,77450,Houston,2,2,2026-09-13,State Bar of Texas Member Directory; State Bar self-reported website; Justia; manual verified search
"The Debt Defenders by Ciment Law Firm, PLLC",https://www.thedebtdefenders.com/,,,Katy,TX,Fort Bend,833-663-3289,info@cimentlawfirm.com,Bankruptcy,221 Bella Katy Dr,77494,Houston,2,1,2026-09-13,State Bar of Texas Member Directory; State Bar self-reported website
The Handley Law Office PLLC,https://www.thehandleylawoffice.com/,,,Katy,TX,Fort Bend,281-703-3616,boyd@thehandleylawoffice.com,Estate Planning,633 E Fernhurst Dr Ste 1402,77450,Houston,2,1,2026-09-13,State Bar of Texas Member Directory; State Bar self-reported website
The Hirani Law Firm PLLC,,,,Katy,TX,Fort Bend,281-665-8188,,General,22316 Grand Corner Dr Ste 130,77494,Houston,4,1,2026-09-13,State Bar of Texas Member Directory
The Law Office of Andrew Briggs,,,,Katy,TX,Fort Bend,281-769-8370,,Civil Litigation,27726 Cold Spring Trace,77494,Houston,3,1,2026-09-13,State Bar of Texas Member Directory; State Bar self-reported website
"The Law Office of Carla Freeman, PLLC",http://www.carlafreemanlaw.com/,,,Katy,TX,Fort Bend,832-819-4707,carla@carlafreemanlaw.com,Estate Planning,23501 Cinco Ranch Blvd Ste H120 PMB 183,77494,Houston,2,1,2026-09-13,State Bar of Texas Member Directory; State Bar self-reported website
"The Law Offices of Mario A. Martinez, PLLC",,,,Katy,TX,Fort Bend,346-387-7187,,Personal Injury,"24285 Katy Freeway, Suite 300",77494,Houston,5,1,2026-09-13,State Bar of Texas Member Directory; State Bar self-reported website
"The Okonji Law Office, PLLC",https://realestatelawyerhouston.com/,,,Katy,TX,Fort Bend,832-844-3689,info@realestatelawyerhouston.com,Real Estate,24044 Cinco Village Center Blvd. Suite 100,77494,Houston,2,1,2026-09-13,State Bar of Texas Member Directory; State Bar self-reported website
"The Rafati Law Firm, PLLC",https://rafatilaw.com/,,,Katy,TX,Fort Bend,210-573-3123,,Personal Injury,7106 Glen Rosa Dr,77494,Houston,5,1,2026-09-13,State Bar of Texas Member Directory; State Bar self-reported website
The Sidaros Law Firm PLLC,https://www.sidaroslaw.com/,,,Katy,TX,Fort Bend,832-437-4012,sibel@sidaroslaw.com,Personal Injury,151 Bella Katy Dr,77494,Houston,5,1,2026-09-13,State Bar of Texas Member Directory
The Stephens Law Firm Accident Lawyers,https://www.joestephenslaw.com/,,,Katy,TX,Fort Bend,281-201-0035,,Personal Injury,440 Cobia Dr Ste 601,77494,Houston,5,1,2026-09-13,State Bar of Texas Member Directory; State Bar self-reported website
The Z&P Law Group,https://zplawgrouptx.com/,,,Katy,TX,Fort Bend,832-464-7767,,Criminal Defense,24044 Cinco Village Center Blvd #100,77494,Houston,5,1,2026-09-13,State Bar of Texas Member Directory; State Bar self-reported website
"Theander & Grimes, PLLC",https://www.katylegal.com/,,,Katy,TX,Fort Bend,281-972-8488,,Estate Planning,1325 Main St Ste 1101,77494,Houston,2,3,2026-09-13,State Bar of Texas Member Directory; State Bar self-reported website; Justia; manual verified search
"Troup & Bruce, LLP",,,,Katy,TX,Fort Bend,281-831-1036,,General,2877 Commercial Center Blvd,77494,Houston,4,1,2026-09-13,State Bar of Texas Member Directory
Tucker Ellis LLP,https://www.tuckerellis.com/,,,Katy,TX,Fort Bend,281-657-0723,,Civil Litigation,24044 Cinco Village Center Blvd Ste 100,77494,Houston,3,1,2026-09-13,State Bar of Texas Member Directory; State Bar self-reported website
Uzoma Alexander Eze,,,,Katy,TX,Fort Bend,832-933-5267,,Employment Law,24285 Katy Freeway 4th floor,77494,Houston,3,1,2026-09-13,State Bar of Texas Member Directory
"WARREN & BAKER, LLP",https://www.warrenbakerlaw.com/,,,Katy,TX,Fort Bend,713-526-0606,,Civil Litigation,22310 Grand Corner Dr Ste 100,77494,Houston,3,2,2026-09-13,State Bar of Texas Member Directory; State Bar self-reported website
Whitley LLP Attorneys at Law,https://whitleylawgroup.com/,,,Katy,TX,Fort Bend,281-206-0433,,General,24285 Katy Fwy Ste 300,77494,Houston,4,1,2026-09-13,State Bar of Texas Member Directory; State Bar self-reported website
"Wilkinson, Williams, Bosio & Sessoms, PLLC",,,,Katy,TX,Fort Bend,,,General,P.O. BOX 6548,77491,Houston,4,1,2026-09-13,State Bar of Texas Member Directory
"Will Adams Law Firm, PLLC",https://willadamslawfirm.com/,,,Katy,TX,Fort Bend,281-391-9237,,Personal Injury,23501 Cinco Ranch Blvd Ste H205,77494,Houston,5,2,2026-09-13,State Bar of Texas Member Directory; State Bar self-reported website
"William Hoke & Associates, LLLP",http://www.whokelaw.com/,,,Katy,TX,Fort Bend,713-489-5411,,Personal Injury,2514 Haven Hill Dr,77494,Houston,5,1,2026-09-13,State Bar of Texas Member Directory; State Bar self-reported website
Williams Field Services,,,,Katy,TX,Fort Bend,,,General,26715 Valleyside Dr.,77494,Houston,4,1,2026-09-13,State Bar of Texas Member Directory
"Willumsen Law Firm, PC",,,,Katy,TX,Fort Bend,713-963-4646,,Personal Injury,24044 Cinco Village Center Blvd Ste 100,77494,Houston,5,1,2026-09-13,State Bar of Texas Member Directory; State Bar self-reported website
Ya Gao,,,,Katy,TX,Fort Bend,,,General,24044 Cinco Village Center Blvd Ste 100,77494,Houston,4,1,2026-09-13,State Bar of Texas Member Directory
"ZARA ALI & ASSOCIATES, PLLC",https://www.localhoustonlawyer.com/,,,Katy,TX,Fort Bend,832-951-9894,,Immigration,2717 Commercial Center Blvd Ste E200,77494,Houston,2,1,2026-09-13,State Bar of Texas Member Directory; State Bar self-reported website
"Zynera: Insurance, Consulting, & Administration",,,,Katy,TX,Fort Bend,855-499-6372,,General,"1708 Spring Green Blvd. Suite 120, P.O. Box 227",77494,Houston,4,1,2026-09-13,State Bar of Texas Member Directory; State Bar self-reported website
Albert Jay Alexander,,,,Meadows Place,TX,Fort Bend,,,General,11842 Meadow Crest Dr.,77477,Houston,4,1,2026-09-13,State Bar of Texas Member Directory
Alcorn Law PC,https://0fcf982.wcomhost.com/,,,Missouri City,TX,Fort Bend,281-705-0453,,Estate Planning,3806 Bellinger Way,77459,Houston,2,1,2026-09-13,State Bar of Texas Member Directory; State Bar self-reported website
Andrew Joseph Sutton,,,,Missouri City,TX,Fort Bend,832-607-6791,,General,63 Old Woods Passage,77459,Houston,4,1,2026-09-13,State Bar of Texas Member Directory
Anietie Daniel Jack,,,,Missouri City,TX,Fort Bend,,,Criminal Defense,7070 Knights Ct,77459,Houston,5,1,2026-09-13,State Bar of Texas Member Directory
Anthony Thomas Fiore,,,,Missouri City,TX,Fort Bend,713-217-2774,,General,6623 Sutters Creek Trail,77459,Houston,4,1,2026-09-13,State Bar of Texas Member Directory
Arthur Lim,,,,Missouri City,TX,Fort Bend,713-829-7400,,General,"5680 Highway 6, No. 401",77459,Houston,4,1,2026-09-13,State Bar of Texas Member Directory
Attorney-At-Law,,,,Missouri City,TX,Fort Bend,713-416-4164,,General,9007 Orchard Cv,77459,Houston,4,1,2026-09-13,State Bar of Texas Member Directory
"Clayton Wrzesinski, P.C.",,,,Missouri City,TX,Fort Bend,281-499-4996,,Bankruptcy,PO Box 458,77459,Houston,2,1,2026-09-13,State Bar of Texas Member Directory; State Bar self-reported website
"Clennan Law Firm, PLLC",,,,Missouri City,TX,Fort Bend,281-969-7089,,Estate Planning,4502 Riverstone Blvd Ste 103,77459,Houston,2,1,2026-09-13,State Bar of Texas Member Directory
"DHMcElvaney Law, PLLC",,,,Missouri City,TX,Fort Bend,281-778-8615,,Civil Litigation,3902 Travis Court,77459,Houston,3,1,2026-09-13,State Bar of Texas Member Directory
Daniel Gyebi,,,,Missouri City,TX,Fort Bend,281-845-1485,,Real Estate,4107 Mooring Point Court,77459,Houston,2,1,2026-09-13,State Bar of Texas Member Directory
Daniel Sunday Jack,,,,Missouri City,TX,Fort Bend,713-771-8400,,Criminal Defense,7070 Knights Ct Ste 604,77459,Houston,5,1,2026-09-13,State Bar of Texas Member Directory
David Lieurance Chandler,,,,Missouri City,TX,Fort Bend,281-787-9233,,Estate Planning,5680 Highway 6 PMB 367,77459,Houston,2,1,2026-09-13,State Bar of Texas Member Directory
Debra Sinclair and Assoc. PLLC,,,,Missouri City,TX,Fort Bend,281-827-8108,,Criminal Defense,3845 Cartwright Rd,77459,Houston,5,1,2026-09-13,State Bar of Texas Member Directory
Denise Dardeau Muller,,,,Missouri City,TX,Fort Bend,,,General,34 Hope Farm Rd,77459,Houston,4,1,2026-09-13,State Bar of Texas Member Directory
Douglas Parker,,,,Missouri City,TX,Fort Bend,281-770-6521,,Estate Planning,PO Box 771,77459,Houston,2,1,2026-09-13,State Bar of Texas Member Directory
Dwayne E. Bilton,,,,Missouri City,TX,Fort Bend,713-725-7323,,General,1705 Starboard Shores Court,77459,Houston,4,1,2026-09-13,State Bar of Texas Member Directory
Dyan Elizabeth Parada,,,,Missouri City,TX,Fort Bend,,,General,3634 Glenn Lakes Ln Ste 190,77459,Houston,4,1,2026-09-13,State Bar of Texas Member Directory
Earle A. Herbert,,,,Missouri City,TX,Fort Bend,832-496-5320,earlerustyh@aol.com,General,3318 Peninsulas Dr.,77459,Houston,4,1,2026-09-13,State Bar of Texas Member Directory; State Bar self-reported website
Elizabeth Arana Fowler,,,,Missouri City,TX,Fort Bend,,,Estate Planning,9006 Avebury Stone Circle,77459,Houston,2,1,2026-09-13,State Bar of Texas Member Directory
HL Ehrlich Law PLLC,,,,Missouri City,TX,Fort Bend,713-899-6164,,General,3110 Sabine Point Way,77459,Houston,4,1,2026-09-13,State Bar of Texas Member Directory
"Henrietta Ezeoke Law Firm, PLLC",https://www.yourhoustoninjurylawyer.com/,,,Missouri City,TX,Fort Bend,713-234-0030,,Personal Injury,7070 Knights Ct Ste 1104,77459,Houston,5,1,2026-09-13,State Bar of Texas Member Directory; State Bar self-reported website
Hoppe Law Firm,,,,Missouri City,TX,Fort Bend,281-313-5300,,Personal Injury,10503 Ginger Gln,77459,Houston,5,1,2026-09-13,State Bar of Texas Member Directory
International SOS,,,,Missouri City,TX,Fort Bend,267-964-8110,,Employment Law,9327 Sleepy Gap Way,77459,Houston,3,1,2026-09-13,State Bar of Texas Member Directory; State Bar self-reported website
"J. Hugh Willey, Jr., Attorney at Law",,,,Missouri City,TX,Fort Bend,713-705-0611,,General,1830 Brightlake Way,77459,Houston,4,1,2026-09-13,State Bar of Texas Member Directory
Jacqueline J. Watson,,,,Missouri City,TX,Fort Bend,281-240-7974,,General,"5680 Highway 6, Suite 363",77459,Houston,4,1,2026-09-13,State Bar of Texas Member Directory
Jacquelyn D. Coleman P.C.,https://jdcmediation.com/,,,Missouri City,TX,Fort Bend,346-628-7713,jacquelyn@jdcmediation.com,Workers' Compensation,1902 Texas Pkwy Unit 743,77459,Houston,5,1,2026-09-13,State Bar of Texas Member Directory; State Bar self-reported website
James Austin Gray,,,,Missouri City,TX,Fort Bend,713-598-0688,,Civil Litigation,3215 Round Meadow Lane,77459,Houston,3,1,2026-09-13,State Bar of Texas Member Directory
James Roy Strawn,,,,Missouri City,TX,Fort Bend,405-203-6171,,General,8927 Thompson Lake Drive,77459,Houston,4,1,2026-09-13,State Bar of Texas Member Directory
"John Farra, Attorney at Law, PC",,,,Missouri City,TX,Fort Bend,832-689-6171,,Real Estate,3802 Cedar Valley Dr,77459,Houston,2,1,2026-09-13,State Bar of Texas Member Directory
John R. Werner,,,,Missouri City,TX,Fort Bend,832-622-7569,,General,9007 Stones Throw Lane,77459,Houston,4,1,2026-09-13,State Bar of Texas Member Directory
"K. E. Bradley and Associates, PLLC",https://kebradleylaw.com/,,,Missouri City,TX,Fort Bend,832-440-0585,,Personal Injury,7070 Knights Ct Ste 601,77459,Houston,5,1,2026-09-13,State Bar of Texas Member Directory; State Bar self-reported website
Kristin Kittrell Tassin,,,,Missouri City,TX,Fort Bend,,,General,850 St. Elmo's Court,77459,Houston,4,1,2026-09-13,State Bar of Texas Member Directory
Law Firm of Paul I. Aronowitz,,,,Missouri City,TX,Fort Bend,281-222-5620,,Civil Litigation,5777 Sienna Pkwy Ste 300,77459,Houston,3,1,2026-09-13,State Bar of Texas Member Directory; State Bar self-reported website
Law Office of Dafey & Associates,,,,Missouri City,TX,Fort Bend,713-592-9100,,Estate Planning,PO Box 2021,77459,Houston,2,1,2026-09-13,State Bar of Texas Member Directory
Law Office of Debra Jennings,,,,Missouri City,TX,Fort Bend,346-353-4853,,Civil Rights,6140 Highway 6 PMB 269,77459,Houston,3,1,2026-09-13,State Bar of Texas Member Directory; State Bar self-reported website
Law Office of Pamela Rose,,,,Missouri City,TX,Fort Bend,281-743-2948,,Bankruptcy,P.O. Box 2103,77459,Houston,2,1,2026-09-13,State Bar of Texas Member Directory
"Law Office of Richard W. Wilkinson, Jr.",,,,Missouri City,TX,Fort Bend,713-225-0505,,Criminal Defense,5680 Highway 6 PMB 324,77459,Houston,5,1,2026-09-13,State Bar of Texas Member Directory
"Law Office of Stuart Burns, PLLC",,,,Missouri City,TX,Fort Bend,281-300-0916,,Criminal Defense,5680 Highway 6. Suite 387,77459,Houston,5,1,2026-09-13,State Bar of Texas Member Directory
Law Offices of Michael J Siwierka,,,,Missouri City,TX,Fort Bend,713-725-3177,,General,3811 Parkside Dr,77459,Houston,4,1,2026-09-13,State Bar of Texas Member Directory
"Liza A. Greene, Attorney at Law",https://greenelawtexas.com/,,,Missouri City,TX,Fort Bend,832-617-1412,,Estate Planning,PO Box 2156,77459,Houston,2,1,2026-09-13,State Bar of Texas Member Directory; State Bar self-reported website
Lufkin Industries,,,,Missouri City,TX,Fort Bend,281-495-1100,,Employment Law,811 Willow Oak Dr,77489,Houston,3,1,2026-09-13,State Bar of Texas Member Directory
Mai Thi Tran,,,,Missouri City,TX,Fort Bend,,,Employment Law,4431 Durango Bnd,77459,Houston,3,1,2026-09-13,State Bar of Texas Member Directory
Marshenell Miller Ervin,,,,Missouri City,TX,Fort Bend,281-438-8487,,General,16930 Quail Glen Drive,77489,Houston,4,1,2026-09-13,State Bar of Texas Member Directory
Matthew David Ditman,,,,Missouri City,TX,Fort Bend,,,General,1522 Texas Parkway,77489,Houston,4,1,2026-09-13,State Bar of Texas Member Directory
McCullough Huddleston and Woo,https://mhwcounsel.com/,,,Missouri City,TX,Fort Bend,346-438-6620,,General,3606 Hill Family Lane Suite 1700,77459,Houston,4,1,2026-09-13,State Bar of Texas Member Directory; State Bar self-reported website
Mei Camille Lee,,,,Missouri City,TX,Fort Bend,,,Estate Planning,1902 Texas Pkwy # 1483,77489,Houston,2,1,2026-09-13,State Bar of Texas Member Directory
Michael P. Miller PLLC,,,,Missouri City,TX,Fort Bend,713-291-8662,,General,3506 Deerwood Ln,77459,Houston,4,1,2026-09-13,State Bar of Texas Member Directory
Michael Reuben Goldman,,,,Missouri City,TX,Fort Bend,713-502-1604,,General,8814 Tangier Turn,77459,Houston,4,1,2026-09-13,State Bar of Texas Member Directory
Miller Patti Pershern PLLC,http://www.mppfirm.com/,,,Missouri City,TX,Fort Bend,214-734-7916,,General,10 Ten Acre Walk,77459,Houston,4,1,2026-09-13,State Bar of Texas Member Directory; State Bar self-reported website
Noel Jacob,,,,Missouri City,TX,Fort Bend,,,General,3610 Ramble Creek Drive,77459,Houston,4,1,2026-09-13,State Bar of Texas Member Directory
Norma K. D. Franz,,,,Missouri City,TX,Fort Bend,281-499-3007,,General,2623 Bermuda Dunes Dr,77459,Houston,4,1,2026-09-13,State Bar of Texas Member Directory
Oscar Matthew Telfair,,,,Missouri City,TX,Fort Bend,,,Criminal Defense,PO Box 446,77459,Houston,5,1,2026-09-13,State Bar of Texas Member Directory
"Pursley, McNamara & Flint, PLLC",https://fortbendatty.com/,,,Missouri City,TX,Fort Bend,713-766-4322,,Civil Litigation,4501 Cartwright Rd Ste 102,77459,Houston,3,2,2026-09-13,State Bar of Texas Member Directory; State Bar self-reported website
Raheem S Reid,,,,Missouri City,TX,Fort Bend,832-488-4313,,General,7114 Midnight Pass,77459,Houston,4,1,2026-09-13,State Bar of Texas Member Directory
"Rambhotla Law Firm, PLLC",,,,Missouri City,TX,Fort Bend,512-888-1899,,General,4214 Stonebridge Drive,77459,Houston,4,1,2026-09-13,State Bar of Texas Member Directory; State Bar self-reported website
"Ramond W. Howard, P.C.",https://www.rwhpc-law.com/,,,Missouri City,TX,Fort Bend,281-437-5900,,Criminal Defense,1303 Turtle Creek Dr,77489,Houston,5,2,2026-09-13,State Bar of Texas Member Directory; State Bar self-reported website; manual verified search
Richard Gregory Groseclose,,,,Missouri City,TX,Fort Bend,281-536-5393,,General,3910 Indian Pt,77459,Houston,4,1,2026-09-13,State Bar of Texas Member Directory; State Bar self-reported website
Robert C. Burton,,,,Missouri City,TX,Fort Bend,832-275-3315,,Real Estate,2806 Millwood Lake Drive,77459,Houston,2,1,2026-09-13,State Bar of Texas Member Directory
Ruth West Garner,,,,Missouri City,TX,Fort Bend,713-703-4003,,Real Estate,2306 Pink Rose Walk Ct,77459,Houston,2,1,2026-09-13,State Bar of Texas Member Directory
"Secure Futures Estate Planning Law, PLLC",https://securefutureslaw.com/,,,Missouri City,TX,Fort Bend,281-678-2957,shalimar@securefutureslaw.com,Estate Planning,10330 Hwy 6 Ste D #5050,77459,Houston,2,1,2026-09-13,State Bar of Texas Member Directory; State Bar self-reported website
Shalonda Nicole Foster,,,,Missouri City,TX,Fort Bend,713-876-3761,,Personal Injury,6140 Highway 6 PMB 188,77459,Houston,5,1,2026-09-13,State Bar of Texas Member Directory
Stephen J. Novotny,,,,Missouri City,TX,Fort Bend,713-304-4799,,Employment Law,1439 Columbia Grove Dr.,77459,Houston,3,1,2026-09-13,State Bar of Texas Member Directory
Tanja Louise Hunter,,,,Missouri City,TX,Fort Bend,281-438-3702,,Personal Injury,PO Box 423,77459,Houston,5,1,2026-09-13,State Bar of Texas Member Directory
"The Law Office of Anthony A. Washington, PLLC",,,,Missouri City,TX,Fort Bend,713-714-0345,,Criminal Defense,2601 Cartwright Rd Ste D PMB 166,77459,Houston,5,1,2026-09-13,State Bar of Texas Member Directory
The Law Office of M. Mary Hemphill,,,,Missouri City,TX,Fort Bend,832-681-9798,,Immigration,9119 HWY 6 Suite 230 #361,77459,Houston,2,1,2026-09-13,State Bar of Texas Member Directory; State Bar self-reported website
The Moon Law Firm,,,,Missouri City,TX,Fort Bend,832-524-6352,,Employment Law,8734 Morris Woods Dr,77459,Houston,3,1,2026-09-13,State Bar of Texas Member Directory
"The Russell Law Firm, PLLC",,,,Missouri City,TX,Fort Bend,832-250-3312,,General,6140 Highway 6 PMB 247,77459,Houston,4,1,2026-09-13,State Bar of Texas Member Directory
"The Shepherd Law Firm, P.L.L.C.",,,,Missouri City,TX,Fort Bend,713-907-3528,,Personal Injury,9119 Highway 6 Ste 230,77459,Houston,5,1,2026-09-13,State Bar of Texas Member Directory
Thomas A Campbell PC,,,,Missouri City,TX,Fort Bend,713-208-3174,,General,4823 Watts Plantation Road,77459,Houston,4,1,2026-09-13,State Bar of Texas Member Directory; Justia
Tom Okoth Omondi,,,,Missouri City,TX,Fort Bend,,,General,5680 Highway 6 PMB 359,77459,Houston,4,1,2026-09-13,State Bar of Texas Member Directory
"Watts & Company, Lawyers, Ltd.",,,,Missouri City,TX,Fort Bend,281-431-1500,,Personal Injury,PO Box 2214,77459,Houston,5,1,2026-09-13,State Bar of Texas Member Directory
Weber Fullerton Law,,,,Missouri City,TX,Fort Bend,832-564-3800,,Personal Injury,5680 Highway 6 PMB 304,77459,Houston,5,1,2026-09-13,State Bar of Texas Member Directory
Wilbert James Outlaw,,,,Missouri City,TX,Fort Bend,832-741-5082,,Criminal Defense,5030 Moss Run Dr,77459,Houston,5,1,2026-09-13,State Bar of Texas Member Directory
Yanice Colon-Pol,,,,Missouri City,TX,Fort Bend,,,Employment Law,9519 Shaded Tree Drive,77459,Houston,3,1,2026-09-13,State Bar of Texas Member Directory
Houston Swim Club,,,,Needville,TX,Fort Bend,281-723-3024,,General,7903 Lake Meredith Dr.,77461,Houston,4,1,2026-09-13,State Bar of Texas Member Directory
Law Office of Brigitte L. Echols,,,,Needville,TX,Fort Bend,281-844-1893,,General,14107 FM 442 Rd,77461,Houston,4,1,2026-09-13,State Bar of Texas Member Directory
Thomas D. Kanak,https://www.kanaklawfirm.com/,,,Needville,TX,Fort Bend,979-793-6321,tdkatty@hotmail.com,Estate Planning,PO Box 486,77461,Houston,2,1,2026-09-13,State Bar of Texas Member Directory; State Bar self-reported website
William E. Sutton,,,,Needville,TX,Fort Bend,713-907-4597,,Estate Planning,16317 Davis Estate Road,77461,Houston,2,1,2026-09-13,State Bar of Texas Member Directory
A. F. DAVIS LAW,https://www.davis-iplaw.com/,,,Richmond,TX,Fort Bend,281-239-6127,,General,PO Box 712,77406,Houston,4,1,2026-09-13,State Bar of Texas Member Directory; State Bar self-reported website
A.A. Trey Henderson III PC,,,,Richmond,TX,Fort Bend,713-266-1380,,Employment Law,21334 Prairie Plains Lane,77406,Houston,3,1,2026-09-13,State Bar of Texas Member Directory; State Bar self-reported website
"Abdullah & Associates, PLLC",,,,Richmond,TX,Fort Bend,346-800-2889,,Estate Planning,PO Box 1931,77406,Houston,2,1,2026-09-13,State Bar of Texas Member Directory
Alan Ray Cervenka,,,,Richmond,TX,Fort Bend,281-685-5912,,Criminal Defense,702 Stonewall Dr,77469,Houston,5,1,2026-09-13,State Bar of Texas Member Directory; State Bar self-reported website
ArmatysMillard PLLC,https://www.mediationjudges.com/,,,Richmond,TX,Fort Bend,281-313-6800,,General,200 S 10th St,77469,Houston,4,2,2026-09-13,State Bar of Texas Member Directory; State Bar self-reported website; manual verified search
Austin Legal PLLC,,,,Richmond,TX,Fort Bend,,,Personal Injury,1270 Crabb River Rd Ste 600 PMB 18,77469,Houston,5,1,2026-09-13,State Bar of Texas Member Directory; State Bar self-reported website
"Avalos & Associates, P.C.",https://www.avaloslaw.com/,,,Richmond,TX,Fort Bend,832-242-7070,,Criminal Defense,712 Riveredge Dr,77406,Houston,5,1,2026-09-13,State Bar of Texas Member Directory; State Bar self-reported website
Barbara Rae Barron,,,,Richmond,TX,Fort Bend,713-208-8941,,General,1860 Fm 359 Rd,77406,Houston,4,1,2026-09-13,State Bar of Texas Member Directory
"Barbara Tatum Law, PLLC",https://www.barbaratatumlaw.com/,,,Richmond,TX,Fort Bend,832-987-3432,barbara@barbaratatumlaw.com,Estate Planning,1407 Bellwood Lake Drive,77406,Houston,2,1,2026-09-13,State Bar of Texas Member Directory; State Bar self-reported website
Brenda Gayl Mullinix,,,,Richmond,TX,Fort Bend,281-435-2100,,General,2522 Old South Drive,77406,Houston,4,1,2026-09-13,State Bar of Texas Member Directory
Brian J. Knipling Attorney at Law,,,,Richmond,TX,Fort Bend,281-342-7681,,Estate Planning,2116 Thompson Rd Ste 111,77469,Houston,2,1,2026-09-13,State Bar of Texas Member Directory
Bridget Baker Esq,,,,Richmond,TX,Fort Bend,832-535-0363,,Estate Planning,1722 Grand River Drive,77406,Houston,2,1,2026-09-13,State Bar of Texas Member Directory
Broussard Law P.L.L.C.,,,,Richmond,TX,Fort Bend,281-762-1639,,Personal Injury,21242 redcrest manor drive,77406,Houston,5,1,2026-09-13,State Bar of Texas Member Directory; State Bar self-reported website
Calhoun Law Firm,,,,Richmond,TX,Fort Bend,,,General,5710 Sagamore Bay Ln,77469,Houston,4,1,2026-09-13,State Bar of Texas Member Directory
Charles M. Scherer,,,,Richmond,TX,Fort Bend,281-342-6164,,General,304 Jackson St,77469,Houston,4,1,2026-09-13,State Bar of Texas Member Directory
Charles N. Walker,,,,Richmond,TX,Fort Bend,281-498-8951,,General,4930 LAKE GEORGETOWN CT,77407,Houston,4,1,2026-09-13,State Bar of Texas Member Directory
Charles Thomas Devine,,,,Richmond,TX,Fort Bend,,,Personal Injury,3014 River Forest Dr,77406,Houston,5,1,2026-09-13,State Bar of Texas Member Directory; State Bar self-reported website
Chia Hung Wen,,,,Richmond,TX,Fort Bend,,,General,301 Jackson St,77469,Houston,4,1,2026-09-13,State Bar of Texas Member Directory
Clifford A Lawrence Jr PC,,,,Richmond,TX,Fort Bend,713-742-3262,,Personal Injury,8315 Fm 723 Rd Ste 14,77406,Houston,5,1,2026-09-13,State Bar of Texas Member Directory
David Michael Ryan & Associates PLLC,,,,Richmond,TX,Fort Bend,832-283-5341,,Criminal Defense,200 S 10th St,77469,Houston,5,1,2026-09-13,State Bar of Texas Member Directory
Don A. Hecker,,,,Richmond,TX,Fort Bend,281-344-9997,,Criminal Defense,"200 IH 90A, Suite B",77469,Houston,5,1,2026-09-13,State Bar of Texas Member Directory
Dora F. Olivo Law Office,,,,Richmond,TX,Fort Bend,281-342-0880,,Criminal Defense,5l5 S. Fifth St.,77469,Houston,5,1,2026-09-13,State Bar of Texas Member Directory
Douglas H. Pettit,,,,Richmond,TX,Fort Bend,,,Criminal Defense,1522 Country Squire Drive,77406,Houston,5,1,2026-09-13,State Bar of Texas Member Directory
"Duff Drozd Law, PLLC",https://www.edufflaw.com/,,,Richmond,TX,Fort Bend,281-341-1718,ddl@edufflaw.com,Estate Planning,210 Main Street,77469,Houston,2,1,2026-09-13,State Bar of Texas Member Directory; State Bar self-reported website
Eileen Gallagher Akerson,,,,Richmond,TX,Fort Bend,,,General,7303 Savannah Glen Lane,77469,Houston,4,1,2026-09-13,State Bar of Texas Member Directory
Emiliano Fragoso,,,,Richmond,TX,Fort Bend,281-341-4489,,General,301 Jackson St,77469,Houston,4,1,2026-09-13,State Bar of Texas Member Directory
Erma Yvette Martin,,,,Richmond,TX,Fort Bend,832-265-3000,,Criminal Defense,5333 FM 1640,77469,Houston,5,1,2026-09-13,State Bar of Texas Member Directory
Formerly Marziotti,,,,Richmond,TX,Fort Bend,713-446-9645,,Estate Planning,3415 King Eider Ct,77469,Houston,2,1,2026-09-13,State Bar of Texas Member Directory
Fort Bend County Law Library,,,,Richmond,TX,Fort Bend,281-341-3718,,General,"Fort Bend County Law Library 1422 Eugene Heimann Circle, Room 20714",77469,Houston,4,1,2026-09-13,State Bar of Texas Member Directory
Fort Bend Women's Center,,,,Richmond,TX,Fort Bend,281-344-5774,,General,501 E Highway 90A Alt,77406,Houston,4,1,2026-09-13,State Bar of Texas Member Directory
Ft. Bend County Attys Ofc,,,,Richmond,TX,Fort Bend,281-341-4555,,Employment Law,401 Jackson St,77469,Houston,3,1,2026-09-13,State Bar of Texas Member Directory
Gary M Freeman,https://www.freemanattorney.com/,,,Richmond,TX,Fort Bend,281-798-4539,,Personal Injury,716 S Union St,77469,Houston,5,1,2026-09-13,State Bar of Texas Member Directory; Justia
Gerald C. Moton,,,,Richmond,TX,Fort Bend,210-410-8153,,Criminal Defense,7411 Saxon Hill Lane,77407,Houston,5,1,2026-09-13,State Bar of Texas Member Directory
GoDaddy,,,,Richmond,TX,Fort Bend,,,Employment Law,17422 Galloway Forest Drive,77407,Houston,3,1,2026-09-13,State Bar of Texas Member Directory
Grayson Joel Miller,,,,Richmond,TX,Fort Bend,,,General,301 Jackson St,77469,Houston,4,1,2026-09-13,State Bar of Texas Member Directory
Greene IP PLLC,https://www.greeneip.com/,,,Richmond,TX,Fort Bend,281-389-8742,,General,10301 Fm 2759 Rd,77469,Houston,4,1,2026-09-13,State Bar of Texas Member Directory; State Bar self-reported website
"H. Quincy Long, Attorney at Law",,,,Richmond,TX,Fort Bend,832-631-9033,,General,1006 Thompson Rd Bldg 100 Ste 102,77469,Houston,4,1,2026-09-13,State Bar of Texas Member Directory
"Herreth Law, PLLC",https://www.herrethlaw.com/,,,Richmond,TX,Fort Bend,832-764-8704,,Criminal Defense,200 S 10th St,77469,Houston,5,1,2026-09-13,State Bar of Texas Member Directory; State Bar self-reported website
Howard L. Katz,,,,Richmond,TX,Fort Bend,713-858-8893,,Estate Planning,1118 Deerfield Rd,77406,Houston,2,1,2026-09-13,State Bar of Texas Member Directory
Ikenna Carrington,,,,Richmond,TX,Fort Bend,,,General,8803 LADY LAURA LANE,77469,Houston,4,1,2026-09-13,State Bar of Texas Member Directory
Innocent B. Usoro,,,,Richmond,TX,Fort Bend,713-498-6408,,General,39 CADENCE CT,77469,Houston,4,1,2026-09-13,State Bar of Texas Member Directory; State Bar self-reported website
Jackson & Jackson Counselors,,,,Richmond,TX,Fort Bend,832-810-7099,,Criminal Defense,1407 Kern Canyon Ln,77469,Houston,5,1,2026-09-13,State Bar of Texas Member Directory; State Bar self-reported website
Jaclyn Idell Jones,,,,Richmond,TX,Fort Bend,713-952-1611,,General,705 Front St,77469,Houston,4,1,2026-09-13,State Bar of Texas Member Directory
James Andrew Stevens,,,,Richmond,TX,Fort Bend,832-283-9905,,Criminal Defense,PO Box 414,77406,Houston,5,1,2026-09-13,State Bar of Texas Member Directory
James Wilson Stepp,,,,Richmond,TX,Fort Bend,832-722-3804,,Estate Planning,7203 Rolling Meadow Dr,77469,Houston,2,1,2026-09-13,State Bar of Texas Member Directory
Jeffrey Thomas Strange,,,,Richmond,TX,Fort Bend,,,Criminal Defense,200 S 10th St,77469,Houston,5,1,2026-09-13,State Bar of Texas Member Directory
Jesse Wilhite,,,,Richmond,TX,Fort Bend,,,General,2019 Frazer Drive,77469,Houston,4,1,2026-09-13,State Bar of Texas Member Directory
Jessica Nicole Poarch,,,,Richmond,TX,Fort Bend,,,General,2114 Bronze Creek Lane,77469,Houston,4,1,2026-09-13,State Bar of Texas Member Directory
Jim Alan Adams,,,,Richmond,TX,Fort Bend,281-341-0530,,Personal Injury,304 Jackson St,77469,Houston,5,1,2026-09-13,State Bar of Texas Member Directory; State Bar self-reported website
John F. Healey,,,,Richmond,TX,Fort Bend,,,Criminal Defense,7810 Shamrock Lane,77406,Houston,5,1,2026-09-13,State Bar of Texas Member Directory
John Joseph Brown,,,,Richmond,TX,Fort Bend,,,General,24139 Via Privato Dr.,77406,Houston,4,1,2026-09-13,State Bar of Texas Member Directory
John Joseph Harrity,,,,Richmond,TX,Fort Bend,,,Criminal Defense,2515 Plantation Springs Drive,77406,Houston,5,1,2026-09-13,State Bar of Texas Member Directory
Jon Allan Longerbone,,,,Richmond,TX,Fort Bend,,,Civil Litigation,13 Fountain Bend Lane,77406,Houston,3,1,2026-09-13,State Bar of Texas Member Directory
Jorden Leah Maljovec,,,,Richmond,TX,Fort Bend,281-232-0505,,Criminal Defense,214 Morton St,77469,Houston,5,1,2026-09-13,State Bar of Texas Member Directory; State Bar self-reported website
Joseph Anthony Porto,,,,Richmond,TX,Fort Bend,713-912-7430,,Criminal Defense,6917 Oak Ln,77406,Houston,5,1,2026-09-13,State Bar of Texas Member Directory; State Bar self-reported website
"Joseph Indelicato, Jr., P.C.",http://indelicato.com/,,,Richmond,TX,Fort Bend,713-952-1115,maryalice@indelicato.com,General,705 Front St,77469,Houston,4,1,2026-09-13,State Bar of Texas Member Directory; State Bar self-reported website
"Junker Law, PLLC",https://junkerlaw.com/,,,Richmond,TX,Fort Bend,281-342-9476,,Criminal Defense,212 Jackson Street,77469,Houston,5,2,2026-09-13,State Bar of Texas Member Directory; State Bar self-reported website
Justice Dawn Pierce,,,,Richmond,TX,Fort Bend,,,Criminal Defense,915 La Hacienda Drive,77406,Houston,5,1,2026-09-13,State Bar of Texas Member Directory
Kasey Adamek Doggett,,,,Richmond,TX,Fort Bend,281-342-3321,,Criminal Defense,201 S 11th St,77469,Houston,5,1,2026-09-13,State Bar of Texas Member Directory
Katherine Elizabeth Peterson,,,,Richmond,TX,Fort Bend,,,General,301 Jackson St,77469,Houston,4,1,2026-09-13,State Bar of Texas Member Directory
Katrina Lyn LeVert,,,,Richmond,TX,Fort Bend,,,General,401 Jackson St Fl 3,77469,Houston,4,1,2026-09-13,State Bar of Texas Member Directory
Kayla Sophia Sandoval,,,,Richmond,TX,Fort Bend,,,Criminal Defense,1422 Eugene Heimann Cr,77469,Houston,5,1,2026-09-13,State Bar of Texas Member Directory
"Kern Law, PLLC",https://kernfamilylaw.com/,,,Richmond,TX,Fort Bend,281-394-9900,info@kernfamilylaw.com,General,605 Houston St,77469,Houston,4,1,2026-09-13,State Bar of Texas Member Directory; State Bar self-reported website
LAW FIRM OF JOHNSON & GASKILL PLLC,https://www.johnsonandgaskill.com/,,,Richmond,TX,Fort Bend,713-272-7533,,General,807 Houston St,77469,Houston,4,2,2026-09-13,State Bar of Texas Member Directory; Justia; manual verified search
Larry Dale Hatley,,,,Richmond,TX,Fort Bend,713-864-4444,,Personal Injury,11527 Elizabeth Brook Dr,77406,Houston,5,1,2026-09-13,State Bar of Texas Member Directory
Law Office Of Danny L. Hoke,,,,Richmond,TX,Fort Bend,281-633-9919,,Criminal Defense,711 Morton St,77469,Houston,5,1,2026-09-13,State Bar of Texas Member Directory
Law Office Ruby L. Shaw,,,,Richmond,TX,Fort Bend,713-397-0046,,Estate Planning,PO Box 1301,77406,Houston,2,1,2026-09-13,State Bar of Texas Member Directory
Law Office of Bryan Fagan,,,,Richmond,TX,Fort Bend,281-819-1250,,General,806 Austin St,77469,Houston,4,1,2026-09-13,State Bar of Texas Member Directory
Law Office of Charles El-Moussa,,,,Richmond,TX,Fort Bend,832-452-6229,,General,3918 Pembrooke Way Dr,77406,Houston,4,1,2026-09-13,State Bar of Texas Member Directory
Law Office of Frank Yeverino,https://frankyeverinolaw.com/,,,Richmond,TX,Fort Bend,281-214-0425,frank@fylawfirm.com,General,1119 Oak Creek Dr,77469,Houston,4,1,2026-09-13,State Bar of Texas Member Directory
"Law Office of James E. Kincade, P.C.",,,,Richmond,TX,Fort Bend,281-232-4000,,General,302 Jackson St,77469,Houston,4,1,2026-09-13,State Bar of Texas Member Directory
Law Office of Larry McDougal,https://www.larrymcdougal.com/,,,Richmond,TX,Fort Bend,281-238-8500,,Criminal Defense,809 Houston St,77469,Houston,5,2,2026-09-13,State Bar of Texas Member Directory; State Bar self-reported website
Law Office of Murali Santhanam,,,,Richmond,TX,Fort Bend,832-715-7957,,Estate Planning,107 Mint Marigold Way,77406,Houston,2,1,2026-09-13,State Bar of Texas Member Directory
"Law Office of Radhika B. Dave, PLLC",http://www.rbdavelawoffice.com/,,,Richmond,TX,Fort Bend,281-762-0492,rbdavelaw@gmail.com,Criminal Defense,201 S 11th St,77469,Houston,5,1,2026-09-13,State Bar of Texas Member Directory; State Bar self-reported website
Law Office of Stacy Schnitzer McCarty,,,,Richmond,TX,Fort Bend,281-633-9919,,General,711 Morton St,77469,Houston,4,1,2026-09-13,State Bar of Texas Member Directory
Law Offices of Frederick P Forlano,,,,Richmond,TX,Fort Bend,713-621-6611,,Criminal Defense,905 Richmond Pkwy,77469,Houston,5,1,2026-09-13,State Bar of Texas Member Directory; State Bar self-reported website
"Law offices of Grace N Nwanguma, P. C.",,,,Richmond,TX,Fort Bend,281-341-1771,,Criminal Defense,211 Houston St Ste A,77469,Houston,5,1,2026-09-13,State Bar of Texas Member Directory
"Lee D. Cox, Lawyer PLLC",,,,Richmond,TX,Fort Bend,281-762-7345,,Criminal Defense,201 S 11th St,77469,Houston,5,1,2026-09-13,State Bar of Texas Member Directory
"Legal Legacy Advisors, PLLC",https://www.legallegacyadvisorspllc.com/,,,Richmond,TX,Fort Bend,832-206-6808,legallegacyadvisors@gmail.com,Criminal Defense,24200 Via Mazzini Way PMB 301,77406,Houston,5,1,2026-09-13,State Bar of Texas Member Directory; State Bar self-reported website
Lisa Pearce Law,,,,Richmond,TX,Fort Bend,281-299-7795,,General,905 Front St,77469,Houston,4,1,2026-09-13,State Bar of Texas Member Directory
Lone Star HR & Legal Consulting,https://www.hrandlegalconsulting.com/,,,Richmond,TX,Fort Bend,713-459-1045,ask@hrandlegalconsulting.com,Employment Law,119 ROUND LAKE DRIVE,77469,Houston,3,1,2026-09-13,State Bar of Texas Member Directory; State Bar self-reported website
Lorenzo Williams Attorney at Law,,,,Richmond,TX,Fort Bend,832-563-1128,,General,1119 Oak Creek Dr,77469,Houston,4,1,2026-09-13,State Bar of Texas Member Directory
Lori A. Pritchett,,,,Richmond,TX,Fort Bend,,,Personal Injury,402 LITTLE WALNUT DR,77469,Houston,5,1,2026-09-13,State Bar of Texas Member Directory
Lorraine Wilson,,,,Richmond,TX,Fort Bend,,,General,PO Box 29,77406,Houston,4,1,2026-09-13,State Bar of Texas Member Directory
Lorretta Owen,,,,Richmond,TX,Fort Bend,281-341-5577,,Criminal Defense,1117 Fm 359 Rd Ste 200,77406,Houston,5,1,2026-09-13,State Bar of Texas Member Directory
Louis P. Soldano,,,,Richmond,TX,Fort Bend,281-413-0583,,General,4008 Pembrooke Way,77406,Houston,4,1,2026-09-13,State Bar of Texas Member Directory
"Lytle & Moore, LLP",,,,Richmond,TX,Fort Bend,281-342-9119,,Estate Planning,2116 Thompson Rd Ste 116,77469,Houston,2,2,2026-09-13,State Bar of Texas Member Directory
Mace & Mack PC,,,,Richmond,TX,Fort Bend,713-622-6223,,Real Estate,315 Hillcrest Dr,77469,Houston,2,1,2026-09-13,State Bar of Texas Member Directory; State Bar self-reported website
Mariam Warsi Ahmed,,,,Richmond,TX,Fort Bend,,,General,1422 Eugene Heimann Cir,77469,Houston,4,1,2026-09-13,State Bar of Texas Member Directory
Mark A. Flaum & Associates,,,,Richmond,TX,Fort Bend,832-876-5887,,Personal Injury,2003 Greens Blvd,77406,Houston,5,1,2026-09-13,State Bar of Texas Member Directory
"Mark D. Stout Law Firm, PLLC",https://www.markstoutlaw.com/,,,Richmond,TX,Fort Bend,713-206-8894,mark@markstoutlaw.com,Real Estate,PO Box 1627,77406,Houston,2,1,2026-09-13,State Bar of Texas Member Directory; State Bar self-reported website
Miechia L. Gulley,http://gulleylawgroup.com/,,,Richmond,TX,Fort Bend,718-530-0036,,General,503 Fm 359 Rd Ste 130 PMB 226,77406,Houston,4,1,2026-09-13,State Bar of Texas Member Directory; State Bar self-reported website
"Milligan Law, PLLC",,,,Richmond,TX,Fort Bend,713-588-9800,,Criminal Defense,24200 Via Mazzini Way Ste 301 PMB 538,77406,Houston,5,1,2026-09-13,State Bar of Texas Member Directory; State Bar self-reported website
MitigateTX Law Office,,,,Richmond,TX,Fort Bend,260-385-7411,,General,1947 Mayweather Ln,77406,Houston,4,1,2026-09-13,State Bar of Texas Member Directory
"Moerer & King, LLP",https://www.moererking.com/,,,Richmond,TX,Fort Bend,281-946-3330,,Estate Planning,701 S 11th St,77469,Houston,2,3,2026-09-13,State Bar of Texas Member Directory; State Bar self-reported website
Morgan Elizabeth Harmer,,,,Richmond,TX,Fort Bend,,,General,1422 Eugene Heimann Cir,77469,Houston,4,1,2026-09-13,State Bar of Texas Member Directory
Munson Law PLLC,,,,Richmond,TX,Fort Bend,832-400-2180,,Bankruptcy,710 Main St,77469,Houston,2,1,2026-09-13,State Bar of Texas Member Directory
Nicole Michelle Peals,,,,Richmond,TX,Fort Bend,281-341-4460,,General,301 Jackson St Rm 101,77469,Houston,4,1,2026-09-13,State Bar of Texas Member Directory
Olumide Ruth Akinlabi,,,,Richmond,TX,Fort Bend,832-814-2159,,General,23202 Azzuro Ct,77406,Houston,4,1,2026-09-13,State Bar of Texas Member Directory
Ozell Price,,,,Richmond,TX,Fort Bend,713-759-9279,,General,722 Settegast Ranch Rd,77406,Houston,4,1,2026-09-13,State Bar of Texas Member Directory
Perwin & Aguirre PLLC,https://perwinaguirre.com/,,,Richmond,TX,Fort Bend,832-451-6893,info@perwinaguirre.com,General,207 Morton St,77469,Houston,4,2,2026-09-13,State Bar of Texas Member Directory; State Bar self-reported website
"Petrosewicz Law Firm, P.C.",https://www.petrolaw.biz/,,,Richmond,TX,Fort Bend,281-344-9455,,Estate Planning,121 Fm 359 Rd,77406,Houston,2,1,2026-09-13,State Bar of Texas Member Directory; State Bar self-reported website
Preston Lane Harrell,,,,Richmond,TX,Fort Bend,,,Criminal Defense,1422 Eugene Heimann Cir,77469,Houston,5,1,2026-09-13,State Bar of Texas Member Directory
"Ralph L. Gonzalez, Attorney at Law",,,,Richmond,TX,Fort Bend,281-342-0241,,Criminal Defense,905 Richmond Parkway,77469,Houston,5,1,2026-09-13,State Bar of Texas Member Directory
Randall W. Morse,,,,Richmond,TX,Fort Bend,832-344-7512,,General,2722 Falling Forest Court (Office) 8607 Grove Chase Court (Mail),77406,Houston,4,1,2026-09-13,State Bar of Texas Member Directory
Rasco Law Firm,https://www.crisrascolaw.com/,,,Richmond,TX,Fort Bend,361-206-8882,,Personal Injury,7326 Boerne Creek Dr,77407,Houston,5,1,2026-09-13,State Bar of Texas Member Directory; State Bar self-reported website
Raymer Andrea Mujica Peraza,,,,Richmond,TX,Fort Bend,,,General,7114 N Bridlewood Court,77469,Houston,4,1,2026-09-13,State Bar of Texas Member Directory
Richard F. Knipling,,,,Richmond,TX,Fort Bend,281-342-5655,,General,PO Box 309,77406,Houston,4,1,2026-09-13,State Bar of Texas Member Directory
"Richard L. Tate, Attorney",,,,Richmond,TX,Fort Bend,281-341-0077,,Personal Injury,206 S 2nd St,77469,Houston,5,1,2026-09-13,State Bar of Texas Member Directory
Robert Daniel Franks,http://www.fortbendjustice.com/,,,Richmond,TX,Fort Bend,281-242-2940,robert@fortbendjustice.com,Criminal Defense,512 S. 11th Street,77469,Houston,5,1,2026-09-13,State Bar of Texas Member Directory; State Bar self-reported website
Robert L. Leboeuf,,,,Richmond,TX,Fort Bend,979-849-8218,,General,230 Ranch House Ln,77469,Houston,4,1,2026-09-13,State Bar of Texas Member Directory
Rodney Brown,,,,Richmond,TX,Fort Bend,281-341-4555,,General,401 Jackson St Fl 3,77469,Houston,4,1,2026-09-13,State Bar of Texas Member Directory; State Bar self-reported website
Rogette M. Saba,,,,Richmond,TX,Fort Bend,,,General,1422 Eugene Heimann Circle,77469,Houston,4,1,2026-09-13,State Bar of Texas Member Directory
"Rosen & Kovach, PLLC",https://www.rocketrosen.com/,,,Richmond,TX,Fort Bend,281-232-8378,,Criminal Defense,214 Morton St,77469,Houston,5,3,2026-09-13,State Bar of Texas Member Directory; State Bar self-reported website; manual verified search
"Sallee S. Smyth, PLLC",,,,Richmond,TX,Fort Bend,281-238-6200,,Personal Injury,800 Jackson St,77469,Houston,5,2,2026-09-13,State Bar of Texas Member Directory
"Schulze Law, PLLC",,,,Richmond,TX,Fort Bend,832-713-7979,,Civil Litigation,P.O. Box 656,77406,Houston,3,1,2026-09-13,State Bar of Texas Member Directory
Sharon K. Steckler,,,,Richmond,TX,Fort Bend,,,General,PO Box 1011,77406,Houston,4,1,2026-09-13,State Bar of Texas Member Directory
"Showalter, Colgin & Davis, PLLC",https://scdlawpllc.com/,,,Richmond,TX,Fort Bend,281-341-5577,,Criminal Defense,1117 Fm 359 Rd Ste 200,77406,Houston,5,5,2026-09-13,State Bar of Texas Member Directory; State Bar self-reported website
Shundrelle Shonta Smith,,,,Richmond,TX,Fort Bend,281-222-9318,,General,1130 Plantation Dr,77406,Houston,4,1,2026-09-13,State Bar of Texas Member Directory
Stacie Jaynae Carr,,,,Richmond,TX,Fort Bend,,,General,1422 Eugene Heimann Cir,77469,Houston,4,1,2026-09-13,State Bar of Texas Member Directory
Stephen A. Doggett,,,,Richmond,TX,Fort Bend,281-342-3321,,Criminal Defense,201 S 11th St,77469,Houston,5,1,2026-09-13,State Bar of Texas Member Directory
"Stephens & Stephens, Attorneys, P.L.L.C.",https://stephenslegal.com/,,,Richmond,TX,Fort Bend,713-629-1111,,Personal Injury,6310 Old Pecan Dr Ste 200,77406,Houston,5,1,2026-09-13,State Bar of Texas Member Directory; State Bar self-reported website
Steven D. Monk,,,,Richmond,TX,Fort Bend,281-342-4040,,Estate Planning,201 S 11th St,77469,Houston,2,1,2026-09-13,State Bar of Texas Member Directory
Steven Scott Martinez,,,,Richmond,TX,Fort Bend,281-238-3050,,Criminal Defense,1422 Eugene Heimann Cir Ste 20180,77469,Houston,5,1,2026-09-13,State Bar of Texas Member Directory
Steven W. Valikonis,https://htwebsitedesigns.wixsite.com/valikonislaw,,,Richmond,TX,Fort Bend,281-728-4224,kjv@valikonislaw.com,General,2205 N Belmont Dr,77469,Houston,4,1,2026-09-13,State Bar of Texas Member Directory; State Bar self-reported website
Subsea7,,,,Richmond,TX,Fort Bend,832-449-6474,,General,11418 Sandermeyer Dr,77406,Houston,4,1,2026-09-13,State Bar of Texas Member Directory
Syngman Stevens & Associates PLLC,https://www.sstevensattorney.com/,,,Richmond,TX,Fort Bend,832-945-5211,,Criminal Defense,1110 Richmond Parkway,77469,Houston,5,1,2026-09-13,State Bar of Texas Member Directory; State Bar self-reported website
Taylor,,,,Richmond,TX,Fort Bend,281-642-0678,,Criminal Defense,1422 Eugene Heimann Cir Ste 21004,77469,Houston,5,1,2026-09-13,State Bar of Texas Member Directory
Terri Silver Morgan,,,,Richmond,TX,Fort Bend,,,Employment Law,22611 Duncan Brush Trce,77469,Houston,3,1,2026-09-13,State Bar of Texas Member Directory
The BeMent Law Firm,,,,Richmond,TX,Fort Bend,832-752-9874,,Criminal Defense,304 Jackson St,77469,Houston,5,1,2026-09-13,State Bar of Texas Member Directory
"The Estes Law Firm, P.C.",https://www.estespc.com/,,,Richmond,TX,Fort Bend,281-238-5400,,Personal Injury,716 S Union St,77469,Houston,5,2,2026-09-13,State Bar of Texas Member Directory; State Bar self-reported website
"The G.N. Lawrence Law Firm, PLLC",,,,Richmond,TX,Fort Bend,832-228-8482,,Criminal Defense,2514 Plantation Springs Drive,77406,Houston,5,1,2026-09-13,State Bar of Texas Member Directory
The Hatley Firm,,,,Richmond,TX,Fort Bend,832-515-0883,,Estate Planning,1406 Windsong Lane,77406,Houston,2,1,2026-09-13,State Bar of Texas Member Directory
"The Irwin Law Firm, P.C.",https://www.irwin-lawfirm.com/,,,Richmond,TX,Fort Bend,832-847-4111,contact@irwin-lawfirm.com,Personal Injury,311 Morton St,77469,Houston,5,2,2026-09-13,State Bar of Texas Member Directory; State Bar self-reported website
The Kestler Law Firm,,,,Richmond,TX,Fort Bend,281-342-6148,,Estate Planning,812 Barrett St,77469,Houston,2,1,2026-09-13,State Bar of Texas Member Directory
The Law Office Of Ken Bryant,https://kenbryantlaw.com/,,,Richmond,TX,Fort Bend,281-344-2299,kenbryantlawoffice@yahoo.com,Criminal Defense,PO Box 423,77406,Houston,5,1,2026-09-13,State Bar of Texas Member Directory; State Bar self-reported website
"The Law Office of Julia Bella, PLLC",http://jbellalaw.com/,,,Richmond,TX,Fort Bend,832-757-9799,,Criminal Defense,503 Fm 359 Rd Ste 130,77406,Houston,5,1,2026-09-13,State Bar of Texas Member Directory; State Bar self-reported website
The Law Office of Neil A. Krugh,,,,Richmond,TX,Fort Bend,,,Criminal Defense,214 Morton St,77469,Houston,5,1,2026-09-13,State Bar of Texas Member Directory
The Law Offices of Matthew F. Scholes,https://www.mscholeslaw.com/,,,Richmond,TX,Fort Bend,832-723-6113,,Civil Litigation,503 Fm 359 Rd Ste 130 PMB 223,77406,Houston,3,1,2026-09-13,State Bar of Texas Member Directory; State Bar self-reported website
"The Vendt Law Firm, PLLC",https://divorcelawyerintx.com/our-team/,,,Richmond,TX,Fort Bend,832-276-9474,,Estate Planning,1104 Thompson Rd,77469,Houston,2,4,2026-09-13,State Bar of Texas Member Directory; State Bar self-reported website
The Zand Law Firm PLLC,https://zandlawfirm.com/,,,Richmond,TX,Fort Bend,281-751-6466,info@zandlawfirm.com,Criminal Defense,412 S 9th St,77469,Houston,5,1,2026-09-13,State Bar of Texas Member Directory; State Bar self-reported website
Thomas Joseph O'Donnell,,,,Richmond,TX,Fort Bend,714-404-2230,,Civil Litigation,24426 Bella Veneza Drive,77406,Houston,3,1,2026-09-13,State Bar of Texas Member Directory
Thomas W. Ryan,,,,Richmond,TX,Fort Bend,713-502-7950,,General,438 Spindrift Circle,77469,Houston,4,1,2026-09-13,State Bar of Texas Member Directory
"Thomisee Law Firm, P.C.",https://thomiseelaw.com/,,,Richmond,TX,Fort Bend,281-341-5722,jthomisee@thomiseelaw.com,Personal Injury,6503 Bridlewood Dr,77469,Houston,5,1,2026-09-13,State Bar of Texas Member Directory; State Bar self-reported website
Tristyl Aries McInnis,,,,Richmond,TX,Fort Bend,281-341-4460,,General,301 Jackson St Rm 101,77469,Houston,4,1,2026-09-13,State Bar of Texas Member Directory
Troy J. Wilson,,,,Richmond,TX,Fort Bend,281-670-7557,,General,8019 W Grand Pkwy S # 144,77407,Houston,4,1,2026-09-13,State Bar of Texas Member Directory
"Vellalos Law, PLLC",https://www.vellaloslaw.com/,,,Richmond,TX,Fort Bend,808-230-9193,kawika@vellaloslaw.com,Personal Injury,704 Main St,77469,Houston,5,1,2026-09-13,State Bar of Texas Member Directory
"Wajih Choudhury Law, PLLC",https://www.wajihclaw.com/,,,Richmond,TX,Fort Bend,,wajihc@yahoo.com,Estate Planning,13003 Catalina Grove Ln,77407,Houston,2,1,2026-09-13,State Bar of Texas Member Directory; State Bar self-reported website
Wendell Ray Guffey,,,,Richmond,TX,Fort Bend,615-559-3812,,General,1307 Plantation Drive,77406,Houston,4,1,2026-09-13,State Bar of Texas Member Directory
William G. Harger & Associates PLLC,https://www.hargerlaw.com/,,,Richmond,TX,Fort Bend,281-202-6000,,Civil Litigation,704 Main St,77469,Houston,3,1,2026-09-13,State Bar of Texas Member Directory; State Bar self-reported website
"William L. Lane, Attorney",,,,Richmond,TX,Fort Bend,713-542-5554,,General,1011 Majestic Oak,77469,Houston,4,1,2026-09-13,State Bar of Texas Member Directory
Winstol D. Carter,,,,Richmond,TX,Fort Bend,713-562-4435,,Personal Injury,9439 FM 359 Rd,77406,Houston,5,1,2026-09-13,State Bar of Texas Member Directory
Alexey V. Tarasov,,,,Rosenberg,TX,Fort Bend,832-623-6250,,General,5211 Reading Rd,77471,Houston,4,1,2026-09-13,State Bar of Texas Member Directory
Anil Ali PC,,,,Rosenberg,TX,Fort Bend,713-820-5504,,Personal Injury,5806 Chaste Ct,77469,Houston,5,1,2026-09-13,State Bar of Texas Member Directory; State Bar self-reported website
Atwood McAndrew,,,,Rosenberg,TX,Fort Bend,979-264-9899,,Criminal Defense,PO Box 871,77471,Houston,5,1,2026-09-13,State Bar of Texas Member Directory
"Badger Law, PLLC",https://badgerlawpllc.com/,,,Rosenberg,TX,Fort Bend,281-633-9900,info@badgerlawpllc.com,Civil Litigation,3400 Avenue H Fl 2,77471,Houston,3,1,2026-09-13,State Bar of Texas Member Directory; State Bar self-reported website
Elliott's Law Office,,,,Rosenberg,TX,Fort Bend,832-945-1200,,Criminal Defense,1207 3rd St,77471,Houston,5,1,2026-09-13,State Bar of Texas Member Directory
Gary D. Janssen,,,,Rosenberg,TX,Fort Bend,281-433-3555,,General,2551 Live Oak Dr,77471,Houston,4,1,2026-09-13,State Bar of Texas Member Directory
Gary Wilton Gates,,,,Rosenberg,TX,Fort Bend,,,Estate Planning,2205 Avenue I Ste 117,77471,Houston,2,1,2026-09-13,State Bar of Texas Member Directory
Harold L. Sosebee,,,,Rosenberg,TX,Fort Bend,832-594-2273,,Personal Injury,9726 Massanutten Ln,77469,Houston,5,1,2026-09-13,State Bar of Texas Member Directory
Henisha DeShea Anderson,,,,Rosenberg,TX,Fort Bend,,,Criminal Defense,117 Lane Dr Ste 7,77471,Houston,5,1,2026-09-13,State Bar of Texas Member Directory
Jacob Kyle Schrader,,,,Rosenberg,TX,Fort Bend,979-224-0384,,General,9726 Emerald Briar Ln,77469,Houston,4,1,2026-09-13,State Bar of Texas Member Directory
Karen M. Schwab,,,,Rosenberg,TX,Fort Bend,713-443-5719,,General,PO Box 407,77471,Houston,4,1,2026-09-13,State Bar of Texas Member Directory
Law Office of Anthony F. Newton,,,,Rosenberg,TX,Fort Bend,832-454-1764,,General,8810 Luray Ct,77469,Houston,4,1,2026-09-13,State Bar of Texas Member Directory
Law Office of Derrick D. King,,,,Rosenberg,TX,Fort Bend,281-789-0333,,Criminal Defense,P.O. Box 1583,77471,Houston,5,1,2026-09-13,State Bar of Texas Member Directory; State Bar self-reported website
Law Office of John P. Leibowitz,,,,Rosenberg,TX,Fort Bend,800-300-6143,,General,P.O. Box 407,77471,Houston,4,1,2026-09-13,State Bar of Texas Member Directory
Mercer Trial Law,,,,Rosenberg,TX,Fort Bend,713-927-9660,,Criminal Defense,3319 Marian Ln,77471,Houston,5,1,2026-09-13,State Bar of Texas Member Directory
Robert Gaines Gibson,,,,Rosenberg,TX,Fort Bend,713-953-0500,,General,PO Box 387,77471,Houston,4,1,2026-09-13,State Bar of Texas Member Directory
Rodney Neray Williams,,,,Rosenberg,TX,Fort Bend,832-722-5291,,Real Estate,1014 Mysterium Lane,77469,Houston,2,1,2026-09-13,State Bar of Texas Member Directory
Ryan James Zimmerman,,,,Rosenberg,TX,Fort Bend,832-640-1312,,Criminal Defense,2205 Avenue I Ste 117,77471,Houston,5,1,2026-09-13,State Bar of Texas Member Directory
"SCHWARTZ & KALINOWSKI, L.L.P.",,,,Rosenberg,TX,Fort Bend,281-342-2806,,Personal Injury,1821 Mons Ave,77471,Houston,5,1,2026-09-13,State Bar of Texas Member Directory; State Bar self-reported website
"Shapiro Law Office, PLLC",,,,Rosenberg,TX,Fort Bend,346-704-1533,,Criminal Defense,3410 Cypress Landing Ct,77471,Houston,5,1,2026-09-13,State Bar of Texas Member Directory; State Bar self-reported website
Vereb Law Group PLLC,https://www.vereblawgroup.com/,,,Rosenberg,TX,Fort Bend,832-715-6858,jill@vereblawgroup.com,General,24301 Brazos Town Xing Ste 500 PMB 1124,77471,Houston,4,2,2026-09-13,State Bar of Texas Member Directory; State Bar self-reported website
Victoria Katharine Hazelton,,,,Rosenberg,TX,Fort Bend,,,General,1207 3rd St,77471,Houston,4,1,2026-09-13,State Bar of Texas Member Directory
Clifford J. Vacek,,,,Simonton,TX,Fort Bend,281-914-7277,,Criminal Defense,P.O. Box 8,77476,Houston,5,1,2026-09-13,State Bar of Texas Member Directory
AFI Counsel,https://aficounsel.com/,,,Stafford,TX,Fort Bend,281-402-1231,info@aficounsel.law,Real Estate,9807 Mula Rd Ste 110,77477,Houston,2,1,2026-09-13,State Bar of Texas Member Directory; State Bar self-reported website
"Abu-Shaaban & Associates, PC",,,,Stafford,TX,Fort Bend,281-214-2939,,Estate Planning,10701 Corporate Dr Ste 378,77477,Houston,2,1,2026-09-13,State Bar of Texas Member Directory
Allen Alphonso Woodward,,,,Stafford,TX,Fort Bend,832-421-0818,,Criminal Defense,"10701 Corporate Drive, Suite 340",77477,Houston,5,1,2026-09-13,State Bar of Texas Member Directory
Antonio Balderas Jr Attorney at Law,,,,Stafford,TX,Fort Bend,,,Criminal Defense,10701 Corporate Dr Ste 185,77477,Houston,5,1,2026-09-13,State Bar of Texas Member Directory
"Azam Law Firm, P.C.",https://azaminjurylaw.com/,,,Stafford,TX,Fort Bend,832-674-0879,service@azampc.com,Criminal Defense,10707 Corporate Dr Ste 215,77477,Houston,5,1,2026-09-13,State Bar of Texas Member Directory; State Bar self-reported website
"Barr Law, PLLC",,,,Stafford,TX,Fort Bend,713-724-3728,,Civil Litigation,"4800 Sugar Grove Blvd., Suite 607",77477,Houston,3,1,2026-09-13,State Bar of Texas Member Directory
Bastine Law Group,https://bastinelaw.com/,,,Stafford,TX,Fort Bend,281-240-7979,,Personal Injury,4800 Sugar Grove Blvd Ste 400,77477,Houston,5,1,2026-09-13,State Bar of Texas Member Directory; State Bar self-reported website
"Culpepper Law Group, P.C.",https://culpepperlawgroup.com/,,,Stafford,TX,Fort Bend,281-494-1030,,Personal Injury,10701 Corporate Dr Ste 360,77477,Houston,5,1,2026-09-13,State Bar of Texas Member Directory; State Bar self-reported website
Dunken Law FIrm,,,,Stafford,TX,Fort Bend,713-554-6870,,Personal Injury,4655 Techniplex Dr Ste 700,77477,Houston,5,1,2026-09-13,State Bar of Texas Member Directory
Edwards & Associates,https://www.malpracticedefense.com/,,,Stafford,TX,Fort Bend,281-277-4940,,Personal Injury,12603 Southwest Fwy Ste 200,77477,Houston,5,3,2026-09-13,State Bar of Texas Member Directory; State Bar self-reported website
Freedom Family,https://freedomfamilylawyers.com/,,,Stafford,TX,Fort Bend,281-249-9579,info@freedomfamilylawyers.com,Bankruptcy,10701 Corporate Dr Ste 360,77477,Houston,2,1,2026-09-13,State Bar of Texas Member Directory; State Bar self-reported website
Justin Paul Stark,,,,Stafford,TX,Fort Bend,,,General,12306 Doe Meadow Dr,77477,Houston,4,1,2026-09-13,State Bar of Texas Member Directory
Khemka & Choudhary,https://www.kchoustonlaw.com/,,,Stafford,TX,Fort Bend,346-874-7674,info@kchoustonlaw.com,Employment Law,12725 Royal Drive,77477,Houston,3,2,2026-09-13,State Bar of Texas Member Directory; State Bar self-reported website
Kutty Guajardo Khoury Family Law PLLC,https://kgkfamilylaw.com/,,,Stafford,TX,Fort Bend,281-598-6520,ashley@rizeupmedia.com,General,12603 Southwest Fwy Ste 572,77477,Houston,4,1,2026-09-13,State Bar of Texas Member Directory; State Bar self-reported website
LAW OFFICE OF L. GOODWIN LINDIO,,,,Stafford,TX,Fort Bend,713-988-9888,,Estate Planning,12103 PINE BROOK DR,77477,Houston,2,1,2026-09-13,State Bar of Texas Member Directory
"Law Offices of Sal Momin, PLLC",http://www.mominlawoffices.com/,,,Stafford,TX,Fort Bend,281-201-2682,,Personal Injury,12750 S Kirkwood Rd Ste 100,77477,Houston,5,1,2026-09-13,State Bar of Texas Member Directory; State Bar self-reported website
Legal Connect PC dba Tofigh Law,https://tofighlaw.com/,,,Stafford,TX,Fort Bend,,tofighlaw@tofighlaw.com,Estate Planning,3727 Greenbriar Dr,77477,Houston,2,1,2026-09-13,State Bar of Texas Member Directory; State Bar self-reported website
Lori K. Redmond,,,,Stafford,TX,Fort Bend,281-242-0800,,General,10701 Corporate Dr Ste 203,77477,Houston,4,1,2026-09-13,State Bar of Texas Member Directory
"MCIS Law, PLLC",https://mcislaw.com/,,,Stafford,TX,Fort Bend,346-297-0121,,General,"10701 Corporate Drive, Suite 340-104",77477,Houston,4,1,2026-09-13,State Bar of Texas Member Directory; State Bar self-reported website
"MEZ Law, PLLC",https://lawmez.com/,,,Stafford,TX,Fort Bend,281-725-0000,info@mezlaw.com,Estate Planning,4800 Sugar Grove Blvd Ste 607,77477,Houston,2,1,2026-09-13,State Bar of Texas Member Directory; State Bar self-reported website
Samuel Pappert Law,http://rappandkrock.com/samuel-k-pappert-law/,,,Stafford,TX,Fort Bend,713-581-0231,anewlin@rappandkrock.com,Estate Planning,2821 N Main St,77477,Houston,2,1,2026-09-13,State Bar of Texas Member Directory; State Bar self-reported website
Sheila Rivera Law Office PLLC,,,,Stafford,TX,Fort Bend,713-771-1059,,Immigration,4807 Sugar Grove Boulevard Unit 503,77477,Houston,2,1,2026-09-13,State Bar of Texas Member Directory; State Bar self-reported website
Simmons Legal Consultants,,,,Stafford,TX,Fort Bend,,,Employment Law,PO Box 1576,77497,Houston,3,1,2026-09-13,State Bar of Texas Member Directory
"Sultanali Law, PLLC",https://www.sultanalilaw.com/,,,Stafford,TX,Fort Bend,832-678-7030,,Real Estate,11333 Fountain Lake Drive,77477,Houston,2,2,2026-09-13,State Bar of Texas Member Directory
"THE MBA LAW OFFICES, PLLC.",,,,Stafford,TX,Fort Bend,713-266-3236,,Criminal Defense,12603 Southwest Fwy Ste 685,77477,Houston,5,1,2026-09-13,State Bar of Texas Member Directory
The Law Office of James J. Burnett,,,,Stafford,TX,Fort Bend,281-853-9780,,Personal Injury,12002 Pine Brook Dr,77477,Houston,5,1,2026-09-13,State Bar of Texas Member Directory; State Bar self-reported website
"The Orhii Law Firm, PLLC",,,,Stafford,TX,Fort Bend,281-903-7333,,Personal Injury,11104 W Airport Blvd Ste 219,77477,Houston,5,1,2026-09-13,State Bar of Texas Member Directory
"The Parzivand Law Firm, PLLC",https://www.parzfirm.com/,,,Stafford,TX,Fort Bend,713-533-8171,hp@parzfirm.com,Employment Law,10701 Corporate Dr Ste 185,77477,Houston,3,1,2026-09-13,State Bar of Texas Member Directory; State Bar self-reported website
"Usoro & Associates, P.C",https://www.usorolaw.com/,,,Stafford,TX,Fort Bend,832-553-0688,,Personal Injury,PO Box 2269,77497,Houston,5,1,2026-09-13,State Bar of Texas Member Directory; State Bar self-reported website
William Earl Hemby,,,,Stafford,TX,Fort Bend,832-947-4606,,Immigration,2930 Commerce Business Dr,77477,Houston,2,1,2026-09-13,State Bar of Texas Member Directory
AOI,,,,Sugar Land,TX,Fort Bend,,,General,13139 Jess Pirtle Blvd,77478,Houston,4,1,2026-09-13,State Bar of Texas Member Directory
Abbasi Law Office,https://abbasilawoffice.com/,,,Sugar Land,TX,Fort Bend,281-704-6612,info@abbasilawoffice.com,Real Estate,7102 Tarrington Ave Ste 805,77479,Houston,2,1,2026-09-13,State Bar of Texas Member Directory; State Bar self-reported website
Abel Karim Manji,,,,Sugar Land,TX,Fort Bend,281-565-4621,,General,1470 First Colony Blvd Ste 210,77479,Houston,4,1,2026-09-13,State Bar of Texas Member Directory
Adele Marie Mohmand,,,,Sugar Land,TX,Fort Bend,,,General,7935 chianti,77479,Houston,4,1,2026-09-13,State Bar of Texas Member Directory
"Albert Hollan, Attorney-Mediator",https://www.alberthollan.com/,,,Sugar Land,TX,Fort Bend,713-598-0121,,Personal Injury,114 Bluebonnet,77478,Houston,5,1,2026-09-13,State Bar of Texas Member Directory; State Bar self-reported website
Alex Lee,,,,Sugar Land,TX,Fort Bend,214-253-9214,,Real Estate,6723 Oakman Ln,77479,Houston,2,1,2026-09-13,State Bar of Texas Member Directory
"Allan A. Cease, P.C.",https://www.allanceaselaw.net/,,,Sugar Land,TX,Fort Bend,281-980-0909,,Criminal Defense,56 Sugar Creek Center Blvd Ste 300,77478,Houston,5,1,2026-09-13,State Bar of Texas Member Directory; State Bar self-reported website
"Alonso, PLLC",http://www.alonsolaw.com/,,,Sugar Land,TX,Fort Bend,281-240-1492,yocel@alonsolaw.com,Personal Injury,130 Industrial Blvd Ste 110,77478,Houston,5,1,2026-09-13,State Bar of Texas Member Directory; State Bar self-reported website
Altaf Adam,,,,Sugar Land,TX,Fort Bend,281-901-0378,,Criminal Defense,PO Box 2579,77487,Houston,5,1,2026-09-13,State Bar of Texas Member Directory
Amanda Michelle Berron,,,,Sugar Land,TX,Fort Bend,,,Personal Injury,225 Schlumberger Dr,77478,Houston,5,1,2026-09-13,State Bar of Texas Member Directory
Amanda Renee Alum,,,,Sugar Land,TX,Fort Bend,,,General,"2299 Lone Star Dr., Apt 314",77479,Houston,4,1,2026-09-13,State Bar of Texas Member Directory
Amini Law Firm PLLC,,,,Sugar Land,TX,Fort Bend,713-502-0781,,Real Estate,P.O. Box 16999,77496,Houston,2,1,2026-09-13,State Bar of Texas Member Directory
"Anderson Law Group, PLLC",https://www.theandersonlawgroup.com/,,,Sugar Land,TX,Fort Bend,281-652-5579,info@theandersonlawgroup.com,Estate Planning,14090 Southwest Fwy Ste 300,77478,Houston,2,1,2026-09-13,State Bar of Texas Member Directory; State Bar self-reported website
Andreason Law Firm,https://www.andreasonlawfirm.com/,,,Sugar Land,TX,Fort Bend,281-265-1561,kurtandreason@andreasonlawfirm.com,Estate Planning,PO Box 19429,77496,Houston,2,1,2026-09-13,State Bar of Texas Member Directory; State Bar self-reported website
Anitria Stevenson,https://anitriastevenson.com/,,,Sugar Land,TX,Fort Bend,713-292-9411,info@anitriastevenson.com,General,"77 Sugar Creek Center Blvd., Suite 600",77478,Houston,4,1,2026-09-13,State Bar of Texas Member Directory
Anthony Ray Segura,https://www.segurakiattacriminaldefense.com/,,,Sugar Land,TX,Fort Bend,281-240-3941,luke@rizeupmedia.com,Criminal Defense,345 Commerce Green Blvd Ste 200,77478,Houston,5,1,2026-09-13,State Bar of Texas Member Directory; State Bar self-reported website
"Arrington, Tu & Burnett LLP",https://atblawfirm.com/,,,Sugar Land,TX,Fort Bend,713-774-2800,,Criminal Defense,19901 Southwest Fwy,77479,Houston,5,3,2026-09-13,State Bar of Texas Member Directory; State Bar self-reported website
Atendido Law Office,,,,Sugar Land,TX,Fort Bend,832-757-9449,,Estate Planning,14090 Southwest Fwy Ste 300,77478,Houston,2,1,2026-09-13,State Bar of Texas Member Directory
"Attorney of record, Texas Bar Member",,,,Sugar Land,TX,Fort Bend,832-886-6845,,General,3 Sugar Creek Center Blvd Ste 100,77478,Houston,4,1,2026-09-13,State Bar of Texas Member Directory; State Bar self-reported website
Bain & arkley,https://bainandbarkley.com/,,,Sugar Land,TX,Fort Bend,281-980-3100,,General,14090 Southwest Fwy Ste 450,77478,Houston,4,1,2026-09-13,State Bar of Texas Member Directory; State Bar self-reported website
Bain and Barkley,https://bainandbarkley.com/,,,Sugar Land,TX,Fort Bend,281-980-3100,,Personal Injury,14090 Southwest Fwy Ste 450,77478,Houston,5,1,2026-09-13,State Bar of Texas Member Directory; State Bar self-reported website
Benjamin Durwood Hatch,,,,Sugar Land,TX,Fort Bend,346-516-9075,,General,16103 Lexington Blvd Ste K,77479,Houston,4,1,2026-09-13,State Bar of Texas Member Directory
"Bentley & Eckelkamp, PLLC",https://www.bandelegal.com/,,,Sugar Land,TX,Fort Bend,281-946-6004,,Estate Planning,830 Julie Rivers Dr Ste 501,77478,Houston,2,2,2026-09-13,State Bar of Texas Member Directory; State Bar self-reported website
Bertram C. Oparaku,,,,Sugar Land,TX,Fort Bend,,,General,PO BOX 17243,77496,Houston,4,1,2026-09-13,State Bar of Texas Member Directory
"Bianca Calderon de Lachica Law Firm, PC",,,,Sugar Land,TX,Fort Bend,832-377-3311,,Personal Injury,9914 US Alt 90,77478,Houston,5,1,2026-09-13,State Bar of Texas Member Directory; State Bar self-reported website
Blue Pony Energy,,,,Sugar Land,TX,Fort Bend,832-236-7671,,Real Estate,19901 Southwest Fwy Ste 135,77479,Houston,2,1,2026-09-13,State Bar of Texas Member Directory
"Blue Williams, LLC",https://bluewilliams.com/,,,Sugar Land,TX,Fort Bend,713-772-6400,,Personal Injury,14100 Southwest Fwy Ste 300,77478,Houston,5,4,2026-09-13,State Bar of Texas Member Directory; State Bar self-reported website
Board Certified Immigration Attorney,http://www.rahimlaw.com/,,,Sugar Land,TX,Fort Bend,713-776-3008,,Employment Law,2245 Texas Dr Ste 300,77479,Houston,3,1,2026-09-13,State Bar of Texas Member Directory; State Bar self-reported website
Braxton Bryant Evans,,,,Sugar Land,TX,Fort Bend,832-771-3491,,Employment Law,1023 Sugar Mountain Ct.,77498,Houston,3,1,2026-09-13,State Bar of Texas Member Directory
Brenda Doucette,,,,Sugar Land,TX,Fort Bend,,,General,2303 Collingsfield,77478,Houston,4,1,2026-09-13,State Bar of Texas Member Directory
Brendettae Jayce Payne,,,,Sugar Land,TX,Fort Bend,,,General,14090 Southwest Fwy Ste 300,77478,Houston,4,1,2026-09-13,State Bar of Texas Member Directory
Brittanye Lashay Morris,,,,Sugar Land,TX,Fort Bend,713-363-3834,,Real Estate,1600 Highway 6 Ste 160,77478,Houston,2,1,2026-09-13,State Bar of Texas Member Directory
"Brushe Law, PLLC.",https://brushelaw.com/,,,Sugar Land,TX,Fort Bend,281-901-0231,,Criminal Defense,14141 Southwest Fwy Ste 135,77478,Houston,5,1,2026-09-13,State Bar of Texas Member Directory
"Bryan Neil Linch, JD, CPA",https://www.linchlaw.com/,,,Sugar Land,TX,Fort Bend,281-344-3220,inquiry@linchlaw.com,Estate Planning,19901 Southwest Fwy Ste 136,77479,Houston,2,1,2026-09-13,State Bar of Texas Member Directory; State Bar self-reported website
Burkett Law Office PLLC,https://harriscounty-divorce.com/,,,Sugar Land,TX,Fort Bend,713-581-1090,,General,14090 Southwest Fwy Ste 300,77478,Houston,4,1,2026-09-13,State Bar of Texas Member Directory; State Bar self-reported website
Byers Law Firm,,,,Sugar Land,TX,Fort Bend,832-802-8800,,Criminal Defense,10100 Belknap Rd Ste B6,77498,Houston,5,1,2026-09-13,State Bar of Texas Member Directory
"Cannon Law, PLLC",https://cannonlawtexas.com/family-law/,,,Sugar Land,TX,Fort Bend,281-402-8336,,General,210 Brooks St,77478,Houston,4,5,2026-09-13,State Bar of Texas Member Directory; State Bar self-reported website
"Capece Law Firm, PLLC",https://capecelaw.com/,,,Sugar Land,TX,Fort Bend,713-332-0014,,General,18722 University Blvd Ste. 200,77479,Houston,4,1,2026-09-13,State Bar of Texas Member Directory; State Bar self-reported website
Capetillo Law Firm,https://capetillolaw.com/,,,Sugar Land,TX,Fort Bend,346-420-4069,,Criminal Defense,"345 Commerce Green Blvd., Ste. 200",77478,Houston,5,1,2026-09-13,State Bar of Texas Member Directory; State Bar self-reported website
Catherine Lee,,,,Sugar Land,TX,Fort Bend,,,General,"77 Sugar Creek Center Blvd., Suite 600",77478,Houston,4,1,2026-09-13,State Bar of Texas Member Directory
"Cedillo Law Firm, PLLC",https://www.cedillolawfirm.com/,,,Sugar Land,TX,Fort Bend,281-277-0098,,Criminal Defense,101 Southwestern Blvd Ste 104,77478,Houston,5,3,2026-09-13,State Bar of Texas Member Directory; State Bar self-reported website
"Charles W. Kelly, P.L.L.C.",https://cwklawyer.com/,,,Sugar Land,TX,Fort Bend,713-205-1085,cwkelly@cwklawyer.com,Civil Litigation,214 Lakeside Blvd,77478,Houston,3,1,2026-09-13,State Bar of Texas Member Directory; State Bar self-reported website
"Chiang Law Firm, PLLC",https://www.chianglaw.com/,,,Sugar Land,TX,Fort Bend,713-568-9206,,Estate Planning,1418 Lake Pointe Pkwy,77478,Houston,2,1,2026-09-13,State Bar of Texas Member Directory; State Bar self-reported website
Chidolue & Associates,,,,Sugar Land,TX,Fort Bend,832-400-2424,,General,12808 W Airport Blvd Ste 252,77478,Houston,4,1,2026-09-13,State Bar of Texas Member Directory
"Christopher Meyer Law Firm, PLLC",https://www.chrismeyerlawfirm.com/,,,Sugar Land,TX,Fort Bend,281-845-2472,info@chrismeyerlawfirm.com,General,1418 Lake Pointe Pkwy,77478,Houston,4,1,2026-09-13,State Bar of Texas Member Directory; State Bar self-reported website
Clint Wade Chase,,,,Sugar Land,TX,Fort Bend,,,Civil Litigation,3006 S. Blue Meadow Cir.,77479,Houston,3,1,2026-09-13,State Bar of Texas Member Directory
Clio,,,,Sugar Land,TX,Fort Bend,,,Personal Injury,PO Box 2121,77487,Houston,5,1,2026-09-13,State Bar of Texas Member Directory
Corrigan Law Firm,,,,Sugar Land,TX,Fort Bend,832-640-0777,,General,5811 stratford gardens,77479,Houston,4,1,2026-09-13,State Bar of Texas Member Directory
D Marie Family Law,https://www.dmariefamilylaw.com/,,,Sugar Land,TX,Fort Bend,281-895-3776,,General,19901 Southwest Freeway,77479,Houston,4,1,2026-09-13,State Bar of Texas Member Directory; State Bar self-reported website
D'Amico Law PLLC,https://evandamicolaw.com/,,,Sugar Land,TX,Fort Bend,832-544-1140,evan@evandamicolaw.com,Civil Litigation,14019 Southwest Fwy Suite 301-311,77478,Houston,3,1,2026-09-13,State Bar of Texas Member Directory; State Bar self-reported website
"Damani Law Firm, PLLC",https://www.damanilawfirm.com/,,,Sugar Land,TX,Fort Bend,346-464-8281,damanilawfirm@gmail.com,Employment Law,830 Julie Rivers Dr Ste 804,77478,Houston,3,1,2026-09-13,State Bar of Texas Member Directory; State Bar self-reported website
Darnell Defense Law Firm,,,,Sugar Land,TX,Fort Bend,832-563-0307,,Criminal Defense,7838 Highway 90A Ste B,77478,Houston,5,1,2026-09-13,State Bar of Texas Member Directory; State Bar self-reported website
Darren Michael Caillet,,,,Sugar Land,TX,Fort Bend,713-478-7635,,General,45 Martins Way,77479,Houston,4,1,2026-09-13,State Bar of Texas Member Directory
David M. Jones,,,,Sugar Land,TX,Fort Bend,281-635-9300,,General,6907 Overlook Hill Ln,77479,Houston,4,1,2026-09-13,State Bar of Texas Member Directory
David Phillips Ikeler,,,,Sugar Land,TX,Fort Bend,713-270-1000,,General,22 Glen Eagles Drive,77479,Houston,4,1,2026-09-13,State Bar of Texas Member Directory
David William Kiatta,https://www.segurakiattacriminaldefense.com/,,,Sugar Land,TX,Fort Bend,281-570-6400,luke@rizeupmedia.com,Criminal Defense,345 Commerce Green Blvd Ste 200,77478,Houston,5,1,2026-09-13,State Bar of Texas Member Directory; State Bar self-reported website
Dayne Alan Delahoussaye,,,,Sugar Land,TX,Fort Bend,,,General,810 Chevy Chase Circle,77478,Houston,4,1,2026-09-13,State Bar of Texas Member Directory
Deborah Ann Beck,,,,Sugar Land,TX,Fort Bend,832-754-4580,,Personal Injury,1902 Lakebend Dr,77478,Houston,5,1,2026-09-13,State Bar of Texas Member Directory
Deborah K. F. Bailey,,,,Sugar Land,TX,Fort Bend,281-903-6238,,Criminal Defense,13500 W Airport Blvd Ste B PMB 37,77498,Houston,5,1,2026-09-13,State Bar of Texas Member Directory
Debra Ann Balsaver,,,,Sugar Land,TX,Fort Bend,713-376-2993,,Estate Planning,226 S Keswick Ct,77478,Houston,2,1,2026-09-13,State Bar of Texas Member Directory
"Denenberg Tuffley, PLLC",https://www.denenbergtuffley.com/,,,Sugar Land,TX,Fort Bend,832-753-8209,,General,2245 Texas Dr Ste 300,77479,Houston,4,2,2026-09-13,State Bar of Texas Member Directory; State Bar self-reported website
Dennis C. Cain,,,,Sugar Land,TX,Fort Bend,713-686-5444,,Criminal Defense,8822 rippling water dr.,77479,Houston,5,1,2026-09-13,State Bar of Texas Member Directory
Douglas Bassin,,,,Sugar Land,TX,Fort Bend,,,General,14019 sw freeway #301-694,77478,Houston,4,1,2026-09-13,State Bar of Texas Member Directory
"Ducharme, McMillen & Associates, Inc",,,,Sugar Land,TX,Fort Bend,512-745-5955,,General,2245 Texas Dr Ste 450,77479,Houston,4,1,2026-09-13,State Bar of Texas Member Directory
"Dugas & Circelli, PLLC",https://dcclawfirm.com/,,,Sugar Land,TX,Fort Bend,832-604-4417,,Personal Injury,1 Sugar Creek Center Blvd Ste 820,77478,Houston,5,1,2026-09-13,State Bar of Texas Member Directory; State Bar self-reported website
ESANI & MOMIN PC,https://emattorney.com/,,,Sugar Land,TX,Fort Bend,281-313-6100,,Immigration,1470 First Colony Blvd Ste 200,77479,Houston,2,2,2026-09-13,State Bar of Texas Member Directory; State Bar self-reported website
Edward Lowenberg,,,,Sugar Land,TX,Fort Bend,713-213-6798,,Personal Injury,26 Scepter Ridge,77498,Houston,5,1,2026-09-13,State Bar of Texas Member Directory
Ellington & Associates,https://www.ellingtonlaw.com/,,,Sugar Land,TX,Fort Bend,832-500-4635,,Personal Injury,77 Sugar Creek Center Blvd Ste 325,77478,Houston,5,2,2026-09-13,State Bar of Texas Member Directory; State Bar self-reported website
Elvira V. Evans,,,,Sugar Land,TX,Fort Bend,,,General,130 Industrial Blvd Ste 100,77478,Houston,4,1,2026-09-13,State Bar of Texas Member Directory
Embedded Legal Solutions,,,,Sugar Land,TX,Fort Bend,,,Employment Law,17211 W Grand Pkwy S Ste L2 PMB 120,77479,Houston,3,1,2026-09-13,State Bar of Texas Member Directory; State Bar self-reported website
"Engelhaupt Law Firm, PLLC",https://aeattorney.com/,,,Sugar Land,TX,Fort Bend,281-277-9872,,Estate Planning,12926 Dairy Ashford Rd Ste 184,77478,Houston,2,1,2026-09-13,State Bar of Texas Member Directory; State Bar self-reported website
"Erdos & Co., PLLC",https://www.erdospc.com/,,,Sugar Land,TX,Fort Bend,281-277-4100,terdos@aol.com,Employment Law,14056 Southwest Fwy Ste 110,77478,Houston,3,1,2026-09-13,State Bar of Texas Member Directory; State Bar self-reported website
Eric E. Kugler,,,,Sugar Land,TX,Fort Bend,,,Criminal Defense,PO Box 203,77487,Houston,5,1,2026-09-13,State Bar of Texas Member Directory
Eric Yu Law PLLC,,,,Sugar Land,TX,Fort Bend,,,Real Estate,18722 University Blvd Suite 200,77479,Houston,2,1,2026-09-13,State Bar of Texas Member Directory
Erik Wilson and Associates PLLC,http://erikwilsonlaw.com/,,,Sugar Land,TX,Fort Bend,281-566-2535,erik@erikwilsonlaw.com,Criminal Defense,2245 Texas Dr Ste 300,77479,Houston,5,1,2026-09-13,State Bar of Texas Member Directory; State Bar self-reported website
"Farha Ahmed, Attorney at Law PLLC",http://farhaahmedlaw.com/,,,Sugar Land,TX,Fort Bend,281-313-3839,farha@farhaahmedlaw.com,Civil Litigation,Virtual Office,77479,Houston,3,1,2026-09-13,State Bar of Texas Member Directory; State Bar self-reported website
Fazli Law Firm,https://www.fazlilaw.com/,,,Sugar Land,TX,Fort Bend,281-915-4447,info@fazlilaw.com,Personal Injury,"3 Sugar Creek Center Blvd, Suite 100",77478,Houston,5,1,2026-09-13,State Bar of Texas Member Directory; State Bar self-reported website
Fitzgerald Uchenna Eze,,,,Sugar Land,TX,Fort Bend,,,Criminal Defense,PO Box 294,77487,Houston,5,1,2026-09-13,State Bar of Texas Member Directory
Fremuth Law Firm,https://www.fremuthlawfirm.com/,,,Sugar Land,TX,Fort Bend,832-226-1696,fremuthlawfirm@gmail.com,Criminal Defense,7838 Highway 90A,77478,Houston,5,1,2026-09-13,State Bar of Texas Member Directory; State Bar self-reported website
"Freshwater Law Firm, PLLC",https://freshwaterlawfirm.com/,,,Sugar Land,TX,Fort Bend,281-240-2424,info@freshwaterlawfirm.com,Employment Law,130 Industrial Blvd Ste 130,77478,Houston,3,1,2026-09-13,State Bar of Texas Member Directory; State Bar self-reported website
G. Stephen Parrott,,,,Sugar Land,TX,Fort Bend,,,General,1206 Wedgewood Dr,77478,Houston,4,1,2026-09-13,State Bar of Texas Member Directory
"GERMAN CASTILLO LAW OFFICE, P.C.",http://www.gcastillolaw.com/,,,Sugar Land,TX,Fort Bend,281-231-9611,questions@gcastillolaw.com,Immigration,101 Southwestern Blvd Ste 114,77478,Houston,2,1,2026-09-13,State Bar of Texas Member Directory; State Bar self-reported website
"Garcia Law Practice, PLLC",,,,Sugar Land,TX,Fort Bend,,,Personal Injury,14090 Southwest Fwy Ste 401,77478,Houston,5,1,2026-09-13,State Bar of Texas Member Directory
"Garg Law Firm, PLLC",http://www.garglaw.com/,,,Sugar Land,TX,Fort Bend,281-886-7107,info@garglaw.com,General,800 Bonaventure Way Ste 115,77479,Houston,4,1,2026-09-13,State Bar of Texas Member Directory; State Bar self-reported website
Gascoyne & Bullion PC,,,,Sugar Land,TX,Fort Bend,281-340-7000,gascoyne@gbpclaw.com,Personal Injury,77 Sugar Creek Center Blvd Ste 280,77478,Houston,5,3,2026-09-13,State Bar of Texas Member Directory; manual verified search
Gaspar G. Argilagos,,,,Sugar Land,TX,Fort Bend,713-824-4885,,General,Post Office Box 1795,77487,Houston,4,1,2026-09-13,State Bar of Texas Member Directory
Geneva Jones & Associates,https://geneva-jones.com/,,,Sugar Land,TX,Fort Bend,832-324-5223,info@geneva-jones.com,General,2245 Texas Dr Ste 300,77479,Houston,4,1,2026-09-13,State Bar of Texas Member Directory; State Bar self-reported website
Gerald A. Woolf,,,,Sugar Land,TX,Fort Bend,832-754-8830,,Employment Law,3903 Turnberry Drive,77479,Houston,3,1,2026-09-13,State Bar of Texas Member Directory
Gokhan Guni,,,,Sugar Land,TX,Fort Bend,,,General,800 Bonaventure Way Suite: 120 Suite : 120,77479,Houston,4,1,2026-09-13,State Bar of Texas Member Directory
Gordon Abbott Berkstresser,,,,Sugar Land,TX,Fort Bend,678-231-3709,,General,3206 E Autumn Run Cir,77479,Houston,4,1,2026-09-13,State Bar of Texas Member Directory
Grabowski & Thompson LLP,,,,Sugar Land,TX,Fort Bend,832-242-6300,,Personal Injury,2322 Upland Park,77479,Houston,5,1,2026-09-13,State Bar of Texas Member Directory
Guy McClung,,,,Sugar Land,TX,Fort Bend,346-631-1678,,General,16719 Cobble Ridge Dr,77498,Houston,4,1,2026-09-13,State Bar of Texas Member Directory
Hakyan Ronald Chan,,,,Sugar Land,TX,Fort Bend,281-840-8180,,General,234 Needleleaf Ln,77479,Houston,4,1,2026-09-13,State Bar of Texas Member Directory
"Heard & Medack, PC",https://www.heardmedackpc.com/,,,Sugar Land,TX,Fort Bend,713-772-6400,,Civil Litigation,14100 Southwest Fwy Ste 300,77478,Houston,3,2,2026-09-13,State Bar of Texas Member Directory; manual verified search
"Hird, Chu & Lawji, PLLC",https://lawjilaw.com/,,,Sugar Land,TX,Fort Bend,281-565-4621,info@lawjilaw.com,Real Estate,1470 First Colony Blvd Ste 210,77479,Houston,2,1,2026-09-13,State Bar of Texas Member Directory; State Bar self-reported website
Hodge & Barr,,,,Sugar Land,TX,Fort Bend,713-529-7667,,Personal Injury,3 Sugar Creek Center Blvd Ste 100,77478,Houston,5,2,2026-09-13,State Bar of Texas Member Directory
Hoffman Mediation,,,,Sugar Land,TX,Fort Bend,281-728-8467,,General,PO Box 17514,77496,Houston,4,1,2026-09-13,State Bar of Texas Member Directory; State Bar self-reported website
"Hoof Law Firm, PLLC",,,,Sugar Land,TX,Fort Bend,832-404-2964,,Personal Injury,77 Sugar Creek Center Blvd Ste 600,77478,Houston,5,1,2026-09-13,State Bar of Texas Member Directory
Hunter L. Martin,,,,Sugar Land,TX,Fort Bend,713-927-7288,,Estate Planning,7618 Hunters Point Dr,77479,Houston,2,1,2026-09-13,State Bar of Texas Member Directory
Huynh Law Firm,,,,Sugar Land,TX,Fort Bend,281-235-4127,,Immigration,PO Box 17567,77496,Houston,2,1,2026-09-13,State Bar of Texas Member Directory
James D. Pierce,,,,Sugar Land,TX,Fort Bend,281-872-6033,,Personal Injury,115 Guenther St,77478,Houston,5,1,2026-09-13,State Bar of Texas Member Directory
"Jamie Jordan, PLLC",https://jamiejordanlaw.com/,,,Sugar Land,TX,Fort Bend,281-581-0608,,Criminal Defense,"77 Sugar Creek Center Blvd., Suite 600",77478,Houston,5,1,2026-09-13,State Bar of Texas Member Directory; State Bar self-reported website
"Jane S. Grubbs, Attorney at Law",,,,Sugar Land,TX,Fort Bend,281-989-7214,,Real Estate,PO Box 1448,77487,Houston,2,1,2026-09-13,State Bar of Texas Member Directory
Jefery F. Carson & Assoc.,,,,Sugar Land,TX,Fort Bend,281-240-9711,,Estate Planning,12926 Dairy Ashford Rd Ste 100,77478,Houston,2,1,2026-09-13,State Bar of Texas Member Directory
Jeffrey L. Novy,https://novylawfirm.com/,,,Sugar Land,TX,Fort Bend,713-334-6888,jeff@novylawfirm.com,Estate Planning,402 Brooks St,77478,Houston,2,1,2026-09-13,State Bar of Texas Member Directory; State Bar self-reported website
Joan Cain,,,,Sugar Land,TX,Fort Bend,832-844-7833,,Estate Planning,4771 Sweetwater Blvd. Ste 238,77479,Houston,2,1,2026-09-13,State Bar of Texas Member Directory
Joe Wilson Cox,,,,Sugar Land,TX,Fort Bend,128-185-1344,,Estate Planning,18 Dorothea Lane,77479,Houston,2,1,2026-09-13,State Bar of Texas Member Directory
"Johanson & Fairless, LLP",http://www.jandflaw.com/,,,Sugar Land,TX,Fort Bend,281-313-5000,,Personal Injury,1456 First Colony Blvd,77479,Houston,5,12,2026-09-13,State Bar of Texas Member Directory; State Bar self-reported website
John Ashley Favor,,,,Sugar Land,TX,Fort Bend,,,General,3143 Shawnee,77479,Houston,4,1,2026-09-13,State Bar of Texas Member Directory; State Bar self-reported website
John L. Verner,,,,Sugar Land,TX,Fort Bend,,,Civil Litigation,13503 Schumann Trl,77498,Houston,3,1,2026-09-13,State Bar of Texas Member Directory
"John Timothy Byrd, Attorney",,,,Sugar Land,TX,Fort Bend,281-216-5856,,Civil Litigation,PO Box 16365,77496,Houston,3,1,2026-09-13,State Bar of Texas Member Directory
Johnna Teal & Associates,https://texasfamilylawfirm.com/,,,Sugar Land,TX,Fort Bend,713-222-8200,melissa@texasfamilylawfirm.com,General,5501 Cabrera Dr Ste 305,77479,Houston,4,1,2026-09-13,State Bar of Texas Member Directory; State Bar self-reported website
"Jones, Mays, Ramsey & Parikh",,,,Sugar Land,TX,Fort Bend,713-552-1892,,Estate Planning,PO Box 3029,77487,Houston,2,1,2026-09-13,State Bar of Texas Member Directory
Joseph D. Libby,,,,Sugar Land,TX,Fort Bend,713-222-7757,,Criminal Defense,12 Tiffany Square,77478,Houston,5,1,2026-09-13,State Bar of Texas Member Directory
Joseph R. Hammond,,,,Sugar Land,TX,Fort Bend,281-437-4200,,Personal Injury,14090 Southwest Fwy Ste 300,77478,Houston,5,1,2026-09-13,State Bar of Texas Member Directory
Julian M. Moss,,,,Sugar Land,TX,Fort Bend,713-993-9363,,Estate Planning,12946 Dairy Ashford Rd Ste 350,77478,Houston,2,1,2026-09-13,State Bar of Texas Member Directory
KDP Law PLLC,https://www.kdpfirm.com/,,,Sugar Land,TX,Fort Bend,,kpatel@kdpfirm.com,Real Estate,"3 Sugar Creek Center Blvd., Suite 100",77478,Houston,2,1,2026-09-13,State Bar of Texas Member Directory; State Bar self-reported website
"Karam Law Office, PLLC",https://thekaramlawoffice.com/,,,Sugar Land,TX,Fort Bend,281-302-5272,,Personal Injury,1 Sugar Creek Center Blvd Ste 1010,77478,Houston,5,1,2026-09-13,State Bar of Texas Member Directory; State Bar self-reported website
Karim Jamal Jivani,,,,Sugar Land,TX,Fort Bend,,,Immigration,819 Delford Way,77479,Houston,2,1,2026-09-13,State Bar of Texas Member Directory
Kathryn F. Green,,,,Sugar Land,TX,Fort Bend,361-779-1734,,Criminal Defense,1118 Heron Way,77478,Houston,5,1,2026-09-13,State Bar of Texas Member Directory
Kausthub Kumar,,,,Sugar Land,TX,Fort Bend,281-460-4862,,Estate Planning,5402 Meadow Rd,77479,Houston,2,1,2026-09-13,State Bar of Texas Member Directory
Kelley Kronenberg,https://kelleykronenberg.com/,,,Sugar Land,TX,Fort Bend,281-980-3100,inquiries@kklaw.com,Personal Injury,14090 Southwest Fwy Ste 450,77478,Houston,5,2,2026-09-13,State Bar of Texas Member Directory; State Bar self-reported website
Kelly Reynolds,,,,Sugar Land,TX,Fort Bend,,,General,P.O. Box 1428,77487,Houston,4,1,2026-09-13,State Bar of Texas Member Directory
Kenneth D. Langer,,,,Sugar Land,TX,Fort Bend,713-942-0765,,Estate Planning,12815 Stancliff Oaks,77478,Houston,2,1,2026-09-13,State Bar of Texas Member Directory
Kenneth M. Sabath Law Offices,,,,Sugar Land,TX,Fort Bend,281-261-8100,,Personal Injury,14090 Southwest Fwy Ste 300,77478,Houston,5,1,2026-09-13,State Bar of Texas Member Directory
Kevin P Delaney,,,,Sugar Land,TX,Fort Bend,713-557-3623,,Employment Law,3110 Oakmont Drive,77479,Houston,3,1,2026-09-13,State Bar of Texas Member Directory
"Klosowsky Law Office, PLLC",https://www.klawtx.com/,,,Sugar Land,TX,Fort Bend,281-277-8998,,Estate Planning,14015 Southwest Fwy Ste 14,77478,Houston,2,2,2026-09-13,State Bar of Texas Member Directory; State Bar self-reported website; manual verified search
"Krumpholz Law Firm, P.C.",,,,Sugar Land,TX,Fort Bend,346-276-8900,,Criminal Defense,19901 SW Freeway,77479,Houston,5,1,2026-09-13,State Bar of Texas Member Directory; State Bar self-reported website
"Kwan & Associates, PC",,,,Sugar Land,TX,Fort Bend,713-974-1400,,General,PO Box 16610,77496,Houston,4,2,2026-09-13,State Bar of Texas Member Directory
L. T. Bradt PC,,,,Sugar Land,TX,Fort Bend,281-201-0700,,Criminal Defense,14090 Southwest Fwy Ste 300,77478,Houston,5,1,2026-09-13,State Bar of Texas Member Directory
LBurtonLawpc,,,,Sugar Land,TX,Fort Bend,713-366-1613,,Real Estate,16107 Kensington Dr PMB 110,77479,Houston,2,1,2026-09-13,State Bar of Texas Member Directory; State Bar self-reported website
Latreecia Hubbard,,,,Sugar Land,TX,Fort Bend,713-223-4565,,Criminal Defense,19901 Southwest Fwy,77479,Houston,5,1,2026-09-13,State Bar of Texas Member Directory
Law Office Of Art Warren,,,,Sugar Land,TX,Fort Bend,281-299-3464,,Criminal Defense,14090 Southwest Fwy Ste 300,77478,Houston,5,1,2026-09-13,State Bar of Texas Member Directory
Law Office of Bassey Akpaffiong,,,,Sugar Land,TX,Fort Bend,281-369-6602,,Criminal Defense,17424 W Grand Pkwy S PMB 210,77479,Houston,5,1,2026-09-13,State Bar of Texas Member Directory
Law Office of Benjamin C. Wilson,,,,Sugar Land,TX,Fort Bend,832-978-3341,,Personal Injury,3130 Grants Lake Blvd. No. 19443,77496,Houston,5,1,2026-09-13,State Bar of Texas Member Directory
Law Office of Christopher Gisentaner,,,,Sugar Land,TX,Fort Bend,713-819-7702,,Criminal Defense,54 Sugar Creek Center Blvd Ste 224,77478,Houston,5,1,2026-09-13,State Bar of Texas Member Directory
"Law Office of Davis l. Phan, PLLC",,,,Sugar Land,TX,Fort Bend,713-732-1733,,General,1427 N. Medio River Cir.,77478,Houston,4,1,2026-09-13,State Bar of Texas Member Directory
Law Office of ELnora Destin Conley,,,,Sugar Land,TX,Fort Bend,832-315-1222,,Estate Planning,2306 Ivycrest Ct,77479,Houston,2,1,2026-09-13,State Bar of Texas Member Directory
Law Office of Eduardo J. Franco,,,,Sugar Land,TX,Fort Bend,713-777-0600,,Criminal Defense,101 Southwestern Blvd Ste 101,77478,Houston,5,1,2026-09-13,State Bar of Texas Member Directory
Law Office of Fred Riepen,,,,Sugar Land,TX,Fort Bend,281-313-9191,,Estate Planning,345 Commerce Green Blvd Ste 200,77478,Houston,2,1,2026-09-13,State Bar of Texas Member Directory
"Law Office of Glory Ohaekwusi, PLLC",https://golawpllc.com/,,,Sugar Land,TX,Fort Bend,346-482-7386,info@golawpllc.com,Immigration,1601 Industrial Blvd Ste 3034,77478,Houston,2,1,2026-09-13,State Bar of Texas Member Directory; State Bar self-reported website
"Law Office of Jeffrey V. Gillis, PLLC",https://www.gillislawyer.com/,,,Sugar Land,TX,Fort Bend,281-609-8989,jeff@gillislawyer.com,Estate Planning,3 Sugar Creek Center Blvd Ste 100 PMB 229,77478,Houston,2,1,2026-09-13,State Bar of Texas Member Directory; State Bar self-reported website
Law Office of K. Walji,,,,Sugar Land,TX,Fort Bend,713-562-6875,,Criminal Defense,2034 Plantation Bend Drive,77478,Houston,5,1,2026-09-13,State Bar of Texas Member Directory
Law Office of Kara K. Egwuatu,http://kkefamilylaw.com/,,,Sugar Land,TX,Fort Bend,281-606-5188,,General,"3 Sugar Creek Center Blvd, Suite 100",77478,Houston,4,1,2026-09-13,State Bar of Texas Member Directory; State Bar self-reported website
"Law Office of Keval Patel, P.C.",https://www.patel-law.com/,,,Sugar Land,TX,Fort Bend,281-313-5300,kpatel@patel-law.com,Civil Litigation,800 Bonaventure Way Ste 103,77479,Houston,3,1,2026-09-13,State Bar of Texas Member Directory; State Bar self-reported website
"Law Office of Kevin P. Gallagher, P.C.",,,,Sugar Land,TX,Fort Bend,713-988-0505,www.gallagherlaw@sbcglobal.net,Personal Injury,6542 Greatwood Pkwy Ste A,77479,Houston,5,1,2026-09-13,State Bar of Texas Member Directory; State Bar self-reported website
"Law Office of Mark I Foteh, PLLC",http://fotehlaw.com/,,,Sugar Land,TX,Fort Bend,713-988-0505,,Personal Injury,6542 Greatwood Pkwy Ste A,77479,Houston,5,1,2026-09-13,State Bar of Texas Member Directory; State Bar self-reported website
"Law Office of Mary Khano Foteh, P.C.",https://mkfotehlaw.com/,,,Sugar Land,TX,Fort Bend,713-988-0505,,Immigration,6542 Greatwood Pkwy Ste A,77479,Houston,2,1,2026-09-13,State Bar of Texas Member Directory; State Bar self-reported website
"Law Office of Mynde S. Eisen, P.C.",,,,Sugar Land,TX,Fort Bend,281-545-8600,,Civil Litigation,6546 Greatwood Pkwy Ste C,77479,Houston,3,1,2026-09-13,State Bar of Texas Member Directory
Law Office of Patrick Nagorski,,,,Sugar Land,TX,Fort Bend,,,General,5826 New Territory Blvd PMB 2078,77479,Houston,4,1,2026-09-13,State Bar of Texas Member Directory
"Law Office of Paul W. Fulbright, PLLC",,,,Sugar Land,TX,Fort Bend,972-754-3746,,General,1131 Timber Glen Lane,77479,Houston,4,1,2026-09-13,State Bar of Texas Member Directory
"Law Office of Rachelle D. Carter, PLLC",https://www.rdcarterlaw.com/,,,Sugar Land,TX,Fort Bend,713-228-3542,rachelle@rdcarterlaw.com,Criminal Defense,14090 Southwest Fwy Ste 300,77478,Houston,5,1,2026-09-13,State Bar of Texas Member Directory; State Bar self-reported website
Law Office of Richard A. Fagin,,,,Sugar Land,TX,Fort Bend,713-539-5006,,General,19901 Southwest Fwy,77479,Houston,4,1,2026-09-13,State Bar of Texas Member Directory
Law Office of Robert Cardenas,,,,Sugar Land,TX,Fort Bend,713-461-1660,,Criminal Defense,77 Sugar Creek Center Blvd Ste 600,77478,Houston,5,1,2026-09-13,State Bar of Texas Member Directory
Law Office of Ross Torres,https://rosstorreslaw.com/,,,Sugar Land,TX,Fort Bend,832-735-2454,info@rosstorreslaw.com,Criminal Defense,P.O. Box 18213,77496,Houston,5,1,2026-09-13,State Bar of Texas Member Directory; State Bar self-reported website
Law Office of Sharde Marks-Riley,https://www.smarksrileylaw.com/,,,Sugar Land,TX,Fort Bend,346-857-3333,sharde@smarksrileylaw.com,Personal Injury,2245 Texas Drive Suite 300,77479,Houston,5,1,2026-09-13,State Bar of Texas Member Directory; State Bar self-reported website
Law Office of Stacy Ly,https://www.attorneystacy.com/,,,Sugar Land,TX,Fort Bend,832-446-6391,info@attorneystacy.com,General,202 Industrial Blvd Ste 304,77478,Houston,4,1,2026-09-13,State Bar of Texas Member Directory; State Bar self-reported website
Law Office of TaQuita M Hogan-Claiborne,https://www.tmhc-law.com/,,,Sugar Land,TX,Fort Bend,281-340-2054,,Estate Planning,"14090 Southwest Freeway, Ste. 300",77478,Houston,2,1,2026-09-13,State Bar of Texas Member Directory; State Bar self-reported website
Law Office of Timothy A. Beverick,,,,Sugar Land,TX,Fort Bend,346-339-8606,,General,3807 Stockbridge Dr.,77479,Houston,4,1,2026-09-13,State Bar of Texas Member Directory
Law Office of Tom Bair,https://tombairlaw.com/,,,Sugar Land,TX,Fort Bend,713-223-8585,,Bankruptcy,12100 S Highway 6 Apt 2105,77498,Houston,2,1,2026-09-13,State Bar of Texas Member Directory; State Bar self-reported website
Law Office of Tony K. Duckett,,,,Sugar Land,TX,Fort Bend,832-283-0577,,Criminal Defense,PO Box 17271,77496,Houston,5,1,2026-09-13,State Bar of Texas Member Directory; State Bar self-reported website
"Law Office of Victoria M. Venza, PLLC",https://www.venzafamilylaw.com/,,,Sugar Land,TX,Fort Bend,281-207-1101,,General,19855 Southwest Fwy Ste 300,77479,Houston,4,3,2026-09-13,State Bar of Texas Member Directory; State Bar self-reported website; manual verified search
Law Office of Zahra Lakhani PLLC,,,,Sugar Land,TX,Fort Bend,832-377-6951,,Estate Planning,12440 Emily Ct Ste 404,77478,Houston,2,1,2026-09-13,State Bar of Texas Member Directory; State Bar self-reported website
Law Offices Of Brian E Bro,,,,Sugar Land,TX,Fort Bend,713-961-3111,,Employment Law,3911 Wood Park,77479,Houston,3,1,2026-09-13,State Bar of Texas Member Directory
"Law Offices of Alberto Garcia, P.C.",,,,Sugar Land,TX,Fort Bend,956-627-0455,,Personal Injury,1426 Stone Trail Dr,77479,Houston,5,1,2026-09-13,State Bar of Texas Member Directory
"Law Offices of Anila Momin, PC",https://www.theamlawfirm.com/,,,Sugar Land,TX,Fort Bend,832-930-1000,,Personal Injury,77 Sugar Creek Center Blvd Ste 600,77478,Houston,5,1,2026-09-13,State Bar of Texas Member Directory; State Bar self-reported website
Law Offices of Ekata & Associates PLLC,,,,Sugar Land,TX,Fort Bend,713-620-8220,,Criminal Defense,5323 Auckland Dr,77498,Houston,5,1,2026-09-13,State Bar of Texas Member Directory
"Law Offices of Fangzhong Tian, PLLC",http://www.tianlawoffice.com/,,,Sugar Land,TX,Fort Bend,972-978-2961,alextianattorney@gmail.com,Criminal Defense,2127 Cobblerstone Ct,77479,Houston,5,1,2026-09-13,State Bar of Texas Member Directory; State Bar self-reported website
Law Offices of M. Cody Moore,https://www.codymoorelaw.com/,,,Sugar Land,TX,Fort Bend,713-588-4437,,Criminal Defense,19901 Southwest Fwy,77479,Houston,5,1,2026-09-13,State Bar of Texas Member Directory; State Bar self-reported website
Law Offices of Nisha Mathews,,,,Sugar Land,TX,Fort Bend,281-340-2071,,Estate Planning,"14090 Southwest Freeway, Suite 300",77478,Houston,2,1,2026-09-13,State Bar of Texas Member Directory
Law Offices of Renee Linares Chin,,,,Sugar Land,TX,Fort Bend,,,General,16107 Kensington Dr PMB 338,77479,Houston,4,1,2026-09-13,State Bar of Texas Member Directory
"Law Offices of Ron D. Harris, PLLC",,,,Sugar Land,TX,Fort Bend,832-971-6900,,Personal Injury,PO Box 17524,77496,Houston,5,1,2026-09-13,State Bar of Texas Member Directory
"Law Offices of Russel W. Jones, APC",,,,Sugar Land,TX,Fort Bend,,,General,710 Piedmont St,77478,Houston,4,1,2026-09-13,State Bar of Texas Member Directory
"Lawrence Law Firm, PLLC",https://www.bettercalljlaw.com/,,,Sugar Land,TX,Fort Bend,832-356-4404,,Criminal Defense,695 Industrial Blvd Ste 100,77478,Houston,5,1,2026-09-13,State Bar of Texas Member Directory; State Bar self-reported website
"Leeser Legal, PLLC",,,,Sugar Land,TX,Fort Bend,713-320-2907,,Employment Law,7603 Shannondale Dr,77479,Houston,3,1,2026-09-13,State Bar of Texas Member Directory; State Bar self-reported website
Lewis Booth P.C.,https://texastaxandestatelaw.com/,,,Sugar Land,TX,Fort Bend,281-787-8998,,Personal Injury,19901 Southwest Freeway,77479,Houston,5,1,2026-09-13,State Bar of Texas Member Directory
Lewis Cook,,,,Sugar Land,TX,Fort Bend,281-468-1197,eckleck821@att.net,Criminal Defense,PO Box 1823,77487,Houston,5,1,2026-09-13,State Bar of Texas Member Directory; State Bar self-reported website
Love-Ducote Law Firm,https://loveducotelaw.com/,,,Sugar Land,TX,Fort Bend,832-471-6904,elliott@loveducotelaw.com,Criminal Defense,1650 Highway 6 Ste 420,77478,Houston,5,1,2026-09-13,State Bar of Texas Member Directory; State Bar self-reported website
"M J Harrison Law Firm, PLLC",,,,Sugar Land,TX,Fort Bend,713-659-1700,,Estate Planning,3223 Stephens Creek Lane,77478,Houston,2,1,2026-09-13,State Bar of Texas Member Directory
MEGlobal,,,,Sugar Land,TX,Fort Bend,,,Real Estate,2150 Town Square Pl Ste 750,77479,Houston,2,1,2026-09-13,State Bar of Texas Member Directory
Mabel Lee-Lo,,,,Sugar Land,TX,Fort Bend,281-382-8217,,Personal Injury,P. O. Box 17011,77496,Houston,5,1,2026-09-13,State Bar of Texas Member Directory
Mamdani Law PLLC,https://www.mamdanilaw.com/,,,Sugar Land,TX,Fort Bend,281-533-6600,info@mamdanilaw.com,Civil Litigation,7102 Tarrington Ave Ste 105,77479,Houston,3,1,2026-09-13,State Bar of Texas Member Directory; State Bar self-reported website
Mao-Sen Yieh PC,,,,Sugar Land,TX,Fort Bend,713-988-6660,,General,"16107 Kensington Drive, Suite 106",77479,Houston,4,1,2026-09-13,State Bar of Texas Member Directory
"Maredia Immigration Law, PLLC",,,,Sugar Land,TX,Fort Bend,832-377-8488,,Immigration,3 Sugar Creek Center Blvd Ste 100,77478,Houston,2,1,2026-09-13,State Bar of Texas Member Directory
"Margaret C. Parker, Attorney at Law, PLLC",,,,Sugar Land,TX,Fort Bend,713-306-2780,,Estate Planning,4614 Thompson Chapel Road,77479,Houston,2,1,2026-09-13,State Bar of Texas Member Directory
"Mark A. Font, P.C.",,,,Sugar Land,TX,Fort Bend,281-635-4830,,Personal Injury,16107 Kensington Dr PMB 265,77479,Houston,5,1,2026-09-13,State Bar of Texas Member Directory
Martinez & Marinacci,https://www.mnmlawfirm.com/,,,Sugar Land,TX,Fort Bend,832-781-1040,,Estate Planning,1600 Highway 6 Ste 280,77478,Houston,2,2,2026-09-13,State Bar of Texas Member Directory; State Bar self-reported website
Mashhood Sayyed Khawar,,,,Sugar Land,TX,Fort Bend,832-875-7933,,General,1214 Oxford Mills Ln,77479,Houston,4,1,2026-09-13,State Bar of Texas Member Directory
Matthew Craig Moore,,,,Sugar Land,TX,Fort Bend,281-980-3100,,General,"14090 Southwest Freeway, Suite 450",77478,Houston,4,1,2026-09-13,State Bar of Texas Member Directory
"Matthews & Jaasma, L.L.P.",https://www.matthewsjaasma.com/,,,Sugar Land,TX,Fort Bend,832-717-2900,,Personal Injury,5501 Cabrera Dr Ste 704,77479,Houston,5,2,2026-09-13,State Bar of Texas Member Directory; State Bar self-reported website
Meher Iman Iqbal,,,,Sugar Land,TX,Fort Bend,,,General,5422 Gable Meadows Drive,77479,Houston,4,1,2026-09-13,State Bar of Texas Member Directory
Michael Paul Nassif,,,,Sugar Land,TX,Fort Bend,713-302-3146,,Criminal Defense,PO Box 18136,77496,Houston,5,1,2026-09-13,State Bar of Texas Member Directory
Michael R. Silberstein,,,,Sugar Land,TX,Fort Bend,832-287-7146,,Real Estate,13703 Brightfield Dr,77498,Houston,2,1,2026-09-13,State Bar of Texas Member Directory
"Mike Brooks Law, PLLC",,,,Sugar Land,TX,Fort Bend,,,General,3002 W Autumn Run Circle,77479,Houston,4,1,2026-09-13,State Bar of Texas Member Directory
Mina Madani,,,,Sugar Land,TX,Fort Bend,,,Employment Law,P.O. Box 2489,77487,Houston,3,1,2026-09-13,State Bar of Texas Member Directory
Morin Law,,,,Sugar Land,TX,Fort Bend,713-550-6361,,General,2811 Sunrise Ct,77479,Houston,4,1,2026-09-13,State Bar of Texas Member Directory
"Nancy E. Lusk, P.C.",,,,Sugar Land,TX,Fort Bend,281-242-2700,,Criminal Defense,1223 Creekford Cir,77478,Houston,5,1,2026-09-13,State Bar of Texas Member Directory; State Bar self-reported website
"Narvios Law Firm, PLLC",https://narvioslawfirm.com/,,,Sugar Land,TX,Fort Bend,713-999-9529,jim@narvioslawfirm.com,Personal Injury,510 Imperial Blvd,77498,Houston,5,2,2026-09-13,State Bar of Texas Member Directory; State Bar self-reported website
Nathalia Zollinger,,,,Sugar Land,TX,Fort Bend,,,General,619 SUGAR CREEK BLVD,77478,Houston,4,1,2026-09-13,State Bar of Texas Member Directory
Navitas Petroleum,,,,Sugar Land,TX,Fort Bend,,,Estate Planning,13918 Emerald Forest Court,77498,Houston,2,1,2026-09-13,State Bar of Texas Member Directory; State Bar self-reported website
Ngo Law PLLC,,,,Sugar Land,TX,Fort Bend,281-455-9703,,Real Estate,3130 Grants Lake Blvd Ste 16101,77479,Houston,2,1,2026-09-13,State Bar of Texas Member Directory
Nina A. Bujosa,,,,Sugar Land,TX,Fort Bend,713-305-1060,,Criminal Defense,5826 New Territory Blvd PMB 908,77479,Houston,5,1,2026-09-13,State Bar of Texas Member Directory
Nlittles ADR,,,,Sugar Land,TX,Fort Bend,713-306-8690,,Employment Law,17422 Hollyberry Ln,77479,Houston,3,1,2026-09-13,State Bar of Texas Member Directory
"Novosad Law Group, PLLC",,,,Sugar Land,TX,Fort Bend,281-690-1757,,Civil Litigation,"54 Sugar Creek Center, Suite 309",77478,Houston,3,1,2026-09-13,State Bar of Texas Member Directory
Obiajulu Nnebuogo Enaohwo,,,,Sugar Land,TX,Fort Bend,,,General,P.O. Box 19721,77496,Houston,4,1,2026-09-13,State Bar of Texas Member Directory
"Office of David G. Peake, Chapter 13 Tru",,,,Sugar Land,TX,Fort Bend,713-283-5400,,Bankruptcy,1 Sugar Creek Center Blvd Ste 300,77478,Houston,2,1,2026-09-13,State Bar of Texas Member Directory
"Oyedemi & Associates, P.C.",,,,Sugar Land,TX,Fort Bend,832-939-8578,,General,3306 Sand Dollar Ct,77479,Houston,4,1,2026-09-13,State Bar of Texas Member Directory
Pamela M. Carroll Attorney & Counselor at Law,,,,Sugar Land,TX,Fort Bend,281-215-3933,,General,P. O. Box 18035,77496,Houston,4,1,2026-09-13,State Bar of Texas Member Directory
Patent Strategies PLLC,,,,Sugar Land,TX,Fort Bend,832-451-4998,,General,16107 Kensington Dr PMB 418,77479,Houston,4,1,2026-09-13,State Bar of Texas Member Directory
"Paula M. Hartman, Attorney at Law",,,,Sugar Land,TX,Fort Bend,,,Criminal Defense,PO BOX 18011,77496,Houston,5,1,2026-09-13,State Bar of Texas Member Directory
"Phillips Law Firm, PLLC",https://bwplawfirm.com/,,,Sugar Land,TX,Fort Bend,713-564-6077,info@bwplawfirm.com,Estate Planning,14090 Southwest Fwy Ste 300,77478,Houston,2,1,2026-09-13,State Bar of Texas Member Directory; State Bar self-reported website
"Philoan M. Tran, P.C.",,,,Sugar Land,TX,Fort Bend,713-977-1141,,Civil Litigation,54 Sugar Creek Center Blvd Ste 315,77478,Houston,3,1,2026-09-13,State Bar of Texas Member Directory
Pierce Lambson,,,,Sugar Land,TX,Fort Bend,,,General,"77 Sugar Creek Center Blvd, STE 500",77478,Houston,4,1,2026-09-13,State Bar of Texas Member Directory
Pioneer Mutual Federal Credit Union,,,,Sugar Land,TX,Fort Bend,281-566-8045,,Employment Law,1521 Lake Pointe Pkwy,77478,Houston,3,1,2026-09-13,State Bar of Texas Member Directory; State Bar self-reported website
"Prasla Law Firm, PLLC",https://www.praslalaw.com/,,,Sugar Land,TX,Fort Bend,713-400-2444,admin@praslalaw.com,Personal Injury,800 Bonaventure Way Ste 154,77479,Houston,5,1,2026-09-13,State Bar of Texas Member Directory; State Bar self-reported website
"Pratt Mong & Lee, L.L.P.",,,,Sugar Land,TX,Fort Bend,832-226-8800,,General,77 Sugar Creek Center Blvd Ste 600,77478,Houston,4,1,2026-09-13,State Bar of Texas Member Directory
"Puvvada Law Office, PLLC",http://www.puvvadalaw.com/,,,Sugar Land,TX,Fort Bend,281-313-5300,cpuvvada@puvvadalaw.com,General,800 Bonaventure Way Ste 103,77479,Houston,4,1,2026-09-13,State Bar of Texas Member Directory; State Bar self-reported website
"RAM Law Firm, PLLC",https://ramlawfirm.com/,,,Sugar Land,TX,Fort Bend,713-401-9777,contactus@ramlawfirm.com,Real Estate,2245 Texas Dr Ste 300,77479,Houston,2,1,2026-09-13,State Bar of Texas Member Directory; State Bar self-reported website
Raethella Jones,,,,Sugar Land,TX,Fort Bend,832-247-3594,,General,"3230 E RANGECREST PL, Suite 201",77479,Houston,4,1,2026-09-13,State Bar of Texas Member Directory
Randolph L DeLay Attorney at Law,,,,Sugar Land,TX,Fort Bend,713-818-1550,,Estate Planning,811 Harbour Pl,77478,Houston,2,1,2026-09-13,State Bar of Texas Member Directory
"Ray & Fahys, PLLC",,,,Sugar Land,TX,Fort Bend,281-789-8543,,Immigration,4111 Stone Edge Ct,77479,Houston,2,1,2026-09-13,State Bar of Texas Member Directory
"Reed & Terry, LLP",https://reedterrylaw.com/,,,Sugar Land,TX,Fort Bend,281-491-5000,,Personal Injury,56 Sugar Creek Center Blvd Ste 300,77478,Houston,5,2,2026-09-13,State Bar of Texas Member Directory; State Bar self-reported website
Rehman Law Office PLLC,https://www.rehmanlaw.net/,,,Sugar Land,TX,Fort Bend,713-804-7841,,General,"54 Sugar Creek Center Blvd., Ste. 311",77478,Houston,4,1,2026-09-13,State Bar of Texas Member Directory; State Bar self-reported website
"Rendon Law Firm, PLLC",https://www.cynthiarendon.com/,,,Sugar Land,TX,Fort Bend,713-493-7544,,Personal Injury,"14090 Southwest Fwy., Suite 300",77478,Houston,5,1,2026-09-13,State Bar of Texas Member Directory; State Bar self-reported website
Renuka Vinchurkar Jain,,,,Sugar Land,TX,Fort Bend,310-476-5788,,Personal Injury,31 Asbury Park,77479,Houston,5,1,2026-09-13,State Bar of Texas Member Directory
Richard E. Brown At Law PC,,,,Sugar Land,TX,Fort Bend,713-977-8178,,General,5406 Deerbourne Chase Dr,77479,Houston,4,1,2026-09-13,State Bar of Texas Member Directory
Riddhi Desai,,,,Sugar Land,TX,Fort Bend,713-562-7774,,Criminal Defense,802 Skimmer Ct,77478,Houston,5,1,2026-09-13,State Bar of Texas Member Directory
Riney Ronquillo Soule,,,,Sugar Land,TX,Fort Bend,713-412-5511,,Real Estate,36 Victors Chase Drive,77479,Houston,2,1,2026-09-13,State Bar of Texas Member Directory
Robert L. Rolnick,,,,Sugar Land,TX,Fort Bend,713-677-3836,,Personal Injury,502 Santa Maria Street,77478,Houston,5,1,2026-09-13,State Bar of Texas Member Directory
Roha Siddiqi,,,,Sugar Land,TX,Fort Bend,,,General,5402 Drakeview Court,77479,Houston,4,1,2026-09-13,State Bar of Texas Member Directory
"Rokafor, PLLC",,,,Sugar Land,TX,Fort Bend,,,Personal Injury,77 Sugar Creek Center Blvd Ste 600,77478,Houston,5,1,2026-09-13,State Bar of Texas Member Directory
"Romano & Sumner, PLLC",https://romanosumner.com/,,,Sugar Land,TX,Fort Bend,281-242-0995,,Estate Planning,4610 Sweetwater Blvd Ste 200,77479,Houston,2,6,2026-09-13,State Bar of Texas Member Directory; State Bar self-reported website
Ronald Haggerty Law Firm,,,,Sugar Land,TX,Fort Bend,832-500-4653,,Estate Planning,12440 Emily Ct Ste 101,77478,Houston,2,1,2026-09-13,State Bar of Texas Member Directory; State Bar self-reported website
Rosa Maria Medina,,,,Sugar Land,TX,Fort Bend,956-250-4702,,Personal Injury,5207 Willow Cliff Ln,77479,Houston,5,1,2026-09-13,State Bar of Texas Member Directory
Rosemin M. Badruddin,,,,Sugar Land,TX,Fort Bend,,,Estate Planning,16 talshire ln,77479,Houston,2,1,2026-09-13,State Bar of Texas Member Directory
Rudy Velasquez,,,,Sugar Land,TX,Fort Bend,281-785-6096,,Criminal Defense,907 Sugarfield Ct,77498,Houston,5,1,2026-09-13,State Bar of Texas Member Directory
SCOTT I. BASSIN,,,,Sugar Land,TX,Fort Bend,415-753-5245,scott@bassinlaw.net,Estate Planning,14019 Southwest Fwy Ste 301 PMB 694,77478,Houston,2,1,2026-09-13,State Bar of Texas Member Directory; State Bar self-reported website
"Sandler, Travis & Rosenberg, P.A.",https://www.strtrade.com/,,,Sugar Land,TX,Fort Bend,713-961-8025,,General,2245 Texas Dr. #300,77479,Houston,4,2,2026-09-13,State Bar of Texas Member Directory; State Bar self-reported website
Sarah Farid,https://rnmlaw.net/,,,Sugar Land,TX,Fort Bend,,info@rnmlaw.net,Criminal Defense,2402 Nanak Dr,77498,Houston,5,1,2026-09-13,State Bar of Texas Member Directory; State Bar self-reported website
"Sears, Bennett, & Gerdes, LLP",https://www.searsfirm.com/,,,Sugar Land,TX,Fort Bend,713-782-1788,contact@searsfirm.com,Estate Planning,6548 Greatwood Pkwy Ste A,77479,Houston,2,2,2026-09-13,State Bar of Texas Member Directory; State Bar self-reported website
Sebastian James Turet,,,,Sugar Land,TX,Fort Bend,346-309-2582,,General,14090 Southwest Freeway #450,77478,Houston,4,1,2026-09-13,State Bar of Texas Member Directory
Sedita Law Group,,,,Sugar Land,TX,Fort Bend,832-886-6701,,Criminal Defense,"3 Sugar Creek Blvd, Suite 100",77478,Houston,5,1,2026-09-13,State Bar of Texas Member Directory
Shan Ahmad,,,,Sugar Land,TX,Fort Bend,,,General,6718 Oakman Ln,77479,Houston,4,1,2026-09-13,State Bar of Texas Member Directory
Sharon Grace Lee,,,,Sugar Land,TX,Fort Bend,713-293-1523,,General,5826 New Territory Blvd PMB 504,77479,Houston,4,1,2026-09-13,State Bar of Texas Member Directory
Sherry Angelo Attorney at Law,,,,Sugar Land,TX,Fort Bend,713-882-9086,,General,1106 Vista Creek Dr,77478,Houston,4,1,2026-09-13,State Bar of Texas Member Directory
Shince Thankappan,,,,Sugar Land,TX,Fort Bend,,,General,5914 Solara Ledge Ln,77479,Houston,4,1,2026-09-13,State Bar of Texas Member Directory
Smith McDonald Bolin,https://defenseattorneys.co/,,,Sugar Land,TX,Fort Bend,281-302-5513,,Criminal Defense,77 Sugar Creek Center Blvd Ste 230,77478,Houston,5,3,2026-09-13,State Bar of Texas Member Directory; State Bar self-reported website
Sophia Rachel Johnykutty,,,,Sugar Land,TX,Fort Bend,,,Immigration,3430 Hidden Creek Dr,77479,Houston,2,1,2026-09-13,State Bar of Texas Member Directory
"Stambush Staffing, LLC",http://stambush.com/,,,Sugar Land,TX,Fort Bend,713-582-3444,scott@stambush.com,Employment Law,3518 Orchard Mews Dr,77498,Houston,3,1,2026-09-13,State Bar of Texas Member Directory; State Bar self-reported website
Stephen Eric Abney,,,,Sugar Land,TX,Fort Bend,281-414-2924,,General,2010 Crisfield Dr,77479,Houston,4,1,2026-09-13,State Bar of Texas Member Directory
Steven Poock Attorney,,,,Sugar Land,TX,Fort Bend,281-277-7678,,Civil Litigation,PO Box 984,77487,Houston,3,1,2026-09-13,State Bar of Texas Member Directory
Stone Law Firm,https://eldercarelawyer.org/,,,Sugar Land,TX,Fort Bend,713-434-6310,,Estate Planning,2245 Texas Dr Ste 300,77479,Houston,2,1,2026-09-13,State Bar of Texas Member Directory; State Bar self-reported website
"Sumner & Associates, P.C.",https://romanosumner.com/,,,Sugar Land,TX,Fort Bend,713-703-9523,,Estate Planning,4610 Sweetwater Blvd #200,77479,Houston,2,2,2026-09-13,State Bar of Texas Member Directory; manual verified search
Susan Thomas Jones,,,,Sugar Land,TX,Fort Bend,,,General,57 Quiet Vista,77498,Houston,4,1,2026-09-13,State Bar of Texas Member Directory
Suzanne Issa,,,,Sugar Land,TX,Fort Bend,,,General,110 St. Marks,77478,Houston,4,1,2026-09-13,State Bar of Texas Member Directory
"Sync Legal, PLLC",https://thesynclegal.com/,,,Sugar Land,TX,Fort Bend,832-234-4282,daphnebsmith@thesynclegal.com,General,"5500 Voss Rd., Suite 200 PMB 1009",77498,Houston,4,1,2026-09-13,State Bar of Texas Member Directory; State Bar self-reported website
Tauryn Companies,,,,Sugar Land,TX,Fort Bend,281-207-1626,,General,4206 St. Michaels Ct.,77479,Houston,4,1,2026-09-13,State Bar of Texas Member Directory
"Teltschik-Grubbs, PLLC",https://tlaw.us/,,,Sugar Land,TX,Fort Bend,281-201-0700,,Civil Litigation,14090 Southwest Fwy Ste 300,77478,Houston,3,2,2026-09-13,State Bar of Texas Member Directory; State Bar self-reported website; manual verified search
Texas Council Risk Management Fund,,,,Sugar Land,TX,Fort Bend,281-460-7820,,General,19 Tiffany Sq,77478,Houston,4,1,2026-09-13,State Bar of Texas Member Directory
"The Bain Law Firm, PC",,,,Sugar Land,TX,Fort Bend,832-248-1162,,General,14090 Southwest Fwy Ste 450,77478,Houston,4,1,2026-09-13,State Bar of Texas Member Directory
The Bogdan Law Firm,,,,Sugar Land,TX,Fort Bend,281-903-7495,,Personal Injury,PO Box 16053,77496,Houston,5,1,2026-09-13,State Bar of Texas Member Directory
"The Bos Law Firm, PLLC",https://www.theboslaw.com/,,,Sugar Land,TX,Fort Bend,832-898-3226,lashay@theboslaw.com,Civil Rights,77 Sugar Creek Center Blvd Suite 600,77478,Houston,3,1,2026-09-13,State Bar of Texas Member Directory; State Bar self-reported website
The Brennan Law Firm LLC,,,,Sugar Land,TX,Fort Bend,281-201-6500,,Personal Injury,2277 Plaza Dr Ste 235,77479,Houston,5,1,2026-09-13,State Bar of Texas Member Directory; State Bar self-reported website
"The Brophy Law Firm, P.C.",http://www.houstonarealitigator.com/,,,Sugar Land,TX,Fort Bend,281-277-4141,,Personal Injury,225 Matlage Way Box 2727,77487,Houston,5,1,2026-09-13,State Bar of Texas Member Directory; State Bar self-reported website
The Chiles Law FIrm,,,,Sugar Land,TX,Fort Bend,281-995-1103,,Personal Injury,14090 Southwest Fwy Ste 300,77478,Houston,5,1,2026-09-13,State Bar of Texas Member Directory
"The Clark-Jones Law Firm, PLLC",,,,Sugar Land,TX,Fort Bend,281-413-6039,,Estate Planning,77 Sugar Creek Center Blvd Ste 600,77478,Houston,2,1,2026-09-13,State Bar of Texas Member Directory; State Bar self-reported website
"The Cornor Law Office, PLLC",https://www.cornorlaw.com/,,,Sugar Land,TX,Fort Bend,832-449-6438,,General,18722 University Blvd Ste 242,77479,Houston,4,1,2026-09-13,State Bar of Texas Member Directory; State Bar self-reported website
The Crash Team - The Galvan Law Firm,https://crashteam.com/,,,Sugar Land,TX,Fort Bend,713-300-0000,,Personal Injury,Three Sugar Creek Center Boulevard Suite 575,77478,Houston,5,1,2026-09-13,State Bar of Texas Member Directory; State Bar self-reported website
The David Hunter Law Firm,https://www.davidhunterlawfirm.com/,,,Sugar Land,TX,Fort Bend,281-265-1515,info@davidhunterlawfirm.com,Criminal Defense,345 Commerce Green Blvd Ste 200,77478,Houston,5,1,2026-09-13,State Bar of Texas Member Directory; Justia
"The Dean Law Firm, P.L.L.C.",https://juliadeanlaw.com/,,,Sugar Land,TX,Fort Bend,281-277-3326,,Estate Planning,6528 Greatwood Pkwy,77479,Houston,2,2,2026-09-13,State Bar of Texas Member Directory; State Bar self-reported website
The Foster Law Firm,https://fosterlawfirm.com/,,,Sugar Land,TX,Fort Bend,281-494-3156,,Criminal Defense,7838 Highway 90A,77478,Houston,5,2,2026-09-13,State Bar of Texas Member Directory; State Bar self-reported website
"The Gardner Law Firm, P.C.",,,,Sugar Land,TX,Fort Bend,281-313-8570,,Personal Injury,4665 Sweetwater Blvd Ste 100,77479,Houston,5,1,2026-09-13,State Bar of Texas Member Directory
The Gillette Law Firm,https://www.dba-lawyer.com/,,,Sugar Land,TX,Fort Bend,832-225-2008,info@dba-lawyer.com,Personal Injury,3 Sugar Creek Center Blvd Ste 100,77478,Houston,5,5,2026-09-13,State Bar of Texas Member Directory; State Bar self-reported website
The Greer Law Firm,,,,Sugar Land,TX,Fort Bend,281-494-0100,,Civil Litigation,13313 Southwest Fwy Ste 160,77478,Houston,3,1,2026-09-13,State Bar of Texas Member Directory
The Hatton Law Firm,https://www.thehattonlawfirm.com/,,,Sugar Land,TX,Fort Bend,713-840-6344,,Criminal Defense,77 Sugar Creek Center Blvd Ste 600,77478,Houston,5,1,2026-09-13,State Bar of Texas Member Directory; State Bar self-reported website
"The Holoway Jones Law Firm, PLLC",,,,Sugar Land,TX,Fort Bend,281-242-8100,,Civil Litigation,P. O. Box 19874,77496,Houston,3,1,2026-09-13,State Bar of Texas Member Directory
The Kisluk Law Firm,https://www.bretkisluk.com/,,,Sugar Land,TX,Fort Bend,832-277-4977,judgekisluk@gmail.com,Criminal Defense,7838 Highway 90A Ste B,77478,Houston,5,1,2026-09-13,State Bar of Texas Member Directory; State Bar self-reported website
The Lange Firm,https://langefirm.com/,,,Sugar Land,TX,Fort Bend,713-909-4558,,Employment Law,"14015 Southwest Freeway, #14",77478,Houston,3,1,2026-09-13,State Bar of Texas Member Directory; State Bar self-reported website
The Law Office Of Cary M. Faden,,,,Sugar Land,TX,Fort Bend,281-491-6182,,Criminal Defense,"54 Sugar Creek Center Blvd., Ste 200",77478,Houston,5,1,2026-09-13,State Bar of Texas Member Directory
"The Law Office of Alvaro J. Escorcia, PLLC",,,,Sugar Land,TX,Fort Bend,,,Criminal Defense,4114 Ivymist Ct.,77479,Houston,5,1,2026-09-13,State Bar of Texas Member Directory
"The Law Office of Andrew Dunham, PLLC",https://www.dunhamprobatelaw.com/,,,Sugar Land,TX,Fort Bend,281-769-1685,,Estate Planning,14015 Southwest Fwy Ste 14,77478,Houston,2,1,2026-09-13,State Bar of Texas Member Directory; State Bar self-reported website
The Law Office of Angel Magouirk Burg,,,,Sugar Land,TX,Fort Bend,832-690-9722,,Criminal Defense,16107 Kensington Drive #272,77478,Houston,5,1,2026-09-13,State Bar of Texas Member Directory
"The Law Office of C. William Smalling, PC",,,,Sugar Land,TX,Fort Bend,281-455-6569,,Estate Planning,2107 Echo Ridge,77478,Houston,2,1,2026-09-13,State Bar of Texas Member Directory; State Bar self-reported website
"The Law Office of Cho Eun Park, PLLC",,,,Sugar Land,TX,Fort Bend,832-344-7223,,Real Estate,3122 Country Club BLVD,77478,Houston,2,1,2026-09-13,State Bar of Texas Member Directory
The Law Office of Christina Stroyick Brengel,https://brengellaw.com/,,,Sugar Land,TX,Fort Bend,281-277-7627,christina@brengellaw.com,Estate Planning,12946 Dairy Ashford Rd Ste 335,77478,Houston,2,1,2026-09-13,State Bar of Texas Member Directory; State Bar self-reported website
The Law Office of Christopher Bunch,,,,Sugar Land,TX,Fort Bend,713-302-5444,,Estate Planning,135 4th St,77498,Houston,2,1,2026-09-13,State Bar of Texas Member Directory
"The Law Office of Daniel Lazarine, PLLC",,,,Sugar Land,TX,Fort Bend,281-720-8551,,Criminal Defense,345 Commerce Green Blvd,77478,Houston,5,1,2026-09-13,State Bar of Texas Member Directory; State Bar self-reported website
"The Law Office of Denise S. Young, PLLC",https://dsyounglaw.com/,,,Sugar Land,TX,Fort Bend,713-894-2203,,Criminal Defense,"14090 Southwest Fwy, Suite 300",77478,Houston,5,1,2026-09-13,State Bar of Texas Member Directory; State Bar self-reported website
"The Law Office of Meghna Patel, PLLC",,,,Sugar Land,TX,Fort Bend,281-675-5003,,Estate Planning,77 Sugar Creek Center Boulevard Suite 600,77478,Houston,2,1,2026-09-13,State Bar of Texas Member Directory
"The Law Office of Richard L. Barton, III, PLLC",https://www.treybartonlaw.com/,,,Sugar Land,TX,Fort Bend,832-916-2526,trey@treybartonlaw.com,Personal Injury,3 Sugar Creek Center Blvd Ste 675,77478,Houston,5,1,2026-09-13,State Bar of Texas Member Directory; State Bar self-reported website
The Law Office of Sajeesh Bhattathiry,,,,Sugar Land,TX,Fort Bend,832-886-2816,,Criminal Defense,54 Sugar Creek Center Blvd Ste 300,77478,Houston,5,1,2026-09-13,State Bar of Texas Member Directory
The Law Office of Siri Khalsa,,,,Sugar Land,TX,Fort Bend,713-487-8660,,Civil Litigation,77 Sugar Creek Center Blvd Ste 600,77478,Houston,3,1,2026-09-13,State Bar of Texas Member Directory
"The Law Office of Temi Siyanbade, PLLC",https://www.toslegal.com/,,,Sugar Land,TX,Fort Bend,713-300-9204,,Estate Planning,77 Sugar Creek Center Blvd Ste 600,77478,Houston,2,1,2026-09-13,State Bar of Texas Member Directory; State Bar self-reported website
The Law Office of Valerie H. Waddell,,,,Sugar Land,TX,Fort Bend,281-844-3034,,Criminal Defense,345 Commerce Green Blvd,77478,Houston,5,1,2026-09-13,State Bar of Texas Member Directory; State Bar self-reported website
The Law Offices of Stephen R Longoria,,,,Sugar Land,TX,Fort Bend,281-800-8613,,Criminal Defense,54 Sugar Creek Center Blvd Ste 204,77478,Houston,5,1,2026-09-13,State Bar of Texas Member Directory
"The Leon Law Firm, P.C.",,,,Sugar Land,TX,Fort Bend,281-980-4529,,Personal Injury,1 Sugar Creek Center Blvd Ste 980,77478,Houston,5,1,2026-09-13,State Bar of Texas Member Directory
The Love DuCote Law Firm,https://loveducotelaw.com/,,,Sugar Land,TX,Fort Bend,832-471-6904,,Criminal Defense,1600 Highway 6 Ste 480,77478,Houston,5,3,2026-09-13,State Bar of Texas Member Directory; State Bar self-reported website
"The Muller Law Group, PLLC",https://www.mullerlawgroup.com/,,,Sugar Land,TX,Fort Bend,281-500-6050,,Real Estate,202 Century Square Blvd,77478,Houston,2,6,2026-09-13,State Bar of Texas Member Directory; State Bar self-reported website
"The Sims Law Firm, PLLC",,,,Sugar Land,TX,Fort Bend,713-314-7735,,Criminal Defense,345 Commerce Green Blvd Ste 200,77478,Houston,5,1,2026-09-13,State Bar of Texas Member Directory; State Bar self-reported website
"The Stornello Law Firm, P.C.",,,,Sugar Land,TX,Fort Bend,281-920-5600,,Criminal Defense,19901 Southwest Fwy Ste 216,77479,Houston,5,1,2026-09-13,State Bar of Texas Member Directory; State Bar self-reported website
The West Law Firm,https://www.westfirm.com/,,,Sugar Land,TX,Fort Bend,281-277-1500,,Personal Injury,"6908 Brisbane Court, Floor 3",77479,Houston,5,4,2026-09-13,State Bar of Texas Member Directory; State Bar self-reported website; manual verified search
Theo Mong,,,,Sugar Land,TX,Fort Bend,281-410-5413,,General,77 Sugar Creek Center Blvd Ste 600,77478,Houston,4,1,2026-09-13,State Bar of Texas Member Directory
Thomas Harold Adolph,,,,Sugar Land,TX,Fort Bend,,,Estate Planning,418 Oyster Creek Dr,77478,Houston,2,1,2026-09-13,State Bar of Texas Member Directory
Thomas Ryan Lemens,,,,Sugar Land,TX,Fort Bend,469-964-6548,,General,"14090 Southwest Freeway, Suite 450",77479,Houston,4,1,2026-09-13,State Bar of Texas Member Directory
Thomas Wade McKnight,,,,Sugar Land,TX,Fort Bend,713-504-8920,,General,3434 WILLIAMS GLEN DR,77479,Houston,4,1,2026-09-13,State Bar of Texas Member Directory; State Bar self-reported website
Timothy J. Howard,,,,Sugar Land,TX,Fort Bend,832-752-5591,,Estate Planning,14090 Southwest Fwy Ste 450,77478,Houston,2,1,2026-09-13,State Bar of Texas Member Directory; State Bar self-reported website
Timothy Scott & Associates PLLC,,,,Sugar Land,TX,Fort Bend,832-794-8504,,General,"16931 Ascot Meadow Dr. Sugar Land, TX 77479",77479,Houston,4,1,2026-09-13,State Bar of Texas Member Directory
"Tracton Law Firm, P.L.L.C.",https://www.tractonlaw.com/,,,Sugar Land,TX,Fort Bend,281-242-7111,,General,12920 Dairy Ashford Rd Ste 140,77478,Houston,4,2,2026-09-13,State Bar of Texas Member Directory; State Bar self-reported website; manual verified search
"Tran Law, PLLC",,,,Sugar Land,TX,Fort Bend,281-954-2566,,Immigration,12808 W Airport Blvd Ste 303L,77478,Houston,2,1,2026-09-13,State Bar of Texas Member Directory
Troy J. Babin,,,,Sugar Land,TX,Fort Bend,,,General,4731 Castlewood St,77479,Houston,4,1,2026-09-13,State Bar of Texas Member Directory
"Tuli Law Firm, PLLC (Virtual Law Firm)",https://www.tulilaw.com/,,,Sugar Land,TX,Fort Bend,832-288-4511,tuli@tulilaw.com,Personal Injury,5826 New Territory Blvd PMB 904,77479,Houston,5,1,2026-09-13,State Bar of Texas Member Directory; State Bar self-reported website
Tully Rinckey PLLC,https://www.tullylegal.com/,,,Sugar Land,TX,Fort Bend,832-240-3273,info@tullylegal.com,Criminal Defense,8722 University Blvd Suite 235,77479,Houston,5,1,2026-09-13,State Bar of Texas Member Directory; State Bar self-reported website
"US-China Intellectual Property Counsel, LLC",http://www.uscipc.com/,,,Sugar Land,TX,Fort Bend,832-886-6760,accounting@uscipc.com,Estate Planning,5110 Cambridge Street,77479,Houston,2,1,2026-09-13,State Bar of Texas Member Directory; State Bar self-reported website
Uzoma Sudarma PLLC,https://uzomasudarma.com/,,,Sugar Land,TX,Fort Bend,832-680-2380,us@uzomasudarma.com,Personal Injury,14015 Southwest Fwy Ste 14,77478,Houston,5,2,2026-09-13,State Bar of Texas Member Directory; State Bar self-reported website
Vellani Law,https://vellanilaw.com/,,,Sugar Land,TX,Fort Bend,832-500-7939,,Real Estate,14090 Southwest Fwy Ste 150,77478,Houston,2,3,2026-09-13,State Bar of Texas Member Directory; State Bar self-reported website
"Vilt Law, P.C.",https://www.viltlaw.com/,,,Sugar Land,TX,Fort Bend,713-840-7570,,Civil Litigation,77 Sugar Creek Center Blvd Ste 600,77478,Houston,3,1,2026-09-13,State Bar of Texas Member Directory; State Bar self-reported website
"Vlahadamis & Daniel, PLLC",https://www.vlahadamisanddaniel.com/,,,Sugar Land,TX,Fort Bend,713-234-7201,contact@vlahadamislaw.com,Estate Planning,4610 Sweetwater Blvd Ste 200,77479,Houston,2,2,2026-09-13,State Bar of Texas Member Directory; State Bar self-reported website
Vohra Legal,https://www.vohralegal.com/,,,Sugar Land,TX,Fort Bend,832-265-6890,waleed@vohralegal.com,General,800 Bonaventure Way Ste 111,77479,Houston,4,1,2026-09-13,State Bar of Texas Member Directory; State Bar self-reported website
William Y. Sim P.C.,,,,Sugar Land,TX,Fort Bend,713-977-5050,,Immigration,116 Eldridge Rd Ste A,77478,Houston,2,2,2026-09-13,State Bar of Texas Member Directory
"Willy, Nanayakkara & Associates",https://grwpc.com/,,,Sugar Land,TX,Fort Bend,281-265-2522,immigration@grwpc.com,Immigration,"Willy, Nanayakkara & Associates 14141 Southwest Fwy., Ste. 110",77478,Houston,2,2,2026-09-13,State Bar of Texas Member Directory; State Bar self-reported website
Wong Fleming PC,https://www.wongfleming.com/,,,Sugar Land,TX,Fort Bend,281-340-2074,,Civil Litigation,77 Sugar Creek Center Blvd Ste 401,77478,Houston,3,2,2026-09-13,State Bar of Texas Member Directory; State Bar self-reported website
Yahya Basheer,https://www.basheerlawfirm.com/,,,Sugar Land,TX,Fort Bend,832-305-8400,contact@basheerlawfirm.com,Civil Litigation,830 Julie Rivers Dr Ste 701,77478,Houston,3,1,2026-09-13,State Bar of Texas Member Directory; State Bar self-reported website
Yvette Marie DeLeon,,,,Sugar Land,TX,Fort Bend,,,General,13310 University Blvd Ste 220,77479,Houston,4,1,2026-09-13,State Bar of Texas Member Directory
ZeoNet,https://zeonet.com/,,,Sugar Land,TX,Fort Bend,325-271-8911,,Estate Planning,21 Queen Mary Ct,77479,Houston,2,1,2026-09-13,State Bar of Texas Member Directory; State Bar self-reported website
"Zinsmeister Law Firm, PC",,,,Sugar Land,TX,Fort Bend,281-265-4111,,General,106 Guenther St,77478,Houston,4,1,2026-09-13,State Bar of Texas Member Directory
"Zwicker & Associates, P.C.",,,,Sugar Land,TX,Fort Bend,,,General,14090 Southwest Fwy Ste 408,77478,Houston,4,1,2026-09-13,State Bar of Texas Member Directory
Albert Lee Allen,,,,Sugar Land,TX,Fort Bend,281-980-9590,,Real Estate,1738 Hodge Lake Lane,77478,Houston,2,1,2026-09-13,State Bar of Texas Member Directory
Deloise Holmes,https://www.deloiseholmesjrattorneyatlaw.com/,,,Sugar Land,TX,Fort Bend,281-240-7720,dholmesattorney@aol.com,Estate Planning,2402 Collingsfield Court,77478,Houston,2,1,2026-09-13,State Bar of Texas Member Directory; State Bar self-reported website
Lam Hoang Nguyen,,,,Sugar Land,TX,Fort Bend,,,General,1110 ALKIRE LAKE DR,77478,Houston,4,1,2026-09-13,State Bar of Texas Member Directory
Law Office of Jessica Marie Jaramillo-Moreno,,,,Sugar Land,TX,Fort Bend,281-658-1336,,Criminal Defense,655 Industrial Blvd,77478,Houston,5,1,2026-09-13,State Bar of Texas Member Directory
"Michael Hartman, Attorney at Law",,,,Sugar Land,TX,Fort Bend,281-772-4103,,Criminal Defense,Box 18011,77496,Houston,5,1,2026-09-13,State Bar of Texas Member Directory
Nandini Mahadevan,,,,Sugar Land,TX,Fort Bend,,,General,6318 Resuriz lane,77479,Houston,4,1,2026-09-13,State Bar of Texas Member Directory
The Reddi Law firm,,,,Sugar Land,TX,Fort Bend,713-223-0800,,Criminal Defense,"19901 Southwest Freeway,",77479,Houston,5,1,2026-09-13,State Bar of Texas Member Directory
"Russell Van Beustring, P.C.",,,,Weston Lakes,TX,Fort Bend,713-973-6650,,Bankruptcy,5110 Waterbeck St,77441,Houston,2,1,2026-09-13,State Bar of Texas Member Directory
Imran Dhanani,,,,Houston,TX,Fort Bend,,,General,5725 Hartsdale Drive,77469,Houston,4,1,2026-09-13,State Bar of Texas Member Directory
Nelson Festus Ikharia,,,,Houston,TX,Fort Bend,,,General,17014 Lacey Bell Ln,77407,Houston,4,1,2026-09-13,State Bar of Texas Member Directory
