law_firm_name,website,google_business_profile,legal_directory_listing,city,state,county,phone_number,email,practice_area,street_address,zip_code,msa,priority,number_of_lawyers
Johnson County District Attorney’s Office,,,https://directory-kard.kscourts.gov/Home/Details?regNum=30938,Olathe,KS,Johnson,913-715-3000,,General,150 W Santa Fe St,66061,Kansas City,2,
Richardson Criminal Defense Attorney,https://www.lomtl.com/richardson-criminal-defense-lawyer,,,De Soto,KS,Johnson,214-845-7007,,Criminal Defense,"5th happiest mid-sized city in America, 2014",,Kansas City,5,2
Berkowitz Cook,https://berkowitz-cook.com,,,Fairway,KS,Johnson,816-753-5000,,Family Law,,,Kansas City,4,
Bryant King,https://www.kinglawfirmkc.com,,,Fairway,KS,Johnson,816-216-7020,dbk377@gmail.com,Family Law,35 YEARSOF COURTROOM EXPERIENCE #,,Kansas City,4,
Mann Gordon Hussey LLC,http://www.mghfamilylaw.com/,https://www.google.com/maps/place/?q=place_id:ChIJh7DfmWvpwIcRgTJIPtp7uwM,,Fairway,KS,Johnson,(913) 534-8099,info@manntuckermuir.com,Criminal Defense,4400 Shawnee Mission Pkwy #204,66205,Kansas City,5,2
Vasos Donald W,,https://www.google.com/maps/place/?q=place_id:ChIJEUGkQnvuwIcRXkFKuOimfII,,Fairway,KS,Johnson,(913) 362-4400,,Criminal Defense,4400 Shawnee Mission Pkwy #100,66205,Kansas City,5,
Nicole Gardner - Employment Attorney,https://www.gardnerskelton.com/our-team/nicole-gardner,,,Gardner,KS,Johnson,704-390-7007,nicole@gardnerskelton.com,Employment Law,0350 and let our receptionist know that you are interested in becoming a client.,,Kansas City,3,
Abagail Lea Pierpoint,http://www.wmlaw.com,,https://www.martindale.com/by-location/kansas-lawyers/,Leawood,KS,Johnson,872-270-8590,mcsabatino@wmlaw.com,Personal Injury,11460 Tomahawk Creek Pkwy Ste 310,,Kansas City,5,74
Abraham D. Kuhl,https://www.ykf-law.com,,,Leawood,KS,Johnson,913-827-4101,,Family Law,4901 W 136,66224,Kansas City,4,
Bartimus Frickleton Robertson Rader PC,https://bflawfirm.com,,,Leawood,KS,Johnson,913-266-2300,,Personal Injury,4000 W 114th St Ste 310,66211,Kansas City,5,7
Brandon Pittenger,,,https://lawyers.justia.com/lawyer/brandon-pittenger-923119,Leawood,KS,Johnson,(913) 323-4595,,Bankruptcy,6800 College Blvd,66211,Kansas City,4,
Brent Randy Kellenberger,,,,Leawood,KS,Johnson,(913) 270-0752,,Business Law,,,Kansas City,2,
Bryson Cloon,http://www.cloonlaw.com,,,Leawood,KS,Johnson,913-661-9600,,Personal Injury,11609 Manor Rd,66211,Kansas City,5,
Caleb Richard Biesterveld,,,,Leawood,KS,Johnson,(913) 353-3805,,Personal Injury,,,Kansas City,5,
Card Compliant LLC,https://www.cardlawfirm.com/,,,Leawood,KS,Johnson,913-337-2776,cardlawfirm@gmail.com,Family Law,11610 Ash St #200,66211,Kansas City,4,2
Christopher J. Kellogg,,,,Leawood,KS,Johnson,(866) 579-8590,,Family Law,,,Kansas City,4,
Christopher Thomas Wilson,,,,Leawood,KS,Johnson,(913) 379-2957,,Family Law,,,Kansas City,4,
Collin Pierce Huerter,,,,Leawood,KS,Johnson,(913) 379-8701,,Criminal Defense,,,Kansas City,5,
Courtney Taylor Henderson,,,,Leawood,KS,Johnson,(913) 490-0761,,Criminal Defense,,,Kansas City,5,
Dana L. Parks,,,,Leawood,KS,Johnson,(913) 210-5681,,Family Law,,,Kansas City,4,
Daniel Scott Rabin,,,,Leawood,KS,Johnson,(913) 386-5491,,Bankruptcy,,,Kansas City,2,
David Alig,http://aliglawfirm.com,,,Leawood,KS,Johnson,913-387-5522,,Personal Injury,11115,66211,Kansas City,5,
Don A. Peterson,,,,Leawood,KS,Johnson,(913) 600-7526,,Business Law,,,Kansas City,2,
"Whitney, Donald R",http://whitneydonaldr.localsearch.com,,https://www.yellowpages.com/leawood-ks/attorneys,Leawood,KS,Johnson,(913) 323-3100,,General,6800 College Blvd Ste 630,,Kansas City,2,
Drew Elizabeth Davis,,,,Leawood,KS,Johnson,(913) 354-8250,,Real Estate Law,,,Kansas City,2,
Dustin Ray Crook,,,,Leawood,KS,Johnson,(913) 353-3774,,Personal Injury,,,Kansas City,5,
"G. Michael Fatall, LLC",,,,Leawood,KS,Johnson,816-809-2035,,Personal Injury,14401 Falmouth St.,66224,Kansas City,5,
Geoffry William Hetley,,,,Leawood,KS,Johnson,(913) 289-5467,,Bankruptcy,,,Kansas City,2,
Gerald William Merrill,,,,Leawood,KS,Johnson,(913) 325-2884,,Criminal Defense,,,Kansas City,5,
Goodwin Johnston LLC,https://goodwinjohnston.com/,,,Leawood,KS,Johnson,816-994-7500,,Personal Injury,"11141 Overbrook Rd, Ste 102",66211,Kansas City,5,2
Heather Jo Schlozman,,,,Leawood,KS,Johnson,(913) 286-6097,,Employment Law,,,Kansas City,3,
J. Steven Neighbors,,,,Leawood,KS,Johnson,(913) 648-9505,,Criminal Defense,,,Kansas City,5,
Jason James Fletes,,,,Leawood,KS,Johnson,(913) 270-8624,,Family Law,,,Kansas City,4,
Jay D. Thomas,,,,Leawood,KS,Johnson,(913) 914-9196,,Personal Injury,,,Kansas City,5,
Jerold A. Bressel,,,,Leawood,KS,Johnson,(913) 521-5967,,Family Law,,,Kansas City,4,
Katherine Suzanne Fisher Clevenger,,,,Leawood,KS,Johnson,(913) 353-4602,,Family Law,,,Kansas City,4,
Kelly Marie Davidzuk,,,,Leawood,KS,Johnson,(855) 740-7479,,Family Law,,,Kansas City,4,
Kenneth McRae,http://www.mcraelawoffice.com,,,Leawood,KS,Johnson,913-972-4765,,Family Law,11709 Roe Ave Ste D-116,66211,Kansas City,4,
Kevin Joseph Kruse,,,,Leawood,KS,Johnson,(913) 386-5349,,Employment Law,,,Kansas City,3,
"Know CLM, LLC",https://www.knowclm.com/,,,Leawood,KS,Johnson,913-706-5101,,Family Law,4960 W 129th Ter,66209,Kansas City,4,1
Lindsey P. Erickson,,,,Leawood,KS,Johnson,(913) 600-4811,,Criminal Defense,,,Kansas City,5,
Mark C. Beam-Ward,,,,Leawood,KS,Johnson,(913) 914-8658,,Employment Law,,,Kansas City,3,
Matthew Johnathan Brooker,,,,Leawood,KS,Johnson,(913) 374-7910,,Insurance Law,,,Kansas City,1,
Michael D. Strohbehn,,,,Leawood,KS,Johnson,913-488-4005,,Personal Injury,4005 W 123rd St,66209,Kansas City,5,1
Michael David Townsend,,,,Leawood,KS,Johnson,(866) 753-7469,,Personal Injury,,,Kansas City,5,
Paul Darrell Cramm,,,,Leawood,KS,Johnson,(913) 735-8974,,Criminal Defense,,,Kansas City,5,
Richard Watts Morefield,,,,Leawood,KS,Johnson,(855) 973-0127,,Personal Injury,,,Kansas City,5,
Ronald Charles Rundberg,,,,Leawood,KS,Johnson,(913) 954-4688,,Family Law,,,Kansas City,4,
Russell Powell,http://kcattorneys.net/,https://www.google.com/maps/place/?q=place_id:ChIJj5LhsLTtwIcR1L1cen0vj7w,,Leawood,KS,Johnson,(816) 399-5179,,Personal Injury,8700 State Line Rd #110,66206,Kansas City,5,4
Sheryl Lynn Bayes-Weiner,,,,Leawood,KS,Johnson,(913) 354-8770,,Estate Planning & Probate,,,Kansas City,1,
Tara M. Swartz,,,,Leawood,KS,Johnson,(617) 616-8570,,Employment Law,,,Kansas City,3,
"Thomas F. McGraw III, Chartered",,,,Leawood,KS,Johnson,913-469-6000,thomasfmcgraw@sbcglobal.net,Criminal Defense,"11111 Nall Avenue, Ste 205",66211,Kansas City,5,1
Thomas K. Jones,,,,Leawood,KS,Johnson,(913) 359-6262,,Business Law,,,Kansas City,2,
Tina Louise Cox,,,,Leawood,KS,Johnson,(833) 303-9663,,Family Law,,,Kansas City,4,
Transportation Lawyers Association,https://www.translaw.org/Pages/default.aspx,,,Leawood,KS,Johnson,(913) 895-4615,,General,4400 College Blvd,66211,Kansas City,4,
Aaron Christopher McKee,http://www.mckee-law.com,,,Lenexa,KS,Johnson,913-219-0652,,Workers' Compensation,13970,66215,Kansas City,5,
Bright Bankruptcy Firm,http://www.brightbk.com/lenexa-kansas-bankruptcy-attorney/,,,Lenexa,KS,Johnson,(913) 353-5600,,General,8889 Bourgade St,66219,Kansas City,4,
David S. Adams,,,,Lenexa,KS,Johnson,(913) 215-5133,,Personal Injury,,,Kansas City,5,
"Heartland Coca-Cola Bottling Company, LLC",https://www.heartlandlawfirm.com/,,,Lenexa,KS,Johnson,816-601-5205,,Estate Planning,9801 Industrial Blvd,66215,Kansas City,2,1
Joseph W. Booth,https://www.boothfamilylaw.com/,https://www.google.com/maps/place/?q=place_id:ChIJ3UI4bFTrwIcR_O13APXWpaI,,Lenexa,KS,Johnson,(913) 469-5300,,General,11900 W 87th St Pkwy #225,66215,Kansas City,4,
Leonard Allen Hall,,,,Lenexa,KS,Johnson,(913) 286-1115,,Family Law,,,Kansas City,4,
McCartney Stucky LLC,http://mccartneystucky.com,,,Lenexa,KS,Johnson,816-994-4040,info@mc-stlaw.com,Personal Injury,8711 Penrose Ln Ste 310,66219,Kansas City,5,2
Michael Christian Duma,,,,Lenexa,KS,Johnson,(913) 361-5160,,Criminal Defense,,,Kansas City,5,
Ron Beal,,,https://lawyers.justia.com/lawyer/ron-beal-916828,Lenexa,KS,Johnson,(913) 307-9114,,General,8520 Maurer Rd,66219,Kansas City,2,
Ryan B. Patton,https://www.pattonknipp.com,,,Lenexa,KS,Johnson,913-203-4786,,Bankruptcy,12760 W 87th St Pkwy. Suite 108,66215,Kansas City,2,
Ryan Stephan Ginie,,,,Lenexa,KS,Johnson,(913) 747-4118,,Criminal Defense,,,Kansas City,5,
Scott Christie Gyllenborg,,,,Lenexa,KS,Johnson,(913) 361-5855,,Criminal Defense,,,Kansas City,5,
Trey Pettlon,,,,Lenexa,KS,Johnson,(913) 732-7876,,Criminal Defense,,,Kansas City,5,
Troppito Miller Griffin LLC,https://www.troppitomiller.com/,,,Lenexa,KS,Johnson,816-800-5527,flags@2x.png,Personal Injury,15621 W 87th St Pkwy #352,66219,Kansas City,5,1
Invention Protection Associates LLC,http://www.inventprotect.com/,https://www.google.com/maps/place/?q=place_id:ChIJRXe_zvfswIcR_AoNcuW3j8A,,Merriam,KS,Johnson,(913) 631-1096,help@inventprotect.com,Intellectual Property,6750 Antioch Rd,66204,Kansas City,1,1
Kolich Zachary A,https://www.workcompkc.com/,https://www.google.com/maps/place/?q=place_id:ChIJEUGkQnvuwIcRuSXr9LDyA1o,,Merriam,KS,Johnson,(913) 362-5400,271e9fa3230b4eec94b02bf95780f5f2@sentry.wixpress.com,Personal Injury,8500 Shawnee Mission Pkwy Ste L6,66202,Kansas City,5,
Lowe Jon K,http://jlowe.com/,https://www.google.com/maps/place/?q=place_id:ChIJ84MwbRTtwIcRcJs_v7PvNTw,,Merriam,KS,Johnson,(913) 432-0863,mailbox@jlowe.com,Personal Injury,10020 W 52nd St,66202,Kansas City,5,
Tax Lawyers Today,http://www.taxlawyerstoday.com,,,Merriam,KS,Johnson,(888) 605-5616,,General,5800 Antioch Rd,66202,Kansas City,4,
Tax Settlement Lawyers,http://taxsettlementlawyers.net,,,Merriam,KS,Johnson,(888) 605-5612,,General,5800 Antioch Rd,66202,Kansas City,4,
Colby Rieke,http://www.colbyriekelaw.com,,,Mission,KS,Johnson,913-732-3517,,DUI,8600 Shawnee Mission Pkwy Suite 308,66202,Kansas City,5,
"Barton and Burrows, LLC",https://bartonburrows.com/contact,,,Mission,KS,Johnson,913-563-6250,,Social Security Disability,5201 Johnson Dr. Suite 110,66205,Kansas City,4,
Heber O. Gonzalez,http://www.polsinelli.com/,https://www.google.com/maps/place/?q=place_id:ChIJw4Bc4gPuwIcRnYU-r7MVrK4,,Mission,KS,Johnson,(816) 421-3355,,General,on 58th Street,66205,Kansas City,4,
Liberty Tax,http://www.libertytax.com,,,Mission,KS,Johnson,(913) 403-8000,,Intellectual Property,5810 Johnson Dr,66202,Kansas City,1,
Michael J. McVay PA,https://usa.elabogado.com/fraude:estado-kansas,,,Mission,KS,Johnson,913-281-6605,,Criminal Defense,6405 Metcalf Ave Ste 420,66202,Kansas City,5,1
Astrid Cardona,https://www.wsulaw.edu/students/championing-advocacy-and-access-to-justice-how-astrid-cardona-raised-the-bar-at-western-state,,,Mission Hills,KS,Johnson,(714) 459-1101,materialsreview@wsulaw.edu,Criminal Defense,"2024 and later took on a leadership role as an advanced student. Here, she",,Kansas City,5,3
"Daniel Ross, LLC",https://www.danielrossllc.com/areas-of-practice,,,Mission Hills,KS,Johnson,816-931-5000,danielrossllc@gmail.com,Criminal Defense,"9th Street, Suite 404",,Kansas City,5,
Kaplan- Harvey L Attorney,,,,Mission Hills,KS,Johnson,913-362-6663,,Divorce,"6543 Overhill Road, 66208",66208,Kansas City,3,
"Lauren Allen, LLC",https://www.laurenallenllc.com,,,Mission Hills,KS,Johnson,(816) 877-8120,law@laurenallenllc.com,Personal Injury,20 years and serving the Kansas City Metro area along with all over the state of Missouri and Kansas.,,Kansas City,5,
Claudia J. Dawson,http://www.claudiajdawsonlaw.com,,,Olathe,KS,Johnson,913-948-5551,,Family Law,100 E Park Street Ste 207,66061,Kansas City,4,
David Marcus,https://www.dlmlaw.com,,,Olathe,KS,Johnson,913-271-7822,johndoe@gmail.com,Personal Injury,1990 and has extensive experience with investment losses and arbitration.,,Kansas City,5,
James Conard,,,https://lawyers.justia.com/lawyer/james-conard-917361,Olathe,KS,Johnson,(913) 782-2288,,General,110 S Cherry St,66061,Kansas City,2,
Jonathan Sooriash,https://www.jdavidtaxlaw.com/kansascityks,,,Olathe,KS,Johnson,913-270-0352,info@jdavidtaxlaw.com,Personal Injury,1 default default default default default default default How Much Tax Debt Do You Have?,,Kansas City,5,4
Kevin Kent Stephenson,http://home.kc.rr.com/kevinesquire,,,Olathe,KS,Johnson,913-829-3458,,Bankruptcy,100,66061,Kansas City,2,
Lance J Wood,https://www.militarytrialdefenders.com,,,Olathe,KS,Johnson,877-619-9657,,Personal Injury,11 to uphold and defend the Constitution as part of the United States Air Force JAG Corps.,,Kansas City,5,
"Schlagel Long, LLC",https://www.kansaslegalteam.com/,https://www.google.com/maps/place/?q=place_id:ChIJIVVABPu9wIcR09a_ErOpYec,,Olathe,KS,Johnson,(913) 782-5885,blong@kansaslegalteam.com,Criminal Defense,100 E Park St #8,66061,Kansas City,5,
William Turner,http://www.williampturner.com,,,Olathe,KS,Johnson,913-701-7129,,Bankruptcy,,66062,Kansas City,2,
"AVEK IP, LLC",https://avekip.com/,,,Overland Park,KS,Johnson,913-499-1280,,Social Security Disability,7285 W 132nd St Ste 340,66206,Kansas City,1,15
Adam Stolte,https://www.stoltelawllc.com,,https://lawyers.justia.com/lawyer/adam-stolte-1530078,Overland Park,KS,Johnson,913-575-8823,info@rothdavies.com,DUI,6900 College Blvd Suite 525,66211,Kansas City,5,2
Ankerholz and Smith,,,,Overland Park,KS,Johnson,913-636-9095,,Family Law,9320 W 146th Ter,66221,Kansas City,4,
Attorney Fisher Patterson,https://fisherpatterson.com,,,Overland Park,KS,Johnson,(785) 232-7761,icondbrowntosh@fpsslaw.com,Employment Law,,,Kansas City,3,31
Attorney T. Morton,https://www.allusinjurylawyers.com/personal-injury-lawyers/kansas/overland-park/attorney-t-morton,,,Overland Park,KS,Johnson,913-602-7288,contact@allusinjurylawyers.com,DUI,"7500 College Blvd, Ste 500",66210,Kansas City,5,1
Charles Rutter,https://jbakerlawgroup.com/attorney/charles-rutter,,,Overland Park,KS,Johnson,913-318-5522,,Personal Injury,12022 Blue Valley Pkwy #590,66213,Kansas City,5,2
Christopher Kopecky,http://www.kansascitylawyers.org,,,Overland Park,KS,Johnson,913-491-5599,,DUI,"2 custom domain, it",66212,Kansas City,5,
Christopher Ray,https://www.cmraylegal.com,,https://lawyers.justia.com/lawyer/christopher-ray-1523507,Overland Park,KS,Johnson,913-735-3728,,DUI,"1372 In the intricate fabric of our legal system, one",66282,Kansas City,5,2
Colantuono Guinn Keppler LLC,https://www.ksmolaw.com,,,Overland Park,KS,Johnson,913-345-2555,aw@ksmolaw.com,Employment Law,7015 College Blvd Ste 375,66211,Kansas City,3,5
Dugan Schlozman LLC,https://www.duganschlozman.com/,,,Overland Park,KS,Johnson,913-322-3528,,Employment Law,"8826 Santa Fe, Ste 307",66212,Kansas City,3,2
Gates Shields Ferguson Swall Hammond PA,https://www.gatesshields.com/,,,Overland Park,KS,Johnson,913-661-0222,,Personal Injury,10990 Quivira Ste 200,66210,Kansas City,5,8
"Harris And Hart, LLC",https://www.harrisandhart.com/?utm_source=google-local&utm_medium=organic&utm_campaign=4138,https://www.google.com/maps/place/?q=place_id:ChIJN17Deo_pwIcR0L0VhotGDKI,,Overland Park,KS,Johnson,(913) 213-6980,,Personal Injury,9260 Glenwood St,66212,Kansas City,5,6
"Jerold A. Bressel, Chartered",http://www.bressel-law.com,,https://www.martindale.com/by-location/kansas-lawyers/,Overland Park,KS,Johnson,913-498-1500,jerry@bressellaw.com,Family Law,10955 Lowell Ave #440,66210,Kansas City,4,2
John D. Tongier LLC,https://www.thekclawfirm.com,,,Overland Park,KS,Johnson,816-289-3181,jtongier@sbcglobal.net,Personal Injury,11112 W 132nd PL,66213,Kansas City,5,1
Jonah W. Lock,https://www.lewisrice.com/jonah-lock,,,Overland Park,KS,Johnson,913-643-5123,jlock@lewisricekc.com,Bankruptcy,10484,66212,Kansas City,2,
Jonathan Davis,http://www.vanosdolkc.com,,https://lawyers.justia.com/lawyer/jonathan-davis-917731,Overland Park,KS,Johnson,913-693-8027,%66%69rm@v%61nosdolkc%2e%63om,Business Law,,66210,Kansas City,2,
Kevin Shaun Vitale,https://vitalelawstl.com,,,Overland Park,KS,Johnson,913-361-6701,info@vitalelawstl.com,Business Law,7301 W 129th St #160,66213,Kansas City,2,
Kimbrell Estate Planning LLC,https://kimbrellestateplanning.com/,,,Overland Park,KS,Johnson,913-735-0644,,General,6240 W 135th St Ste 100,66223,Kansas City,4,1
Manson Karbank McClaflin,http://www.mkmlawkc.com/,https://www.google.com/maps/place/?q=place_id:ChIJHcFAL-LqwIcR6-BUetH0WjM,,Overland Park,KS,Johnson,(913) 498-8080,,Personal Injury,9225 Indian Creek Pkwy #1070,66210,Kansas City,5,3
Michael A. Hodgson,http://thehodgsonlawfirm.com,,,Overland Park,KS,Johnson,913-890-3529,hello@rfuenzalida.com,Employment Law,116th St.,66210,Kansas City,3,
Monica Bennett,,,,Overland Park,KS,Johnson,913-645-9606,mbennett@aclukansas.org,Criminal Defense,P.O. Box 13048,66282,Kansas City,5,
Myers Longhofer LLC,https://myerslonghofer.com/,,,Overland Park,KS,Johnson,913-586-6300,,Personal Injury,7400 W 130th St Ste 200,66213,Kansas City,5,4
Myndee M Lee,http://www.leelawlimited.com,,,Overland Park,KS,Johnson,913-549-2001,18d2f96d279149989b95faf0a4b41882@sentry-next.wixpress.com,Business Law,"153rd General Assembly and effective in 2025, marks",66225,Kansas City,2,
Norton Hare LLC,https://nortonhare.com/,https://www.google.com/maps/place/?q=place_id:ChIJyVxA1P3qwIcRdKudZpG3Cok,,Overland Park,KS,Johnson,(913) 906-9633,lawyers@nortonhare.com,Personal Injury,9200 Indian Creek Pkwy #450,66210,Kansas City,5,3
Paul W. Burmaster P.A.,https://www.burmasterlaw.com,,https://www.yellowpages.com/overland-park-ks/attorneys,Overland Park,KS,Johnson,(913) 648-1464,,General,8000 Foster St,,Kansas City,2,
Peter Andreone,http://www.mylawyerkc.com,,https://lawyers.justia.com/lawyer/peter-andreone-1531363,Overland Park,KS,Johnson,913-221-8533,,Employment Law,,66210,Kansas City,3,
Phillip R. Anderson,https://www.andersonestatelaw.us,,,Overland Park,KS,Johnson,913-230-0834,phil@andersonestatelaw.us,Estate Planning,79,66204,Kansas City,2,
"REED WALKER, PA",http://www.reed-walker.com/,https://www.google.com/maps/place/?q=place_id:ChIJsU-EvbXtwIcRyJ2EwKfX90E,https://www.martindale.com/by-location/kansas-lawyers/,Overland Park,KS,Johnson,(913) 721-8889,,Personal Injury,6811 Shawnee Mission Pkwy #115,66202,Kansas City,5,3
Roth Davies LLC,https://www.rothdavies.com/,https://www.google.com/maps/place/?q=place_id:ChIJDe26uE7qwIcR-T-zHrjWAgo,https://www.martindale.com/by-location/kansas-lawyers/,Overland Park,KS,Johnson,(913) 451-9500,tspitchford@gmail.com,Personal Injury,6240 W 135th St,66223,Kansas City,5,7
Samuel Louis Blatnick,http://www.kirkland.com/sitecontent.cfm?contentID=220&itemID=8326,,,Overland Park,KS,Johnson,913-392-8505,,Business Law,110TH STREET SUITE 700,66210,Kansas City,2,
Samuel M. Wendt,http://www.wendtgoss.com,,https://lawyers.justia.com/lawyer/samuel-m-wendt-1490050,Overland Park,KS,Johnson,(816) 531-4415,,Personal Injury,23 years of experience 7300 West 110th Street Suite 700,66210,Kansas City,5,2
Schirger Feierabend LLC,http://www.sflawyers.com,,,Overland Park,KS,Johnson,816-561-6501,info@SFlawyers.com,Personal Injury,"6811 Shawnee Mission Pkwy, Ste 312",66202,Kansas City,5,6
SouthLaw PC,https://www.southlaw.com/attorneys/hunter-gould,,,Overland Park,KS,Johnson,913-663-7600,clientinfo@southlaw.com,Bankruptcy,13160 Foster Ste 100,66213,Kansas City,2,8
Stacey L. Schlimmer,http://www.schlimmerlaw.com,,,Overland Park,KS,Johnson,913-341-0484,,DUI,8826 Sante Fe Drive Suite 214,66212,Kansas City,5,
Steven D. Henry,https://www.henrypractice.com/,,https://www.martindale.com/by-location/kansas-lawyers/,Overland Park,KS,Johnson,(913) 381-5020,steve@henrypractice.com,Family Law,9225 Indian Creek Pkwy Ste 1150,66210-2011,Kansas City,4,2
Susan Saper Galamba,https://www.susansapergalamba.com,,https://lawyers.justia.com/lawyer/susan-saper-galamba-923350,Overland Park,KS,Johnson,913-239-9688,,Personal Injury,119,66213,Kansas City,5,
Yanky Perelmuter,https://www.midwestlaw.us,,https://lawyers.justia.com/lawyer/yanky-perelmuter-1509370,Overland Park,KS,Johnson,913-717-5545,lawyer@midwestlaw.us,Immigration,8000 Foster St.,66204,Kansas City,2,4
Jacqueline Michelle O'Brien,http://www.everestgrouponline.com,,,Prairie Village,KS,Johnson,913-722-6322,,Estate Planning,7301,66208,Kansas City,2,
"Logan, Scott K, ATTY",http://loganlaw.com,,https://www.yellowpages.com/prairie-village-ks/attorneys,Prairie Village,KS,Johnson,(913) 381-1121,,General,8340 Mission Rd,,Kansas City,2,
"Stephanie M Smith, Chartered",http://www.stephaniemsmith.com,,https://www.martindale.com/by-location/kansas-lawyers/,Prairie Village,KS,Johnson,913-341-3778,,Estate Planning,8340 Mission Rd # 114,66206,Kansas City,2,1
Bobbi Jo Hohnholt,,,,Shawnee,KS,Johnson,913-745-9200,bjhinvestigations@gmail.com,Criminal Defense,PO Box 861161,66286,Kansas City,5,
"Weese Rahmeier, LLC",http://weeserahmeier.com/,https://www.google.com/maps/place/?q=place_id:ChIJ08z-K7jvwIcRnEwBUEEu6x0,,Shawnee,KS,Johnson,(913) 400-3447,,Intellectual Property,11658 W 75th St,66203,Kansas City,1,
Ford Injury Firm,https://fordinjuryfirm.com,,,Spring Hill,KS,Johnson,337-469-5239,heather@fordesq.com,Personal Injury,1 REVIEW YOUR CASE DETAILS We review your case at no cost to you and determine the options available,,Kansas City,5,
Libby Clark,https://agents.allstate.com/libby-clark-spring-hill-ks.html?utm_source=GMB&utm_medium=Website,,,Spring Hill,KS,Johnson,(913) 686-6205,libby.clark@allstate.com,Personal Injury,105 S Webster St,66083,Kansas City,5,
Eric G Jensen,https://www.sjplawfirm.com/?utm_source=google-local&utm_medium=organic&utm_campaign=3894,https://www.google.com/maps/place/?q=place_id:ChIJ7bMZgjTvwIcR5Q4MENetErA,,Westwood,KS,Johnson,(816) 819-3880,injured@sjplawfirm.com,Personal Injury,1901 W 47th Pl #200,66205,Kansas City,5,4
KC Counseling,http://www.kccounseling.net,,,Westwood,KS,Johnson,(913) 200-5207,hello@kccounseling.com,DUI,4800 Rainbow Blvd Ste 200,66205,Kansas City,5,
Luther Jack,,https://www.google.com/maps/place/?q=place_id:ChIJm21qRTjuwIcRmrwJp04IxzQ,,Westwood,KS,Johnson,(913) 236-9900,,Criminal Defense,4800 Rainbow Blvd #100,66205,Kansas City,5,
Michael J. Wambolt,,https://www.google.com/maps/place/?q=place_id:ChIJsRj9NBXwwIcRwQ2TS0pjZyc,,Westwood,KS,Johnson,(816) 561-1818,,Criminal Defense,1901 W 47th Pl Ste. 300,66205,Kansas City,5,
Kyle Eugene Krull,http://www.kylekrull.com,,https://lawyers.justia.com/lawyer/kyle-eugene-krull-949472,Overland Park,KS,Johnson,(913) 851-4880,,Estate Planning,5209 W 164th St,66085,Kansas City,4,
Brandan Davies,https://www.rothdavies.com,,https://lawyers.justia.com/lawyer/brandan-davies-1520603,Overland Park,KS,Johnson,(913) 451-9500,,General,6240 W 135th Street,66223,Kansas City,2,
Geoffry William Hetley,,,https://www.avvo.com/all-lawyers/ks/overland_park.html,Overland Park,KS,Johnson,(913) 780-1007,,General,"6900 College Boulevard, Suite 840",66211,Kansas City,2,
Paul Darrell Cramm,,,https://www.avvo.com/all-lawyers/ks/overland_park.html,Overland Park,KS,Johnson,(913) 322-3265,,General,7450 West 130th StreetSuite #305,66213,Kansas City,2,
Jason Roth,https://www.rothdavies.com/,,https://lawyers.justia.com/lawyer/jason-roth-922299,Overland Park,KS,Johnson,(913) 451-9500,,Personal Injury,7500 College Blvd,66210,Kansas City,5,
Richard W. Morefield,https://www.msblawkc.com/blog/,,https://lawyers.justia.com/lawyer/richard-w-morefield-1507610,Overland Park,KS,Johnson,(913) 839-2808,,Personal Injury,11814 W. 135th St.,66221,Kansas City,5,
Ronald Rundberg,,,https://lawyers.justia.com/lawyer/ronald-rundberg-916680,Overland Park,KS,Johnson,(913) 381-8180,,Divorce,9393 W. 110th St. Suite 200,66210,Kansas City,5,
Courtney Taylor Henderson,,,https://www.avvo.com/all-lawyers/ks/overland_park.html,Overland Park,KS,Johnson,(913) 782-4030,,General,7400 W. 130th StreetSuite 340,66213,Kansas City,2,
Gerald William Merrill,,,https://www.avvo.com/all-lawyers/ks/overland_park.html,Overland Park,KS,Johnson,(913) 381-2085,,General,"7211 W 98th TerraceBuilding 4, Suite 140",66212,Kansas City,2,
Dustin R. Crook,https://bctrialattorneys.com/,,https://lawyers.justia.com/lawyer/dustin-r-crook-1493136,Overland Park,KS,Johnson,(913) 353-5870,,Personal Injury,8801 Ballentine St Ste 300,66214,Kansas City,5,
Dionne Michelle Scherff,,,https://www.avvo.com/all-lawyers/ks/overland_park.html,Overland Park,KS,Johnson,(913) 948-9490,,General,10104 W. 105th Street,66212,Kansas City,2,
Collin P. Huerter,,,https://lawyers.justia.com/lawyer/collin-p-huerter-1667227,Overland Park,KS,Johnson,(913) 451-9500,,General,6240 W. 135th St.,66223,Kansas City,2,
Robert C. Gigstad,,,https://www.avvo.com/all-lawyers/ks/overland_park.html,Overland Park,KS,Johnson,(913) 735-9529,,General,8000 Foster Street,66204,Kansas City,2,
Joseph Lewis Norton,,,https://www.avvo.com/all-lawyers/ks/overland_park.html,Overland Park,KS,Johnson,(913) 906-9633,,General,"9200 Indian Creek Parkway, Suite 450",66210,Kansas City,2,
Michael David Townsend,,,https://www.avvo.com/all-lawyers/ks/overland_park.html,Overland Park,KS,Johnson,(833) 869-6529,,General,5440 W 110th St Ste 300,66211-1221,Kansas City,2,
Christopher Michael Gaughan,,,https://www.avvo.com/all-lawyers/ks/overland_park.html,Overland Park,KS,Johnson,(913) 262-2000,,General,4400 College BoulevardSuite 190,66211,Kansas City,2,
Caleb R. Biesterveld,https://bctrialattorneys.com/,,https://lawyers.justia.com/lawyer/caleb-r-biesterveld-1493390,Overland Park,KS,Johnson,(913) 353-5870,,Personal Injury,8801 Ballentine Street,66214,Kansas City,5,
Brian Leininger,http://www.kansas-dui-lawyer.com,,https://lawyers.justia.com/lawyer/brian-leininger-922909,Overland Park,KS,Johnson,(913) 648-7070,,DUI/DWI,11225 College Blvd.,66210,Kansas City,5,
Brent Randy Kellenberger,,,https://www.avvo.com/all-lawyers/ks/overland_park.html,Overland Park,KS,Johnson,(913) 706-2384,,General,6900 College Blvd. Suite 440,66211,Kansas City,2,
Mark David Hagen,,,https://www.avvo.com/all-lawyers/ks/overland_park.html,Overland Park,KS,Johnson,(913) 236-9696,,General,8645 College BlvdSuite 220,66210-1670,Kansas City,2,
Robert J Haupt,,,https://www.avvo.com/all-lawyers/ks/overland_park.html,Overland Park,KS,Johnson,(405) 706-9292,,General,"9393 W. 110th StreetCorporate Woods, Suite 500",66210,Kansas City,2,
Andrew L. Speicher,http://www.msblawkc.com,,https://lawyers.justia.com/lawyer/andrew-l-speicher-1515928,Overland Park,KS,Johnson,(913) 839-2808,,Personal Injury,11814 W. 135th St.,66221,Kansas City,5,
Mark A. Grover,,,https://www.avvo.com/all-lawyers/ks/overland_park.html,Overland Park,KS,Johnson,(913) 432-1000,,General,7221 W 79th St.Suite 100,66204,Kansas City,2,
Ashlyn Lanora Yarnell,,,https://www.avvo.com/all-lawyers/ks/overland_park.html,Overland Park,KS,Johnson,(913) 312-2500,,General,11020 King StreetSuite 300,66210,Kansas City,2,
Keenan M. Post,,,https://www.avvo.com/all-lawyers/ks/overland_park.html,Overland Park,KS,Johnson,(913) 341-7800,,General,12980 Metcalf AvenueSuite 500,66213,Kansas City,2,
Tina Louise Cox,,,https://www.avvo.com/all-lawyers/ks/overland_park.html,Overland Park,KS,Johnson,(855) 374-1566,,General,7300 West 110th StreetSuite 560,66210,Kansas City,2,
Samantha Shepherd,http://www.shepherdelderlaw.com,,https://lawyers.justia.com/lawyer/samantha-shepherd-1487589,Overland Park,KS,Johnson,(913) 333-3533,,Estate Planning,4901 West 119th Street,66209,Kansas City,4,
Dana L. Parks,,,https://www.avvo.com/all-lawyers/ks/overland_park.html,Overland Park,KS,Johnson,(913) 210-8343,,General,7450 W. 130th Street,66213,Kansas City,2,
Mira Mdivani,,,https://www.avvo.com/all-lawyers/ks/overland_park.html,Overland Park,KS,Johnson,(913) 317-6200,,General,7007 College Blvd Ste 460,66211-2441,Kansas City,2,
Kristi Lynn Kingston,,,https://www.avvo.com/all-lawyers/ks/overland_park.html,Overland Park,KS,Johnson,(913) 286-5200,,General,"12920 Metcalf Avenue, Suite 180",66213,Kansas City,2,
Scott Nehrbass,http://www.foulston.com,,https://lawyers.justia.com/lawyer/scott-nehrbass-917490,Overland Park,KS,Johnson,(913) 498-2100,,General,9225 Indian Creek Pkwy #600,66210,Kansas City,2,
Carl Leslie Christensen,,,https://www.avvo.com/all-lawyers/ks/overland_park.html,Overland Park,KS,Johnson,(913) 777-1343,,General,P.O. Box 25652,66225,Kansas City,2,
J Ryan Hare,,,https://www.avvo.com/all-lawyers/ks/overland_park.html,Overland Park,KS,Johnson,(913) 906-9633,,General,"9 Corporate Woods9200 Indian Creek Parkway, Suite 450",66210,Kansas City,2,
Peter Jouras,https://www.jouraslaw.com/,,https://lawyers.justia.com/lawyer/peter-jouras-918964,Overland Park,KS,Johnson,(913) 677-1999,,Personal Injury,10500 Barkley Suite 205,66212,Kansas City,5,
Kerry C Connealy,,,https://www.avvo.com/all-lawyers/ks/overland_park.html,Overland Park,KS,Johnson,(913) 262-2000,,General,"4400 College Boulevard, Suite 190",66211,Kansas City,2,
Kyle Lee Barscewski,,,https://www.avvo.com/all-lawyers/ks/overland_park.html,Overland Park,KS,Johnson,(913) 381-5020,,General,9225 Indian Creek Pkwy Ste 1150,66210,Kansas City,2,
J. Steven Neighbors,,,https://www.avvo.com/all-lawyers/ks/overland_park.html,Overland Park,KS,Johnson,(913) 648-3360,,General,10100 W. 87th StreetSuite 109,66212,Kansas City,2,
Cheryl Lynn Burbach,,,https://www.avvo.com/all-lawyers/ks/overland_park.html,Overland Park,KS,Johnson,(913) 647-9050,,General,7015 College BoulevardSuite 700,66211,Kansas City,2,
Shea Elizabeth Stevens,,,https://www.avvo.com/all-lawyers/ks/overland_park.html,Overland Park,KS,Johnson,(913) 242-7522,,General,"40 Corporate Woods, Suite 2209401 Indian Creek Parkway",66210,Kansas City,2,
William P. Ronan III,https://www.theronanlawfirm.com/,,https://lawyers.justia.com/lawyer/william-p-ronan-iii-1486407,Overland Park,KS,Johnson,(913) 652-9937,,Personal Injury,10740 Nall Av.,66211,Kansas City,5,
Lauren Bavitz Fields,,,https://www.avvo.com/all-lawyers/ks/overland_park.html,Overland Park,KS,Johnson,,,General,"6701 West 64th Street, Suite 222",66202,Kansas City,2,
Brian Emerson Tadtman,,,https://www.avvo.com/all-lawyers/ks/overland_park.html,Overland Park,KS,Johnson,(816) 974-6600,,General,7400 West 132nd StreetSuite 180,66213,Kansas City,2,
Kevin Joseph Kruse,,,https://www.avvo.com/all-lawyers/ks/overland_park.html,Overland Park,KS,Johnson,,,General,,66210,Kansas City,2,
Daniel Brown Dorsch,,,https://www.avvo.com/all-lawyers/ks/overland_park.html,Overland Park,KS,Johnson,(913) 685-9190,,General,10615 W 148th Street,66221,Kansas City,2,
Kyle Robert Crane,,,https://www.avvo.com/all-lawyers/ks/overland_park.html,Overland Park,KS,Johnson,(913) 203-4276,,General,"11880 College Blvd., Ste 405",66210,Kansas City,2,
Casey Y Meek,https://josephhollander.com/attorney/casey-y-meek/,,https://lawyers.justia.com/lawyer/casey-y-meek-1497275,Overland Park,KS,Johnson,(913) 948-9490,,DUI/DWI,10104 W. 105th St.,66212,Kansas City,5,
Joshua David Brunkhorst,,,https://www.avvo.com/all-lawyers/ks/overland_park.html,Overland Park,KS,Johnson,(913) 787-2360,,General,7300 W. 110th StreetSuite 747,66210,Kansas City,2,
David Wilson Fairbanks,,,https://www.avvo.com/all-lawyers/ks/overland_park.html,Overland Park,KS,Johnson,(913) 203-4276,,General,11020 King St.Suite 100,66210,Kansas City,2,
Jon C. Daugharthy,,,https://www.avvo.com/all-lawyers/ks/overland_park.html,Overland Park,KS,Johnson,(913) 209-4484,,General,10955 Lowell Ave.Ste. 900,66210,Kansas City,2,
"Hare, Lindsay",http://nortonhare.com,,https://www.yellowpages.com/overland-park-ks/attorneys,Overland Park,KS,Johnson,(913) 906-9633,,General,9200 Indian Creek Pkwy,,Kansas City,2,
Michael Walter Lucansky,,,https://www.avvo.com/all-lawyers/ks/overland_park.html,Overland Park,KS,Johnson,,,General,10955 Lowell Ave Ste 440,66210-2337,Kansas City,2,
Ronald W. Nelson,,,https://www.avvo.com/all-lawyers/ks/overland_park.html,Overland Park,KS,Johnson,(913) 312-2500,,General,7501 College BoulevardSuite 105,66210,Kansas City,2,
Stanley Bachman,http://www.msblawkc.com,,https://lawyers.justia.com/lawyer/stanley-bachman-922099,Overland Park,KS,Johnson,(913) 839-2808,,General,11814 W. 135th St.,66221,Kansas City,2,
Christopher J. Kellogg,,,https://www.avvo.com/all-lawyers/ks/overland_park.html,Overland Park,KS,Johnson,(855) 374-1566,,General,7300 West 110th St.Suite 560,66210,Kansas City,2,
Mark C. Beam-Ward,,,https://www.avvo.com/all-lawyers/ks/overland_park.html,Overland Park,KS,Johnson,(913) 339-6888,,General,8645 College Blvd Ste 250,66210-1801,Kansas City,2,
Rachel Whitsitt,https://www.josephhollander.com/,,https://lawyers.justia.com/lawyer/rachel-whitsitt-1499275,Overland Park,KS,Johnson,(913) 522-0840,,Divorce,6701 W. 64th Street,66202,Kansas City,5,
Sarah N. Carmody,,,https://www.avvo.com/all-lawyers/ks/overland_park.html,Overland Park,KS,Johnson,(913) 257-3110,,General,8600 W. 110th StreetSuite 210,66210,Kansas City,2,
Jon Michael Stanfield,,,https://www.avvo.com/all-lawyers/ks/overland_park.html,Overland Park,KS,Johnson,(913) 888-9696,,General,"6240 W. 135th St, Suite 200",66223,Kansas City,2,
Jason Robert Covington,,,https://www.avvo.com/all-lawyers/ks/overland_park.html,Overland Park,KS,Johnson,(913) 322-7200,,General,"40 Corporate Woods9401 Indian Creek Parkway, Ste. 600",66210,Kansas City,2,
Eric Robert Blevins,,,https://www.avvo.com/all-lawyers/ks/overland_park.html,Overland Park,KS,Johnson,(913) 906-9633,,General,9200 Indian Creek Pkwy Ste 500,66210-2017,Kansas City,2,
Eric Ziegenhorn,,,https://www.avvo.com/all-lawyers/ks/overland_park.html,Overland Park,KS,Johnson,(913) 327-9455,,General,Creative Planning Campus5454 W. 110th Street,64111,Kansas City,2,
Kristopher Paul Lyle,,,https://www.avvo.com/all-lawyers/ks/overland_park.html,Overland Park,KS,Johnson,(913) 225-6463,,General,7199 W. 98th Ter.Ste 160,66212,Kansas City,2,
Robert R. Titus,,,https://www.avvo.com/all-lawyers/ks/overland_park.html,Overland Park,KS,Johnson,(913) 599-9391,,General,"7304 W. 130th Street, Suite 190Suite 190",66213,Kansas City,2,
Michael W. Wharton,,,https://www.avvo.com/all-lawyers/ks/overland_park.html,Overland Park,KS,Johnson,(913) 451-8430,,General,Suite 37010975 Benson Drive,66210,Kansas City,2,
Kirsten Schroeder Larsen,,,https://www.avvo.com/all-lawyers/ks/overland_park.html,Overland Park,KS,Johnson,(816) 550-0644,,General,8101 College BlvdSte 100,66210-2671,Kansas City,2,
Cary Sawyer Smalley,,,https://www.avvo.com/all-lawyers/ks/overland_park.html,Overland Park,KS,Johnson,(913) 601-3549,,General,7015 College BoulevardSuite 375,66211,Kansas City,2,
Matthew Robert McLane,,,https://www.avvo.com/all-lawyers/ks/overland_park.html,Overland Park,KS,Johnson,(913) 322-4716,,General,10551 Barkley StreetSuite 507,66212,Kansas City,2,
Larry Clinton Hoffman,,,https://www.avvo.com/all-lawyers/ks/overland_park.html,Overland Park,KS,Johnson,(913) 345-1800,,General,11225 College Blvd Ste 110,66210-2788,Kansas City,2,
Katherine Suzanne Fisher Clevenger,,,https://www.avvo.com/all-lawyers/ks/overland_park.html,Overland Park,KS,Johnson,(913) 951-4545,,General,7400 W. 132nd StreetSUITE 240,66213,Kansas City,2,
Scott H. Kreamer,,,https://www.avvo.com/all-lawyers/ks/olathe.html,Olathe,KS,Johnson,(913) 451-6752,,General,P.O. Box 550,66051-0550,Kansas City,2,
Michael John Haight,,,https://www.avvo.com/all-lawyers/ks/overland_park.html,Overland Park,KS,Johnson,(913) 498-9779,,General,10551 Barkley St.Suite 507,66212,Kansas City,2,
J. Ryan Erker,,,https://www.avvo.com/all-lawyers/ks/overland_park.html,Overland Park,KS,Johnson,(913) 829-2500,,General,7450 W 130th St Ste 330,66213-2839,Kansas City,2,
Christi Le Ann Bright,,,https://www.avvo.com/all-lawyers/ks/overland_park.html,Overland Park,KS,Johnson,(913) 239-9966,,General,"14221 Metcalf Avenue, Suite 109",66223,Kansas City,2,
Joshua Thomas Zarse,,,https://www.avvo.com/all-lawyers/ks/overland_park.html,Overland Park,KS,Johnson,(913) 944-4176,,General,8000 Foster St,66204,Kansas City,2,
Benjamin Ryan Prell,,,https://www.avvo.com/all-lawyers/ks/overland_park.html,Overland Park,KS,Johnson,(913) 777-7682,,General,12980 Foster StreetSuite 150,66213,Kansas City,2,
Christopher Patrick Lawson,,,https://www.avvo.com/all-lawyers/ks/overland_park.html,Overland Park,KS,Johnson,(913) 432-9922,,General,6750 Antioch Rd Ste 301,66204-1260,Kansas City,2,
Michael Francis Delaney,,,https://www.avvo.com/all-lawyers/ks/overland_park.html,Overland Park,KS,Johnson,(913) 327-5177,,General,"9401 Indian Creek Parkway, Suite 700, Bldg. 40",66210,Kansas City,2,
Anthony Rupp,http://www.foulston.com,,https://lawyers.justia.com/lawyer/anthony-rupp-921452,Overland Park,KS,Johnson,(913) 498-2100,,Medical Malpractice,9225 Indian Creek Pkwy #600,66210,Kansas City,5,
Daniel C Estes,,,https://www.avvo.com/all-lawyers/ks/overland_park.html,Overland Park,KS,Johnson,(913) 529-6122,,General,6300 W. 143rd StreetSuite 140,66223,Kansas City,2,
Richard Loring Becker,,,https://www.avvo.com/all-lawyers/ks/overland_park.html,Overland Park,KS,Johnson,,,General,"11730 W. 135th Street, #176",66221,Kansas City,2,
Roger A. Nordeen,,,https://www.avvo.com/all-lawyers/ks/overland_park.html,Overland Park,KS,Johnson,(913) 689-3125,,General,7500 College Boulevard Suite 700,66210,Kansas City,2,
Thomas K. Jones,,,https://www.avvo.com/all-lawyers/ks/overland_park.html,Overland Park,KS,Johnson,(913) 469-4100,,General,Po Box 25625,66225-5625,Kansas City,2,
Lindsey Erickson,https://josephhollander.com,,https://lawyers.justia.com/lawyer/lindsey-erickson-918080,Overland Park,KS,Johnson,(913) 948-9490,,DUI/DWI,10104 W 105th St,66212,Kansas City,5,
Carey Leonard Fleske,,,https://www.avvo.com/all-lawyers/ks/overland_park.html,Overland Park,KS,Johnson,(913) 944-4176,,General,8000 Foster Street,66204,Kansas City,2,
Tara Eberline,http://www.foulston.com,,https://lawyers.justia.com/lawyer/tara-eberline-917629,Overland Park,KS,Johnson,(913) 498-2100,,General,9225 Indian Creek Pkwy #600,66210,Kansas City,2,
Curtis Orville Roggow,,,https://www.avvo.com/all-lawyers/ks/overland_park.html,Overland Park,KS,Johnson,(913) 234-6108,,General,9401 Indian Creek Pkwy Ste 1250,66210-2149,Kansas City,2,
Herman Joseph Ray Esry,,,https://www.avvo.com/all-lawyers/ks/overland_park.html,Overland Park,KS,Johnson,(913) 385-9400,,General,"10740 Nall Avenue, Suite 160",66211,Kansas City,2,
Jay D. Thomas,,,https://www.avvo.com/all-lawyers/ks/overland_park.html,Overland Park,KS,Johnson,(913) 451-1616,,General,10955 Lowell Ave Ste 710,66210-2337,Kansas City,2,
James R. Shetlar,,,https://www.avvo.com/all-lawyers/ks/overland_park.html,Overland Park,KS,Johnson,(913) 648-3220,,General,8000 Foster St,66204-3613,Kansas City,2,
Timothy Ross Tompkins,,,https://www.avvo.com/all-lawyers/ks/overland_park.html,Overland Park,KS,Johnson,(913) 707-4357,,General,9401 W 87th St Ste 201,66212-3784,Kansas City,2,
Schalie Anne Johnson,,,https://www.avvo.com/all-lawyers/ks/overland_park.html,Overland Park,KS,Johnson,(913) 888-1000,,General,10111 W. 87th Street,66212,Kansas City,2,
Stephen M. Johnson,,,https://www.avvo.com/all-lawyers/ks/overland_park.html,Overland Park,KS,Johnson,(913) 707-9220,,General,P.O. Box 25281,66225,Kansas City,2,
John F Thompson,,,https://www.avvo.com/all-lawyers/ks/overland_park.html,Overland Park,KS,Johnson,(913) 214-1884,,General,5350 College Blvd,66211,Kansas City,2,
Crissa A. Cook,https://law.ku.edu/people/crissa-cook,,https://lawyers.justia.com/lawyer/crissa-a-cook-1820924,Overland Park,KS,Johnson,,,General,"10801 Mastin Street, Suite 1000",66210,Kansas City,2,
Gregory David Kincaid,,,https://www.avvo.com/all-lawyers/ks/overland_park.html,Overland Park,KS,Johnson,(913) 709-6095,,General,7007 College Blvd Ste 455,66211-2408,Kansas City,2,
Scott Kenneth Martinsen,,,https://www.avvo.com/all-lawyers/ks/overland_park.html,Overland Park,KS,Johnson,,,General,,66211,Kansas City,2,
Christopher Schnieders,https://www.napolilaw.com/napoli-attorney/christopher-l-schnieders/,,https://lawyers.justia.com/lawyer/christopher-schnieders-923313,Overland Park,KS,Johnson,,,General,"6731 W. 121st Street, Suite 201",66209,Kansas City,2,
Trenton J Besse,,,https://www.avvo.com/all-lawyers/ks/overland_park.html,Overland Park,KS,Johnson,(913) 341-0005,,General,7199 W 98th TerrSte 140,66212,Kansas City,2,
Robert J. Drumm,,,https://www.avvo.com/all-lawyers/ks/overland_park.html,Overland Park,KS,Johnson,(816) 813-3410,,General,8101 College Boulevard,66210,Kansas City,2,
Kelli J. Stevens,,,https://www.avvo.com/all-lawyers/ks/overland_park.html,Overland Park,KS,Johnson,(913) 732-3340,,General,8400 W. 110th StreetSuite 325,66210,Kansas City,2,
Penelope Joanne Reeves,,,https://www.avvo.com/all-lawyers/ks/overland_park.html,Overland Park,KS,Johnson,(913) 369-5075,,General,12816 W 110th Ter,66210-1280,Kansas City,2,
Daniel Scott Rabin,,,https://www.avvo.com/all-lawyers/ks/overland_park.html,Overland Park,KS,Johnson,(913) 649-1555,,General,15280 Metcalf Ave,66223-2811,Kansas City,2,
Roger William Warren,,,https://www.avvo.com/all-lawyers/ks/overland_park.html,Overland Park,KS,Johnson,(913) 234-6103,,General,9401 Indian Creek Pkwy Ste 1250,66210-2149,Kansas City,2,
Eric Allan Buresh,,,https://www.avvo.com/all-lawyers/ks/overland_park.html,Overland Park,KS,Johnson,,,General,,66211,Kansas City,2,
Jason James Fletes,,,https://www.avvo.com/all-lawyers/ks/overland_park.html,Overland Park,KS,Johnson,(913) 339-6888,,General,"8645 College Boulevard, Suite 250",66210-1871,Kansas City,2,
Brian J. Niceswanger,,,https://www.avvo.com/all-lawyers/ks/overland_park.html,Overland Park,KS,Johnson,(816) 753-5400,,General,7101 College Blvd Ste 200,66210,Kansas City,2,
Sheryl Lynn Bayes-Weiner,,,https://www.avvo.com/all-lawyers/ks/overland_park.html,Overland Park,KS,Johnson,(913) 451-1616,,General,10955 Lowell Ave Ste 710,66210-2337,Kansas City,2,
Daniel J Buller,,,https://www.avvo.com/all-lawyers/ks/overland_park.html,Overland Park,KS,Johnson,(913) 253-2179,,General,9225 Indian Creek Pkwy #600,66210,Kansas City,2,
Bradley S. Russell,,,https://www.avvo.com/all-lawyers/ks/overland_park.html,Overland Park,KS,Johnson,(913) 234-6100,,General,9401 Indian Creek Pkwy Ste 1250,66210-2149,Kansas City,2,
Michelle Rene Stewart,,,https://www.avvo.com/all-lawyers/ks/overland_park.html,Overland Park,KS,Johnson,(913) 345-9205,,General,"Building 84 - Corporate Woods10801 Mastin Boulevard, Suite 420",66210-1683,Kansas City,2,
Jason Christopher Peters,,,https://www.avvo.com/all-lawyers/ks/overland_park.html,Overland Park,KS,Johnson,,,General,,66213,Kansas City,2,
Michael Dennis Matteuzzi,,,https://www.avvo.com/all-lawyers/ks/overland_park.html,Overland Park,KS,Johnson,,,General,,66212,Kansas City,2,
James Oliver,http://www.foulston.com,,https://lawyers.justia.com/lawyer/james-oliver-918330,Overland Park,KS,Johnson,(913) 498-2100,,General,9225 Indian Creek Pkwy #600,66210,Kansas City,2,
Rachel Alissa Highsmith,,,https://www.avvo.com/all-lawyers/ks/overland_park.html,Overland Park,KS,Johnson,,,General,10104 W 105th St,66212,Kansas City,2,
Connie J Boysen,,,https://www.avvo.com/all-lawyers/ks/overland_park.html,Overland Park,KS,Johnson,(913) 383-3800,,General,Ste 2006240 West 135th St.,66223,Kansas City,2,
Brandon Taylor Pittenger,,,https://www.avvo.com/all-lawyers/ks/overland_park.html,Overland Park,KS,Johnson,(913) 323-4595,,General,6900 College BlvdSuite 325,66211,Kansas City,2,
Scott Christopher Palecki,,,https://www.avvo.com/all-lawyers/ks/overland_park.html,Overland Park,KS,Johnson,(913) 253-2128,,General,9225 Indian Creek Pkwy #600,66210-2000,Kansas City,2,
Patrick Wiesner,,,https://www.avvo.com/all-lawyers/ks/overland_park.html,Overland Park,KS,Johnson,(913) 642-2240,,General,6750 W 93rd St Ste 220,66212-1465,Kansas City,2,
Jennifer Rae Johnson,,,https://www.avvo.com/all-lawyers/ks/overland_park.html,Overland Park,KS,Johnson,(913) 345-9205,,General,10801 Mastin BoulevardSuite 420,66210-1683,Kansas City,2,
Michael Leslie Hodges,,,https://www.avvo.com/all-lawyers/ks/overland_park.html,Overland Park,KS,Johnson,(913) 888-7100,,General,4460 W 107th St,66207-4003,Kansas City,2,
Tony Shapiro,,,https://www.avvo.com/all-lawyers/ks/overland_park.html,Overland Park,KS,Johnson,(913) 491-1120,,General,8826 Santa Fe Dr Ste 110,66212-3672,Kansas City,2,
Adam Prescott Seitz,,,https://www.avvo.com/all-lawyers/ks/overland_park.html,Overland Park,KS,Johnson,,,General,,66211,Kansas City,2,
Peter G. Collins,,,https://www.avvo.com/all-lawyers/ks/overland_park.html,Overland Park,KS,Johnson,(913) 345-9203,,General,6800 College BlvdSuite 600,66211,Kansas City,2,
Michael E. Whitsitt,,,https://www.avvo.com/all-lawyers/ks/overland_park.html,Overland Park,KS,Johnson,(913) 283-8749,,General,6405 Metcalf Ave.Ste 507,66202,Kansas City,2,
Frankie Forbes,http://forbeslawgroup.com,,https://lawyers.justia.com/lawyer/frankie-forbes-918308,Overland Park,KS,Johnson,(913) 341-8600,,General,6900 College Boulevard,66211,Kansas City,2,
Kristina Sergeyevna Zhilkina-Crump,,,https://www.avvo.com/all-lawyers/ks/overland_park.html,Overland Park,KS,Johnson,(913) 353-4044,,General,10821 W 87th StreetSuite 300,66214,Kansas City,2,
Brant Adam McCoy,,,https://www.avvo.com/all-lawyers/ks/overland_park.html,Overland Park,KS,Johnson,(913) 322-7200,,General,9401 Indian Creek Pkwy Ste 600,66210-2089,Kansas City,2,
Nathalie Corda Elliott,,,https://www.avvo.com/all-lawyers/ks/overland_park.html,Overland Park,KS,Johnson,(913) 261-3371,,General,"6330 Lamar, Suite 220",66202,Kansas City,2,
Matthew Johnathan Brooker,,,https://www.avvo.com/all-lawyers/ks/overland_park.html,Overland Park,KS,Johnson,(913) 253-2550,,General,10111 W 105th St,66212-5747,Kansas City,2,
Andrew D. Holder,,,https://www.avvo.com/all-lawyers/ks/overland_park.html,Overland Park,KS,Johnson,(913) 339-6757,,General,9393 W 110th St Ste 300,66210-1464,Kansas City,2,
James Sanders,,,https://lawyers.justia.com/lawyer/james-sanders-918196,Overland Park,KS,Johnson,(913) 888-1000,,General,10111 W 87th St,66212,Kansas City,2,
Mark A. Lynch,,,https://www.avvo.com/all-lawyers/ks/overland_park.html,Overland Park,KS,Johnson,(913) 342-2500,,General,10851 Mastin St Ste 1000,66210-1687,Kansas City,2,
Alan W. Rosenak,https://www.rosenaklaw.com/,,https://lawyers.justia.com/lawyer/alan-w-rosenak-1559702,Overland Park,KS,Johnson,(913) 593-5264,,Divorce,Deer Creek Woods,66213,Kansas City,5,
Lee Smithyman,,,https://lawyers.justia.com/lawyer/lee-smithyman-923541,Overland Park,KS,Johnson,(913) 661-9800,,General,7400 W 110th St,66210,Kansas City,2,
Mark Schaffer,,,https://lawyers.justia.com/lawyer/mark-schaffer-919766,Overland Park,KS,Johnson,(913) 345-0100,,Personal Injury,13220 Metcalf Ave,66213,Kansas City,5,
Megan Leigh Harrington,,,https://www.avvo.com/all-lawyers/ks/overland_park.html,Overland Park,KS,Johnson,(913) 526-6499,,General,"7221 W 79th St, Ste 209",66204,Kansas City,2,
Joanne Marie Barbera,,,https://www.avvo.com/all-lawyers/ks/overland_park.html,Overland Park,KS,Johnson,,,General,,66202,Kansas City,2,
Jeffrey Aaron Koons,,,https://www.avvo.com/all-lawyers/ks/overland_park.html,Overland Park,KS,Johnson,(913) 940-1055,,General,7111 W 151st St # 268,66223-2231,Kansas City,2,
Thomas Lynwood Wagstaff,,,https://www.avvo.com/all-lawyers/ks/overland_park.html,Overland Park,KS,Johnson,(816) 597-4556,,General,6811 Shawnee Mission PKWY Suite 314,66202,Kansas City,2,
Richard Scott Fisk,,,https://www.avvo.com/all-lawyers/ks/overland_park.html,Overland Park,KS,Johnson,,,General,,66210,Kansas City,2,
Emily Anne Donaldson,,,https://www.avvo.com/all-lawyers/ks/overland_park.html,Overland Park,KS,Johnson,(913) 648-0233,,General,Po Box 12890,66282-2890,Kansas City,2,
Christopher Thomas Wilson,,,https://www.avvo.com/all-lawyers/ks/overland_park.html,Overland Park,KS,Johnson,,,General,,66210,Kansas City,2,
Michael T. Crabb,,,https://www.avvo.com/all-lawyers/ks/overland_park.html,Overland Park,KS,Johnson,(913) 951-5651,,General,"10740 Nall Ave., Ste. 250",66211,Kansas City,2,
Christopher Lee Kalberg,,,https://www.avvo.com/all-lawyers/ks/overland_park.html,Overland Park,KS,Johnson,(913) 825-6670,,General,"7500 College Blvd., 5th Fl (Main Office)",66210-2420,Kansas City,2,
Travis Lee Salmon,,,https://www.avvo.com/all-lawyers/ks/overland_park.html,Overland Park,KS,Johnson,(913) 638-7089,,General,8101 College Blvd Ste 100 # 1004,66210-2671,Kansas City,2,
Conrad Miller,,,https://www.avvo.com/all-lawyers/ks/overland_park.html,Overland Park,KS,Johnson,(913) 912-7070,,General,7199 W 98th TerSte 160,66212,Kansas City,2,
Tyler Clayton Hibler,,,https://www.avvo.com/all-lawyers/ks/overland_park.html,Overland Park,KS,Johnson,(913) 234-6140,,General,"9401 Indian Creek Parkway40 Corporate Woods,  Suite 1250",66210-2149,Kansas City,2,
Timothy Stock,,,https://www.avvo.com/all-lawyers/ks/overland_park.html,Overland Park,KS,Johnson,(855) 374-1566,,General,7300 W 110th St #560,66210,Kansas City,2,
Elizabeth Hill,,,https://www.avvo.com/all-lawyers/ks/overland_park.html,Overland Park,KS,Johnson,(913) 381-1500,,General,7300 College Blvd Ste 215,66210-1879,Kansas City,2,
Norman Irwin Reichel,,,https://www.avvo.com/all-lawyers/ks/overland_park.html,Overland Park,KS,Johnson,(913) 498-8814,,General,11020 King St Ste 215,66210-1201,Kansas City,2,
Donald Ray Whitney,,,https://www.avvo.com/all-lawyers/ks/overland_park.html,Overland Park,KS,Johnson,(913) 323-3100,,General,6900 College Blvd.Suite 820,66211,Kansas City,2,
Daniel Lucas Boyd,,,https://www.avvo.com/all-lawyers/ks/overland_park.html,Overland Park,KS,Johnson,(816) 721-8214,,General,P.O. Box 12748,66282,Kansas City,2,
Michelle Marie Suter,,,https://www.avvo.com/all-lawyers/ks/overland_park.html,Overland Park,KS,Johnson,,,General,,66210,Kansas City,2,
Karen M. Divita,,,https://www.avvo.com/all-lawyers/ks/overland_park.html,Overland Park,KS,Johnson,(913) 710-3654,,General,8101 College Blvd Ste 100,66210-2671,Kansas City,2,
Amanda M. Showalter,,,https://www.avvo.com/all-lawyers/ks/overland_park.html,Overland Park,KS,Johnson,(913) 456-5738,,General,9300 W 110th StreetSuite 645,66210,Kansas City,2,
Lawrence Joseph Logback,,,https://www.avvo.com/all-lawyers/ks/overland_park.html,Overland Park,KS,Johnson,(913) 342-2500,,General,7400 W 110th St Ste 600,66210-2360,Kansas City,2,
John Edward Bordeau,,,https://www.avvo.com/all-lawyers/ks/overland_park.html,Overland Park,KS,Johnson,(913) 234-6115,,General,9401 Indian Creek Pkwy Ste 1250,66210-2149,Kansas City,2,
Vaughn Burkholder,,,https://www.avvo.com/all-lawyers/ks/overland_park.html,Overland Park,KS,Johnson,(913) 253-2133,,General,9225 Indian Creek Pkwy #600,66210,Kansas City,2,
Keith James Shuttleworth,,,https://www.avvo.com/all-lawyers/ks/overland_park.html,Overland Park,KS,Johnson,,,General,,66212,Kansas City,2,
Jeffrey Bullins,,,https://lawyers.justia.com/lawyer/jeffrey-bullins-917162,Overland Park,KS,Johnson,(913) 342-2500,,Medical Malpractice,7400 W 110th St,66210,Kansas City,5,
Heather Jo Schlozman,,,https://www.avvo.com/all-lawyers/ks/overland_park.html,Overland Park,KS,Johnson,(913) 322-3528,,General,8826 Santa Fe Dr Ste 307,66212-3629,Kansas City,2,
T. Bradley Manson,,,https://www.avvo.com/all-lawyers/ks/overland_park.html,Overland Park,KS,Johnson,(913) 498-8080,,General,10801 Mastin St Ste 430,66210-1682,Kansas City,2,
William Gregory Wright,,,https://www.avvo.com/all-lawyers/ks/overland_park.html,Overland Park,KS,Johnson,(913) 901-0505,,General,6900 College Blvd.Suite 285,66211,Kansas City,2,
Scott Rebert Brown,,,https://www.avvo.com/all-lawyers/ks/overland_park.html,Overland Park,KS,Johnson,,,General,,66210,Kansas City,2,
David N. Zimmerman,,,https://www.avvo.com/all-lawyers/ks/overland_park.html,Overland Park,KS,Johnson,(816) 292-8152,,General,9401 Indian Creek ParkwaySuite 700,66211,Kansas City,2,
Quentin Marc Templeton,,,https://www.avvo.com/all-lawyers/ks/overland_park.html,Overland Park,KS,Johnson,(913) 341-8616,,General,6900 College Blvd Ste 840,66211-1843,Kansas City,2,
Kate B. McKinney,,,https://www.avvo.com/all-lawyers/ks/overland_park.html,Overland Park,KS,Johnson,(913) 491-5500,,General,"6900 College Blvd., Suite 700",66211,Kansas City,2,
Maureen Danielle Lester,,,https://www.avvo.com/all-lawyers/ks/overland_park.html,Overland Park,KS,Johnson,(913) 333-3533,,General,4901 W. 119th StreetSuite 204,66209,Kansas City,2,
Michael Lee Hughes,,,https://www.avvo.com/all-lawyers/ks/overland_park.html,Overland Park,KS,Johnson,,,General,,66223,Kansas City,2,
Scott Michael Adam,,,https://www.avvo.com/all-lawyers/ks/overland_park.html,Overland Park,KS,Johnson,,,General,,66210,Kansas City,2,
Kirk John Goza,,,https://www.avvo.com/all-lawyers/ks/overland_park.html,Overland Park,KS,Johnson,(913) 451-3433,,General,9500 Nall Ave Ste 400,66207-2950,Kansas City,2,
Nicholas Steinwart,http://www.steinwartlaw.com,,https://lawyers.justia.com/lawyer/nicholas-steinwart-1498299,Overland Park,KS,Johnson,(913) 648-3220,,Bankruptcy,8000 Foster,66204,Kansas City,4,
Amy Elizabeth Elliott,,,https://www.avvo.com/all-lawyers/ks/overland_park.html,Overland Park,KS,Johnson,(913) 314-9073,,General,Po Box 4784,66204-0784,Kansas City,2,
Cassandra Kay Robinson,,,https://www.avvo.com/all-lawyers/ks/overland_park.html,Overland Park,KS,Johnson,(314) 363-5095,,General,6330 Sprint Pkwy Ste 200,66211-1171,Kansas City,2,
Joshua Aaron Glickman,,,https://www.avvo.com/all-lawyers/ks/overland_park.html,Overland Park,KS,Johnson,(913) 213-3064,,General,P.O. Box 11563,66207,Kansas City,2,
Nayla Atallah,,,https://www.avvo.com/all-lawyers/ks/overland_park.html,Overland Park,KS,Johnson,(507) 202-4993,,General,14400 Reeds St,66223-1228,Kansas City,2,
William A. Mallory,,,https://www.avvo.com/all-lawyers/ks/overland_park.html,Overland Park,KS,Johnson,(913) 491-5500,,General,"9401 Indian Creek Pkwy, Bld 40, Ste 1150",66210,Kansas City,2,
Connor James Pace,,,https://www.avvo.com/all-lawyers/ks/shawnee.html,Shawnee,KS,Johnson,(913) 948-7900,,General,"Bennett, Bodine, & Waters P.A. 11125 Johnson Drive",66203,Kansas City,2,
Stephanie R. Tucker Muir,,,https://www.avvo.com/all-lawyers/ks/overland_park.html,Overland Park,KS,Johnson,(913) 534-8099,,General,6201 College Blvd Ste 625,66211-2405,Kansas City,2,
Stanley Neal Woodworth,,,https://www.avvo.com/all-lawyers/ks/overland_park.html,Overland Park,KS,Johnson,,,General,,66213,Kansas City,2,
Michael J. Kuckelman,,,https://lawyers.justia.com/lawyer/michael-j-kuckelman-1321699,Overland Park,KS,Johnson,(913) 948-8610,,General,10740 NALL AVE,66211,Kansas City,2,
Mark David Murphy,,,https://www.avvo.com/all-lawyers/ks/overland_park.html,Overland Park,KS,Johnson,(913) 600-7800,,General,10801 Mastin StreetSuite 790,66210,Kansas City,2,
Edwin Dudley Smith,,,https://www.avvo.com/all-lawyers/ks/overland_park.html,Overland Park,KS,Johnson,(913) 339-6757,,General,"9393 West 110th Street, Suite 300",66210,Kansas City,2,
Lynn E. Russell,,,https://www.avvo.com/all-lawyers/ks/overland_park.html,Overland Park,KS,Johnson,(816) 714-1049,,General,7227 Metcalf Ave,66204-1970,Kansas City,2,
Shawn Ray Riley,,,https://www.avvo.com/all-lawyers/ks/overland_park.html,Overland Park,KS,Johnson,(913) 693-7060,,General,"Compass Corporate Center, 11225 College BlvdSuite 490",66210,Kansas City,2,
Adam Michael Chingren,,,https://www.avvo.com/all-lawyers/ks/overland_park.html,Overland Park,KS,Johnson,(913) 909-0481,,General,"9270 Glenwood St, Suite C",66212,Kansas City,2,
L. Franklin Taylor,,,https://www.avvo.com/all-lawyers/ks/overland_park.html,Overland Park,KS,Johnson,(913) 302-4959,,General,7121 W 79th St,66204-2903,Kansas City,2,
Chris W. Henry,,,https://www.avvo.com/all-lawyers/ks/overland_park.html,Overland Park,KS,Johnson,(913) 469-4100,,General,11000 King StPo Box 25625,66210-1286,Kansas City,2,
Frank Peter Gilman,,,https://www.avvo.com/all-lawyers/ks/overland_park.html,Overland Park,KS,Johnson,(913) 381-5280,,General,10100 W 87th St Ste 303,66212-4628,Kansas City,2,
William Patrick Denning,,,https://www.avvo.com/all-lawyers/ks/overland_park.html,Overland Park,KS,Johnson,(816) 702-8400,,General,"8900 Indian Creek Parkway, Suite 210",66210,Kansas City,2,
Brandon Michael Laster,,,https://www.avvo.com/all-lawyers/ks/overland_park.html,Overland Park,KS,Johnson,(913) 648-3220,,General,8000 Foster St,66204-3613,Kansas City,2,
Scuyler Mark Porter Kurlbaum,,,https://www.avvo.com/all-lawyers/ks/overland_park.html,Overland Park,KS,Johnson,(913) 334-5444,,General,9101 W 110th St Ste 200,66210-1449,Kansas City,2,
Jordan Renee Morton,,,https://www.avvo.com/all-lawyers/ks/overland_park.html,Overland Park,KS,Johnson,(913) 451-9500,,General,6240 W 135th StSte 250,66223,Kansas City,2,
Timothy Scott Davidson,,,https://www.avvo.com/all-lawyers/ks/overland_park.html,Overland Park,KS,Johnson,,,General,,66210,Kansas City,2,
Sherman Anthony Botts,,,https://www.avvo.com/all-lawyers/ks/overland_park.html,Overland Park,KS,Johnson,,,General,,66213,Kansas City,2,
Matthew D Stromberg,,,https://www.avvo.com/all-lawyers/ks/overland_park.html,Overland Park,KS,Johnson,(913) 253-2156,,General,9225 Indian Creek Pkwy #600,66210,Kansas City,2,
Monica Anne Doffing,,,https://www.avvo.com/all-lawyers/ks/overland_park.html,Overland Park,KS,Johnson,(620) 640-5549,,General,8400 W 110th St Ste 325,66210-2331,Kansas City,2,
Amanda Marie Wilwert,,,https://www.avvo.com/all-lawyers/ks/overland_park.html,Overland Park,KS,Johnson,(913) 253-2181,,General,9225 Indian Creek Pkwy #600,66210,Kansas City,2,
Keith A. Wellman,,,https://www.avvo.com/all-lawyers/ks/overland_park.html,Overland Park,KS,Johnson,(913) 608-3648,,General,8000 Foster Street,66204,Kansas City,2,
Bryan Ross Kelly,,,https://www.avvo.com/all-lawyers/ks/overland_park.html,Overland Park,KS,Johnson,(913) 888-1000,,General,10111 W 87th St,66212-4673,Kansas City,2,
Sean Sturdivan,,,https://lawyers.justia.com/lawyer/sean-sturdivan-922814,Overland Park,KS,Johnson,(913) 234-6100,,General,9401 Indian Creek Pkwy,66210,Kansas City,2,
Frederick Brinton Farmer,,,https://www.avvo.com/all-lawyers/ks/overland_park.html,Overland Park,KS,Johnson,(913) 548-5069,,General,11095 Metcalf Ave,66210-1815,Kansas City,2,
Tracy Marie Justis Hayes,,,https://www.avvo.com/all-lawyers/ks/overland_park.html,Overland Park,KS,Johnson,,,General,,66210,Kansas City,2,
Mark S. Gunnison,,,https://www.avvo.com/all-lawyers/ks/overland_park.html,Overland Park,KS,Johnson,(913) 469-4100,,General,Po Box 25625,66225-5625,Kansas City,2,
Michael K. Hobbs,,,https://www.avvo.com/all-lawyers/ks/overland_park.html,Overland Park,KS,Johnson,(913) 234-6100,,General,11225 College Blvd Ste 450,66210-2770,Kansas City,2,
Robert John Lambrechts,,,https://www.avvo.com/all-lawyers/ks/overland_park.html,Overland Park,KS,Johnson,(913) 451-5126,,General,10851 Mastin St Ste 1000,66210-1687,Kansas City,2,
Michael Millett,,,https://lawyers.justia.com/lawyer/michael-millett-924230,Overland Park,KS,Johnson,(913) 648-3733,,General,8008 Floyd St,66204,Kansas City,2,
Jeffrey C. Baker,,,https://www.avvo.com/all-lawyers/ks/overland_park.html,Overland Park,KS,Johnson,(913) 234-6116,,General,9401 Indian Creek ParkwaySuite 1250,66210,Kansas City,2,
Robyn Michelle Butler,,,https://www.avvo.com/all-lawyers/ks/overland_park.html,Overland Park,KS,Johnson,,,General,,66212,Kansas City,2,
Robin D. Fowler,,,https://www.avvo.com/all-lawyers/ks/overland_park.html,Overland Park,KS,Johnson,(913) 652-9800,,General,7944 Santa Fe Dr,66204-3643,Kansas City,2,
Kevin Davis Wait,,,https://www.avvo.com/all-lawyers/ks/overland_park.html,Overland Park,KS,Johnson,(913) 210-8356,,General,7121 W 79th St,66204-2903,Kansas City,2,
Michael Lloyd Brown,,,https://www.avvo.com/all-lawyers/ks/overland_park.html,Overland Park,KS,Johnson,(913) 752-5588,,General,10111 W. 87th StreetP.O. Box 12290,66282,Kansas City,2,
Lewis Brandon Leflar,,,https://www.avvo.com/all-lawyers/ks/overland_park.html,Overland Park,KS,Johnson,(913) 663-3159,,General,10955 Lowell Ave Ste 512,66210-2436,Kansas City,2,
Brian Paul Hill,,,https://www.avvo.com/all-lawyers/ks/overland_park.html,Overland Park,KS,Johnson,(913) 904-6988,,General,6405 Metcalf AvenueSuite 316,66202,Kansas City,2,
Joshua T Hill,,,https://www.avvo.com/all-lawyers/ks/overland_park.html,Overland Park,KS,Johnson,(913) 253-2139,,General,9225 Indian Creek Pkwy #600,66210-2000,Kansas City,2,
Michael Oliver,,,https://lawyers.justia.com/lawyer/michael-oliver-918332,Overland Park,KS,Johnson,(913) 498-8814,,General,11020 King St,66210,Kansas City,2,
Drew Elizabeth Davis,,,https://www.avvo.com/all-lawyers/ks/overland_park.html,Overland Park,KS,Johnson,(913) 469-4100,,General,11000 King St,66210-1286,Kansas City,2,
Karen Nations,,,https://www.avvo.com/all-lawyers/ks/overland_park.html,Overland Park,KS,Johnson,,,General,,66212,Kansas City,2,
Michael Stuart Jones,,,https://www.avvo.com/all-lawyers/ks/overland_park.html,Overland Park,KS,Johnson,(913) 322-7200,,General,9401 Indian Creek Pkwy Ste 600,66210-2089,Kansas City,2,
John Richard Weist,,,https://www.avvo.com/all-lawyers/ks/overland_park.html,Overland Park,KS,Johnson,,,General,,66213,Kansas City,2,
David L. Barber,,,https://www.avvo.com/all-lawyers/ks/overland_park.html,Overland Park,KS,Johnson,(913) 387-5525,,General,"Corporate Woods Building 519393 West 110th St, Suite 500",66210,Kansas City,2,
Ryan Lee White,,,https://www.avvo.com/all-lawyers/ks/overland_park.html,Overland Park,KS,Johnson,,,General,,66207,Kansas City,2,
Richard Hertel,,,https://lawyers.justia.com/lawyer/richard-hertel-921216,Overland Park,KS,Johnson,(913) 345-8100,,General,9401 Indian Creek Pkwy,66210,Kansas City,2,
Chandler Evan Schmidt,,,https://www.avvo.com/all-lawyers/ks/overland_park.html,Overland Park,KS,Johnson,(913) 647-9050,,General,"10801 Mastin Blvd, Bld 84, Ste 1000",66210,Kansas City,2,
Michael Henry Stang,,,https://www.avvo.com/all-lawyers/ks/overland_park.html,Overland Park,KS,Johnson,(913) 498-9779,,General,10551 Barkley StreetSuite 507,66212,Kansas City,2,
Jeffrey Rinne,,,https://lawyers.justia.com/lawyer/jeffrey-rinne-919590,Overland Park,KS,Johnson,(913) 498-3536,,Estate Planning,11040 Oakmont St,66210,Kansas City,4,
John N. Badgerow,,,https://www.avvo.com/all-lawyers/ks/overland_park.html,Overland Park,KS,Johnson,(913) 327-5134,,General,6201 College Blvd Ste 500,66211-2435,Kansas City,2,
Ellen S. Goldman,,,https://www.avvo.com/all-lawyers/ks/overland_park.html,Overland Park,KS,Johnson,(913) 381-9520,,General,7944 Santa Fe Dr,66204-3643,Kansas City,2,
Timothy E. Power,,,https://www.avvo.com/all-lawyers/ks/overland_park.html,Overland Park,KS,Johnson,(913) 648-3220,,General,8000 Foster St,66204-3613,Kansas City,2,
Christopher Campbell Barnds,,,https://www.avvo.com/all-lawyers/ks/overland_park.html,Overland Park,KS,Johnson,(913) 514-0909,,General,7400 College Blvd.Suite 100,66210,Kansas City,2,
Richard Markl Beheler,,,https://www.avvo.com/all-lawyers/ks/overland_park.html,Overland Park,KS,Johnson,(913) 663-7600,,General,13160 Foster St Ste 100,66213-2660,Kansas City,2,
Christina Marie Mize,,,https://www.avvo.com/all-lawyers/ks/overland_park.html,Overland Park,KS,Johnson,(913) 489-5239,,General,7701 College Blvd,66210-1991,Kansas City,2,
Thomas H. Sullivan,,,https://www.avvo.com/all-lawyers/ks/overland_park.html,Overland Park,KS,Johnson,(913) 663-3159,,General,10955 Lowell AveSuite 512,66210,Kansas City,2,
David Waters,,,https://www.avvo.com/all-lawyers/ks/overland_park.html,Overland Park,KS,Johnson,(913) 451-5100,,General,"10851 Mastin BoulevardBuilding 82, Suite 1000",66210,Kansas City,2,
Chad Eric Blomberg,,,https://www.avvo.com/all-lawyers/ks/overland_park.html,Overland Park,KS,Johnson,,,General,,66202,Kansas City,2,
Phillip Michael Murphy,,,https://www.avvo.com/all-lawyers/ks/overland_park.html,Overland Park,KS,Johnson,(913) 661-2900,,General,"4400 College Blvd., Ste. 190",66211,Kansas City,2,
John Elison Cruz,,,https://www.avvo.com/all-lawyers/ks/overland_park.html,Overland Park,KS,Johnson,(913) 944-8076,,General,5000 College Blvd,66211-1871,Kansas City,2,
Laura Lee McConwell,,,https://www.avvo.com/all-lawyers/ks/overland_park.html,Overland Park,KS,Johnson,,,General,,66204,Kansas City,2,
Kevin Weakley,,,https://lawyers.justia.com/lawyer/kevin-weakley-917690,Overland Park,KS,Johnson,(913) 888-1000,,General,10111 W 87th St,66212,Kansas City,2,
Samuel Philip Diffley Heaney,,,https://www.avvo.com/all-lawyers/ks/overland_park.html,Overland Park,KS,Johnson,(913) 491-5500,,General,9401 Indian Creek Pkwy Ste 1150 Bldg 40,66210-2271,Kansas City,2,
Jeffrey Place,,,https://lawyers.justia.com/lawyer/jeffrey-place-923018,Overland Park,KS,Johnson,(913) 345-8100,,General,9401 Indian Creek Pkwy,66210,Kansas City,2,
Kurt Jason McLey,,,https://www.avvo.com/all-lawyers/ks/merriam.html,Merriam,KS,Johnson,(913) 383-9248,,General,9001 W 67th St,66202-3632,Kansas City,2,
Christopher Brian Nelson,,,https://www.avvo.com/all-lawyers/ks/overland_park.html,Overland Park,KS,Johnson,(913) 339-6757,,General,9393 W 110th StreetSuite 300,66210,Kansas City,2,
Matthew Stewart Walsh,,,https://www.avvo.com/all-lawyers/ks/overland_park.html,Overland Park,KS,Johnson,,,General,,66213,Kansas City,2,
"Nichols, Jeffrey",http://wallacesaunders.com,,https://www.yellowpages.com/overland-park-ks/attorneys,Overland Park,KS,Johnson,(913) 888-1000,,General,10111 W 87th St,,Kansas City,2,
Joshua Allen Decker,,,https://www.avvo.com/all-lawyers/ks/overland_park.html,Overland Park,KS,Johnson,(913) 327-5160,,General,6201 College Blvd Ste 500,66211-2435,Kansas City,2,
David Joseph Berson,,,https://www.avvo.com/all-lawyers/ks/overland_park.html,Overland Park,KS,Johnson,(816) 728-8435,,General,7300 W 110th St Fl 7,66210-2332,Kansas City,2,
Jon William Gilchrist,,,https://www.avvo.com/all-lawyers/ks/overland_park.html,Overland Park,KS,Johnson,(913) 469-4100,,General,Po Box 25625,66225-5625,Kansas City,2,
Douglas Keith DeZube,,,https://www.avvo.com/all-lawyers/ks/overland_park.html,Overland Park,KS,Johnson,,,General,Suite 3004400 W. 109th St,66211,Kansas City,2,
"Popp, Steven E",http://poppstevene.localsearch.com,,https://www.yellowpages.com/overland-park-ks/attorneys,Overland Park,KS,Johnson,(913) 660-0989,,General,10975 Benson Dr Ste 570,,Kansas City,2,
Bryan Elliot Mouber,,,https://www.avvo.com/all-lawyers/ks/overland_park.html,Overland Park,KS,Johnson,(913) 888-1000,,General,10111 W 87th St,66212-4673,Kansas City,2,
David Lewis Ballew,,,https://www.avvo.com/all-lawyers/ks/overland_park.html,Overland Park,KS,Johnson,,,General,,66210,Kansas City,2,
Michael Coffey O'Shaughnessy,,,https://www.avvo.com/all-lawyers/ks/overland_park.html,Overland Park,KS,Johnson,(913) 315-3255,,General,6360 Sprint Pkwy,66251-6101,Kansas City,2,
Lynn Garza Trevino-Legler,,,https://www.avvo.com/all-lawyers/ks/overland_park.html,Overland Park,KS,Johnson,(913) 488-1513,,General,11500 Outlook St Ste 400,66211-1804,Kansas City,2,
Allison Gail Confer,,,https://www.avvo.com/all-lawyers/ks/overland_park.html,Overland Park,KS,Johnson,(913) 888-1000,,General,10111 West 87th St,66212-4673,Kansas City,2,
Deron Anliker,,,https://lawyers.justia.com/lawyer/deron-anliker-917122,Overland Park,KS,Johnson,(913) 498-3536,,Personal Injury,11040 Oakmont St,66210,Kansas City,5,
Jodde O. Lanning,,,https://www.avvo.com/all-lawyers/ks/overland_park.html,Overland Park,KS,Johnson,(913) 469-4100,,General,Po Box 25625,66225-5625,Kansas City,2,
Christopher Arthur Brackman,,,https://www.avvo.com/all-lawyers/ks/overland_park.html,Overland Park,KS,Johnson,(816) 421-7100,,General,7101 College Blvd Ste 510,66210-2076,Kansas City,2,
David Ross Nachman,,,https://www.avvo.com/all-lawyers/ks/overland_park.html,Overland Park,KS,Johnson,(816) 285-6029,,General,"10990 Quivira Rd, Ste 200",66210,Kansas City,2,
John E Taylor,,,https://www.avvo.com/all-lawyers/ks/overland_park.html,Overland Park,KS,Johnson,(913) 387-3188,,General,Po Box 25345,66225-5345,Kansas City,2,
Brian Doerr,,,https://lawyers.justia.com/lawyer/brian-doerr-918473,Overland Park,KS,Johnson,(913) 498-3536,,General,11040 Oakmont St,66210,Kansas City,2,
Lauren Meredith Fletcher,,,https://www.avvo.com/all-lawyers/ks/overland_park.html,Overland Park,KS,Johnson,(913) 275-6521,,General,8600 Farley St Ste 100,66212-4677,Kansas City,2,
Leilani Rae Leighton,,,https://www.avvo.com/all-lawyers/ks/overland_park.html,Overland Park,KS,Johnson,(913) 888-1000,,General,10111 W 87th St,66212-4673,Kansas City,2,
Harry Everett Wigner Jr.,,,https://www.avvo.com/all-lawyers/ks/overland_park.html,Overland Park,KS,Johnson,(913) 451-5131,,General,7300 W 110th St Ste 150,66210-2387,Kansas City,2,
Michael Fergus Flanagan,,,https://www.avvo.com/all-lawyers/ks/overland_park.html,Overland Park,KS,Johnson,(913) 269-8280,,General,14005 Outlook St,66223-2957,Kansas City,2,
Blane Markley,,,https://lawyers.justia.com/lawyer/blane-markley-917203,Overland Park,KS,Johnson,(913) 342-2500,,General,7400 W 110th St,66210,Kansas City,2,
Caitlin Daly McPartland,,,https://www.avvo.com/all-lawyers/ks/overland_park.html,Overland Park,KS,Johnson,(913) 469-4100,,General,11000 King St,66210-1286,Kansas City,2,
Linda Parker Marshall,,,https://www.avvo.com/all-lawyers/ks/overland_park.html,Overland Park,KS,Johnson,(913) 951-8395,,General,9300 W 110th St Ste 160,66210-1423,Kansas City,2,
Christopher Charles Confer,,,https://www.avvo.com/all-lawyers/ks/overland_park.html,Overland Park,KS,Johnson,,,General,,66212,Kansas City,2,
Andrew Bernard Zarda,,,https://www.avvo.com/all-lawyers/ks/overland_park.html,Overland Park,KS,Johnson,(913) 498-3536,,General,9101 W 110th St Ste 200,66210-1449,Kansas City,2,
Issaku Yamaashi,,,https://www.avvo.com/all-lawyers/ks/overland_park.html,Overland Park,KS,Johnson,(913) 253-2153,,General,9225 Indian Creek Pkwy #600,66210,Kansas City,2,
James J. Cramer,,,https://www.avvo.com/all-lawyers/ks/overland_park.html,Overland Park,KS,Johnson,(913) 469-4100,,General,11000 King St Ste 200,66210-1286,Kansas City,2,
Jennifer Elizabeth Shafer,,,https://www.avvo.com/all-lawyers/ks/lenexa.html,Lenexa,KS,Johnson,,,General,,66227,Kansas City,2,
Jean Ann Uvodich,,,https://www.avvo.com/all-lawyers/ks/overland_park.html,Overland Park,KS,Johnson,(913) 568-9057,,General,12832 Haskins St,66213-2330,Kansas City,2,
Jack Epps,http://www.foulston.com,,https://lawyers.justia.com/lawyer/jack-epps-916550,Overland Park,KS,Johnson,(913) 498-2100,,Estate Planning,9225 Indian Creek Pkwy #600,66210,Kansas City,4,
Hissan Anis,,,https://www.avvo.com/all-lawyers/ks/overland_park.html,Overland Park,KS,Johnson,,,General,,66213,Kansas City,2,
Erik Michael Rome,,,https://www.avvo.com/all-lawyers/ks/overland_park.html,Overland Park,KS,Johnson,(913) 382-4126,,General,12980 Metcalf AvenueSuite 500,66213,Kansas City,2,
Trey Pettlon,,,https://www.avvo.com/all-lawyers/ks/olathe.html,Olathe,KS,Johnson,(913) 393-2100,,General,111 South Kansas Avenue,66061,Kansas City,2,
Ryan Stephan Ginie,,,https://www.avvo.com/all-lawyers/ks/olathe.html,Olathe,KS,Johnson,(913) 393-2100,,General,111 S. Kansas Ave.,66061,Kansas City,2,
David Adams,http://www.olathelaw.com,,https://lawyers.justia.com/lawyer/david-adams-921863,Olathe,KS,Johnson,(913) 782-5500,,Personal Injury,303 E Poplar St.,66061,Kansas City,5,
"Gyllenborg, Scott C",http://gyllenborg.com,,https://www.yellowpages.com/olathe-ks/attorneys,Olathe,KS,Johnson,(913) 782-1000,,General,201 N Cherry St,,Kansas City,2,
Patrick Michael Lewis,,,https://www.avvo.com/all-lawyers/ks/olathe.html,Olathe,KS,Johnson,(913) 558-3961,,General,130 N. Cherry Streetsuite 103,66061,Kansas City,2,
Leonard Hall,http://www.hallandgisilaw.com,,https://www.yellowpages.com/olathe-ks/attorneys,Olathe,KS,Johnson,(913) 782-4470,,General,103 N Chestnut St,,Kansas City,2,
Tyler Garretson,http://www.gwtfirm.com,,https://lawyers.justia.com/lawyer/tyler-garretson-920596,Olathe,KS,Johnson,(913) 948-6682,,DUI/DWI,105 East Park Street,66061,Kansas City,5,
Kelli Cooper,http://www.kellicooperlaw.com,,https://lawyers.justia.com/lawyer/kelli-cooper-1488508,Olathe,KS,Johnson,(913) 254-7600,,Divorce,142 N. Cherry St.,66061,Kansas City,5,
Cody Scott Hagan,,,https://www.avvo.com/all-lawyers/ks/olathe.html,Olathe,KS,Johnson,,,General,,66061,Kansas City,2,
Jessica Jenae Sokoloff,,,https://www.avvo.com/all-lawyers/ks/olathe.html,Olathe,KS,Johnson,(913) 254-7600,,General,142 N. Cherry St.,66061,Kansas City,2,
Christopher John Dimarco,,,https://www.avvo.com/all-lawyers/ks/olathe.html,Olathe,KS,Johnson,(913) 934-6333,,General,130 N Cherry St Ste 100,66061-3460,Kansas City,2,
Ryan Anthony Blay,,,https://www.avvo.com/all-lawyers/ks/olathe.html,Olathe,KS,Johnson,(913) 422-0909,,General,15095 W 116th St,66062-1098,Kansas City,2,
Catherine M. Decena,,,https://www.avvo.com/all-lawyers/ks/olathe.html,Olathe,KS,Johnson,(913) 890-4790,,General,130 N. CherrySte. 320,66061,Kansas City,2,
Zach Vadakakara Thomas,,,https://www.avvo.com/all-lawyers/ks/olathe.html,Olathe,KS,Johnson,(913) 717-9881,,General,232 S. Cherry,66061,Kansas City,2,
John Michael Duma,,,https://www.avvo.com/all-lawyers/ks/olathe.html,Olathe,KS,Johnson,(913) 782-7072,,General,303 E. Popular Street,66061,Kansas City,2,
Jeffrey Lee Wagoner,,,https://www.avvo.com/all-lawyers/ks/olathe.html,Olathe,KS,Johnson,(913) 422-0909,,General,15095 West 116th Street,66062,Kansas City,2,
Benjamin Earl Long,,,https://www.avvo.com/all-lawyers/ks/olathe.html,Olathe,KS,Johnson,(913) 782-5885,,General,"100 E. Park, Ste. 8",66051,Kansas City,2,
MaKenzi Denise Higgins,,,https://www.avvo.com/all-lawyers/ks/olathe.html,Olathe,KS,Johnson,(913) 764-8844,,General,430 E. Santa Fe StreetSuite 100,66061,Kansas City,2,
Jason Bryan Billam,,,https://www.avvo.com/all-lawyers/ks/olathe.html,Olathe,KS,Johnson,(913) 782-4030,,General,108 E. Poplar; Ste. B,66061,Kansas City,2,
Heather R. Landon,,,https://www.avvo.com/all-lawyers/ks/olathe.html,Olathe,KS,Johnson,(913) 254-7600,,General,142 N Cherry St,66061-3401,Kansas City,2,
Vincent Rivera,https://www.RiveraLawOffice.com,,https://lawyers.justia.com/lawyer/vincent-rivera-1560939,Olathe,KS,Johnson,(913) 210-0844,,DUI/DWI,100 E. Park St.,66061,Kansas City,5,
Elizabeth Dooley Walsh,,,https://lawyers.justia.com/lawyer/elizabeth-dooley-walsh-1255481,Olathe,KS,Johnson,(913) 890-4790,,General,130 N CHERRY ST,66061,Kansas City,2,
Ryan Christopher Evans,,,https://www.avvo.com/all-lawyers/ks/olathe.html,Olathe,KS,Johnson,(913) 764-8844,,General,232 S Cherry St,66061,Kansas City,2,
"Rohrbaugh, Mark A, ATTY",http://rohrbaughmarkaatty.localsearch.com,,https://www.yellowpages.com/olathe-ks/attorneys,Olathe,KS,Johnson,(913) 390-8555,,General,601 N Mur Len Rd Ste 20,,Kansas City,2,
Carly Farrell Boothe,,,https://www.avvo.com/all-lawyers/ks/olathe.html,Olathe,KS,Johnson,(913) 890-4790,,General,114 N Cherry St,66061-3401,Kansas City,2,
Chelsea Williamson,https://kansascitybankruptcy.com/,,https://lawyers.justia.com/lawyer/chelsea-williamson-1820567,Olathe,KS,Johnson,(913) 422-0909,,Bankruptcy,15095 W. 116th St.,66062,Kansas City,4,
Christopher F. Pickering,,,https://www.avvo.com/all-lawyers/ks/olathe.html,Olathe,KS,Johnson,(913) 647-9199,,General,130 N. CherrySuite 100,66061,Kansas City,2,
Spencer Claude Shields,,,https://www.avvo.com/all-lawyers/ks/olathe.html,Olathe,KS,Johnson,(913) 393-2080,,General,"12710 S Pflumm Rd, Suite 208",66062,Kansas City,2,
Nancy Leah Skinner,,,https://www.avvo.com/all-lawyers/ks/olathe.html,Olathe,KS,Johnson,(913) 839-3073,,General,100 E Park StreetSuite 205,66061,Kansas City,2,
Michael David Quinn,,,https://www.avvo.com/all-lawyers/ks/olathe.html,Olathe,KS,Johnson,(913) 667-7797,,General,115 E Park St Ste B,66061-3464,Kansas City,2,
Jordan Nicholas Cross,,,https://www.avvo.com/all-lawyers/ks/olathe.html,Olathe,KS,Johnson,(913) 782-5500,,General,303 E Poplar St,66061-3308,Kansas City,2,
James Michael McKain,,,https://www.avvo.com/all-lawyers/ks/olathe.html,Olathe,KS,Johnson,(913) 422-0909,,General,15095 W. 116th St,66062,Kansas City,2,
William David Langston,,,https://www.avvo.com/all-lawyers/ks/olathe.html,Olathe,KS,Johnson,,,General,115 East Park StreetSuite C,66061,Kansas City,2,
Michael Christopher Hunter,,,https://www.avvo.com/all-lawyers/ks/olathe.html,Olathe,KS,Johnson,(913) 732-3234,,General,115 E. Park St.Suite C,66061,Kansas City,2,
Bridget Ann Schell,,,https://www.avvo.com/all-lawyers/ks/olathe.html,Olathe,KS,Johnson,(913) 948-9560,,General,105 E Park St,66061-3428,Kansas City,2,
Richard Wayne Martin,,,https://www.avvo.com/all-lawyers/ks/olathe.html,Olathe,KS,Johnson,(913) 764-9700,,General,130 North Cherry StreetSuite 100,66061,Kansas City,2,
E. Todd Hottman,,,https://www.avvo.com/all-lawyers/ks/olathe.html,Olathe,KS,Johnson,(913) 262-4444,,General,130 North CherrySTE 105,66061,Kansas City,2,
"Smith, Donald S",https://www.manningandsmith.com,,https://www.yellowpages.com/olathe-ks/attorneys,Olathe,KS,Johnson,(913) 829-2255,,General,218 N Chestnut St,,Kansas City,2,
Veronica Lynn Dersch,,,https://www.avvo.com/all-lawyers/ks/olathe.html,Olathe,KS,Johnson,,,General,,66061,Kansas City,2,
Christopher Thomas Brown,,,https://www.avvo.com/all-lawyers/ks/olathe.html,Olathe,KS,Johnson,(913) 782-1400,,General,111 S Kansas Ave,66061-4434,Kansas City,2,
Jeremiah L. Johnson,,,https://www.avvo.com/all-lawyers/ks/olathe.html,Olathe,KS,Johnson,(866) 656-1268,,General,104 E. Poplan,66061,Kansas City,2,
Michael G. Page Jr.,,,https://lawyers.justia.com/lawyer/michael-g-page-jr-1488619,Olathe,KS,Johnson,(913) 232-1554,,DUI/DWI,115 East Park St.,66061,Kansas City,5,
Christopher M Reecht PA,https://cmrfamilylaw.com/contact,,https://www.yellowpages.com/olathe-ks/attorneys,Olathe,KS,Johnson,(913) 948-9585,,General,105 E Park St,,Kansas City,2,
Michael J. Bartee,,,https://www.avvo.com/all-lawyers/ks/olathe.html,Olathe,KS,Johnson,(913) 782-1000,,General,100 E Park St Ste 204,66061-3463,Kansas City,2,
Michelle Marie Wade,,,https://www.avvo.com/all-lawyers/ks/olathe.html,Olathe,KS,Johnson,(913) 777-4538,,General,1832 E 153rd Cir,66062-2956,Kansas City,2,
Dennis Lloyd Horner,,,https://www.avvo.com/all-lawyers/ks/olathe.html,Olathe,KS,Johnson,(913) 281-2375,,General,"Park Cherry Bldg., 100 East Park, Suite 204",66061,Kansas City,2,
Nikolas John Stavropoulos,,,https://www.avvo.com/all-lawyers/ks/olathe.html,Olathe,KS,Johnson,(913) 283-5303,,General,"115 E. Park Street, Suite B",66061,Kansas City,2,
Douglas B. Breyfogle,,,https://www.avvo.com/all-lawyers/ks/olathe.html,Olathe,KS,Johnson,(913) 349-8933,,General,430 E. Santa Fe StreetSuite 200,66061,Kansas City,2,
"Kerr, Jadh, ATTY",http://kerrjadhatty.localsearch.com,,https://www.yellowpages.com/olathe-ks/attorneys,Olathe,KS,Johnson,(913) 782-1000,,General,100 E Park St,,Kansas City,2,
Evan M. O'Brien,,,https://www.avvo.com/all-lawyers/ks/olathe.html,Olathe,KS,Johnson,(913) 535-6920,,General,115 E Park St Ste A,66061-3464,Kansas City,2,
Danielle Nicole Moncayo Wingfield,,,https://www.avvo.com/all-lawyers/ks/olathe.html,Olathe,KS,Johnson,(913) 295-9299,,General,12755 S Mur Len Rd Ste B6,66062-5444,Kansas City,2,
Zachary Paul Roberson,,,https://www.avvo.com/all-lawyers/ks/olathe.html,Olathe,KS,Johnson,(913) 747-6488,,General,105 East Park St.,66061,Kansas City,2,
Roy Walton Mozingo,,,https://www.avvo.com/all-lawyers/ks/olathe.html,Olathe,KS,Johnson,,,General,,66061,Kansas City,2,
Joel Irwin Krieger,,,https://www.avvo.com/all-lawyers/ks/olathe.html,Olathe,KS,Johnson,(913) 782-1000,,General,100 East Park StreetSuite 204,66061,Kansas City,2,
Brandon Todd Hottman,,,https://www.avvo.com/all-lawyers/ks/olathe.html,Olathe,KS,Johnson,(913) 829-8755,,General,115 E Park St Ste A,66061-3464,Kansas City,2,
Paul J. Morrison,,,https://www.avvo.com/all-lawyers/ks/olathe.html,Olathe,KS,Johnson,(913) 440-0832,,General,130 North Cherry StreetSuite 103,66061,Kansas City,2,
"Bell-Lloyd, Lewanna",http://belllloydlewanna.localsearch.com,,https://www.yellowpages.com/olathe-ks/attorneys,Olathe,KS,Johnson,(913) 782-5544,,General,214 S Chestnut St,,Kansas City,2,
Weston Moore,https://www.kslegalhelp.com/,,https://lawyers.justia.com/lawyer/weston-moore-1490180,Olathe,KS,Johnson,(913) 782-7075,,Bankruptcy,13401 South Mur-Len Road,66062,Kansas City,4,
Lisa Lee Martin,,,https://www.avvo.com/all-lawyers/ks/olathe.html,Olathe,KS,Johnson,(913) 782-1000,,General,100 E Park St Ste 204,66061-3463,Kansas City,2,
Carissa Marie Leffler,,,https://www.avvo.com/all-lawyers/ks/olathe.html,Olathe,KS,Johnson,(913) 829-8755,,General,115 E Park St Ste A,66061-3464,Kansas City,2,
Marc H. Berry,,,https://www.avvo.com/all-lawyers/ks/olathe.html,Olathe,KS,Johnson,(913) 829-4151,,General,110 S Cherry St Ste 203,66061-3406,Kansas City,2,
Zane Lee Todd Jr.,,,https://www.avvo.com/all-lawyers/ks/olathe.html,Olathe,KS,Johnson,(913) 254-9241,,General,110 S Cherry St Ste 103,66061-3441,Kansas City,2,
Mark J. Eichholz,,,https://www.avvo.com/all-lawyers/ks/olathe.html,Olathe,KS,Johnson,(913) 764-8000,,General,130 N Cherry StreetSuite 101,66061,Kansas City,2,
Carl E. Cornwell,,,https://www.avvo.com/all-lawyers/ks/olathe.html,Olathe,KS,Johnson,(913) 254-7600,,General,142 N Cherry St,66061-3401,Kansas City,2,
Charles Andres,,,https://lawyers.justia.com/lawyer/charles-andres-922477,Olathe,KS,Johnson,(913) 782-8298,,Estate Planning,130 N Cherry St,66061,Kansas City,4,
Rachel Lipman Reiber,,,https://www.avvo.com/all-lawyers/ks/olathe.html,Olathe,KS,Johnson,(913) 782-5544,,General,214 S Chestnut St Ste 3,66061-4429,Kansas City,2,
W. Scott Toth,,,https://www.avvo.com/all-lawyers/ks/olathe.html,Olathe,KS,Johnson,(913) 971-0296,,General,105 East Park Street,66061,Kansas City,2,
Sean Michael Brown,,,https://www.avvo.com/all-lawyers/ks/olathe.html,Olathe,KS,Johnson,(913) 782-5500,,General,303 E Poplar St,66061,Kansas City,2,
Michael Ray Lawless,,,https://www.avvo.com/all-lawyers/ks/olathe.html,Olathe,KS,Johnson,,,General,,66062,Kansas City,2,
Oscar Patricio Espinoza,,,https://www.avvo.com/all-lawyers/ks/olathe.html,Olathe,KS,Johnson,(281) 770-7632,,General,P.O. Box 3676,66063,Kansas City,2,
Meghan E. Lewis,,,https://www.avvo.com/all-lawyers/ks/olathe.html,Olathe,KS,Johnson,,,General,,66061,Kansas City,2,
Adam Corwin Peer,,,https://www.avvo.com/all-lawyers/ks/olathe.html,Olathe,KS,Johnson,(913) 957-0445,,General,108 E Cedar St,66061-4417,Kansas City,2,
Robert G. Scott,,,https://www.avvo.com/all-lawyers/ks/olathe.html,Olathe,KS,Johnson,(913) 390-6776,,General,303 E Poplar St # 101,66061-3308,Kansas City,2,
Natalie Ann Chalmers,,,https://www.avvo.com/all-lawyers/ks/olathe.html,Olathe,KS,Johnson,,,General,18765 W 161st St,66062-3161,Kansas City,2,
Emily Elizabeth Disney,,,https://www.avvo.com/all-lawyers/ks/olathe.html,Olathe,KS,Johnson,(913) 715-3000,,General,Po Box 728,66051-0728,Kansas City,2,
David Wesley Hauber,,,https://www.avvo.com/all-lawyers/ks/olathe.html,Olathe,KS,Johnson,(913) 715-3810,,General,150 W Santa Fe StJohnson County Courthouse,66061-3272,Kansas City,2,
David Nathan Blomquist,,,https://www.avvo.com/all-lawyers/ks/olathe.html,Olathe,KS,Johnson,(816) 274-0218,,General,13793 W 121st St,66062-4948,Kansas City,2,
"Corder, Mark A",http://cordermarka.localsearch.com,,https://www.yellowpages.com/olathe-ks/attorneys,Olathe,KS,Johnson,(913) 764-8844,,General,232 S Cherry St,,Kansas City,2,
Robert James Wonnell,,,https://www.avvo.com/all-lawyers/ks/olathe.html,Olathe,KS,Johnson,,,General,,66061,Kansas City,2,
Michael Richard-Tel Parrett,,,https://www.avvo.com/all-lawyers/ks/olathe.html,Olathe,KS,Johnson,(913) 777-4529,,General,110 S Cherry St Ste 203,66061-3406,Kansas City,2,
Douglas R. Richmond,,,https://www.avvo.com/all-lawyers/ks/olathe.html,Olathe,KS,Johnson,,,General,,66061,Kansas City,2,
Kathleen Lynn Sloan,,,https://www.avvo.com/all-lawyers/ks/olathe.html,Olathe,KS,Johnson,(913) 715-3840,,General,150 W Santa Fe St,66061-3272,Kansas City,2,
Robert Eldon Mc Rorey,,,https://www.avvo.com/all-lawyers/ks/olathe.html,Olathe,KS,Johnson,(913) 780-4200,,General,Po Box 61108 E Cedar,66051-0061,Kansas City,2,
Shawn Eric Minihan,,,https://www.avvo.com/all-lawyers/ks/olathe.html,Olathe,KS,Johnson,(913) 715-3124,,General,Po Box 728,66051-0728,Kansas City,2,
Erica Kay Schoenig,,,https://www.avvo.com/all-lawyers/ks/olathe.html,Olathe,KS,Johnson,(913) 440-0843,,General,111 South Kansas Avenue,66061-4434,Kansas City,2,
Krystal Nicole Morgan Adams,,,https://www.avvo.com/all-lawyers/ks/olathe.html,Olathe,KS,Johnson,(913) 829-8755,,General,115 E Park St Ste A,66061-3464,Kansas City,2,
Anita Mugan Tebbe,,,https://www.avvo.com/all-lawyers/ks/olathe.html,Olathe,KS,Johnson,(913) 961-7857,,General,11444 S Brownridge St,66061-2836,Kansas City,2,
Steven Dean Nelson,,,https://www.avvo.com/all-lawyers/ks/overland_park.html,Overland Park,KS,Johnson,(913) 709-1901,,General,12312 Perry St,66213-1811,Kansas City,2,
John Michael Grear,,,https://www.avvo.com/all-lawyers/ks/olathe.html,Olathe,KS,Johnson,(913) 764-1513,,General,"100 East Park, Suite 6",66061,Kansas City,2,
Christopher Aaron Pittman,,,https://www.avvo.com/all-lawyers/ks/olathe.html,Olathe,KS,Johnson,,,General,,66063,Kansas City,2,
Michelle Rene Durrett,,,https://www.avvo.com/all-lawyers/ks/olathe.html,Olathe,KS,Johnson,(913) 829-8755,,General,115 E Park St Ste A10th J D Public Defender's Office,66061-3464,Kansas City,2,
Edward Lowell Bigus,,,https://www.avvo.com/all-lawyers/ks/olathe.html,Olathe,KS,Johnson,,,General,,66061,Kansas City,2,
Keith Lyman Whiteford,,,https://www.avvo.com/all-lawyers/ks/olathe.html,Olathe,KS,Johnson,(913) 602-0913,,General,14589 S Greenwood St,66062-9008,Kansas City,2,
Beth Anne Forwalder,,,https://www.avvo.com/all-lawyers/ks/olathe.html,Olathe,KS,Johnson,,,General,,66061,Kansas City,2,
Cheryl Ann Marquardt,,,https://www.avvo.com/all-lawyers/ks/olathe.html,Olathe,KS,Johnson,(913) 322-4916,,General,21350 W 153rd St,66061-5413,Kansas City,2,
Dean Garland,,,https://lawyers.justia.com/lawyer/dean-garland-922466,Olathe,KS,Johnson,(913) 780-1007,,General,103 E Park St,66061,Kansas City,2,
John Bernard McEntee Jr.,,,https://www.avvo.com/all-lawyers/ks/olathe.html,Olathe,KS,Johnson,(913) 715-3348,,General,150 W Santa Fe StDivision M4 Johnson County Courthouse,66061-3272,Kansas City,2,
Robert P. Wray,,,https://www.avvo.com/all-lawyers/ks/olathe.html,Olathe,KS,Johnson,,,General,,66061,Kansas City,2,
Marlon Williams,,,https://www.avvo.com/all-lawyers/ks/olathe.html,Olathe,KS,Johnson,(913) 375-4076,,General,1255 N Parker St,66061-9314,Kansas City,2,
William A. Mayer,,,https://www.avvo.com/all-lawyers/ks/olathe.html,Olathe,KS,Johnson,,,General,,66061,Kansas City,2,
Christian Scott Webb,,,https://www.avvo.com/all-lawyers/ks/olathe.html,Olathe,KS,Johnson,(913) 948-6680,,General,105 E Park St,66061-3428,Kansas City,2,
Teresa Ramona Keller,,,https://www.avvo.com/all-lawyers/ks/olathe.html,Olathe,KS,Johnson,(800) 367-1565,,General,18000 W 105th St,66061-7543,Kansas City,2,
Robert Randolph Short II,,,https://www.avvo.com/all-lawyers/ks/olathe.html,Olathe,KS,Johnson,(913) 715-3023,,General,150 W Santa Fe St,66061-3272,Kansas City,2,
Stephen Michael Howe,,,https://www.avvo.com/all-lawyers/ks/olathe.html,Olathe,KS,Johnson,(913) 715-3001,,General,150 W Santa Fe St Fl 3,66061-3272,Kansas City,2,
Terri A. Zukel Austenfeld,,,https://www.avvo.com/all-lawyers/ks/olathe.html,Olathe,KS,Johnson,(913) 449-0204,,General,1614 S Lakestone Dr,66061-5137,Kansas City,2,
Tiffany Diane Hogan,,,https://www.avvo.com/all-lawyers/ks/olathe.html,Olathe,KS,Johnson,(913) 815-4077,,General,110 South Cherry StreetSuite A,66061,Kansas City,2,
Stephanie Elizabeth Buek Goodenow,,,https://www.avvo.com/all-lawyers/ks/olathe.html,Olathe,KS,Johnson,(913) 715-3982,,General,150 W Santa Fe St # 20,66061-3272,Kansas City,2,
Steve Allen Schwarm,,,https://www.avvo.com/all-lawyers/ks/olathe.html,Olathe,KS,Johnson,,,General,,66061,Kansas City,2,
Joshua H. Maxfield,,,https://www.avvo.com/all-lawyers/ks/olathe.html,Olathe,KS,Johnson,,,General,,66062,Kansas City,2,
Jaclynn Jo Bivens Moore,,,https://www.avvo.com/all-lawyers/ks/olathe.html,Olathe,KS,Johnson,(913) 715-3000,,General,150 W Santa Fe St,66061-3272,Kansas City,2,
Thomas M. Damas,,,https://www.avvo.com/all-lawyers/ks/olathe.html,Olathe,KS,Johnson,(913) 829-8651,,General,14395 W 142nd St,66062-5803,Kansas City,2,
Everett Leigh Hood,,,https://www.avvo.com/all-lawyers/ks/olathe.html,Olathe,KS,Johnson,(620) 338-0524,,General,20548 W 113 Th St,66061-9116,Kansas City,2,
Brian Charles Paden,,,https://www.avvo.com/all-lawyers/ks/olathe.html,Olathe,KS,Johnson,(913) 782-5544,,General,214 S Chestnut St Ste 2,66061-4429,Kansas City,2,
Michael John Yost,,,https://www.avvo.com/all-lawyers/ks/olathe.html,Olathe,KS,Johnson,,,General,,66061,Kansas City,2,
Nicholas Saldan,,,https://www.avvo.com/all-lawyers/ks/olathe.html,Olathe,KS,Johnson,(913) 715-1854,,General,111 S Cherry St Ste 3200,66061-3487,Kansas City,2,
Lance Kinzer,,,https://directory-kard.kscourts.gov/Home/Details?regNum=17136,Olathe,KS,Johnson,913-461-1227,,General,12549 S Brougham,66062,Kansas City,2,
Steven Glenn Trebbe,,,https://www.avvo.com/all-lawyers/ks/olathe.html,Olathe,KS,Johnson,(913) 210-7014,,General,500 N Rogers Rd Ste 100,66062-1885,Kansas City,2,
Lenin Guerra,,,https://lawyers.justia.com/lawyer/lenin-guerra-918464,Olathe,KS,Johnson,(913) 782-2202,,General,108 E Cedar St,66061,Kansas City,2,
James F. Vano,,,https://www.avvo.com/all-lawyers/ks/olathe.html,Olathe,KS,Johnson,(913) 715-3760,,General,150 W Santa Fe StJohnson County Courthouse,66061-3272,Kansas City,2,
Rhonda Kai Mason,,,https://www.avvo.com/all-lawyers/ks/olathe.html,Olathe,KS,Johnson,,,General,,66061,Kansas City,2,
Neil B. Foth,,,https://www.avvo.com/all-lawyers/ks/olathe.html,Olathe,KS,Johnson,(913) 715-3900,,General,150 W Santa Fe St # Division # 16,66061-3272,Kansas City,2,
Trina Antoinette Nudson,,,https://www.avvo.com/all-lawyers/ks/olathe.html,Olathe,KS,Johnson,(913) 829-8838,,General,313 N Chestnut St,66061-3303,Kansas City,2,
Michael McCulloch,,,https://lawyers.justia.com/lawyer/michael-mcculloch-924194,Olathe,KS,Johnson,(913) 829-8755,,General,127 S Kansas Ave,66061,Kansas City,2,
Bryan Patrick Cardwell,,,https://www.avvo.com/all-lawyers/ks/olathe.html,Olathe,KS,Johnson,(913) 422-0909,,General,15095 W 116th St,66062-1098,Kansas City,2,
Michcael D. Anderson,,,https://www.avvo.com/all-lawyers/ks/olathe.html,Olathe,KS,Johnson,(913) 780-5878,,General,110 N Cherry St Ste 230,66061-3430,Kansas City,2,
James Joseph Roddy,,,https://www.avvo.com/all-lawyers/ks/olathe.html,Olathe,KS,Johnson,(913) 752-4252,,General,17200 W 119th St,66061-7054,Kansas City,2,
Laura Worrall,,,https://www.avvo.com/all-lawyers/ks/olathe.html,Olathe,KS,Johnson,(913) 397-6333,,General,102 S. Cherry.Suite. 4,66061,Kansas City,2,
Cynthia Chillemi Dunham,,,https://www.avvo.com/all-lawyers/ks/olathe.html,Olathe,KS,Johnson,(913) 715-1900,,General,111 S Cherry St Ste 3200,66061-3487,Kansas City,2,
Kathryn Jermann Marsh,,,https://www.avvo.com/all-lawyers/ks/olathe.html,Olathe,KS,Johnson,(913) 782-1400,,General,111 S Kansas Ave,66061-4434,Kansas City,2,
Michael Thomas Tharp,,,https://www.avvo.com/all-lawyers/ks/olathe.html,Olathe,KS,Johnson,(913) 971-6742,,General,1200 S Harrison StCity Of Olathe Prosecutors Office,66061-4606,Kansas City,2,
Scott Christopher Mason,,,https://www.avvo.com/all-lawyers/ks/olathe.html,Olathe,KS,Johnson,,,General,,66062,Kansas City,2,
Patrick Lorance Courtney,,,https://www.avvo.com/all-lawyers/ks/olathe.html,Olathe,KS,Johnson,(913) 577-0355,,General,10841 S Ridgeview Rd,66061-6456,Kansas City,2,
Scott Anthony Crist,,,https://www.avvo.com/all-lawyers/ks/olathe.html,Olathe,KS,Johnson,(913) 856-8416,,General,14961 S Glen Eyrie St,66061-8519,Kansas City,2,
Michael Francis McElhinney,,,https://www.avvo.com/all-lawyers/ks/olathe.html,Olathe,KS,Johnson,(913) 980-5577,,General,12362 S Sagebrush Dr,66061-6637,Kansas City,2,
Clark Howard Davis,,,https://www.avvo.com/all-lawyers/ks/olathe.html,Olathe,KS,Johnson,(913) 221-4435,,General,303 E Poplar St,66061-3308,Kansas City,2,
Dana Pugh Tafreshi,,,https://www.avvo.com/all-lawyers/ks/olathe.html,Olathe,KS,Johnson,(913) 735-4215,,General,Po Box 2844,66063-0844,Kansas City,2,
Julia Riggle McKee,,,https://www.avvo.com/all-lawyers/ks/olathe.html,Olathe,KS,Johnson,,,General,,66062,Kansas City,2,
Seth Michael Wood,,,https://www.avvo.com/all-lawyers/ks/olathe.html,Olathe,KS,Johnson,(913) 940-9466,,General,130 N Cherry St Ste 105,66061-3491,Kansas City,2,
Yvonne Marie Ernzen,,,https://www.avvo.com/all-lawyers/ks/olathe.html,Olathe,KS,Johnson,(913) 402-0008,,General,303 E Poplar St,66061-3308,Kansas City,2,
Marilyn K. Slezak,,,https://www.avvo.com/all-lawyers/ks/olathe.html,Olathe,KS,Johnson,(913) 829-0012,,General,Po Box 921,66051-0921,Kansas City,2,
F. Lawrence Mc Aulay,,,https://www.avvo.com/all-lawyers/ks/olathe.html,Olathe,KS,Johnson,(913) 715-1901,,General,111 S Cherry St Ste 3200,66061-3487,Kansas City,2,
Nathan Palmer Dayani,,,https://www.avvo.com/all-lawyers/ks/olathe.html,Olathe,KS,Johnson,,,General,,66061,Kansas City,2,
Steven Max Johnson,,,https://www.avvo.com/all-lawyers/ks/overland_park.html,Overland Park,KS,Johnson,,,General,,66213,Kansas City,2,
Barry D. Martin,,,https://www.avvo.com/all-lawyers/ks/olathe.html,Olathe,KS,Johnson,(913) 782-1000,,General,100 E Park St Ste 204,66061-3463,Kansas City,2,
George J. Schlagel,,,https://www.avvo.com/all-lawyers/ks/olathe.html,Olathe,KS,Johnson,(913) 782-5885,,General,100 E Park St Ste 8,66061-3463,Kansas City,2,
Richard Joseph Lind,,,https://www.avvo.com/all-lawyers/ks/olathe.html,Olathe,KS,Johnson,(913) 715-1900,,General,111 S Cherry St Ste 3200,66061-3487,Kansas City,2,
Patrick Andrew Looby,,,https://www.avvo.com/all-lawyers/ks/olathe.html,Olathe,KS,Johnson,(913) 440-6494,,General,1200 E 151st St,66062-3426,Kansas City,2,
Kelly Renee Driscoll,,,https://www.avvo.com/all-lawyers/ks/olathe.html,Olathe,KS,Johnson,(913) 829-8755,,General,115 E Park St Ste A,66061-3464,Kansas City,2,
William Fahy Hurst IV,,,https://www.avvo.com/all-lawyers/ks/olathe.html,Olathe,KS,Johnson,(913) 715-3000,,General,Po Box 728,66051-0728,Kansas City,2,
Sonja Garrelts,,,https://www.avvo.com/all-lawyers/ks/olathe.html,Olathe,KS,Johnson,(913) 298-7335,,General,10841 S Ridgeview Rd,66061-6456,Kansas City,2,
Bradly Harold Bergman,,,https://www.avvo.com/all-lawyers/ks/olathe.html,Olathe,KS,Johnson,,,General,,66061,Kansas City,2,
Jonathan Mark Bruce,,,https://www.avvo.com/all-lawyers/ks/olathe.html,Olathe,KS,Johnson,(859) 905-9678,,General,17350 S Ridgeview Rd,66062-9534,Kansas City,2,
Julie E. Richey,,,https://www.avvo.com/all-lawyers/ks/olathe.html,Olathe,KS,Johnson,(620) 230-8608,,General,25321 W 105th Ter,66061-7655,Kansas City,2,
Brenda M. Cameron,,,https://www.avvo.com/all-lawyers/ks/olathe.html,Olathe,KS,Johnson,(913) 715-3872,,General,150 W Santa Fe St,66061-3272,Kansas City,2,
Lane Michael Pivonka,,,https://www.avvo.com/all-lawyers/ks/olathe.html,Olathe,KS,Johnson,(913) 599-3815,,General,20680 W 115th Ter,66061-5640,Kansas City,2,
Jarod Gregory Goff,,,https://www.avvo.com/all-lawyers/ks/olathe.html,Olathe,KS,Johnson,,,General,,66062,Kansas City,2,
"Mitchell, Amy R",http://yellowpages.com/olathe-ks/mip/adams-cross-llc-10375192,,https://www.yellowpages.com/olathe-ks/attorneys,Olathe,KS,Johnson,(913) 782-2720,,General,110 N Cherry St,,Kansas City,2,
Leigh Lauren Burke,,,https://www.avvo.com/all-lawyers/ks/olathe.html,Olathe,KS,Johnson,,,General,,66061,Kansas City,2,
Brian Thomas Israel,,,https://www.avvo.com/all-lawyers/ks/olathe.html,Olathe,KS,Johnson,(913) 310-8130,,General,10789 S Ridgeview Rd,66061-6448,Kansas City,2,
Chad Joseph Sublet,,,https://www.avvo.com/all-lawyers/ks/olathe.html,Olathe,KS,Johnson,(913) 971-6742,,General,1200 S Harrison StCity Of Olathe,66061-4606,Kansas City,2,
Andrew Russell Etkind,,,https://www.avvo.com/all-lawyers/ks/olathe.html,Olathe,KS,Johnson,(913) 440-1212,,General,1200 E 151st St,66062-3426,Kansas City,2,
Linda Christine Krebs,,,https://www.avvo.com/all-lawyers/ks/olathe.html,Olathe,KS,Johnson,,,General,12967 South Widmer,66062,Kansas City,2,
W. Bruce Anderson,,,https://www.avvo.com/all-lawyers/ks/olathe.html,Olathe,KS,Johnson,,,General,,66062,Kansas City,2,
Michael Price,,,https://lawyers.justia.com/lawyer/michael-price-916568,Olathe,KS,Johnson,(913) 971-8727,,General,100 E Santa Fe St,66061,Kansas City,2,
Lori Nichole Edwards-McGee,,,https://www.avvo.com/all-lawyers/ks/olathe.html,Olathe,KS,Johnson,(913) 777-4538,,General,1832 E 153rd Cir,66062-2956,Kansas City,2,
Amanda Lee Stanley,,,https://www.avvo.com/all-lawyers/ks/olathe.html,Olathe,KS,Johnson,(913) 971-8726,,General,100 E Santa Fe StCity Of Olathe   City Attorneys Office,66061-3409,Kansas City,2,
Christopher Michael Grunewald,,,https://www.avvo.com/all-lawyers/ks/lenexa.html,Lenexa,KS,Johnson,,,General,,66227,Kansas City,2,
Terri Lynn Steele,,,https://www.avvo.com/all-lawyers/ks/olathe.html,Olathe,KS,Johnson,,,General,,66062,Kansas City,2,
Christopher Warren Dawson,,,https://www.avvo.com/all-lawyers/ks/overland_park.html,Overland Park,KS,Johnson,364790505010,,General,10801 Mastin St Ste 1000,66210-1697,Kansas City,2,
Todd Christopher Hiestand,,,https://www.avvo.com/all-lawyers/ks/olathe.html,Olathe,KS,Johnson,(913) 971-3611,,General,2030 E College Way,66062-1851,Kansas City,2,
Robert Allen Ford,,,https://www.avvo.com/all-lawyers/ks/olathe.html,Olathe,KS,Johnson,(913) 715-1851,,General,111 S Cherry St Ste 3200,66061-3487,Kansas City,2,
Andrew Joseph Jennings,,,https://www.avvo.com/all-lawyers/ks/olathe.html,Olathe,KS,Johnson,(913) 715-3138,,General,150 W Santa Fe St,66061-3272,Kansas City,2,
Samantha Kay Shannon Thexton,,,https://www.avvo.com/all-lawyers/ks/olathe.html,Olathe,KS,Johnson,(913) 715-3000,,General,150 W Santa Fe St Fl 3,66061-3272,Kansas City,2,
Mary Martin Buhl,,,https://www.avvo.com/all-lawyers/ks/olathe.html,Olathe,KS,Johnson,(913) 715-1900,,General,111 S Cherry St Ste 3200,66061-3487,Kansas City,2,
Emilie Irene Burdette,,,https://www.avvo.com/all-lawyers/ks/olathe.html,Olathe,KS,Johnson,(913) 715-3000,,General,150 W Santa Fe St Fl 3,66061-3272,Kansas City,2,
Donald W. Hymer Jr.,,,https://www.avvo.com/all-lawyers/ks/olathe.html,Olathe,KS,Johnson,(913) 715-3047,,General,150 W Santa Fe StJohnson County Courthouse,66061-3272,Kansas City,2,
Patricia A. Harris,,,https://www.avvo.com/all-lawyers/ks/olathe.html,Olathe,KS,Johnson,(913) 390-4784,,General,12125 S Blackbob Rd Apt 101,66062-6916,Kansas City,2,
Ethan Norman Brown,,,https://www.avvo.com/all-lawyers/ks/olathe.html,Olathe,KS,Johnson,(913) 715-1864,,General,111 S Cherry St Ste 3200,66061-3487,Kansas City,2,
Kevin Joseph O'Connor,,,https://www.avvo.com/all-lawyers/ks/olathe.html,Olathe,KS,Johnson,(913) 715-3000,,General,150 W Santa Fe St Fl 3,66061-3272,Kansas City,2,
Katherine Kaye McElhinney,,,https://www.avvo.com/all-lawyers/ks/olathe.html,Olathe,KS,Johnson,(913) 971-6393,,General,Po Box 768City Of Olathe Municipal Court,66051-0768,Kansas City,2,
Daniel Grant Obermeier,,,https://www.avvo.com/all-lawyers/ks/olathe.html,Olathe,KS,Johnson,(913) 715-3171,,General,150 W Santa Fe St Fl 3,66061-3272,Kansas City,2,
Robert Kay Collins,,,https://www.avvo.com/all-lawyers/ks/olathe.html,Olathe,KS,Johnson,(913) 538-7472,,General,Po Box 4786,66063-4786,Kansas City,2,
Timothy J. Turner,,,https://www.avvo.com/all-lawyers/ks/olathe.html,Olathe,KS,Johnson,(913) 568-8520,,General,17098 W 168th Pl,66062-8033,Kansas City,2,
Jordan Bradley Burns,,,https://www.avvo.com/all-lawyers/ks/olathe.html,Olathe,KS,Johnson,,,General,,66061,Kansas City,2,
Danetta Faye Mendenhall,,,https://www.avvo.com/all-lawyers/ks/olathe.html,Olathe,KS,Johnson,(913) 715-3000,,General,150 W Santa Fe StJohnson County District Courthouse,66061-3272,Kansas City,2,
Maureen A. Brackett,,,https://www.avvo.com/all-lawyers/ks/olathe.html,Olathe,KS,Johnson,(773) 307-6694,,General,100 N Kansas Ave,66061-3278,Kansas City,2,
Robert Gary Gallimore,,,https://www.avvo.com/all-lawyers/ks/olathe.html,Olathe,KS,Johnson,,,General,,66051,Kansas City,2,
Christopher Lane McMullin,,,https://www.avvo.com/all-lawyers/ks/olathe.html,Olathe,KS,Johnson,(913) 715-3074,,General,150 W Santa Fe St Fl 3,66061-3272,Kansas City,2,
Wayne Eric Smith,,,https://www.avvo.com/all-lawyers/ks/olathe.html,Olathe,KS,Johnson,,,General,,66061,Kansas City,2,
Sarah Hill,https://www.hilllawkc.com,,https://lawyers.justia.com/lawyer/sarah-hill-1667081,Olathe,KS,Johnson,(913) 232-2445,,Divorce,"142 N. Cherry St., Suite 200",66061,Kansas City,5,
Keven Michael P. O'Grady,,,https://www.avvo.com/all-lawyers/ks/olathe.html,Olathe,KS,Johnson,(913) 715-3750,,General,150 W Santa Fe StKansas 10th Judicial District Div 1,66061-3272,Kansas City,2,
Pet Xavier Andrews,,,https://www.avvo.com/all-lawyers/ks/olathe.html,Olathe,KS,Johnson,(913) 715-3086,,General,150 W Santa Fe St Fl 3,66061-3272,Kansas City,2,
Richelle Dawn Marting,,,https://www.avvo.com/all-lawyers/ks/olathe.html,Olathe,KS,Johnson,,,General,,66061,Kansas City,2,
Mary Eileen Heble,,,https://www.avvo.com/all-lawyers/ks/olathe.html,Olathe,KS,Johnson,(913) 486-4755,,General,11739 S Sumac St,66061-6019,Kansas City,2,
David Victor Ayres,,,https://www.avvo.com/all-lawyers/ks/olathe.html,Olathe,KS,Johnson,(913) 440-2386,,General,1200 E 151st St,66062-3426,Kansas City,2,
Maxwell Mirza Ali,,,https://www.avvo.com/all-lawyers/ks/olathe.html,Olathe,KS,Johnson,(913) 440-5933,,General,1200 E 151st St,66062-3426,Kansas City,2,
Mark Nathaniel Skoglund,,,https://www.avvo.com/all-lawyers/ks/olathe.html,Olathe,KS,Johnson,,,General,11760 S Shannan St Apt 509,66062-3697,Kansas City,2,
Michael Patrick Joyce,,,https://www.avvo.com/all-lawyers/ks/olathe.html,Olathe,KS,Johnson,,,General,,66061,Kansas City,2,
Mark Patrick Schmidt,,,https://www.avvo.com/all-lawyers/ks/olathe.html,Olathe,KS,Johnson,(913) 221-6474,,General,13971 W 148th St,66062-5041,Kansas City,2,
Jacob Michael Gontesky,,,https://www.avvo.com/all-lawyers/ks/olathe.html,Olathe,KS,Johnson,(913) 715-3048,,General,150 W Santa Fe St,66061-3272,Kansas City,2,
J. Michael Haskin,,,https://www.avvo.com/all-lawyers/ks/olathe.html,Olathe,KS,Johnson,,,General,Suite 203100 East Park,66061,Kansas City,2,
Robert Rogers,,,https://lawyers.justia.com/lawyer/robert-rogers-921626,Olathe,KS,Johnson,(913) 768-6677,,General,710 N Lindenwood Dr,66062,Kansas City,2,
Katherine C Teichmeier Opie,,,https://www.avvo.com/all-lawyers/ks/olathe.html,Olathe,KS,Johnson,,,General,,66061,Kansas City,2,
Katherine Teichmeier Opie,,,https://lawyers.justia.com/lawyer/katherine-teichmeier-opie-917129,Olathe,KS,Johnson,(913) 451-8430,,General,10343 S Highland Cir,66061,Kansas City,2,
Melinda Grace Parrish,,,https://www.avvo.com/all-lawyers/ks/olathe.html,Olathe,KS,Johnson,(913) 715-3087,,General,150 W Santa Fe St,66061-3272,Kansas City,2,
Ronald Roman Shaver,,,https://www.avvo.com/all-lawyers/ks/olathe.html,Olathe,KS,Johnson,(913) 971-8938,,General,Po Box 768City Of Olathe,66051-0768,Kansas City,2,
Timothy J. Arehart,,,https://www.avvo.com/all-lawyers/ks/olathe.html,Olathe,KS,Johnson,(913) 782-8274,,General,303 E Poplar St,66061-3308,Kansas City,2,
Lloyd Donald Huelson Jr.,,,https://www.avvo.com/all-lawyers/ks/olathe.html,Olathe,KS,Johnson,(866) 957-1400,,General,16007 S Brookfield St,66062-3933,Kansas City,2,
Krishnan Christopher Jayaram,,,https://www.avvo.com/all-lawyers/ks/olathe.html,Olathe,KS,Johnson,(913) 715-3860,,General,150 W Santa Fe StJohnson County Courthouse,66061-3272,Kansas City,2,
Paul Edward Cassat,,,https://www.avvo.com/all-lawyers/ks/olathe.html,Olathe,KS,Johnson,(913) 397-8200,,General,1200 E 151st St,66062-3426,Kansas City,2,
Denise Marie Howard,,,https://www.avvo.com/all-lawyers/ks/olathe.html,Olathe,KS,Johnson,,,General,,66061,Kansas City,2,
Branden Alexander Bell,,,https://www.avvo.com/all-lawyers/ks/olathe.html,Olathe,KS,Johnson,(913) 815-1500,,General,100 E Park St.Ste. 209,66061,Kansas City,2,
Gregory Allen Moore,,,https://www.avvo.com/all-lawyers/ks/olathe.html,Olathe,KS,Johnson,,,General,,66061,Kansas City,2,
Cathy Ann Eaton,,,https://www.avvo.com/all-lawyers/ks/olathe.html,Olathe,KS,Johnson,(913) 715-3071,,General,150 W Santa Fe StJohnson County Courthouse,66061-3272,Kansas City,2,
Joni Elisa Moyers,,,https://www.avvo.com/all-lawyers/ks/olathe.html,Olathe,KS,Johnson,(913) 397-8200,,General,1200 E 151st St,66062-3426,Kansas City,2,
Lannie Charles Ornburn Jr.,,,https://www.avvo.com/all-lawyers/ks/olathe.html,Olathe,KS,Johnson,(913) 948-6682,,General,105 E Park St,66061-3428,Kansas City,2,
Kevin W. Gunkel,,,https://www.avvo.com/all-lawyers/ks/olathe.html,Olathe,KS,Johnson,(913) 971-6742,,General,1200 S Harrison StCity Of Olathe Prosecutors Office,66061-4606,Kansas City,2,
Rebecca Lynn Caldwell,,,https://www.avvo.com/all-lawyers/ks/olathe.html,Olathe,KS,Johnson,(913) 397-8200,,General,1200 E 151st St,66062-3426,Kansas City,2,
Denise Hammond,https://burkhammondlaw.com,,https://lawyers.justia.com/lawyer/denise-hammond-1586122,Olathe,KS,Johnson,(913) 318-3444,,General,12620 S Hallet St,66062,Kansas City,2,
John Mark Mattox II,,,https://www.avvo.com/all-lawyers/ks/olathe.html,Olathe,KS,Johnson,(913) 354-2630,,General,130 N Cherry St Ste 300,66061-3460,Kansas City,2,
Megan Teresa Williams,,,https://www.avvo.com/all-lawyers/ks/olathe.html,Olathe,KS,Johnson,(913) 715-3000,,General,150 W Santa Fe St,66061-3272,Kansas City,2,
Curtis Michael Sample,,,https://www.avvo.com/all-lawyers/ks/olathe.html,Olathe,KS,Johnson,(913) 715-3575,,General,150 W Santa Fe St,66061-3272,Kansas City,2,
Timothy P. McCarthy,,,https://www.avvo.com/all-lawyers/ks/olathe.html,Olathe,KS,Johnson,(913) 715-3922,,General,150 W Santa Fe St,66061-3272,Kansas City,2,
Luanne Marie Reeves,,,https://www.avvo.com/all-lawyers/ks/olathe.html,Olathe,KS,Johnson,(913) 484-8664,,General,15001 S Quivira Rd,66062-9732,Kansas City,2,
"Korte, Samuel",http://kortesamuel.localsearch.com,,https://www.yellowpages.com/olathe-ks/attorneys,Olathe,KS,Johnson,(913) 440-5421,,General,1200 E 151st St,,Kansas City,2,
Joshua A. Ney,,,https://www.avvo.com/all-lawyers/ks/olathe.html,Olathe,KS,Johnson,(785) 414-9065,,General,15050 W 138th St Unit 4493,66063-5501,Kansas City,2,
Angela Townsend Smith,,,https://www.avvo.com/all-lawyers/ks/olathe.html,Olathe,KS,Johnson,(913) 764-8844,,General,430 E Santa Fe St,66061-3446,Kansas City,2,
Tobi Margaret Bitner,,,https://www.avvo.com/all-lawyers/ks/olathe.html,Olathe,KS,Johnson,(913) 271-5821,,General,100 E Park St Ste 208,66061-3463,Kansas City,2,
Elizabeth Kinsella Brunetti,,,https://www.avvo.com/all-lawyers/ks/olathe.html,Olathe,KS,Johnson,(913) 715-3000,,General,150 W Santa Fe St Fl 3,66061-3272,Kansas City,2,
Robert William Cole,,,https://www.avvo.com/all-lawyers/ks/olathe.html,Olathe,KS,Johnson,(913) 706-0317,,General,1385 S Robinson DrCity Of Olathe Emergency Management,66061-7159,Kansas City,2,
Kendall Steven Kaut,,,https://www.avvo.com/all-lawyers/ks/olathe.html,Olathe,KS,Johnson,(913) 715-3000,,General,150 W Santa Fe St,66061-3272,Kansas City,2,
Bianca Renee Finney,,,https://www.avvo.com/all-lawyers/ks/olathe.html,Olathe,KS,Johnson,(913) 715-3000,,General,150 W Santa Fe St,66061-3272,Kansas City,2,
Kendra Lea Frazier,,,https://www.avvo.com/all-lawyers/ks/olathe.html,Olathe,KS,Johnson,(913) 829-8755,,General,115 E Park St Ste A,66061-3464,Kansas City,2,
Ryann Amelia Walkiewicz,,,https://www.avvo.com/all-lawyers/ks/olathe.html,Olathe,KS,Johnson,(913) 715-3000,,General,150 W Santa Fe St,66061-3272,Kansas City,2,
Lauren Malleis Young,,,https://www.avvo.com/all-lawyers/ks/olathe.html,Olathe,KS,Johnson,(913) 715-3000,,General,150 W Santa Fe St,66061-3272,Kansas City,2,
Ian Potter Patterson,,,https://www.avvo.com/all-lawyers/ks/olathe.html,Olathe,KS,Johnson,(913) 354-2634,,General,130 N Cherry St Ste 300,66061-3460,Kansas City,2,
Timothy Jason Laughlin,,,https://www.avvo.com/all-lawyers/ks/olathe.html,Olathe,KS,Johnson,(913) 354-2630,,General,130 N Cherry St Ste 300,66061-3460,Kansas City,2,
Anish Anil Patel,,,https://www.avvo.com/all-lawyers/ks/olathe.html,Olathe,KS,Johnson,(913) 202-7558,,General,10841 S Ridgeview Rd,66061-6456,Kansas City,2,
Ashley Rene Niedzwiecki,,,https://www.avvo.com/all-lawyers/ks/olathe.html,Olathe,KS,Johnson,(913) 780-7000,,General,14160 S Blackbob RdOlathe Public Schools Usd #233,66062-2024,Kansas City,2,
Brittany Ellyn Lagemann,,,https://www.avvo.com/all-lawyers/ks/olathe.html,Olathe,KS,Johnson,(913) 745-9339,,General,119 N Parker St Pmb 200,66061-3139,Kansas City,2,
Jonathan Alan Zadina,,,https://www.avvo.com/all-lawyers/ks/olathe.html,Olathe,KS,Johnson,(913) 715-3000,,General,150 W Santa Fe St,66061-3272,Kansas City,2,
Ashley Taylor Reece,,,https://www.avvo.com/all-lawyers/ks/olathe.html,Olathe,KS,Johnson,(913) 715-3000,,General,150 W Santa Fe St Fl 3,66061-3272,Kansas City,2,
Aubrey Leigh Sample,,,https://www.avvo.com/all-lawyers/ks/olathe.html,Olathe,KS,Johnson,(913) 971-7734,,General,100 E Santa Fe St,66061-3409,Kansas City,2,
Elizabeth Marie Landau,,,https://www.avvo.com/all-lawyers/ks/olathe.html,Olathe,KS,Johnson,(913) 971-6742,,General,1200 S Harrison StCity Of Olathe Prosecutors Office,66061-4606,Kansas City,2,
Brandon Dean Apperson,,,https://www.avvo.com/all-lawyers/ks/olathe.html,Olathe,KS,Johnson,(913) 715-3181,,General,150 W Santa Fe St,66061-3272,Kansas City,2,
Matthew Philip Moriarty,,,https://www.avvo.com/all-lawyers/ks/olathe.html,Olathe,KS,Johnson,,,General,,66061,Kansas City,2,
Peggy Ann Trent,,,https://www.avvo.com/all-lawyers/ks/olathe.html,Olathe,KS,Johnson,(913) 715-1840,,General,111 S Cherry St Ste 3200,66061-3487,Kansas City,2,
Leah Beth Lewsader,,,https://www.avvo.com/all-lawyers/ks/olathe.html,Olathe,KS,Johnson,(913) 440-3112,,General,1200 E 151st St,66062-3426,Kansas City,2,
Teresa Evelyn Hurla,,,https://www.avvo.com/all-lawyers/ks/olathe.html,Olathe,KS,Johnson,(913) 386-8194,,General,1901 E 119th St,66061-9502,Kansas City,2,
Kimberly Ann Pikul,,,https://www.avvo.com/all-lawyers/ks/olathe.html,Olathe,KS,Johnson,(913) 440-1185,,General,1200 E 151st St,66062-3426,Kansas City,2,
Betsey L. Lasister,,,https://www.avvo.com/all-lawyers/ks/olathe.html,Olathe,KS,Johnson,,,General,,66061,Kansas City,2,
Amanda Rae Langenheim,,,https://www.avvo.com/all-lawyers/ks/olathe.html,Olathe,KS,Johnson,(913) 715-1855,,General,111 S Cherry St Ste 3200,66061-3487,Kansas City,2,
Valerie Ann Shea,,,https://www.avvo.com/all-lawyers/ks/olathe.html,Olathe,KS,Johnson,(620) 960-4614,,General,24218 W 109th Ter,66061-8850,Kansas City,2,
Whitney Lynne Krause,,,https://www.avvo.com/all-lawyers/ks/olathe.html,Olathe,KS,Johnson,(913) 715-3000,,General,150 W Santa Fe St Fl 3,66061-3272,Kansas City,2,
Ross Hagan Delong,,,https://www.avvo.com/all-lawyers/ks/olathe.html,Olathe,KS,Johnson,(320) 217-6781,,General,12598 S Hastings St,66061-8918,Kansas City,2,
Cassidy Ann Bee,,,https://www.avvo.com/all-lawyers/ks/olathe.html,Olathe,KS,Johnson,(913) 715-1858,,General,111 S Cherry St Ste 200,66061-3451,Kansas City,2,
Katherine Anne Davis,,,https://www.avvo.com/all-lawyers/ks/olathe.html,Olathe,KS,Johnson,(913) 440-2721,,General,1200 E 151st St,66062-3426,Kansas City,2,
Adam Elias Sokoloff,,,https://www.avvo.com/all-lawyers/ks/olathe.html,Olathe,KS,Johnson,(913) 254-7600,,General,142 N Cherry St,66061-3401,Kansas City,2,
Timothy William Hassett,,,https://www.avvo.com/all-lawyers/ks/olathe.html,Olathe,KS,Johnson,(913) 440-8272,,General,1200 E 151st St,66062-3426,Kansas City,2,
Emily Elaine Brown,,,https://www.avvo.com/all-lawyers/ks/olathe.html,Olathe,KS,Johnson,(913) 393-3367,,General,125 S Kansas Ave,66061-4434,Kansas City,2,
Claire Victoria Kebodeaux,,,https://www.avvo.com/all-lawyers/ks/olathe.html,Olathe,KS,Johnson,(913) 971-6742,,General,1200 S Harrison StCity Of Olathe,66061-4606,Kansas City,2,
Matthew Jerome Gehrke,,,https://www.avvo.com/all-lawyers/ks/olathe.html,Olathe,KS,Johnson,(913) 715-3000,,General,150 W Santa Fe St Fl 3,66061-3272,Kansas City,2,
Lauren Elizabeth Kuhn,,,https://www.avvo.com/all-lawyers/ks/olathe.html,Olathe,KS,Johnson,(913) 660-3257,,General,21350 W 153rd St,66061-5413,Kansas City,2,
Senanem Dama Gizaw,,,https://www.avvo.com/all-lawyers/ks/olathe.html,Olathe,KS,Johnson,(913) 749-3366,,General,115 E Park St Ste C,66061-3464,Kansas City,2,
William Brice Davis,,,https://www.avvo.com/all-lawyers/ks/olathe.html,Olathe,KS,Johnson,(913) 787-3231,,General,21058 W 118th Ter,66061-5562,Kansas City,2,
Matthew James Heili,,,https://www.avvo.com/all-lawyers/ks/olathe.html,Olathe,KS,Johnson,(816) 231-9610,,General,17100 S Hedge Ln,66062-8240,Kansas City,2,
Ivana Mabel Lopez Sell,,,https://www.avvo.com/all-lawyers/ks/olathe.html,Olathe,KS,Johnson,(913) 599-6886,,General,10841 S Ridgeview Rd,66061-6456,Kansas City,2,
Sydney Morgan Studer,,,https://www.avvo.com/all-lawyers/ks/olathe.html,Olathe,KS,Johnson,(913) 829-8755,,General,115 E Park St Ste A,66061-3464,Kansas City,2,
Chelsea Dawn Beshore,,,https://www.avvo.com/all-lawyers/ks/olathe.html,Olathe,KS,Johnson,(913) 715-3000,,General,150 W Santa Fe St,66061-3272,Kansas City,2,
Dylan James Fehl,,,https://www.avvo.com/all-lawyers/ks/olathe.html,Olathe,KS,Johnson,(913) 440-2294,,General,1200 E 151st St,66062-3426,Kansas City,2,
Abby Taylor Olson,,,https://www.avvo.com/all-lawyers/ks/olathe.html,Olathe,KS,Johnson,(913) 715-3174,,General,150 W Santa Fe St,66061-3272,Kansas City,2,
Sebastian Timothy Randolph Jr.,,,https://www.avvo.com/all-lawyers/ks/olathe.html,Olathe,KS,Johnson,(913) 715-3000,,General,150 W Santa Fe St,66061-3272,Kansas City,2,
Alison Marie Williamson,,,https://www.avvo.com/all-lawyers/ks/olathe.html,Olathe,KS,Johnson,(913) 829-8755,,General,115 E Park St Ste A,66061-3464,Kansas City,2,
Kevin Michael Jason McKenzie,,,https://www.avvo.com/all-lawyers/ks/olathe.html,Olathe,KS,Johnson,(816) 257-6150,,General,21350 W 153rd St,66061-5413,Kansas City,2,
Catherine Jane Gerstner,,,https://www.avvo.com/all-lawyers/ks/olathe.html,Olathe,KS,Johnson,(913) 393-6110,,General,15910 S Highway 169,66062-3800,Kansas City,2,
Madisyn Dianne Schmitz,,,https://www.avvo.com/all-lawyers/ks/olathe.html,Olathe,KS,Johnson,(913) 735-0066,,General,24218 W 109th Ter,66061-8850,Kansas City,2,
Maria Cherese Davies,,,https://www.avvo.com/all-lawyers/ks/olathe.html,Olathe,KS,Johnson,(913) 715-3231,,General,150 W Santa Fe St Fl 3,66061-3272,Kansas City,2,
Melanie R. Lux,,,https://www.avvo.com/all-lawyers/ks/olathe.html,Olathe,KS,Johnson,(913) 715-3188,,General,150 W Santa Fe St Fl 3,66061-3272,Kansas City,2,
Lindsey Thu Gard,,,https://www.avvo.com/all-lawyers/ks/olathe.html,Olathe,KS,Johnson,(913) 905-2934,,General,10841 S Ridgeview Rd,66061-6456,Kansas City,2,
Bailey Rosemae Klucas,,,https://www.avvo.com/all-lawyers/ks/olathe.html,Olathe,KS,Johnson,(913) 715-3000,,General,150 W Santa Fe St,66061-3272,Kansas City,2,
Wyatt Cole Hoagland,,,https://www.avvo.com/all-lawyers/ks/olathe.html,Olathe,KS,Johnson,(913) 303-0639,,General,15050 W 138th St Unit 4493,66063-5501,Kansas City,2,
Jameson Patrick O'Connor,,,https://www.avvo.com/all-lawyers/ks/olathe.html,Olathe,KS,Johnson,(913) 715-3000,,General,150 W Santa Fe St Fl 3,66061-3272,Kansas City,2,
Julia Katherine Carter,,,https://www.avvo.com/all-lawyers/ks/olathe.html,Olathe,KS,Johnson,(913) 715-3000,,General,150 W Santa Fe St,66061-3272,Kansas City,2,
Rachel Linn Hill,,,https://www.avvo.com/all-lawyers/ks/olathe.html,Olathe,KS,Johnson,(913) 355-4029,,General,20333 W 151st St Ste 301B,66061-5350,Kansas City,2,
Megan Lynn Smith,,,https://www.avvo.com/all-lawyers/ks/olathe.html,Olathe,KS,Johnson,(913) 829-8755,,General,115 E Park St Ste A,66061-3464,Kansas City,2,
Sommer Marie Mackay,,,https://www.avvo.com/all-lawyers/ks/olathe.html,Olathe,KS,Johnson,(913) 715-3000,,General,150 W Santa Fe St Fl 3,66061-3272,Kansas City,2,
Meredith Avery Erskine,,,https://www.avvo.com/all-lawyers/ks/olathe.html,Olathe,KS,Johnson,(913) 715-3300,,General,150 W Santa Fe St,66061-3272,Kansas City,2,
Jonathan Lee Ehrlich,,,https://www.avvo.com/all-lawyers/ks/olathe.html,Olathe,KS,Johnson,(913) 303-0639,,General,15050 W 138th St Unit 4493,66063-5501,Kansas City,2,
Julea Miranda Pina,,,https://www.avvo.com/all-lawyers/ks/olathe.html,Olathe,KS,Johnson,(913) 829-8755,,General,115 E Park St Ste A,66061-3464,Kansas City,2,
Vincenzo Marc Iuppa,,,https://www.avvo.com/all-lawyers/ks/olathe.html,Olathe,KS,Johnson,(913) 396-6932,,General,10841 S Ridgeview Rd,66061-6456,Kansas City,2,
Jordan Clare McCan,,,https://www.avvo.com/all-lawyers/ks/olathe.html,Olathe,KS,Johnson,(913) 599-6886,,General,10841 S Ridgeview Rd,66061-6456,Kansas City,2,
Corrine Alyse Carolyn Moffett,,,https://www.avvo.com/all-lawyers/ks/olathe.html,Olathe,KS,Johnson,(913) 829-8755,,General,115 E Park St Ste A,66061-3464,Kansas City,2,
Julia Leoncie Howell,,,https://www.avvo.com/all-lawyers/ks/olathe.html,Olathe,KS,Johnson,(913) 829-8755,,General,115 E Park St Ste A,66061-3464,Kansas City,2,
Lauren Crane Taylor,,,https://www.avvo.com/all-lawyers/ks/olathe.html,Olathe,KS,Johnson,(913) 971-6742,,General,1200 S Harrison StCity Of Olathe Prosecutors Office,66061-4606,Kansas City,2,
Samantha Leann Mishler,,,https://www.avvo.com/all-lawyers/ks/olathe.html,Olathe,KS,Johnson,(913) 715-3000,,General,150 W Santa Fe St Fl 3,66061-3272,Kansas City,2,
Kaylee Elaine Jacobson,,,https://www.avvo.com/all-lawyers/ks/olathe.html,Olathe,KS,Johnson,(913) 354-2630,,General,130 N Cherry St Ste 300,66061-3460,Kansas City,2,
Jackson Montgomery Elder,,,https://www.avvo.com/all-lawyers/ks/olathe.html,Olathe,KS,Johnson,(816) 698-2876,,General,150 W Santa Fe St Fl 3,66061-3272,Kansas City,2,
James Andrew Henderson,,,https://www.avvo.com/all-lawyers/ks/olathe.html,Olathe,KS,Johnson,(913) 715-3000,,General,150 W Santa Fe St Fl 3,66061-3272,Kansas City,2,
Chance Matthew Berndt,,,https://www.avvo.com/all-lawyers/ks/olathe.html,Olathe,KS,Johnson,(913) 829-8755,,General,115 E Park St Ste A,66061-3464,Kansas City,2,
Daniel Ryan Huddleston,,,https://www.avvo.com/all-lawyers/ks/olathe.html,Olathe,KS,Johnson,(913) 715-3333,,General,150 W Santa Fe St,66061-3272,Kansas City,2,
Abby Archer Franke,,,https://www.avvo.com/all-lawyers/ks/olathe.html,Olathe,KS,Johnson,(646) 612-7799,,General,12243 S Gallery St,66062-6082,Kansas City,2,
Easton Vance Hunt,,,https://www.avvo.com/all-lawyers/ks/olathe.html,Olathe,KS,Johnson,(913) 829-8755,,General,115 E Park St Ste A,66061-3464,Kansas City,2,
Andrew James Wise,,,https://www.avvo.com/all-lawyers/ks/olathe.html,Olathe,KS,Johnson,(913) 715-3000,,General,150 W Santa Fe St Fl 3,66061-3272,Kansas City,2,
Luke Thomas Trusdale,,,https://www.avvo.com/all-lawyers/ks/olathe.html,Olathe,KS,Johnson,(913) 422-0909,,General,15095 W 116th St,66062-1098,Kansas City,2,
Christine O'Donnell Crowell,,,https://www.avvo.com/all-lawyers/ks/olathe.html,Olathe,KS,Johnson,(913) 715-3000,,General,150 W Santa Fe St,66061-3272,Kansas City,2,
"Murrow, Rodney K",http://yellowpages.com/overland-park-ks/mip/clyde-wood-llc-470872541,,https://www.yellowpages.com/lenexa-ks/attorneys,Lenexa,KS,Johnson,(913) 492-6200,,General,8841 Long St,,Kansas City,2,
James M. Crabtree,,,https://www.avvo.com/all-lawyers/ks/lenexa.html,Lenexa,KS,Johnson,(913) 888-7100,,General,13420 Santa Fe Trail Dr,66215-3655,Kansas City,2,
Cassie Pfannenstiel Rodriguez,,,https://www.avvo.com/all-lawyers/ks/lenexa.html,Lenexa,KS,Johnson,,,General,8700 MonroviaSuite 310,66215,Kansas City,2,
Robert E. Iii Arnold,,,https://www.avvo.com/all-lawyers/ks/olathe.html,Olathe,KS,Johnson,(913) 764-8500,,General,525 E Kansas City Rd,66061-3300,Kansas City,2,
Scott Michael McFall,,,https://www.avvo.com/all-lawyers/ks/olathe.html,Olathe,KS,Johnson,(913) 764-5010,,General,104 E Poplar St,66061-3306,Kansas City,2,
Malissa Linn Walden,,,https://www.avvo.com/all-lawyers/ks/lenexa.html,Lenexa,KS,Johnson,(913) 303-1040,,General,15621 W. 87th St. Pkwy.#179,66219,Kansas City,2,
Valerie Lynn Moore,,,https://www.avvo.com/all-lawyers/ks/lenexa.html,Lenexa,KS,Johnson,(913) 317-8999,,General,15700 College Blvd Ste 200,66219-1473,Kansas City,2,
Amy Michelle Vinton,,,https://www.avvo.com/all-lawyers/ks/lenexa.html,Lenexa,KS,Johnson,(913) 317-8999,,General,15700 College Blvd.Suite 102,66219,Kansas City,2,
Scott Andrew Girard,,,https://www.avvo.com/all-lawyers/ks/lenexa.html,Lenexa,KS,Johnson,(913) 210-0939,,General,12345 W. 95th StreetSuite 200,66215,Kansas City,2,
Michael John Joshi,,,https://www.avvo.com/all-lawyers/ks/lenexa.html,Lenexa,KS,Johnson,(913) 227-0100,,General,8700 Monrovia Street Suite 310,66215,Kansas City,2,
Leon James Davis Jr.,,,https://www.avvo.com/all-lawyers/ks/olathe.html,Olathe,KS,Johnson,(913) 290-5890,,General,115 E Park St Ste C,66061-3464,Kansas City,2,
Christopher Joseph,https://josephhollander.com,,https://lawyers.justia.com/lawyer/christopher-joseph-918414,Overland Park,KS,Johnson,(913) 948-9490,,DUI/DWI,10104 W. 105th St.,66212,Kansas City,5,
Kevin J. McManus,https://www.kevinmcmanuslaw.com,,https://lawyers.justia.com/lawyer/kevin-j-mcmanus-1530384,Overland Park,KS,Johnson,(816) 837-4584,,Personal Injury,7500 College Blvd,66210,Kansas City,5,
Marissa Mallon,https://www.rothdavies.com/,,https://lawyers.justia.com/lawyer/marissa-mallon-1756372,Overland Park,KS,Johnson,(913) 451-9500,,Divorce,6240 W. 135th Street,66223,Kansas City,5,
Lawrence Flick,https://www.flicktruckaccidentlaw.com/,,https://lawyers.justia.com/lawyer/lawrence-flick-920434,Overland Park,KS,Johnson,(913) 648-7000,,General,7500 College Blvd.,66210,Kansas City,2,
Kristina S Crump,http://www.kansasbankruptcy.com,,https://lawyers.justia.com/lawyer/kristina-s-crump-1526695,Overland Park,KS,Johnson,(913) 353-4044,,Bankruptcy,10821 W 87th Street,66214,Kansas City,4,
Tarishawn D Morton,http://www.attorneytmorton.com/,,https://lawyers.justia.com/lawyer/tarishawn-d-morton-1519445,Overland Park,KS,Johnson,(913) 602-7288,,Personal Injury,"7500 College Blvd., Suite 500",66210,Kansas City,5,
Corey A. Rasmussen,http://www.rasmussenlawkc.com,,https://lawyers.justia.com/lawyer/corey-a-rasmussen-1521483,Overland Park,KS,Johnson,(913) 871-2188,,Estate Planning,10955 Lowell Avenue,66210,Kansas City,4,
Matthew T. Kincaid,https://kincaidlawkc.com/,,https://lawyers.justia.com/lawyer/matthew-t-kincaid-1497759,Leawood,KS,Johnson,(913) 735-7707,,General,5251 W. 116th Place,66211,Kansas City,2,
Joe  Patton,https://www.joepatton.com/,,https://lawyers.justia.com/lawyer/joe-patton-921481,Lenexa,KS,Johnson,(913) 228-1440,,Personal Injury,12345 W. 95th Street,12345,Kansas City,5,
Christopher Dove,https://www.drzlawfirm.com,,https://lawyers.justia.com/lawyer/christopher-dove-1462644,Leawood,KS,Johnson,(913) 400-2033,,Personal Injury,8700 State Line Rd,66206,Kansas City,5,
Christopher Steffens,https://www.steffenslawllc.com/,,https://lawyers.justia.com/lawyer/christopher-steffens-924013,Leawood,KS,Johnson,(800) 768-8036,,Bankruptcy,"5251 W 116th Pl, Suite 200",66211,Kansas City,4,
Diane Lynn Bellquist,https://josephhollander.com/overland-park/professional-licensure-defense/,,https://lawyers.justia.com/lawyer/diane-lynn-bellquist-950187,Overland Park,KS,Johnson,(913) 948-9490,,General,10104 W 105th,66212,Kansas City,2,
Emily Sullivan,https://www.heritagelawkc.com/,,https://lawyers.justia.com/lawyer/emily-sullivan-1526777,Leawood,KS,Johnson,(913) 359-9513,,Estate Planning,8900 State Line Road,66206,Kansas City,4,
Shawn G. Foster,https://pflaw.com/,,https://lawyers.justia.com/lawyer/shawn-g-foster-1811644,Leawood,KS,Johnson,(913) 307-2788,,Personal Injury,11141 Overbrook Rd,66211,Kansas City,5,
Chris Kellogg,https://www.stangelawfirm.com/divorce-separation/divorce-faqs/overland-park-kansas-divorce-attorneys-in-johnson-county/,,https://lawyers.justia.com/lawyer/chris-kellogg-1674646,Overland Park,KS,Johnson,(866) 204-2480,,Divorce,7300 West 110th St.,66210,Kansas City,5,
Sara Tess Ballew,http://www.mbradylaw.com/,,https://lawyers.justia.com/lawyer/sara-tess-ballew-1496067,Overland Park,KS,Johnson,(913) 696-0925,,General,10901 Lowell Ave,66210,Kansas City,2,
Tina L Cox-Vega,http://www.stangelawfirm.com,,https://lawyers.justia.com/lawyer/tina-l-cox-vega-922875,Overland Park,KS,Johnson,(866) 204-2480,,Divorce,7300 West 110th Street,66210,Kansas City,5,
Melissa Kelly,http://www.thekellylawfirm.com/,,https://lawyers.justia.com/lawyer/melissa-kelly-923366,Lenexa,KS,Johnson,(913) 451-1119,,Divorce,"11900 W. 87th Street Parkway, Suite 250",66215,Kansas City,5,
Melanie J Branham,http://www.branhamlawfirm.com,,https://lawyers.justia.com/lawyer/melanie-j-branham-950436,Overland Park,KS,Johnson,(913) 648-5793,,General,P.O. Box 11567,66207,Kansas City,2,
Jerry Merrill,https://www.merrillfirm.com/about/,,https://lawyers.justia.com/lawyer/jerry-merrill-1557771,Overland Park,KS,Johnson,(913) 530-2625,,General,"7211 W 98th Ter, Suite 140",66212,Kansas City,2,
Chelsea Dickerson,http://www.dickersonoxton.com/medical-malpractice/,,https://lawyers.justia.com/lawyer/chelsea-dickerson-1495830,Overland Park,KS,Johnson,(913) 428-8220,,Personal Injury,7248 W. 121st St.,66213,Kansas City,5,
Devin Ledom,https://www.stangelawfirm.com/,,https://lawyers.justia.com/lawyer/devin-ledom-1667546,Overland Park,KS,Johnson,(866) 204-2480,,Divorce,7300 West 110th Street,66210,Kansas City,5,
James Berger,http://www.berger-lawfirm.com/,,https://lawyers.justia.com/lawyer/james-berger-921051,Leawood,KS,Johnson,(913) 491-6332,,General,"11233 Nall, Suite 140",66211,Kansas City,2,
Michael Brady,http://www.mbradylaw.com/,,https://lawyers.justia.com/lawyer/michael-brady-916700,Overland Park,KS,Johnson,(913) 696-0925,,General,10901 Lowell Ave,66210,Kansas City,2,
Sheila Seck,https://www.seckassociates.com/,,https://lawyers.justia.com/lawyer/sheila-seck-923531,Leawood,KS,Johnson,(913) 815-8481,,Estate Planning,3401 College Blvd,66211,Kansas City,4,
Jeff K. Brown,http://www.loganlaw.com/,,https://lawyers.justia.com/lawyer/jeff-k-brown-922535,Prairie Village,KS,Johnson,(913) 381-1121,,Medical Malpractice,8340 Mission Road,66206,Kansas City,5,
James Lusk,,,https://lawyers.justia.com/lawyer/james-lusk-924211,Lenexa,KS,Johnson,(913) 599-5373,,Bankruptcy,8725 Rosehill,66215,Kansas City,4,
Christine Pina Rosengreen,https://www.josephhollander.com/,,https://lawyers.justia.com/lawyer/christine-pina-rosengreen-1639507,Overland Park,KS,Johnson,(913) 948-9490,,Divorce,10104 W. 105th Street,66212,Kansas City,5,
Christopher Coons,https://www.kansasbankruptcy.com,,https://lawyers.justia.com/lawyer/christopher-coons-918838,Overland Park,KS,Johnson,(913) 353-4044,,Bankruptcy,10821 W 87th Street,66214,Kansas City,4,
Gary Eastman,http://theeastmanlawfirm.com,,https://lawyers.justia.com/lawyer/gary-eastman-1502371,Leawood,KS,Johnson,(913) 908-9113,,General,"4901 W. 136th Street, Ste. 240",66224,Kansas City,2,
Amy Durkin,https://wsm-law.com,,https://lawyers.justia.com/lawyer/amy-durkin-917824,Lenexa,KS,Johnson,(380) 203-2023,,Divorce,10901 W. 84th Terrace,66025,Kansas City,5,
Marc S. Wilson,https://www.securitas.law/,,https://lawyers.justia.com/lawyer/marc-s-wilson-1587161,Overland Park,KS,Johnson,(816) 527-9207,,General,"7227 Metcalf Avenue, Ste. 201",66204,Kansas City,2,
Luke Fitzgerald Callahan,https://pflaw.com/,,https://lawyers.justia.com/lawyer/luke-fitzgerald-callahan-1746140,Leawood,KS,Johnson,(816) 307-2788,,Personal Injury,11141 Overbrook Road,66211,Kansas City,5,
Adam Mauck,https://www.smlawkc.com,,https://lawyers.justia.com/lawyer/adam-mauck-1558903,Overland Park,KS,Johnson,(913) 674-5222,,Estate Planning,9225 Indian Creek Parkway,66210,Kansas City,4,
Kevin Cavanaugh,,,https://lawyers.justia.com/lawyer/kevin-cavanaugh-923916,Leawood,KS,Johnson,(913) 387-3193,,Divorce,4707 College Blvd.,66211,Kansas City,5,
David L. Rein Jr.,http://kcpatentlaw.com/,,https://lawyers.justia.com/lawyer/david-l-rein-jr-949291,Leawood,KS,Johnson,(913) 499-1306,,General,8900 State Line Rd.,66206,Kansas City,2,
Matthew Bollman,http://www.pearsonbollmanlaw.com,,https://lawyers.justia.com/lawyer/matthew-bollman-1488336,Overland Park,KS,Johnson,(913) 804-2710,,Estate Planning,"7201 W 129th St,",66213,Kansas City,4,
Kevin Dellett,http://www.dellettlaw.com,,https://lawyers.justia.com/lawyer/kevin-dellett-918991,Leawood,KS,Johnson,(913) 897-0897,,DUI/DWI,4630 W. 137th Street,66224,Kansas City,5,
Ashley Franden,https://josephhollander.com/attorney/ashley-e-franden/,,https://lawyers.justia.com/lawyer/ashley-franden-1674991,Overland Park,KS,Johnson,(913) 361-6450,,Divorce,10104 W 105th St,66212,Kansas City,5,
Kate Zigtema,http://zigtemalaw.com,,https://lawyers.justia.com/lawyer/kate-zigtema-1487038,Lenexa,KS,Johnson,(913) 647-7567,,Criminal Defense,8700 Monrovia,66215,Kansas City,5,
Ralph Munyan,https://www.munyanlaw.com/,,https://lawyers.justia.com/lawyer/ralph-munyan-1666868,Prairie Village,KS,Johnson,(913) 232-3228,,General,7301 Mission Rd,66208,Kansas City,2,
Todd Campbell,,,https://lawyers.justia.com/lawyer/todd-campbell-917608,Overland Park,KS,Johnson,(913) 906-9800,,Estate Planning,11532 W. 119th Street,66213,Kansas City,4,
David Preston Crandall,http://creativeplanninglegal.com/,,https://lawyers.justia.com/lawyer/david-preston-crandall-1485757,Overland Park,KS,Johnson,(913) 440-0738,,Probate,"8101 College Boulevard, Suite 100",66210,Kansas City,4,
Jesse Camacho,,,https://lawyers.justia.com/lawyer/jesse-camacho-1438239,Leawood,KS,Johnson,(816) 343-4301,,General,11300 Tomahawk Creek Pkwy,66211,Kansas City,2,
Steven Robert Anderson,https://sage.law/,,https://lawyers.justia.com/lawyer/steven-robert-anderson-1489458,Overland Park,KS,Johnson,(913) 341-7800,,Estate Planning,12980 Metcalf Ave.,66213,Kansas City,4,
Trent Besse,http://www.besselaw.com,,https://lawyers.justia.com/lawyer/trent-besse-918756,Overland Park,KS,Johnson,(913) 341-0005,,Divorce,7111 W 98th Terrace,66212,Kansas City,5,
Eric L. Mayer,https://militaryadvocacy.com,,https://lawyers.justia.com/lawyer/eric-l-mayer-1491268,Overland Park,KS,Johnson,(855) 254-1221,,General,9393 W. 110th St.,66210,Kansas City,2,
Eric Morrison,https://www.morrisonlawkc.com/,,https://lawyers.justia.com/lawyer/eric-morrison-916710,Overland Park,KS,Johnson,(913) 322-7788,,Divorce,5330 College Blvd.,66211,Kansas City,5,
Mr. Heath A. Stuart,http://www.hasclawoffice.com/,,https://lawyers.justia.com/lawyer/mr-heath-a-stuart-916557,Leawood,KS,Johnson,(913) 338-4500,,DUI/DWI,4707 College Blvd.,66211,Kansas City,5,
Alex Aggen,https://hunterlawgrouppa.com/,,https://lawyers.justia.com/lawyer/alex-aggen-1816571,Prairie Village,KS,Johnson,(913) 415-7969,,General,"3515 W. 75th Street, Suite 202",66208,Kansas City,2,
Daniel Edward Stuart,,,https://lawyers.justia.com/lawyer/daniel-edward-stuart-1300543,Leawood,KS,Johnson,(913) 338-4500,,Divorce,4707 COLLEGE BLVD STE 208,66211,Kansas City,5,
Jean Lamfers,https://lamferslaw.com,,https://lawyers.justia.com/lawyer/jean-lamfers-950040,Shawnee,KS,Johnson,(913) 962-8200,,Estate Planning,11658 W. 75th Street,66214,Kansas City,4,
Jay Norton,https://kansas-dui.com,,https://lawyers.justia.com/lawyer/jay-norton-1651686,Overland Park,KS,Johnson,(913) 906-9633,,DUI/DWI,9200 Indian Creek Parkway,66210,Kansas City,5,
Jeffrey R. Siegel,https://www.kscitytaxlawyer.com,,https://lawyers.justia.com/lawyer/jeffrey-r-siegel-774208,Prairie Village,KS,Johnson,(913) 735-4829,,General,3965 W. 83 St.,66208,Kansas City,2,
Dan Zmijewski,https://www.drzlawfirm.com,,https://lawyers.justia.com/lawyer/dan-zmijewski-1640213,Leawood,KS,Johnson,(913) 400-2033,,Civil Rights,"8700 State Line Rd., Suite 305",66206,Kansas City,3,
Adam Mack,https://www.kansasjustice.com/,,https://lawyers.justia.com/lawyer/adam-mack-1489870,Leawood,KS,Johnson,(913) 937-9530,,Divorce,"5251 West 116th Place, Suite 200",66211,Kansas City,5,
John Hicks,http://www.nkfirm.com/,,https://lawyers.justia.com/lawyer/john-hicks-919193,Overland Park,KS,Johnson,,,Medical Malpractice,Building 32 Suite 750,66210,Kansas City,5,
Joshua T. Mathews,http://www.MathewsGroupOnline.com,,https://lawyers.justia.com/lawyer/joshua-t-mathews-1482789,Leawood,KS,Johnson,(913) 660-0664,,Divorce,"4707 College Boulevard, Suite 107",66211,Kansas City,5,
Steven Neighbors,http://www.overlandparkduifirm.com,,https://lawyers.justia.com/lawyer/steven-neighbors-916874,Overland Park,KS,Johnson,(913) 648-3360,,DUI/DWI,"10100 W. 87th Street, Suite 109",66212,Kansas City,5,
Anna Moore,,,https://lawyers.justia.com/lawyer/anna-moore-1812091,Overland Park,KS,Johnson,(913) 451-9500,,Divorce,6240 W 135th St,66209,Kansas City,5,
Ms. Talia Ravis,http://www.erisakc.com,,https://lawyers.justia.com/lawyer/ms-talia-ravis-922064,Leawood,KS,Johnson,(913) 766-6940,,General,12120 State Line Rd,66209,Kansas City,2,
Kimberly Zellmer,https://www.zellmerlawfirm.com,,https://lawyers.justia.com/lawyer/kimberly-zellmer-917251,Prairie Village,KS,Johnson,(913) 236-6868,,Estate Planning,4200 Somerset Drive,66208,Kansas City,4,
Judith C Hedrick,http://www.hedrickdivorcelaw.com,,https://lawyers.justia.com/lawyer/judith-c-hedrick-922712,Lenexa,KS,Johnson,(913) 492-8888,,Divorce,13030 W 87th Street Parkway,66215,Kansas City,5,
Mark H. Epstein,https://www.epsteinlawfirmkc1.com,,https://lawyers.justia.com/lawyer/mark-h-epstein-1821974,Leawood,KS,Johnson,(913) 396-5123,,General,4630 W. 137th Street,66224,Kansas City,2,
Igers Vangjeli,,,https://lawyers.justia.com/lawyer/igers-vangjeli-1811609,Overland Park,KS,Johnson,(913) 456-5738,,Divorce,9300 W 110th Street Suite 645,66210,Kansas City,5,
Philip D. Wright,http://www.pwrightlaw.com,,https://lawyers.justia.com/lawyer/philip-d-wright-1491203,Lenexa,KS,Johnson,(855) 633-3945,,Estate Planning,13420 Santa Fe Trail Drive,66215,Kansas City,4,
Nancy J Crawford,,,https://lawyers.justia.com/lawyer/nancy-j-crawford-1494503,Overland Park,KS,Johnson,(913) 951-5424,,General,7300 W 110th Street,66210,Kansas City,2,
Mark Arensberg,,,https://lawyers.justia.com/lawyer/mark-arensberg-918092,Leawood,KS,Johnson,(913) 648-3220,,General,10300 Howe Ln,66206,Kansas City,2,
Tom Brill,,,https://lawyers.justia.com/lawyer/tom-brill-921420,Leawood,KS,Johnson,(913) 677-2004,,General,"8012 State Line Road, Suite 102",66208,Kansas City,2,
Jeffrey Euston,,,https://lawyers.justia.com/lawyer/jeffrey-euston-923579,Leawood,KS,Johnson,(000) 000-0000,,General,000,66209,Kansas City,2,
Craig McPherson,http://johnsoncountybusinessattorney.com,,https://lawyers.justia.com/lawyer/craig-mcpherson-1490768,Leawood,KS,Johnson,(913) 322-7770,,General,5330 College Blvd.,66211,Kansas City,2,
Nathan T Jackson,,,https://lawyers.justia.com/lawyer/nathan-t-jackson-1490188,Overland Park,KS,Johnson,(913) 515-7369,,General,9270 Glenwood St,66212,Kansas City,2,
Janet L. Damore,,,https://lawyers.justia.com/lawyer/janet-l-damore-1526536,Leawood,KS,Johnson,,,General,5330 College Boulevard,66211,Kansas City,2,
Lon Brincks,,,https://lawyers.justia.com/lawyer/lon-brincks-1525373,Overland Park,KS,Johnson,,,General,12749 Richards,66213,Kansas City,2,
John Kanaga,http://bankruptcykansasattorney.com,,https://lawyers.justia.com/lawyer/john-kanaga-1499425,Leawood,KS,Johnson,,,Bankruptcy,5330 College Blvd.,66211,Kansas City,4,
Christopher Mann,,,https://lawyers.justia.com/lawyer/christopher-mann-1523801,Lenexa,KS,Johnson,(913) 730-6266,,General,8700 Monrovia Suite 310,66215,Kansas City,2,
Ian Jones,,,https://lawyers.justia.com/lawyer/ian-jones-1824032,Overland Park,KS,Johnson,(913) 451-9500,,Personal Injury,"6240 W. 235th Street, Suite 250",66211,Kansas City,5,
David L. Dean,,,https://lawyers.justia.com/lawyer/david-l-dean-1664598,Lenexa,KS,Johnson,(913) 495-9998,,General,12760 W 87th St Pkwy,66215,Kansas City,2,
Kana Roller,,,https://lawyers.justia.com/lawyer/kana-roller-1518381,Overland Park,KS,Johnson,,,General,900 Massachusetts Street,66085,Kansas City,2,
Mark Zinn,,,https://lawyers.justia.com/lawyer/mark-zinn-1494397,Overland Park,KS,Johnson,,,General,7450 W. 130th Street,66213,Kansas City,2,
Michael Duma,https://www.dumalawoffices.com/,,https://lawyers.justia.com/lawyer/michael-duma-1498334,Olathe,KS,Johnson,(913) 782-7072,,DUI/DWI,303 E. Poplar Street,66061,Kansas City,5,
Lindsee Acton Scherich,https://www.scherichfamilylaw.com,,https://lawyers.justia.com/lawyer/lindsee-acton-scherich-1515285,Shawnee,KS,Johnson,(913) 220-2002,,Divorce,12616 West 62nd Terrace,66216,Kansas City,5,
Michael Patrick Dreiling Jr.,http://www.dreilinglaw.com,,https://lawyers.justia.com/lawyer/michael-patrick-dreiling-jr-949625,Olathe,KS,Johnson,(913) 209-3272,,Estate Planning,104 E Poplar St,66061,Kansas City,4,
Jerry L. Wallentine Jr.,https://www.kc-attorney.com/,,https://lawyers.justia.com/lawyer/jerry-l-wallentine-jr-922660,Olathe,KS,Johnson,(913) 934-6333,,Personal Injury,130 N. Cherry St.,66061,Kansas City,5,
Matthew Lorn Hoppock,http://www.hoppocklawfirm.com,,https://lawyers.justia.com/lawyer/matthew-lorn-hoppock-1505493,Shawnee,KS,Johnson,(913) 267-5511,,General,5949 Nieman Road,66203,Kansas City,2,
Mr. Zach V Thomas Jr,http://www.zvtlaw.com,,https://lawyers.justia.com/lawyer/mr-zach-v-thomas-jr-1488268,Olathe,KS,Johnson,(913) 717-9881,,General,232 S. Cherry,66061,Kansas City,2,
Patrick Copley,http://www.copley-law.com,,https://lawyers.justia.com/lawyer/patrick-copley-917716,Olathe,KS,Johnson,,,Divorce,110 N. Cherry St,66061,Kansas City,5,
Andrew Amberg Woellner,http://www.potts-law.com/,,https://lawyers.justia.com/lawyer/andrew-amberg-woellner-1526997,Westwood,KS,Johnson,(816) 931-2230,,Personal Injury,1901 W. 47th Place,66205,Kansas City,5,
Gary Stone,https://www.stonedefense.com,,https://lawyers.justia.com/lawyer/gary-stone-920849,Mission,KS,Johnson,(913) 229-9209,,DUI/DWI,6405 Metcalf Avenue,66202,Kansas City,5,
Timothy Pickell,http://www.timpickell.com,,https://lawyers.justia.com/lawyer/timothy-pickell-922052,Westwood,KS,Johnson,(913) 362-8560,,Personal Injury,4800 Rainbow Boulevard,66205,Kansas City,5,
Timothy Sifers,http://www.potts-law.com/attorneys/timothy-sifers/,,https://lawyers.justia.com/lawyer/timothy-sifers-1527173,Westwood,KS,Johnson,(888) 902-6245,,Personal Injury,1901 W. 47th Place,66205,Kansas City,5,
Amanda Feriante,https://www.feriantebell.com/,,https://lawyers.justia.com/lawyer/amanda-feriante-1750785,Roeland Park,KS,Johnson,(913) 303-1563,,Divorce,4900 Johnson Dr,66205,Kansas City,5,
Joshua Brunkhorst,https://www.brunkhorstlaw.com,,https://lawyers.justia.com/lawyer/joshua-brunkhorst-1667078,Olathe,KS,Johnson,(913) 568-0190,,DUI/DWI,110 N Cherry Street,66061,Kansas City,5,
Nathaniel Kelly Scearcy,http://www.potts-law.com/attorneys/nate-scearcy/,,https://lawyers.justia.com/lawyer/nathaniel-kelly-scearcy-1527098,Westwood,KS,Johnson,(888) 902-6245,,Personal Injury,1901 W. 47th Place,66205,Kansas City,5,
Dennis M. Clyde,https://clydeinjurylaw.com/,,https://lawyers.justia.com/lawyer/dennis-m-clyde-922656,Shawnee,KS,Johnson,(913) 214-1411,,Personal Injury,6428 Vista Drive,66218,Kansas City,5,
Mr Leonard Allen Hall,,,https://lawyers.justia.com/lawyer/mr-leonard-allen-hall-1496467,Olathe,KS,Johnson,(913) 782-4470,,Bankruptcy,103 N. Chestnut Street,66061,Kansas City,4,
Mandee Rowen Pingel,,,https://lawyers.justia.com/lawyer/mandee-rowen-pingel-917549,Mission,KS,Johnson,(816) 880-0077,,Divorce,6118 Johnson Drive,66202,Kansas City,5,
Todd Hottman,http://theduiclinic.com,,https://lawyers.justia.com/lawyer/todd-hottman-950291,Olathe,KS,Johnson,(913) 262-4444,,Bankruptcy,130 N Cherry St,66061,Kansas City,4,
Mark Brown,https://midwestip.com,,https://lawyers.justia.com/lawyer/mark-brown-1662728,Shawnee,KS,Johnson,(913) 248-4477,,General,7225 Renner Road Suite 201,66217,Kansas City,2,
Jessica Travis,http://kansascitydefenselaw.com/,,https://lawyers.justia.com/lawyer/jessica-travis-920872,Olathe,KS,Johnson,(913) 782-8200,,General,130 N Water St,66061,Kansas City,2,
Ryan Lee White,,,https://lawyers.justia.com/lawyer/ryan-lee-white-1586417,Shawnee,KS,Johnson,(913) 890-7042,,General,7225 Renner Rd.,66217,Kansas City,2,
Peggy Bisping,,,https://lawyers.justia.com/lawyer/peggy-bisping-922121,Shawnee,KS,Johnson,(913) 890-7015,,Divorce,"7225 Renner Road, Suite 200",66217,Kansas City,5,
Thomas Henry Bornholdt,,,https://lawyers.justia.com/lawyer/thomas-henry-bornholdt-1506360,Olathe,KS,Johnson,(913) 231-4442,,General,16652 W. 147th,66062,Kansas City,2,
William Douglas Stilley,https://www.stilleylaw.com/,,https://lawyers.justia.com/lawyer/william-douglas-stilley-949838,Shawnee,KS,Johnson,(913) 515-9196,,Estate Planning,7200 Silverheel St.,66227,Kansas City,4,
Glenn A Stockton,,,https://lawyers.justia.com/lawyer/glenn-a-stockton-1498338,Gardner,KS,Johnson,(866) 942-1932,,Bankruptcy,952 E. Lincoln Lane,66030,Kansas City,4,
K. C. Connealy,https://www.midwestestateplan.com/,,https://lawyers.justia.com/lawyer/k-c-connealy-1489302,Overland Park,KS,Johnson,(913) 262-2000,,Estate Planning,4400 College Boulevard Suite 190,66211,Kansas City,4,
Alex S Gilmore,https://www.fpsslaw.com/,,https://lawyers.justia.com/lawyer/alex-s-gilmore-1521039,Overland Park,KS,Johnson,(913) 339-6757,,General,9393 W 110th St,66210,Kansas City,2,
Hannah Jeppsen Soo,https://www.knimmigrationlaw.com/team,,https://lawyers.justia.com/lawyer/hannah-jeppsen-soo-1820964,Overland Park,KS,Johnson,(913) 621-3030,,General,9290 Glenwood St.,66212,Kansas City,2,
Megan E Lees,,,https://lawyers.justia.com/lawyer/megan-e-lees-1541249,Overland Park,KS,Johnson,(800) 270-3416,,General,7500 COLLEGE BLVD,66210,Kansas City,2,
Deanna Gilbertson,,,https://lawyers.justia.com/lawyer/deanna-gilbertson-186085,Overland Park,KS,Johnson,(562) 618-6453,,Personal Injury,15345 LARSEN ST,66221,Kansas City,5,
Joshua Laird Shuart,,,https://lawyers.justia.com/lawyer/joshua-laird-shuart-323949,Overland Park,KS,Johnson,(913) 274-2803,,General,5454 W 110TH STREET,66211,Kansas City,2,
Justin Bennett Kohlbeck,,,https://lawyers.justia.com/lawyer/justin-bennett-kohlbeck-1573237,Overland Park,KS,Johnson,(919) 518-6336,,Bankruptcy,8208 MELROSE DRIVE,66214,Kansas City,4,
Edward Leon Bertrand,,,https://lawyers.justia.com/lawyer/edward-leon-bertrand-145661,Overland Park,KS,Johnson,(949) 777-5739,,General,10707 W 142ND TER,66221,Kansas City,2,
Christine L. Schlomann,,,https://lawyers.justia.com/lawyer/christine-l-schlomann-243312,Overland Park,KS,Johnson,(816) 820-6500,,Bankruptcy,11464 KING LN,66210,Kansas City,4,
Laurie Percio,http://www.hornlaw.com/,,https://lawyers.justia.com/lawyer/laurie-percio-1481211,Overland Park,KS,Johnson,,,Personal Injury,7500 College Boulevard,66210,Kansas City,5,
Casey O. Housley,,,https://lawyers.justia.com/lawyer/casey-o-housley-1571635,Overland Park,KS,Johnson,(913) 234-6100,,General,11225 COLLEGE BLVD,66210,Kansas City,2,
Maxwell Cory Nelson,,,https://lawyers.justia.com/lawyer/maxwell-cory-nelson-263109,Overland Park,KS,Johnson,(913) 358-5800,,Personal Injury,8600 W. 110TH ST,66210,Kansas City,5,
Theodore Denis Fay,,,https://lawyers.justia.com/lawyer/theodore-denis-fay-176213,Overland Park,KS,Johnson,(913) 451-5107,,General,7300 W 110TH ST,66210,Kansas City,2,
Richard John Plouff,,,https://lawyers.justia.com/lawyer/richard-john-plouff-857395,Overland Park,KS,Johnson,(913) 884-1070,,General,10520 WALMER ST,66212,Kansas City,2,
Allen Justin Poplin,,,https://lawyers.justia.com/lawyer/allen-justin-poplin-336800,Overland Park,KS,Johnson,(913) 451-5130,,General,10851 Mastin St,66210,Kansas City,2,
Allison Scharf Glickman,,,https://lawyers.justia.com/lawyer/allison-scharf-glickman-1329938,Overland Park,KS,Johnson,(913) 315-1444,,General,6360 SPRINT PKWY #3A,66251,Kansas City,2,
Michael John Tschider,,,https://lawyers.justia.com/lawyer/michael-john-tschider-955348,Overland Park,KS,Johnson,(303) 749-0329,,General,5454 W. 110TH ST,66211,Kansas City,2,
Steven G. Piland,,,https://lawyers.justia.com/lawyer/steven-g-piland-735722,Overland Park,KS,Johnson,(913) 401-2801,,General,7400 COLLEGE BLVD,66210,Kansas City,2,
Yuedan Liu,,,https://lawyers.justia.com/lawyer/yuedan-liu-1635310,Overland Park,KS,Johnson,(210) 712-2522,,General,1225 COLLEGE BLVD,66210,Kansas City,2,
Lorraine Clarkson Sachiko,,,https://lawyers.justia.com/lawyer/lorraine-clarkson-sachiko-1535714,Overland Park,KS,Johnson,,,General,5628 W 144TH ST,66223,Kansas City,2,
Bonnie Marie Treichel,,,https://lawyers.justia.com/lawyer/bonnie-marie-treichel-1541322,Overland Park,KS,Johnson,,,General,7300 W 110TH ST,66210,Kansas City,2,
Marshal Burton Allshouse,,,https://lawyers.justia.com/lawyer/marshal-burton-allshouse-84575,Overland Park,KS,Johnson,(408) 862-2302,,General,13833 HORTON DR,66223,Kansas City,2,
Spencer Carl Farris,http://www.likensandblomquist.com,,https://lawyers.justia.com/lawyer/spencer-carl-farris-722093,Overland Park,KS,Johnson,(913) 961-4706,,General,16416 BARTON ST,66221,Kansas City,2,
Kathryn Elisabeth Rager,,,https://lawyers.justia.com/lawyer/kathryn-elisabeth-rager-1548219,Overland Park,KS,Johnson,,,General,10950 GRANDVIEW DRIVE,66210,Kansas City,2,
John Jackson Miller,http://www.lawyers.com/millerlaw,,https://lawyers.justia.com/lawyer/john-jackson-miller-949962,Overland Park,KS,Johnson,(816) 413-9075,,General,7304 W 130th St,66213,Kansas City,2,
John Duggan,http://www.dsdklaw.com/attorney/john-duggan/,,https://lawyers.justia.com/lawyer/john-duggan-917155,Overland Park,KS,Johnson,(913) 498-3536,,General,11040 Oakmont St,66210,Kansas City,2,
Wendell Cowan,http://www.foulston.com,,https://lawyers.justia.com/lawyer/wendell-cowan-922996,Overland Park,KS,Johnson,(913) 498-2100,,General,9225 Indian Creek Pkwy #600,66210,Kansas City,2,
Sydney Studer,,,https://lawyers.justia.com/lawyer/sydney-studer-1804925,Overland Park,KS,Johnson,,,General,11936 W 119TH ST.UNIT 121,66213,Kansas City,2,
Robert John Rayburn III,,,https://lawyers.justia.com/lawyer/robert-john-rayburn-iii-297712,Overland Park,KS,Johnson,(816) 215-5567,,General,10851 MASTIN ST,66210,Kansas City,2,
Richard Ralls,,,https://lawyers.justia.com/lawyer/richard-ralls-924298,Overland Park,KS,Johnson,(913) 236-7260,,Divorce,"6811 Shawnee Mission Parkway Cloverleaf Building 1, Suite 306",66202,Kansas City,5,
Jennifer Smith Blum,,,https://lawyers.justia.com/lawyer/jennifer-smith-blum-919168,Overland Park,KS,Johnson,(913) 341-0303,,General,6750 W 93rd St,66212,Kansas City,2,
Wade Dorothy,,,https://lawyers.justia.com/lawyer/wade-dorothy-920348,Overland Park,KS,Johnson,(913) 888-7888,,General,8675 W 96th St,66212,Kansas City,2,
Gregory Dennis,,,https://lawyers.justia.com/lawyer/gregory-dennis-950581,Overland Park,KS,Johnson,(913) 498-1700,,General,7300 W 110th St,66210,Kansas City,2,
Ann Marie Logan,,,https://lawyers.justia.com/lawyer/ann-marie-logan-1200360,Overland Park,KS,Johnson,,,General,11201 West 141st Street,66221,Kansas City,2,
Frederick Zarate,,,https://lawyers.justia.com/lawyer/frederick-zarate-1604768,Overland Park,KS,Johnson,(913) 608-9428,,General,6803 WEST 64TH STREET,66202,Kansas City,2,
Thomas Williams,,,https://lawyers.justia.com/lawyer/thomas-williams-919122,Overland Park,KS,Johnson,(913) 469-5300,,Personal Injury,10990 Quivira Rd,66210,Kansas City,5,
Carl C. Radom,,,https://lawyers.justia.com/lawyer/carl-c-radom-557773,Overland Park,KS,Johnson,(913) 381-8180,,General,9300 Metcalf Ave,66212,Kansas City,2,
John Shamberg,,,https://lawyers.justia.com/lawyer/john-shamberg-921371,Overland Park,KS,Johnson,(913) 642-0600,,Personal Injury,7300 W 110th St,66210,Kansas City,5,
Scott Bielicki,,,https://lawyers.justia.com/lawyer/scott-bielicki-611226,Overland Park,KS,Johnson,(202) 429-6751,,General,7737 W 154th Terrace,66223,Kansas City,2,
Hal Pierce,,,https://lawyers.justia.com/lawyer/hal-pierce-918803,Overland Park,KS,Johnson,(913) 451-8430,,Medical Malpractice,10975 Benson Dr,66210,Kansas City,5,
Neil Shortlidge,,,https://lawyers.justia.com/lawyer/neil-shortlidge-918941,Overland Park,KS,Johnson,(913) 451-8600,,General,10975 Benson St,66210,Kansas City,2,
Nancy Ellen Fox,,,https://lawyers.justia.com/lawyer/nancy-ellen-fox-920549,Overland Park,KS,Johnson,(913) 341-0303,,Divorce,6750 W 93rd St,66212,Kansas City,5,
Bradley Manson,,,https://lawyers.justia.com/lawyer/bradley-manson-923936,Overland Park,KS,Johnson,(913) 498-8080,,Divorce,10801 Mastin St,66210,Kansas City,5,
David Alan Gellis,,,https://lawyers.justia.com/lawyer/david-alan-gellis-512365,Overland Park,KS,Johnson,(727) 642-6016,,Bankruptcy,11225 COLLEGE BLVD,66210,Kansas City,4,
Lee Hollis,,,https://lawyers.justia.com/lawyer/lee-hollis-738813,Overland Park,KS,Johnson,(913) 385-5400,,General,5100 W 95th St,66207,Kansas City,2,
Timothy Austin Pullin,,,https://lawyers.justia.com/lawyer/timothy-austin-pullin-1579344,Overland Park,KS,Johnson,(913) 354-2056,,Personal Injury,11050 ROE AVE,66211,Kansas City,5,
Joel Patrick Brady,,,https://lawyers.justia.com/lawyer/joel-patrick-brady-737127,Overland Park,KS,Johnson,,,General,10500 Barkley St,66212,Kansas City,2,
Russell Peterson,,,https://lawyers.justia.com/lawyer/russell-peterson-916538,Overland Park,KS,Johnson,(913) 438-4800,,Personal Injury,7300 W 110th St,66210,Kansas City,5,
Eldon Shields,,,https://lawyers.justia.com/lawyer/eldon-shields-918702,Overland Park,KS,Johnson,(913) 661-0222,,General,10990 Quivira Rd,66210,Kansas City,2,
Hiram Blomquist,,,https://lawyers.justia.com/lawyer/hiram-blomquist-920983,Overland Park,KS,Johnson,(913) 383-3866,,Bankruptcy,5370 W 95th St,66207,Kansas City,4,
Claire Lynnette Winston,,,https://lawyers.justia.com/lawyer/claire-lynnette-winston-950211,Overland Park,KS,Johnson,(913) 685-0246,,Estate Planning,7111 W 151st St,66223,Kansas City,4,
Kellie Ann Kalbac,,,https://lawyers.justia.com/lawyer/kellie-ann-kalbac-474178,Overland Park,KS,Johnson,,,Divorce,12071 Hayes St,66213,Kansas City,5,
Andrew DeMarea,,,https://lawyers.justia.com/lawyer/andrew-demarea-915975,Overland Park,KS,Johnson,(913) 451-3355,,Personal Injury,9225 Indian Creek Pkwy,66210,Kansas City,5,
Janet Davis Baker,,,https://lawyers.justia.com/lawyer/janet-davis-baker-920205,Overland Park,KS,Johnson,(913) 341-0303,,Civil Rights,6750 W 93rd St,66212,Kansas City,3,
Thomas Kelly Ryan,,,https://lawyers.justia.com/lawyer/thomas-kelly-ryan-921461,Overland Park,KS,Johnson,(913) 661-0222,,Personal Injury,10990 Quivira Rd,66210,Kansas City,5,
Thomas Thurston,,,https://lawyers.justia.com/lawyer/thomas-thurston-920622,Overland Park,KS,Johnson,(913) 383-3131,,Personal Injury,6750 W 93rd St,66212,Kansas City,5,
Sophia Dante Garnette,,,https://lawyers.justia.com/lawyer/sophia-dante-garnette-1542826,Overland Park,KS,Johnson,(913) 980-0018,,General,9209 W 72ND ST,66204,Kansas City,2,
Lawrence Gates,,,https://lawyers.justia.com/lawyer/lawrence-gates-918093,Overland Park,KS,Johnson,(913) 661-0222,,General,10990 Quivira Rd,66210,Kansas City,2,
Heather Woodson,,,https://lawyers.justia.com/lawyer/heather-woodson-919095,Overland Park,KS,Johnson,(913) 451-8600,,General,10975 Benson St,66210,Kansas City,2,
Jay Heidrick,,,https://lawyers.justia.com/lawyer/jay-heidrick-916468,Overland Park,KS,Johnson,(913) 451-3355,,General,9225 Indian Creek Pkwy,66210,Kansas City,2,
Marvin Rainey,,,https://lawyers.justia.com/lawyer/marvin-rainey-918244,Overland Park,KS,Johnson,(913) 722-6106,,General,7400 W 110th St,66210,Kansas City,2,
THOMAS C. WOLFE,,,https://lawyers.justia.com/lawyer/thomas-c-wolfe-736459,Overland Park,KS,Johnson,(913) 676-5200,,General,8961 METCALF AVE,66212,Kansas City,2,
Scott Nutter,,,https://lawyers.justia.com/lawyer/scott-nutter-917652,Overland Park,KS,Johnson,(913) 642-0600,,Personal Injury,7300 W 110th St,66210,Kansas City,5,
Thomas William Fredrick,,,https://lawyers.justia.com/lawyer/thomas-william-fredrick-1255165,Overland Park,KS,Johnson,(913) 707-2046,,General,10012 Briar Dr,66207,Kansas City,2,
Daniel Doherty,,,https://lawyers.justia.com/lawyer/daniel-doherty-916662,Overland Park,KS,Johnson,(913) 338-7182,,General,7300 W 110th St,66210,Kansas City,2,
Leo Logan,,,https://lawyers.justia.com/lawyer/leo-logan-923833,Overland Park,KS,Johnson,(913) 381-4000,,General,6804 W 107th St,66212,Kansas City,2,
Steven Ruse,,,https://lawyers.justia.com/lawyer/steven-ruse-920234,Overland Park,KS,Johnson,(913) 451-3355,,Medical Malpractice,9225 Indian Creek Pkwy,66210,Kansas City,5,
Charles Joseph Hyland,,,https://lawyers.justia.com/lawyer/charles-joseph-hyland-1328707,Overland Park,KS,Johnson,(913) 498-1911,,General,7300 W 110TH ST,66210,Kansas City,2,
Michael Berman,,,https://lawyers.justia.com/lawyer/michael-berman-922516,Overland Park,KS,Johnson,(913) 649-1555,,Bankruptcy,10660 Barkley St,66212,Kansas City,4,
Brandon Christopher Kressin,,,https://lawyers.justia.com/lawyer/brandon-christopher-kressin-1621374,Overland Park,KS,Johnson,(913) 593-5979,,General,5609 GOLDEN BEAR DR,66223,Kansas City,2,
Andrew Starr,,,https://lawyers.justia.com/lawyer/andrew-starr-917089,Overland Park,KS,Johnson,(913) 451-5100,,General,10851 Mastin Blvd,66210,Kansas City,2,
Darren Kenneth Kearns,,,https://lawyers.justia.com/lawyer/darren-kenneth-kearns-1315610,Overland Park,KS,Johnson,(913) 385-1500,,General,12980 METCALF AVE,66213,Kansas City,2,
Jeffrey Scott Austin,,,https://lawyers.justia.com/lawyer/jeffrey-scott-austin-949419,Overland Park,KS,Johnson,(913) 814-8854,,Personal Injury,7111 W 151st St,66223,Kansas City,5,
Dana Niceswanger,,,https://lawyers.justia.com/lawyer/dana-niceswanger-921973,Overland Park,KS,Johnson,(913) 338-5400,,Personal Injury,7101 College Blvd,66210,Kansas City,5,
Kurt McLey,,,https://lawyers.justia.com/lawyer/kurt-mcley-919822,Overland Park,KS,Johnson,(913) 383-3866,,General,5370 W 95th St,66207,Kansas City,2,
Michael Dwyer,,,https://lawyers.justia.com/lawyer/michael-dwyer-922368,Overland Park,KS,Johnson,(913) 383-3131,,Estate Planning,6750 W 93rd St,66212,Kansas City,4,
Max Gordon,,,https://lawyers.justia.com/lawyer/max-gordon-922897,Overland Park,KS,Johnson,(913) 385-2600,,Estate Planning,7199 W 98th Terrace,66212,Kansas City,4,
Laura McEachen,,,https://lawyers.justia.com/lawyer/laura-mceachen-922141,Overland Park,KS,Johnson,(913) 383-3800,,Divorce,5350 W 94th Terrace,66207,Kansas City,5,
Monet Marie Deshler,,,https://lawyers.justia.com/lawyer/monet-marie-deshler-192807,Overland Park,KS,Johnson,(913) 687-5282,,General,6950 W 152ND TER,66223,Kansas City,2,
Donald Martin,,,https://lawyers.justia.com/lawyer/donald-martin-760596,Overland Park,KS,Johnson,(913) 345-5100,,General,9114 W 104th Terrace,66212,Kansas City,2,
Andrea Hope Olitsky,,,https://lawyers.justia.com/lawyer/andrea-hope-olitsky-1192643,Overland Park,KS,Johnson,(913) 707-0660,,General,5454 W 110th St,66211,Kansas City,2,
Kelly Stohs,,,https://lawyers.justia.com/lawyer/kelly-stohs-923029,Overland Park,KS,Johnson,(913) 451-3355,,General,9225 Indian Creek Pkwy,66210,Kansas City,2,
Lawrence Bigus,,,https://lawyers.justia.com/lawyer/lawrence-bigus-918858,Overland Park,KS,Johnson,(913) 451-8600,,Bankruptcy,10975 Benson St,66210,Kansas City,4,
Trenton Hampton,,,https://lawyers.justia.com/lawyer/trenton-hampton-735320,Overland Park,KS,Johnson,(913) 661-1512,,General,7500 College Blvd,66210,Kansas City,2,
Anita Faye Larson,,,https://lawyers.justia.com/lawyer/anita-faye-larson-1252915,Overland Park,KS,Johnson,(785) 331-7296,,General,11880 COLLEGE BLVD,66210,Kansas City,2,
Anna Grace Schuler,,,https://lawyers.justia.com/lawyer/anna-grace-schuler-1623315,Overland Park,KS,Johnson,(816) 223-0523,,General,6201 COLLEGE BLVD,66211,Kansas City,2,
Brendon Barker,,,https://lawyers.justia.com/lawyer/brendon-barker-917594,Overland Park,KS,Johnson,(913) 341-7800,,Estate Planning,12980 Metcalf Ave,66213,Kansas City,4,
Kyle Skillman,,,https://lawyers.justia.com/lawyer/kyle-skillman-921558,Overland Park,KS,Johnson,(913) 345-8001,,General,7500 College Blvd,66210,Kansas City,2,
Clifford Roth,,,https://lawyers.justia.com/lawyer/clifford-roth-922296,Overland Park,KS,Johnson,(913) 338-2150,,General,7101 College Blvd,66210,Kansas City,2,
Janet Mittenfelner,,,https://lawyers.justia.com/lawyer/janet-mittenfelner-920704,Overland Park,KS,Johnson,(913) 451-3355,,Medical Malpractice,9225 Indian Creek Pkwy,66210,Kansas City,5,
Kathryn Anne Rainbolt,,,https://lawyers.justia.com/lawyer/kathryn-anne-rainbolt-1254847,Overland Park,KS,Johnson,(913) 458-7125,,General,11401 LAMAR AVE,66211,Kansas City,2,
William P. Trenkle Jr.,http://www.foulston.com,,https://lawyers.justia.com/lawyer/william-p-trenkle-jr-923760,Overland Park,KS,Johnson,(913) 498-2100,,General,9225 Indian Creek Pkwy #600,66210,Kansas City,2,
Payal Mehta,,,https://lawyers.justia.com/lawyer/payal-mehta-1203710,Overland Park,KS,Johnson,(913) 538-5214,,General,9393 WEST 110TH STREET,66210,Kansas City,2,
Rod Richardson,,,https://lawyers.justia.com/lawyer/rod-richardson-924124,Overland Park,KS,Johnson,(913) 888-1000,,General,10111 W 87th St,66212,Kansas City,2,
Adam Berman,,,https://lawyers.justia.com/lawyer/adam-berman-922515,Overland Park,KS,Johnson,(913) 649-1555,,General,10660 Barkley St,66212,Kansas City,2,
Timothy Triplett,,,https://lawyers.justia.com/lawyer/timothy-triplett-923094,Overland Park,KS,Johnson,(913) 491-3000,,General,9401 Indian Creek Pkwy,66210,Kansas City,2,
Deborah Greenberg-Baron,,,https://lawyers.justia.com/lawyer/deborah-greenberg-baron-919506,Overland Park,KS,Johnson,(913) 642-4839,,General,8401 W 97th Terrace,66212,Kansas City,2,
Kurt Brack,,,https://lawyers.justia.com/lawyer/kurt-brack-920782,Overland Park,KS,Johnson,(913) 342-2500,,General,7400 W 110th St,66210,Kansas City,2,
John Meier,,,https://lawyers.justia.com/lawyer/john-meier-915997,Overland Park,KS,Johnson,(913) 239-2300,,General,4747 W 135th St,66224,Kansas City,2,
Brock Rowatt,,,https://lawyers.justia.com/lawyer/brock-rowatt-917230,Overland Park,KS,Johnson,(913) 649-1555,,General,10660 Barkley St,66212,Kansas City,2,
Jane Neff-Brain,,,https://lawyers.justia.com/lawyer/jane-neff-brain-919407,Overland Park,KS,Johnson,(913) 895-6086,,General,8500 Santa Fe Dr,66212,Kansas City,2,
Leonard Frischer,,,https://lawyers.justia.com/lawyer/leonard-frischer-922090,Overland Park,KS,Johnson,(913) 345-0100,,General,13220 Metcalf Ave,66213,Kansas City,2,
Michael Smith,,,https://lawyers.justia.com/lawyer/michael-smith-920260,Overland Park,KS,Johnson,(913) 234-6100,,General,9401 Indian Creek Pkwy,66210,Kansas City,2,
"Harris, Sally H",http://harrissallyh.localsearch.com,,https://www.yellowpages.com/overland-park-ks/attorneys,Overland Park,KS,Johnson,(913) 888-1000,,General,10111 W 87th St,,Kansas City,2,
Alex W. Schulte,,,https://lawyers.justia.com/lawyer/alex-w-schulte-1504367,Overland Park,KS,Johnson,(913) 253-2155,,General,9225 Indian Creek Parkway,66210,Kansas City,2,
Daniel Brian Hodes,,,https://lawyers.justia.com/lawyer/daniel-brian-hodes-1305138,Overland Park,KS,Johnson,(913) 544-9218,,General,15738 ROSEWOOD DR,66224,Kansas City,2,
DEAN HOAG JR.,,,https://lawyers.justia.com/lawyer/dean-hoag-jr-735106,Overland Park,KS,Johnson,(402) 326-9130,,General,10555 WEST 168TH TERRACE,66221,Kansas City,2,
Michael Grier,,,https://lawyers.justia.com/lawyer/michael-grier-916046,Overland Park,KS,Johnson,(913) 491-3000,,General,9401 Indian Creek Pkwy,66210,Kansas City,2,
Kenneth Mason,,,https://lawyers.justia.com/lawyer/kenneth-mason-916632,Overland Park,KS,Johnson,(913) 345-8100,,General,9401 Indian Creek Pkwy,66210,Kansas City,2,
Ernest C. Ballweg,,,https://directory-kard.kscourts.gov/Home/Details?regNum=6898,Overland Park,KS,Johnson,816-896-2380,,General,"6750 W 93rd St, Ste 230",66212,Kansas City,2,
Bruce Mayfield,,,https://lawyers.justia.com/lawyer/bruce-mayfield-920567,Overland Park,KS,Johnson,(913) 649-8404,,Divorce,7944 Santa Fe Dr,66204,Kansas City,5,
Gerald Dykes,,,https://lawyers.justia.com/lawyer/gerald-dykes-922311,Overland Park,KS,Johnson,(913) 383-3131,,Estate Planning,6750 W 93rd St,66212,Kansas City,4,
Jen Augustine,,,https://lawyers.justia.com/lawyer/jen-augustine-923286,Overland Park,KS,Johnson,(913) 967-8908,,General,4551 W 107th St,66207,Kansas City,2,
Patrick Gaston,,,https://lawyers.justia.com/lawyer/patrick-gaston-921543,Overland Park,KS,Johnson,(913) 888-6333,,Social Security Disability,8780 Mastin Ave,66212,Kansas City,3,
David Hughes,,,https://lawyers.justia.com/lawyer/david-hughes-923543,Overland Park,KS,Johnson,(913) 385-7122,,General,7944 Santa Fe Dr,66204,Kansas City,2,
Rebekah Pinkston Janish,http://www.foulston.com/Attorneys/Details/Rebekah-Pinkston%20Janish,,https://lawyers.justia.com/lawyer/rebekah-pinkston-janish-1504364,Overland Park,KS,Johnson,(913) 253-2129,,General,9225 Indian Creek Pkwy #600,66210,Kansas City,2,
John Utz,,,https://lawyers.justia.com/lawyer/john-utz-921198,Overland Park,KS,Johnson,(913) 685-0970,,General,7285 W 132nd St,66213,Kansas City,2,
Gregory Kuhn,,,https://lawyers.justia.com/lawyer/gregory-kuhn-916495,Overland Park,KS,Johnson,(913) 451-6060,,General,7285 W 132nd St,66213,Kansas City,2,
Charles Schimmel,,,https://lawyers.justia.com/lawyer/charles-schimmel-920062,Overland Park,KS,Johnson,(913) 339-6888,,General,8695 College Blvd,66210,Kansas City,2,
David Stevens,,,https://lawyers.justia.com/lawyer/david-stevens-919751,Overland Park,KS,Johnson,(913) 345-8100,,General,9401 Indian Creek Pkwy,66210,Kansas City,2,
Teague Pasco,,,https://lawyers.justia.com/lawyer/teague-pasco-921364,Overland Park,KS,Johnson,(913) 498-3536,,General,11040 Oakmont St,66210,Kansas City,2,
James Warden,,,https://lawyers.justia.com/lawyer/james-warden-921677,Overland Park,KS,Johnson,(913) 491-3000,,General,9401 Indian Creek Pkwy,66210,Kansas City,2,
Derron Gunderman,,,https://lawyers.justia.com/lawyer/derron-gunderman-922045,Overland Park,KS,Johnson,(913) 563-3587,,General,12980 Foster St,66213,Kansas City,2,
Rekha Sharma-Crawford,,,https://lawyers.justia.com/lawyer/rekha-sharma-crawford-923316,Overland Park,KS,Johnson,(913) 385-9821,,Divorce,7208 W 80th St,66204,Kansas City,5,
Jennifer Robinson,,,https://lawyers.justia.com/lawyer/jennifer-robinson-923691,Overland Park,KS,Johnson,,,General,10990 Quivira Rd,66210,Kansas City,2,
John Schmidt,,,https://lawyers.justia.com/lawyer/john-schmidt-921882,Overland Park,KS,Johnson,(913) 451-3355,,Estate Planning,9225 Indian Creek Pkwy,66210,Kansas City,4,
David Guastello,,,https://lawyers.justia.com/lawyer/david-guastello-923519,Overland Park,KS,Johnson,,,General,4712 W 86th St,66207,Kansas City,2,
Holly Streeter-Schaefer,,,https://lawyers.justia.com/lawyer/holly-streeter-schaefer-916459,Overland Park,KS,Johnson,(913) 696-9970,,General,8900 Indian Creek Pkwy,66210,Kansas City,2,
Kenneth Jones,,,https://lawyers.justia.com/lawyer/kenneth-jones-917271,Overland Park,KS,Johnson,(913) 648-6333,,Bankruptcy,10484 Marty St,66212,Kansas City,4,
Jana Richards,,,https://lawyers.justia.com/lawyer/jana-richards-920534,Overland Park,KS,Johnson,(913) 234-6100,,General,9401 Indian Creek Pkwy,66210,Kansas City,2,
Michael Bizal,,,https://lawyers.justia.com/lawyer/michael-bizal-920417,Overland Park,KS,Johnson,(913) 685-4665,,General,7450 W 130th St,66213,Kansas City,2,
Kellsey Marie Fennell,,,https://lawyers.justia.com/lawyer/kellsey-marie-fennell-1805627,Overland Park,KS,Johnson,(913) 888-1000,,General,10111 W 87TH ST,66212,Kansas City,2,
Ann Veronica Wolf,,,https://lawyers.justia.com/lawyer/ann-veronica-wolf-779923,Overland Park,KS,Johnson,(913) 661-0222,,General,10990 QUIVIRA RD,66210,Kansas City,2,
Kyle Bogdan,,,https://lawyers.justia.com/lawyer/kyle-bogdan-918492,Overland Park,KS,Johnson,(913) 491-3000,,General,9401 Indian Creek Pkwy,66210,Kansas City,2,
Roberta Aileen Rodgers,,,https://lawyers.justia.com/lawyer/roberta-aileen-rodgers-986443,Overland Park,KS,Johnson,(256) 625-7383,,General,8575 W 110TH ST,66210,Kansas City,2,
Christopher Schneider,,,https://lawyers.justia.com/lawyer/christopher-schneider-923307,Overland Park,KS,Johnson,,,General,4204 W 91st St,66207,Kansas City,2,
Neil Foth,,,https://lawyers.justia.com/lawyer/neil-foth-922753,Overland Park,KS,Johnson,(913) 888-1777,,Personal Injury,11900 College Blvd,66210,Kansas City,5,
Eric Smith,,,https://lawyers.justia.com/lawyer/eric-smith-919465,Overland Park,KS,Johnson,(913) 663-5550,,General,10955 Lowell Ave,66210,Kansas City,2,
Peggy Cobb,,,https://lawyers.justia.com/lawyer/peggy-cobb-917495,Overland Park,KS,Johnson,(913) 967-4000,,General,4551 W 107th St,66207,Kansas City,2,
Elanie Scheib Mann,,,https://lawyers.justia.com/lawyer/elanie-scheib-mann-922132,Overland Park,KS,Johnson,(913) 648-5291,,General,10219 Catalina St,66207,Kansas City,2,
Lawrence Swain,,,https://lawyers.justia.com/lawyer/lawrence-swain-919023,Overland Park,KS,Johnson,(913) 451-3355,,General,9225 Indian Creek Pkwy,66210,Kansas City,2,
John Kratofil,,,https://lawyers.justia.com/lawyer/john-kratofil-920924,Overland Park,KS,Johnson,(913) 234-6100,,General,9401 Indian Creek Pkwy,66210,Kansas City,2,
Rex Henoch,,,https://lawyers.justia.com/lawyer/rex-henoch-920445,Overland Park,KS,Johnson,(913) 451-8383,,General,8717 W 110th St,66210,Kansas City,2,
Jarod Goff,,,https://lawyers.justia.com/lawyer/jarod-goff-916945,Overland Park,KS,Johnson,(913) 451-6752,,General,9393 W 110th St,66210,Kansas City,2,
David Brose,,,https://lawyers.justia.com/lawyer/david-brose-917682,Overland Park,KS,Johnson,(913) 451-6752,,General,9393 W 110th St,66210,Kansas City,2,
Jeanne Gorman Rau,,,https://lawyers.justia.com/lawyer/jeanne-gorman-rau-916329,Overland Park,KS,Johnson,(913) 652-9797,,General,8675 W 96th St,66212,Kansas City,2,
Marcos Barbosa,,,https://lawyers.justia.com/lawyer/marcos-barbosa-921599,Overland Park,KS,Johnson,(913) 451-6752,,General,9393 W 110th St,66210,Kansas City,2,
Courtney Mikesic,,,https://lawyers.justia.com/lawyer/courtney-mikesic-920477,Overland Park,KS,Johnson,(913) 342-2500,,General,7400 W 110th St,66210,Kansas City,2,
Kenneth Herring,,,https://lawyers.justia.com/lawyer/kenneth-herring-918945,Overland Park,KS,Johnson,(913) 338-5713,,General,8575 W 110th St,66210,Kansas City,2,
William Mize,,,https://lawyers.justia.com/lawyer/william-mize-922696,Overland Park,KS,Johnson,(913) 648-3220,,DUI/DWI,8000 Foster St,66204,Kansas City,5,
Holly Theobald,,,https://lawyers.justia.com/lawyer/holly-theobald-921127,Overland Park,KS,Johnson,,,General,9519 W 117th St,66210,Kansas City,2,
Amy Cathryn Hinzmann,,,https://lawyers.justia.com/lawyer/amy-cathryn-hinzmann-276944,Overland Park,KS,Johnson,(646) 491-1800,,General,11501 SPRINT PARKWAY,66211,Kansas City,2,
James Eisenbrandt,,,https://lawyers.justia.com/lawyer/james-eisenbrandt-919890,Overland Park,KS,Johnson,(913) 649-7007,,DUI/DWI,7300 W 110th St,66210,Kansas City,5,
Jeremy Lawrence Arens,,,https://lawyers.justia.com/lawyer/jeremy-lawrence-arens-1799420,Overland Park,KS,Johnson,(816) 768-6058,,General,11050 ROE AVE,66211,Kansas City,2,
Robert Schendel,,,https://lawyers.justia.com/lawyer/robert-schendel-918996,Overland Park,KS,Johnson,(913) 341-3434,,General,10910 W 87th St,66214,Kansas City,2,
Anthony Candelario,,,https://lawyers.justia.com/lawyer/anthony-candelario-917438,Overland Park,KS,Johnson,(913) 754-3303,,General,8829 Bond St,66214,Kansas City,2,
Mark Hoffmeister,,,https://lawyers.justia.com/lawyer/mark-hoffmeister-918430,Overland Park,KS,Johnson,(913) 451-8430,,General,10975 Benson Dr,66210,Kansas City,2,
George Crawford,,,https://lawyers.justia.com/lawyer/george-crawford-922166,Overland Park,KS,Johnson,(913) 451-8600,,General,10975 Benson St,66210,Kansas City,2,
Michael Hockley,,,https://lawyers.justia.com/lawyer/michael-hockley-923397,Overland Park,KS,Johnson,,,General,9401 Indian Creek Pkwy,66210,Kansas City,2,
Mark Hinderks,,,https://lawyers.justia.com/lawyer/mark-hinderks-923236,Overland Park,KS,Johnson,(913) 451-8600,,General,10975 Benson St,66210,Kansas City,2,
Dawn Chapman Watkins,http://www.bwaerolaw.com,,https://lawyers.justia.com/lawyer/dawn-chapman-watkins-899776,Overland Park,KS,Johnson,(913) 677-3800,,Personal Injury,6701 W. 64TH ST.,66202,Kansas City,5,
Stephen L Smay,,,https://lawyers.justia.com/lawyer/stephen-l-smay-1147310,Overland Park,KS,Johnson,(760) 808-3714,,General,8500 W 110th St,66210,Kansas City,2,
Barry Duwe,,,https://lawyers.justia.com/lawyer/barry-duwe-923177,Overland Park,KS,Johnson,(913) 451-1455,,Estate Planning,11011 Antioch Rd,66210,Kansas City,4,
Nathan Madison Sutton,,,https://lawyers.justia.com/lawyer/nathan-madison-sutton-950405,Overland Park,KS,Johnson,(913) 385-0444,,Estate Planning,7211 W 98th Terrace,66212,Kansas City,4,
William Andrew Boeck,,,https://lawyers.justia.com/lawyer/william-andrew-boeck-88337,Overland Park,KS,Johnson,(913) 735-5934,,General,11350 SWITZER RD,66210,Kansas City,2,
Erik Bendorf,,,https://lawyers.justia.com/lawyer/erik-bendorf-919129,Overland Park,KS,Johnson,(913) 484-3259,,General,11529 Riley St,66210,Kansas City,2,
Gregg Yowell,,,https://lawyers.justia.com/lawyer/gregg-yowell-921274,Overland Park,KS,Johnson,(913) 234-6100,,General,9401 Indian Creek Pkwy,66210,Kansas City,2,
Constance Shidler,,,https://lawyers.justia.com/lawyer/constance-shidler-918700,Overland Park,KS,Johnson,(913) 661-9800,,General,7400 W 110th St,66210,Kansas City,2,
John Robert Stanley,,,https://lawyers.justia.com/lawyer/john-robert-stanley-949430,Overland Park,KS,Johnson,(913) 681-5566,,Personal Injury,13220 Metcalf Ave,66213,Kansas City,5,
Alexander George Alex Hawn,,,https://lawyers.justia.com/lawyer/alexander-george-alex-hawn-1767816,Leawood,KS,Johnson,,,General,3001 W 142ND ST,66224,Kansas City,2,
Kristopher Kuehn,,,https://lawyers.justia.com/lawyer/kristopher-kuehn-920798,Overland Park,KS,Johnson,(913) 491-3000,,General,9401 Indian Creek Pkwy,66210,Kansas City,2,
Nicole Bryant,,,https://lawyers.justia.com/lawyer/nicole-bryant-454721,Overland Park,KS,Johnson,(913) 652-3352,,General,6512 W 91st St,66212,Kansas City,2,
Robert Van Cleave,,,https://lawyers.justia.com/lawyer/robert-van-cleave-919777,Overland Park,KS,Johnson,(913) 661-0222,,Civil Rights,10990 Quivira Rd,66210,Kansas City,3,
Richard Dvorak,,,https://lawyers.justia.com/lawyer/richard-dvorak-919671,Overland Park,KS,Johnson,(913) 385-7990,,Divorce,7111 W 98th Terrace,66212,Kansas City,5,
Joseph Bart Budetti,,,https://lawyers.justia.com/lawyer/joseph-bart-budetti-915901,Overland Park,KS,Johnson,(913) 895-6085,,General,8500 Santa Fe Dr,66212,Kansas City,2,
Thomas Ruane,,,https://lawyers.justia.com/lawyer/thomas-ruane-922081,Overland Park,KS,Johnson,(913) 451-3355,,Estate Planning,9225 Indian Creek Pkwy,66210,Kansas City,4,
David Eisenberg,,,https://lawyers.justia.com/lawyer/david-eisenberg-919888,Overland Park,KS,Johnson,(913) 451-6752,,General,9393 W 110th St,66210,Kansas City,2,
Theodore Lickteig,,,https://lawyers.justia.com/lawyer/theodore-lickteig-920519,Overland Park,KS,Johnson,(913) 894-1090,,Personal Injury,10100 W 87th St,66212,Kansas City,5,
Erin Jones-Slatev,,,https://lawyers.justia.com/lawyer/erin-jones-slatev-916328,Overland Park,KS,Johnson,,,General,11000 King St,66210,Kansas City,2,
Martha Ross,,,https://lawyers.justia.com/lawyer/martha-ross-923437,Overland Park,KS,Johnson,(913) 451-5100,,General,10851 Mastin Blvd,66210,Kansas City,2,
Gregory Benefiel,,,https://lawyers.justia.com/lawyer/gregory-benefiel-919131,Overland Park,KS,Johnson,(913) 327-6706,,General,12400 Foster St,66213,Kansas City,2,
Robert Payne,,,https://lawyers.justia.com/lawyer/robert-payne-916661,Overland Park,KS,Johnson,(913) 451-3355,,General,9225 Indian Creek Pkwy,66210,Kansas City,2,
Michael Jilka,,,https://lawyers.justia.com/lawyer/michael-jilka-922195,Overland Park,KS,Johnson,(913) 342-2500,,Medical Malpractice,7400 W 110th St,66210,Kansas City,5,
James Kreamer,,,https://lawyers.justia.com/lawyer/james-kreamer-917997,Overland Park,KS,Johnson,(913) 451-6752,,General,9393 W 110th St,66210,Kansas City,2,
Denise Drake,,,https://lawyers.justia.com/lawyer/denise-drake-918885,Overland Park,KS,Johnson,(913) 345-8100,,General,9401 Indian Creek Pkwy,66210,Kansas City,2,
Shannon F. Sponsler,,,https://lawyers.justia.com/lawyer/shannon-f-sponsler-901121,Overland Park,KS,Johnson,(913) 310-1508,,General,9401 INDIAN CREEK PARKWAY,66210,Kansas City,2,
Norman Gaar,,,https://lawyers.justia.com/lawyer/norman-gaar-921803,Overland Park,KS,Johnson,(913) 338-2150,,General,7101 College Blvd,66210,Kansas City,2,
"Mintz, Robert A, JD",http://mintzrobertajd.localsearch.com,,https://www.yellowpages.com/overland-park-ks/attorneys,Overland Park,KS,Johnson,(913) 888-1000,,General,10111 W 87th St,,Kansas City,2,
Awais Sufi,,,https://lawyers.justia.com/lawyer/awais-sufi-1257138,Overland Park,KS,Johnson,(202) 841-7834,,General,5616 W 92ND TER,66207,Kansas City,2,
Amy Morgan,,,https://lawyers.justia.com/lawyer/amy-morgan-922847,Overland Park,KS,Johnson,(913) 451-3355,,Medical Malpractice,9225 Indian Creek Pkwy,66210,Kansas City,5,
Brian Burge,,,https://lawyers.justia.com/lawyer/brian-burge-918877,Overland Park,KS,Johnson,(913) 345-0100,,Personal Injury,13220 Metcalf Ave,66213,Kansas City,5,
William Lemaster,,,https://lawyers.justia.com/lawyer/william-lemaster-916364,Overland Park,KS,Johnson,(913) 967-3027,,General,8600 Farley St,66212,Kansas City,2,
Erin Syring,,,https://lawyers.justia.com/lawyer/erin-syring-920965,Overland Park,KS,Johnson,(913) 851-8820,,General,10708 W 131st St,66213,Kansas City,2,
Daniel Crabtree,,,https://lawyers.justia.com/lawyer/daniel-crabtree-922172,Overland Park,KS,Johnson,(913) 451-8600,,Civil Rights,10975 Benson St,66210,Kansas City,3,
Paulette Hutnick,,,https://lawyers.justia.com/lawyer/paulette-hutnick-915930,Overland Park,KS,Johnson,(913) 649-1555,,General,10660 Barkley St,66212,Kansas City,2,
Justen Phelps,,,https://lawyers.justia.com/lawyer/justen-phelps-922328,Overland Park,KS,Johnson,(913) 499-8744,,General,8704 W 73rd St,66204,Kansas City,2,
Nancy Hoppock,,,https://lawyers.justia.com/lawyer/nancy-hoppock-922655,Overland Park,KS,Johnson,(913) 451-4577,,General,13212 W 115th St,66210,Kansas City,2,
Edward White,,,https://lawyers.justia.com/lawyer/edward-white-917785,Overland Park,KS,Johnson,(913) 492-2122,,General,10044 Wedd St,66212,Kansas City,2,
William King,,,https://lawyers.justia.com/lawyer/william-king-920383,Overland Park,KS,Johnson,(913) 451-8430,,General,10975 Benson Dr,66210,Kansas City,2,
Jacqueline Mixon,,,https://lawyers.justia.com/lawyer/jacqueline-mixon-916252,Overland Park,KS,Johnson,(913) 239-8400,,General,12980 Metcalf Ave,66213,Kansas City,2,
Robert Watson,,,https://lawyers.justia.com/lawyer/robert-watson-924119,Overland Park,KS,Johnson,(913) 895-6083,,General,8500 Santa Fe Dr,66212,Kansas City,2,
Johanna E. Nichols Whippen,,,https://lawyers.justia.com/lawyer/johanna-e-nichols-whippen-1655938,Overland Park,KS,Johnson,(978) 290-8129,,General,11501 OUTLOOK STREET,66211,Kansas City,2,
Leslie Byram,,,https://lawyers.justia.com/lawyer/leslie-byram-917869,Overland Park,KS,Johnson,(913) 486-0268,,General,12980 Metcalf Ave,66213,Kansas City,2,
Harold WilliamJr,,,https://lawyers.justia.com/lawyer/harold-williamjr-734239,Overland Park,KS,Johnson,(913) 469-0101,,General,10955 Lowell Ave,66210,Kansas City,2,
Kenneth Morton,,,https://lawyers.justia.com/lawyer/kenneth-morton-918680,Overland Park,KS,Johnson,(913) 814-0719,,General,12980 Metcalf Ave,66213,Kansas City,2,
William Sharma-Crawford,,,https://lawyers.justia.com/lawyer/william-sharma-crawford-923317,Overland Park,KS,Johnson,(913) 385-9821,,DUI/DWI,7208 W 80th St,66204,Kansas City,5,
Suzanna Trower King,,,https://lawyers.justia.com/lawyer/suzanna-trower-king-920381,Overland Park,KS,Johnson,(913) 549-3179,,General,12455 Benson St,66213,Kansas City,2,
Jill Marchant,,,https://lawyers.justia.com/lawyer/jill-marchant-919895,Overland Park,KS,Johnson,(913) 967-4037,,General,4551 W 107th St,66207,Kansas City,2,
Jerry Rank,,,https://lawyers.justia.com/lawyer/jerry-rank-916354,Overland Park,KS,Johnson,(913) 317-2757,,General,7300 W 110th St,66210,Kansas City,2,
Eric Van Beber,,,https://lawyers.justia.com/lawyer/eric-van-beber-919774,Overland Park,KS,Johnson,(913) 888-1000,,General,10111 W 87th St,66212,Kansas City,2,
Karen Arnold-Burger,,,https://lawyers.justia.com/lawyer/karen-arnold-burger-919309,Overland Park,KS,Johnson,(913) 327-6852,,General,12400 Foster St,66213,Kansas City,2,
Peter Vanderwarker,,,https://lawyers.justia.com/lawyer/peter-vanderwarker-919314,Overland Park,KS,Johnson,(913) 315-9371,,General,12101 Nieman Rd,66213,Kansas City,2,
Mark Singer,,,https://lawyers.justia.com/lawyer/mark-singer-917676,Overland Park,KS,Johnson,(913) 642-3600,,General,11011 King St,66210,Kansas City,2,
BRIANNE PFAFFLY ALLEN,,,https://lawyers.justia.com/lawyer/brianne-pfaffly-allen-1599986,Overland Park,KS,Johnson,(646) 549-1963,,General,6130 SPRINT PKWY,66211,Kansas City,2,
Mark McFarland,,,https://lawyers.justia.com/lawyer/mark-mcfarland-920741,Overland Park,KS,Johnson,(913) 888-1000,,General,10111 W 87th St,66212,Kansas City,2,
Victor Bergman,,,https://lawyers.justia.com/lawyer/victor-bergman-923159,Overland Park,KS,Johnson,(913) 642-0600,,Personal Injury,7300 W 110th St,66210,Kansas City,5,
Philip Glasser,,,https://lawyers.justia.com/lawyer/philip-glasser-918047,Overland Park,KS,Johnson,(913) 663-1971,,General,7300 W 110th St,66210,Kansas City,2,
"Jackson, Marty T",http://wallacesaunders.com,,https://www.yellowpages.com/overland-park-ks/attorneys,Overland Park,KS,Johnson,(913) 888-1000,,General,10111 W 87th St,,Kansas City,2,
Joseph Coulter Jr,,,https://lawyers.justia.com/lawyer/joseph-coulter-jr-341004,Overland Park,KS,Johnson,(913) 706-8821,,General,9011 W 139th Terrace,66221,Kansas City,2,
Richard Glaser Norden,,,https://lawyers.justia.com/lawyer/richard-glaser-norden-1201360,Overland Park,KS,Johnson,(816) 448-4240,,General,6800 W 64TH ST,66202,Kansas City,2,
Robert Caldwell,,,https://lawyers.justia.com/lawyer/robert-caldwell-920937,Overland Park,KS,Johnson,(913) 451-6444,,Divorce,11903 W 119th St,66213,Kansas City,5,
Jean Seeber,,,https://lawyers.justia.com/lawyer/jean-seeber-916819,Overland Park,KS,Johnson,(913) 327-6703,,General,12400 Foster St,66213,Kansas City,2,
Arthur Rhodes,,,https://lawyers.justia.com/lawyer/arthur-rhodes-919862,Overland Park,KS,Johnson,(913) 661-9800,,General,7400 W 110th St,66210,Kansas City,2,
Brenden Webb,,,https://lawyers.justia.com/lawyer/brenden-webb-923219,Overland Park,KS,Johnson,(913) 451-8430,,General,10975 Benson Dr,66210,Kansas City,2,
Nicole Reeves,,,https://lawyers.justia.com/lawyer/nicole-reeves-923765,Overland Park,KS,Johnson,(913) 381-7654,,General,6750 W 93rd St,66212,Kansas City,2,
Douglas Lancaster,,,https://lawyers.justia.com/lawyer/douglas-lancaster-922495,Overland Park,KS,Johnson,(913) 663-4442,,General,10990 Quivira Rd,66210,Kansas City,2,
Lindsay Rupier,,,https://lawyers.justia.com/lawyer/lindsay-rupier-921451,Overland Park,KS,Johnson,(913) 515-5640,,General,7707 W 114th Terrace,66210,Kansas City,2,
Christine Graham,,,https://lawyers.justia.com/lawyer/christine-graham-921090,Overland Park,KS,Johnson,(913) 451-3355,,Estate Planning,9225 Indian Creek Pkwy,66210,Kansas City,4,
Lawrence Jenab,,,https://lawyers.justia.com/lawyer/lawrence-jenab-918251,Overland Park,KS,Johnson,(913) 345-8100,,General,9401 Indian Creek Pkwy,66210,Kansas City,2,
Herman Loepp,,,https://lawyers.justia.com/lawyer/herman-loepp-916180,Overland Park,KS,Johnson,(913) 451-9660,,General,12210 Bradshaw St,66213,Kansas City,2,
Loren Moll,,,https://lawyers.justia.com/lawyer/loren-moll-923445,Overland Park,KS,Johnson,(913) 451-6444,,General,11903 W 119th St,66213,Kansas City,2,
Lindsay Jordan,,,https://lawyers.justia.com/lawyer/lindsay-jordan-923980,Overland Park,KS,Johnson,(913) 515-5640,,General,7707 W 114th Terrace,66210,Kansas City,2,
Major Baisden,,,https://lawyers.justia.com/lawyer/major-baisden-471389,Overland Park,KS,Johnson,(913) 317-5100,,General,8500 W 110th St,66210,Kansas City,2,
Bradley Farney,,,https://lawyers.justia.com/lawyer/bradley-farney-920496,Overland Park,KS,Johnson,(913) 825-5182,,General,8595 College Blvd,66210,Kansas City,2,
Andrew Hennier,,,https://lawyers.justia.com/lawyer/andrew-hennier-918962,Overland Park,KS,Johnson,(913) 648-0600,,General,9260 Glenwood St,66212,Kansas City,2,
Daniel Peters,,,https://lawyers.justia.com/lawyer/daniel-peters-921000,Overland Park,KS,Johnson,,,General,9200 Indian Creek Pkwy,66210,Kansas City,2,
Jeffrey Deines,,,https://lawyers.justia.com/lawyer/jeffrey-deines-924247,Overland Park,KS,Johnson,(913) 648-0600,,General,9260 Glenwood St,66212,Kansas City,2,
Walker Hendrix,,,https://lawyers.justia.com/lawyer/walker-hendrix-918956,Overland Park,KS,Johnson,(913) 319-8620,,General,7421 W 129th St,66213,Kansas City,2,
James Zakoura,,,https://lawyers.justia.com/lawyer/james-zakoura-923111,Overland Park,KS,Johnson,(913) 661-9800,,General,7400 W 110th St,66210,Kansas City,2,
Michael D. Robinson,,,https://lawyers.justia.com/lawyer/michael-d-robinson-1674314,Overland Park,KS,Johnson,(312) 617-4689,,General,11864 W 91ST,66208,Kansas City,2,
Renee Gurney,,,https://lawyers.justia.com/lawyer/renee-gurney-922883,Overland Park,KS,Johnson,(913) 888-1777,,General,11900 College Blvd,66210,Kansas City,2,
Travis Pelham Boozer,,,https://lawyers.justia.com/lawyer/travis-pelham-boozer-340583,Overland Park,KS,Johnson,(913) 315-9326,,General,6450 Sprint Pkwy,66251,Kansas City,2,
Alex Judd,,,https://lawyers.justia.com/lawyer/alex-judd-923078,Overland Park,KS,Johnson,(913) 888-1000,,General,10111 W 87th St,66212,Kansas City,2,
Kim Prichard Flores,,,https://lawyers.justia.com/lawyer/kim-prichard-flores-770864,Overland Park,KS,Johnson,(816) 285-7260,,General,9314 Roe Ave,66207,Kansas City,2,
Gary Schafersman,,,https://lawyers.justia.com/lawyer/gary-schafersman-919765,Overland Park,KS,Johnson,(913) 888-1000,,General,10111 W 87th St,66212,Kansas City,2,
Thomas Owens,,,https://lawyers.justia.com/lawyer/thomas-owens-922066,Overland Park,KS,Johnson,(913) 568-9891,,General,7804 W 100th St,66212,Kansas City,2,
Benjamin Kieler,,,https://lawyers.justia.com/lawyer/benjamin-kieler-924261,Overland Park,KS,Johnson,(913) 338-2557,,Personal Injury,7300 W 110th St,66210,Kansas City,5,
Katelyn Elizabeth Ross,,,https://lawyers.justia.com/lawyer/katelyn-elizabeth-ross-1580507,Overland Park,KS,Johnson,(913) 683-5878,,General,5700 W 112th St,66211,Kansas City,2,
Michael Kirkham,,,https://lawyers.justia.com/lawyer/michael-kirkham-918012,Overland Park,KS,Johnson,(913) 234-6100,,General,9401 Indian Creek Pkwy,66210,Kansas City,2,
Jacob Aaron Crane,,,https://lawyers.justia.com/lawyer/jacob-aaron-crane-1787002,Overland Park,KS,Johnson,(913) 234-4490,,Personal Injury,7300 W. 110TH STREET,66210,Kansas City,5,
Patrick Brown,,,https://lawyers.justia.com/lawyer/patrick-brown-922531,Overland Park,KS,Johnson,(913) 385-7200,,General,9729 W 101st Terrace,66212,Kansas City,2,
Richard Evrard,,,https://lawyers.justia.com/lawyer/richard-evrard-922307,Overland Park,KS,Johnson,(913) 345-8001,,General,7500 College Blvd,66210,Kansas City,2,
Lynn Johnson,,,https://lawyers.justia.com/lawyer/lynn-johnson-921150,Overland Park,KS,Johnson,(913) 642-0600,,Personal Injury,7300 W 110th St,66210,Kansas City,5,
Lebert Shultz,,,https://lawyers.justia.com/lawyer/lebert-shultz-919607,Overland Park,KS,Johnson,(913) 649-3578,,General,4507 W 89th St,66207,Kansas City,2,
Cathy Zumbehl,,,https://lawyers.justia.com/lawyer/cathy-zumbehl-920013,Overland Park,KS,Johnson,(913) 661-0222,,Estate Planning,10990 Quivira Rd,66210,Kansas City,4,
Jeffrey Kruske,,,https://lawyers.justia.com/lawyer/jeffrey-kruske-919451,Overland Park,KS,Johnson,(913) 652-6762,,General,7111 W 98th Terrace,66212,Kansas City,2,
Carl Clark,,,https://lawyers.justia.com/lawyer/carl-clark-923215,Overland Park,KS,Johnson,(913) 648-0600,,General,9260 Glenwood St,66212,Kansas City,2,
Richard Bond,,,https://lawyers.justia.com/lawyer/richard-bond-921737,Overland Park,KS,Johnson,,,General,9823 Nall Ave,66207,Kansas City,2,
John Bocciardi,,,https://lawyers.justia.com/lawyer/john-bocciardi-443063,Overland Park,KS,Johnson,,,General,5370 W 95th St,66207,Kansas City,2,
Ryan Evans,,,https://lawyers.justia.com/lawyer/ryan-evans-923913,Overland Park,KS,Johnson,,,General,10851 Mastin St,66210,Kansas City,2,
Robert Loyd,,,https://lawyers.justia.com/lawyer/robert-loyd-919501,Overland Park,KS,Johnson,(913) 338-5713,,General,8575 W 110th St,66210,Kansas City,2,
Linda Terrill,,,https://lawyers.justia.com/lawyer/linda-terrill-923345,Overland Park,KS,Johnson,(913) 814-8900,,General,4707 W 135th St,66224,Kansas City,2,
Chad Humble,,,https://lawyers.justia.com/lawyer/chad-humble-922832,Overland Park,KS,Johnson,(913) 722-6106,,General,7400 W 110th St,66210,Kansas City,2,
Jared Madison Campbell,,,https://lawyers.justia.com/lawyer/jared-madison-campbell-1605891,Overland Park,KS,Johnson,(913) 293-7467,,General,9900 W 109TH ST,66210,Kansas City,2,
Franklin Hummer,,,https://lawyers.justia.com/lawyer/franklin-hummer-922835,Overland Park,KS,Johnson,(913) 754-0924,,General,8595 College Blvd,66210,Kansas City,2,
Guy Edward Taylor,,,https://lawyers.justia.com/lawyer/guy-edward-taylor-969420,Overland Park,KS,Johnson,,,General,9811 W 100th Terrace,66212,Kansas City,2,
Timothy Carmody,,,https://lawyers.justia.com/lawyer/timothy-carmody-918632,Overland Park,KS,Johnson,(913) 491-6332,,Estate Planning,10955 Lowell Ave,66210,Kansas City,4,
John Owen,,,https://lawyers.justia.com/lawyer/john-owen-923622,Overland Park,KS,Johnson,(913) 685-2767,,General,8900 Indian Creek Pkwy,66210,Kansas City,2,
Janel Mary Fuhrman,,,https://lawyers.justia.com/lawyer/janel-mary-fuhrman-734161,Overland Park,KS,Johnson,(816) 289-9254,,General,11401 LAMAR AVE,66211,Kansas City,2,
Audra Mitchell,,,https://lawyers.justia.com/lawyer/audra-mitchell-921136,Overland Park,KS,Johnson,,,General,7703 W 114th Terrace,66210,Kansas City,2,
Louis Cohn,,,https://lawyers.justia.com/lawyer/louis-cohn-917951,Overland Park,KS,Johnson,(913) 451-6444,,General,11903 W 119th St,66213,Kansas City,2,
LeKeisha Monee Suggs,,,https://lawyers.justia.com/lawyer/lekeisha-monee-suggs-1648798,Overland Park,KS,Johnson,,,General,11501 OUTLOOK DR,66211,Kansas City,2,
Patrick McGrath,,,https://lawyers.justia.com/lawyer/patrick-mcgrath-919999,Overland Park,KS,Johnson,(913) 888-1000,,General,10111 W 87th St,66212,Kansas City,2,
"McCurdy, Christopher",http://wallacesaunders.com,,https://www.yellowpages.com/overland-park-ks/attorneys,Overland Park,KS,Johnson,(913) 888-1000,,General,10111 W 87th St,,Kansas City,2,
Katherine Scorza,,,https://lawyers.justia.com/lawyer/katherine-scorza-922069,Overland Park,KS,Johnson,(913) 345-8100,,General,9401 Indian Creek Pkwy,66210,Kansas City,2,
James Zenk,,,https://lawyers.justia.com/lawyer/james-zenk-933209,Overland Park,KS,Johnson,(913) 322-3757,,General,5512 W 86th Terrace,66207,Kansas City,2,
Patricia O'Connor,,,https://lawyers.justia.com/lawyer/patricia-o-connor-592045,Overland Park,KS,Johnson,(816) 363-5788,,General,6450 Sprint Pkwy,66251,Kansas City,2,
Timothy Lutz,,,https://lawyers.justia.com/lawyer/timothy-lutz-923098,Overland Park,KS,Johnson,(913) 888-1000,,General,10111 W 87th St,66212,Kansas City,2,
Robert Johnston,,,https://lawyers.justia.com/lawyer/robert-johnston-920455,Overland Park,KS,Johnson,(913) 491-6900,,Estate Planning,9200 Indian Creek Pkwy,66210,Kansas City,4,
Kirk Ridgway,,,https://lawyers.justia.com/lawyer/kirk-ridgway-922583,Overland Park,KS,Johnson,(913) 381-8180,,Divorce,9300 Metcalf Ave,66212,Kansas City,5,
Blake Edward Vande Garde,,,https://lawyers.justia.com/lawyer/blake-edward-vande-garde-1652808,Overland Park,KS,Johnson,(913) 549-4700,,General,7285 W 132ND ST,66213,Kansas City,2,
Craig Smith,,,https://lawyers.justia.com/lawyer/craig-smith-918654,Overland Park,KS,Johnson,(913) 315-9172,,General,6391 Sprint Pkwy,66251,Kansas City,2,
Sha Ni,,,https://lawyers.justia.com/lawyer/sha-ni-1606065,Overland Park,KS,Johnson,(816) 941-2900,,General,5040 INDIAN CREEK PARKWAY 201,66207,Kansas City,2,
Timothy Orrick,,,https://lawyers.justia.com/lawyer/timothy-orrick-917867,Overland Park,KS,Johnson,(913) 888-1777,,General,11900 College Blvd,66210,Kansas City,2,
William High,,,https://lawyers.justia.com/lawyer/william-high-917599,Overland Park,KS,Johnson,(913) 234-6100,,General,9401 Indian Creek Pkwy,66210,Kansas City,2,
"Fritschie, Donald J",http://wallacesaunders.com,,https://www.yellowpages.com/overland-park-ks/attorneys,Overland Park,KS,Johnson,(913) 888-1000,,General,10111 W 87th St,,Kansas City,2,
Robert Hamann,,,https://lawyers.justia.com/lawyer/robert-hamann-923965,Overland Park,KS,Johnson,(913) 381-1551,,General,9228 Riggs Ln,66212,Kansas City,2,
Marc Lapp,,,https://lawyers.justia.com/lawyer/marc-lapp-919748,Overland Park,KS,Johnson,(913) 319-7015,,General,7201 W 129th St,66213,Kansas City,2,
"Roy, Courtney S",http://kcelderlaw.com,,https://www.yellowpages.com/overland-park-ks/attorneys,Overland Park,KS,Johnson,(913) 338-5713,,General,9200 Glenwood St,,Kansas City,2,
Robert Foerschler,,,https://lawyers.justia.com/lawyer/robert-foerschler-918516,Overland Park,KS,Johnson,(913) 642-7650,,General,8417 Santa Fe Dr,66212,Kansas City,2,
Reid Holbrook,,,https://lawyers.justia.com/lawyer/reid-holbrook-921182,Overland Park,KS,Johnson,(913) 342-2500,,Medical Malpractice,7400 W 110th St,66210,Kansas City,5,
Kent Perry,,,https://lawyers.justia.com/lawyer/kent-perry-918971,Overland Park,KS,Johnson,(913) 498-1700,,General,7300 W 110th St,66210,Kansas City,2,
Peter Malloy Hazelton,,,https://lawyers.justia.com/lawyer/peter-malloy-hazelton-445518,Overland Park,KS,Johnson,(614) 316-7635,,General,8400 W 110th St,66210,Kansas City,2,
Mark McKinzie,,,https://lawyers.justia.com/lawyer/mark-mckinzie-916777,Overland Park,KS,Johnson,(913) 888-1000,,General,10111 W 87th St,66212,Kansas City,2,
Bryan Ross,,,https://lawyers.justia.com/lawyer/bryan-ross-919619,Overland Park,KS,Johnson,(913) 451-8430,,General,10975 Benson Dr,66210,Kansas City,2,
Elizabeth Raines,,,https://lawyers.justia.com/lawyer/elizabeth-raines-918242,Overland Park,KS,Johnson,(913) 451-6752,,General,9393 W 110th St,66210,Kansas City,2,
Greg Musil,,,https://lawyers.justia.com/lawyer/greg-musil-917972,Overland Park,KS,Johnson,(913) 451-3355,,General,9225 Indian Creek Pkwy,66210,Kansas City,2,
Jennifer Arnett,,,https://lawyers.justia.com/lawyer/jennifer-arnett-919907,Overland Park,KS,Johnson,(913) 888-1000,,General,10111 W 87th St,66212,Kansas City,2,
Jason Bush,,,https://lawyers.justia.com/lawyer/jason-bush-919400,Overland Park,KS,Johnson,(913) 451-3355,,Personal Injury,9225 Indian Creek Pkwy,66210,Kansas City,5,
Nancy Anstaett,,,https://lawyers.justia.com/lawyer/nancy-anstaett-916848,Overland Park,KS,Johnson,(913) 652-9797,,General,8675 W 96th St,66212,Kansas City,2,
Linda Neal,,,https://lawyers.justia.com/lawyer/linda-neal-916247,Overland Park,KS,Johnson,(913) 345-0006,,General,8595 College Blvd,66210,Kansas City,2,
Bryce Moore,,,https://lawyers.justia.com/lawyer/bryce-moore-922962,Overland Park,KS,Johnson,(913) 469-4852,,General,4019 W 93rd Terrace,66207,Kansas City,2,
Michael Bandre,,,https://lawyers.justia.com/lawyer/michael-bandre-922280,Overland Park,KS,Johnson,(913) 451-8430,,General,10975 Benson Dr,66210,Kansas City,2,
Gary Terrill,,,https://lawyers.justia.com/lawyer/gary-terrill-923344,Overland Park,KS,Johnson,(913) 888-1000,,General,10111 W 87th St,66212,Kansas City,2,
Natalie Graham,,,https://lawyers.justia.com/lawyer/natalie-graham-916303,Overland Park,KS,Johnson,(913) 319-7015,,General,7201 W 129th St,66213,Kansas City,2,
Tammy Owens,,,https://lawyers.justia.com/lawyer/tammy-owens-922065,Overland Park,KS,Johnson,(913) 895-6087,,General,8500 Santa Fe Dr,66212,Kansas City,2,
Charles D. Lee,,,https://lawyers.justia.com/lawyer/charles-d-lee-903561,Overland Park,KS,Johnson,(913) 601-7708,,General,6731 WEST 121ST,66209,Kansas City,2,
Heather Lake,,,https://lawyers.justia.com/lawyer/heather-lake-919959,Overland Park,KS,Johnson,(913) 696-0925,,General,10901 Lowell Ave,66210,Kansas City,2,
Anne Burke Miller,,,https://lawyers.justia.com/lawyer/anne-burke-miller-919595,Overland Park,KS,Johnson,(913) 498-8080,,Divorce,10801 Mastin St,66210,Kansas City,5,
Teresa Anderson,,,https://lawyers.justia.com/lawyer/teresa-anderson-918225,Overland Park,KS,Johnson,(913) 451-3355,,Divorce,9225 Indian Creek Pkwy,66210,Kansas City,5,
Mitchell Keith Feig,,,https://lawyers.justia.com/lawyer/mitchell-keith-feig-1194144,Overland Park,KS,Johnson,(603) 479-9184,,General,6130 SPRINT PKWY,66211,Kansas City,2,
Owen Newman,,,https://lawyers.justia.com/lawyer/owen-newman-920121,Overland Park,KS,Johnson,(913) 491-3000,,General,9401 Indian Creek Pkwy,66210,Kansas City,2,
Donald Ramsay,,,https://lawyers.justia.com/lawyer/donald-ramsay-919530,Overland Park,KS,Johnson,(913) 451-8600,,General,10975 Benson St,66210,Kansas City,2,
Matthew Birch,,,https://lawyers.justia.com/lawyer/matthew-birch-916027,Overland Park,KS,Johnson,(913) 642-0600,,Personal Injury,7300 W 110th St,66210,Kansas City,5,
Thomas Osborn,,,https://lawyers.justia.com/lawyer/thomas-osborn-918432,Overland Park,KS,Johnson,(913) 342-2500,,Estate Planning,7400 W 110th St,66210,Kansas City,4,
Claudia Weaver,,,https://lawyers.justia.com/lawyer/claudia-weaver-917693,Overland Park,KS,Johnson,(913) 469-8999,,General,11225 College Blvd,66210,Kansas City,2,
Kyle Joseph O'brien,,,https://lawyers.justia.com/lawyer/kyle-joseph-o-brien-1756542,Overland Park,KS,Johnson,(913) 392-8873,,General,11880 COLLEGE BLVD,66210,Kansas City,2,
Jason Talley,,,https://lawyers.justia.com/lawyer/jason-talley-919144,Overland Park,KS,Johnson,,,General,8500 W 110th St,66210,Kansas City,2,
Connee Scott,,,https://lawyers.justia.com/lawyer/connee-scott-922071,Overland Park,KS,Johnson,(913) 383-8370,,General,7709 W 97th St,66212,Kansas City,2,
Sharon Stolte,,,https://lawyers.justia.com/lawyer/sharon-stolte-920848,Overland Park,KS,Johnson,(913) 451-8600,,Bankruptcy,10975 Benson St,66210,Kansas City,4,
Daniel Allmayer,,,https://lawyers.justia.com/lawyer/daniel-allmayer-921073,Overland Park,KS,Johnson,(913) 768-9557,,General,9393 W 110th St,66210,Kansas City,2,
Kathryn Lewis,,,https://lawyers.justia.com/lawyer/kathryn-lewis-923490,Overland Park,KS,Johnson,(913) 491-3000,,General,9401 Indian Creek Pkwy,66210,Kansas City,2,
Nancy Ryan,,,https://lawyers.justia.com/lawyer/nancy-ryan-921460,Overland Park,KS,Johnson,(913) 661-0222,,General,10990 Quivira Rd,66210,Kansas City,2,
Koriambanya Carew,,,https://lawyers.justia.com/lawyer/koriambanya-carew-919065,Overland Park,KS,Johnson,(913) 451-6752,,General,9393 W 110th St,66210,Kansas City,2,
Andrew Ennis,,,https://lawyers.justia.com/lawyer/andrew-ennis-916191,Overland Park,KS,Johnson,(913) 451-6752,,General,9393 W 110th St,66210,Kansas City,2,
Jay Shadwick,,,https://lawyers.justia.com/lawyer/jay-shadwick-921309,Overland Park,KS,Johnson,(913) 498-3536,,General,11040 Oakmont St,66210,Kansas City,2,
Clarence Wietharn,,,https://lawyers.justia.com/lawyer/clarence-wietharn-921843,Overland Park,KS,Johnson,(913) 451-1455,,General,11011 Antioch Rd,66210,Kansas City,2,
Eric Miller,,,https://lawyers.justia.com/lawyer/eric-miller-921441,Overland Park,KS,Johnson,(913) 685-0970,,General,7285 W 132nd St,66213,Kansas City,2,
Robert Bye,,,https://lawyers.justia.com/lawyer/robert-bye-924308,Overland Park,KS,Johnson,(913) 754-3333,,General,8829 Bond St,66214,Kansas City,2,
Edward Boyle,,,https://lawyers.justia.com/lawyer/edward-boyle-924223,Overland Park,KS,Johnson,(913) 647-0670,,General,9300 W 110th St,66210,Kansas City,2,
Janet Simpson,,,https://lawyers.justia.com/lawyer/janet-simpson-922778,Overland Park,KS,Johnson,(913) 342-2500,,Personal Injury,7400 W 110th St,66210,Kansas City,5,
Michael Griffin,,,https://lawyers.justia.com/lawyer/michael-griffin-916049,Overland Park,KS,Johnson,(913) 234-6100,,General,9401 Indian Creek Pkwy,66210,Kansas City,2,
Richmond Enochs,,,https://lawyers.justia.com/lawyer/richmond-enochs-920416,Overland Park,KS,Johnson,(913) 888-1000,,General,10111 W 87th St,66212,Kansas City,2,
Mick Lerner,,,https://lawyers.justia.com/lawyer/mick-lerner-923144,Overland Park,KS,Johnson,(913) 317-8000,,Personal Injury,10875 Benson Dr,66210,Kansas City,5,
Brogan Moore Cullen,,,https://lawyers.justia.com/lawyer/brogan-moore-cullen-1798833,Overland Park,KS,Johnson,(913) 234-6141,,General,11225 COLLEGE BLVD,66210,Kansas City,2,
James Baker,,,https://lawyers.justia.com/lawyer/james-baker-920203,Overland Park,KS,Johnson,(913) 345-8100,,General,9401 Indian Creek Pkwy,66210,Kansas City,2,
Charles Zarter,,,https://lawyers.justia.com/lawyer/charles-zarter-921423,Overland Park,KS,Johnson,(913) 341-2660,,General,10561 Barkley St,66212,Kansas City,2,
Kara Trouslot Stubbs,,,https://lawyers.justia.com/lawyer/kara-trouslot-stubbs-916561,Overland Park,KS,Johnson,(913) 451-6752,,General,9393 W 110th St,66210,Kansas City,2,
Linda Tarpley,,,https://lawyers.justia.com/lawyer/linda-tarpley-916650,Overland Park,KS,Johnson,(913) 648-6333,,Bankruptcy,10484 Marty St,66212,Kansas City,4,
Maryteresa Doyle,,,https://lawyers.justia.com/lawyer/maryteresa-doyle-920443,Overland Park,KS,Johnson,(913) 685-2180,,General,4745 W 136th St,66224,Kansas City,2,
James Jarrow,,,https://lawyers.justia.com/lawyer/james-jarrow-923749,Overland Park,KS,Johnson,(913) 451-6752,,General,9393 W 110th St,66210,Kansas City,2,
Charles Hammond,,,https://lawyers.justia.com/lawyer/charles-hammond-920313,Overland Park,KS,Johnson,(913) 381-1454,,Estate Planning,9300 Metcalf Ave,66212,Kansas City,4,
Joel Krieger,,,https://lawyers.justia.com/lawyer/joel-krieger-922984,Overland Park,KS,Johnson,(913) 888-1000,,General,10111 W 87th St,66212,Kansas City,2,
Sean Edwards,,,https://lawyers.justia.com/lawyer/sean-edwards-921085,Overland Park,KS,Johnson,(913) 234-6100,,General,9401 Indian Creek Pkwy,66210,Kansas City,2,
David Kimminau,,,https://lawyers.justia.com/lawyer/david-kimminau-919020,Overland Park,KS,Johnson,,,General,7199 W 98th Terrace,66212,Kansas City,2,
John Stark,,,https://lawyers.justia.com/lawyer/john-stark-739015,Overland Park,KS,Johnson,(913) 288-3251,,General,7956 W 115th Pl,66210,Kansas City,2,
Thurston Cromwell,,,https://lawyers.justia.com/lawyer/thurston-cromwell-923187,Overland Park,KS,Johnson,(913) 234-3332,,General,7300 College Blvd,66210,Kansas City,2,
William Tuley,,,https://lawyers.justia.com/lawyer/william-tuley-922681,Overland Park,KS,Johnson,(913) 491-6900,,General,9200 Indian Creek Pkwy,66210,Kansas City,2,
Sheila Diane Verduzco,,,https://lawyers.justia.com/lawyer/sheila-diane-verduzco-1798059,Overland Park,KS,Johnson,(913) 280-5258,,General,7301 W. 133RD STREET,66213,Kansas City,2,
Christopher Snow,,,https://lawyers.justia.com/lawyer/christopher-snow-923006,Overland Park,KS,Johnson,(913) 491-3000,,General,9401 Indian Creek Pkwy,66210,Kansas City,2,
Derek Johannsen,,,https://lawyers.justia.com/lawyer/derek-johannsen-924275,Overland Park,KS,Johnson,(913) 888-1000,,General,10111 W 87th St,66212,Kansas City,2,
Judd Herbster,,,https://lawyers.justia.com/lawyer/judd-herbster-916620,Overland Park,KS,Johnson,(913) 342-2500,,Medical Malpractice,7400 W 110th St,66210,Kansas City,5,
Elizabeth Butler,,,https://lawyers.justia.com/lawyer/elizabeth-butler-918810,Overland Park,KS,Johnson,(913) 491-0123,,General,9001 W 100th Terrace,66212,Kansas City,2,
Andrea Thomas Ramsey,,,https://lawyers.justia.com/lawyer/andrea-thomas-ramsey-1168807,Overland Park,KS,Johnson,,,General,15055 Linden Ln,66224,Kansas City,2,
Richard Lawrence Connors,,,https://lawyers.justia.com/lawyer/richard-lawrence-connors-737378,Overland Park,KS,Johnson,(913) 451-8600,,General,11184 Antioch Rd,66210,Kansas City,2,
Jeannie DeVeney,,,https://lawyers.justia.com/lawyer/jeannie-deveney-916463,Overland Park,KS,Johnson,(913) 345-8100,,General,9401 Indian Creek Pkwy,66210,Kansas City,2,
John Watt,,,https://lawyers.justia.com/lawyer/john-watt-916947,Overland Park,KS,Johnson,(913) 451-6752,,General,9393 W 110th St,66210,Kansas City,2,
Richard Merker,,,https://lawyers.justia.com/lawyer/richard-merker-923816,Overland Park,KS,Johnson,(913) 888-1000,,General,10111 W 87th St,66212,Kansas City,2,
Kristin Blomquist-Shinn,,,https://lawyers.justia.com/lawyer/kristin-blomquist-shinn-920984,Overland Park,KS,Johnson,(913) 664-7257,,General,9225 Indian Creek Pkwy,66210,Kansas City,2,
Scot Gulick,,,https://lawyers.justia.com/lawyer/scot-gulick-918725,Overland Park,KS,Johnson,(913) 551-8331,,General,11962 Perry St,66213,Kansas City,2,
Gregg Harrison Thomas,,,https://lawyers.justia.com/lawyer/gregg-harrison-thomas-950290,Overland Park,KS,Johnson,(913) 385-7213,,Estate Planning,7919 W 99th St,66212,Kansas City,4,
Terri Austenfeld,,,https://lawyers.justia.com/lawyer/terri-austenfeld-920269,Overland Park,KS,Johnson,(913) 234-6100,,General,9401 Indian Creek Pkwy,66210,Kansas City,2,
Mary Flink,,,https://lawyers.justia.com/lawyer/mary-flink-920436,Overland Park,KS,Johnson,(913) 319-6005,,General,11011 Cody St,66210,Kansas City,2,
Edmund Gross,,,https://lawyers.justia.com/lawyer/edmund-gross-917753,Overland Park,KS,Johnson,(913) 982-0490,,General,8824 Rosewood Dr,66207,Kansas City,2,
Sheldon Crossette,,,https://lawyers.justia.com/lawyer/sheldon-crossette-923192,Overland Park,KS,Johnson,(913) 642-5649,,General,9709 Linden St,66207,Kansas City,2,
"Frackowiak, Drew, JD",http://frackowiakdrewjd.localsearch.com,,https://www.yellowpages.com/overland-park-ks/attorneys,Overland Park,KS,Johnson,(913) 381-7654,,General,6750 W 93rd St,,Kansas City,2,
"Kuckelman, Karl",http://wallacesaunders.com,,https://www.yellowpages.com/overland-park-ks/attorneys,Overland Park,KS,Johnson,(913) 888-1000,,General,10111 W 87th St,,Kansas City,2,
Donald McCartney,,,https://lawyers.justia.com/lawyer/donald-mccartney-922361,Overland Park,KS,Johnson,(913) 905-2270,,General,8803 W 118th Terrace,66210,Kansas City,2,
Gregory Wright,,,https://lawyers.justia.com/lawyer/gregory-wright-920715,Overland Park,KS,Johnson,(913) 339-6888,,Personal Injury,8695 College Blvd,66210,Kansas City,5,
Eric Kraft,,,https://lawyers.justia.com/lawyer/eric-kraft-920919,Overland Park,KS,Johnson,(913) 498-3536,,General,11040 Oakmont St,66210,Kansas City,2,
David Rempel,,,https://lawyers.justia.com/lawyer/david-rempel-917039,Overland Park,KS,Johnson,,,General,13161 Knox St,66213,Kansas City,2,
John DeCoursey,,,https://lawyers.justia.com/lawyer/john-decoursey-923259,Overland Park,KS,Johnson,(913) 319-8617,,General,7421 W 129th St,66213,Kansas City,2,
Joseph John Rossi,,,https://lawyers.justia.com/lawyer/joseph-john-rossi-1214981,Overland Park,KS,Johnson,(913) 621-9523,,General,11880 COLLEGE BLVD,66210,Kansas City,2,
Kathryn Arbuckle-Higdon,,,https://lawyers.justia.com/lawyer/kathryn-arbuckle-higdon-922446,Overland Park,KS,Johnson,(913) 451-8007,,General,11500 Robinson St,66210,Kansas City,2,
Neal Geddes,,,https://lawyers.justia.com/lawyer/neal-geddes-924283,Overland Park,KS,Johnson,,,General,9401 Indian Creek Pkwy,66210,Kansas City,2,
Joseph Bain,,,https://lawyers.justia.com/lawyer/joseph-bain-922255,Overland Park,KS,Johnson,(913) 491-3000,,General,9401 Indian Creek Pkwy,66210,Kansas City,2,
Jill Daugherty,,,https://lawyers.justia.com/lawyer/jill-daugherty-917010,Overland Park,KS,Johnson,(913) 469-8999,,General,11225 College Blvd,66210,Kansas City,2,
Michael Kauphusman,,,https://lawyers.justia.com/lawyer/michael-kauphusman-919417,Overland Park,KS,Johnson,(913) 888-1000,,General,10111 W 87th St,66212,Kansas City,2,
"Palan, Barbara",http://yellowpages.com/overland-park-ks/mip/scooter-world-525856099,,https://www.yellowpages.com/overland-park-ks/attorneys,Overland Park,KS,Johnson,(913) 341-0303,,General,6750 W 93rd St Ste 110,,Kansas City,2,
Jeffrey Deane,,,https://lawyers.justia.com/lawyer/jeffrey-deane-921708,Overland Park,KS,Johnson,(913) 768-9557,,General,9393 W 110th St,66210,Kansas City,2,
ANDREA L. MORROW,,,https://lawyers.justia.com/lawyer/andrea-l-morrow-908579,Overland Park,KS,Johnson,(913) 469-2958,,General,7500 WEST 110TH ST,66210,Kansas City,2,
Cole Hawks,,,https://lawyers.justia.com/lawyer/cole-hawks-920047,Overland Park,KS,Johnson,(913) 754-3301,,General,8829 Bond St,66214,Kansas City,2,
Scott Shackelford,,,https://lawyers.justia.com/lawyer/scott-shackelford-921306,Overland Park,KS,Johnson,(913) 253-9876,,General,10851 Mastin St,66210,Kansas City,2,
Sara Bodenheimer,,,https://lawyers.justia.com/lawyer/sara-bodenheimer-921931,Overland Park,KS,Johnson,(913) 491-3000,,General,9401 Indian Creek Pkwy,66210,Kansas City,2,
Renee Hodges,,,https://lawyers.justia.com/lawyer/renee-hodges-917531,Overland Park,KS,Johnson,(913) 593-8217,,General,10301 Ballentine St,66214,Kansas City,2,
Thomas Billam,,,https://lawyers.justia.com/lawyer/thomas-billam-918153,Overland Park,KS,Johnson,(913) 888-1000,,General,10111 W 87th St,66212,Kansas City,2,
Michael Dutton,,,https://lawyers.justia.com/lawyer/michael-dutton-920886,Overland Park,KS,Johnson,(913) 888-1000,,General,10111 W 87th St,66212,Kansas City,2,
Ervin Johnston,,,https://lawyers.justia.com/lawyer/ervin-johnston-916154,Overland Park,KS,Johnson,(913) 491-6900,,General,9200 Indian Creek Pkwy,66210,Kansas City,2,
Jennifer Shafer,,,https://lawyers.justia.com/lawyer/jennifer-shafer-921311,Overland Park,KS,Johnson,(913) 491-3000,,General,9401 Indian Creek Pkwy,66210,Kansas City,2,
Barton Brown,,,https://lawyers.justia.com/lawyer/barton-brown-917688,Overland Park,KS,Johnson,(913) 888-1000,,General,10111 W 87th St,66212,Kansas City,2,
Mariam Moussa,,,https://lawyers.justia.com/lawyer/mariam-moussa-918453,Overland Park,KS,Johnson,(913) 685-9682,,General,12825 Bond St,66213,Kansas City,2,
Douglas Dorothy,,,https://lawyers.justia.com/lawyer/douglas-dorothy-920347,Overland Park,KS,Johnson,(913) 888-7888,,General,8675 W 96th St,66212,Kansas City,2,
Michael Santos,,,https://lawyers.justia.com/lawyer/michael-santos-916169,Overland Park,KS,Johnson,(913) 895-6084,,General,8500 Santa Fe Dr,66212,Kansas City,2,
Hal Meltzer,,,https://lawyers.justia.com/lawyer/hal-meltzer-919142,Overland Park,KS,Johnson,(913) 451-6752,,General,9393 W 110th St,66210,Kansas City,2,
"Ross, John M",http://wallacesaunders.com,,https://www.yellowpages.com/overland-park-ks/attorneys,Overland Park,KS,Johnson,(913) 888-1000,,General,10111 W 87th St,,Kansas City,2,
Laine Barnard,,,https://lawyers.justia.com/lawyer/laine-barnard-921229,Overland Park,KS,Johnson,(913) 327-6870,,General,12400 Foster St,66213,Kansas City,2,
Katherine Bailes,,,https://lawyers.justia.com/lawyer/katherine-bailes-922248,Overland Park,KS,Johnson,(913) 345-2669,,General,10831 King St,66210,Kansas City,2,
"Warren, Barry E, JD",http://warrenbarryejd.localsearch.com,,https://www.yellowpages.com/overland-park-ks/attorneys,Overland Park,KS,Johnson,(913) 888-1000,,General,10111 W 87th St,,Kansas City,2,
Kelly Jurgensen,,,https://lawyers.justia.com/lawyer/kelly-jurgensen-920698,Overland Park,KS,Johnson,(913) 381-1454,,General,9300 Metcalf Ave,66212,Kansas City,2,
Steven Robert Savio,,,https://lawyers.justia.com/lawyer/steven-robert-savio-1803156,Overland Park,KS,Johnson,(913) 234-6104,,General,11225 COLLEGE BLVD,66210,Kansas City,2,
Allison Ross,,,https://lawyers.justia.com/lawyer/allison-ross-919618,Overland Park,KS,Johnson,(913) 888-1000,,General,10111 W 87th St,66212,Kansas City,2,
Shawn Rogers,,,https://lawyers.justia.com/lawyer/shawn-rogers-921628,Overland Park,KS,Johnson,(913) 451-6752,,General,9393 W 110th St,66210,Kansas City,2,
Lois Gladstone,,,https://lawyers.justia.com/lawyer/lois-gladstone-918043,Overland Park,KS,Johnson,(913) 661-0123,,General,10950 Grandview St,66210,Kansas City,2,
Kemper Anne Bogle,,,https://lawyers.justia.com/lawyer/kemper-anne-bogle-1754086,Overland Park,KS,Johnson,(913) 342-2500,,General,10851 MASTIN ST,66210,Kansas City,2,
Nick Badgerow,,,https://lawyers.justia.com/lawyer/nick-badgerow-918170,Overland Park,KS,Johnson,(913) 345-8100,,General,9401 Indian Creek Pkwy,66210,Kansas City,2,
D'Ambra Howard,,,https://lawyers.justia.com/lawyer/d-ambra-howard-918520,Overland Park,KS,Johnson,(913) 888-1000,,General,10111 W 87th St,66212,Kansas City,2,
Tiffany Buban,,,https://lawyers.justia.com/lawyer/tiffany-buban-917619,Overland Park,KS,Johnson,(913) 469-8999,,General,10733 Flint St,66210,Kansas City,2,
Robert Anderson,,,https://lawyers.justia.com/lawyer/robert-anderson-918223,Overland Park,KS,Johnson,(913) 469-4100,,General,11000 King St,66210,Kansas City,2,
Thomas Shardlow,,,https://lawyers.justia.com/lawyer/thomas-shardlow-923315,Overland Park,KS,Johnson,,,General,12490 Quivira Rd,66213,Kansas City,2,
Debra Vermillion,,,https://lawyers.justia.com/lawyer/debra-vermillion-923868,Overland Park,KS,Johnson,(913) 676-2160,,General,9100 W 74th St,66204,Kansas City,2,
Kevin Murphy,,,https://lawyers.justia.com/lawyer/kevin-murphy-919454,Overland Park,KS,Johnson,(913) 319-7015,,General,7201 W 129th St,66213,Kansas City,2,
Autumn Ashley Green,,,https://lawyers.justia.com/lawyer/autumn-ashley-green-1817022,Overland Park,KS,Johnson,(913) 752-5530,,General,10111 W 87TH ST,66212,Kansas City,2,
Andrew Dopheide,,,https://lawyers.justia.com/lawyer/andrew-dopheide-917093,Overland Park,KS,Johnson,,,General,11625 Woodward St,66210,Kansas City,2,
Jarrod Guthrie,,,https://lawyers.justia.com/lawyer/jarrod-guthrie-920728,Overland Park,KS,Johnson,(913) 664-7831,,General,5901 W 100th Terrace,66207,Kansas City,2,
Daniel Bell,,,https://lawyers.justia.com/lawyer/daniel-bell-924180,Overland Park,KS,Johnson,(913) 319-7015,,General,7201 W 129th St,66213,Kansas City,2,
Richard Epstein,,,https://lawyers.justia.com/lawyer/richard-epstein-919483,Overland Park,KS,Johnson,,,General,8321 Roe Ave,66207,Kansas City,2,
Benjamin Neill,,,https://lawyers.justia.com/lawyer/benjamin-neill-916876,Overland Park,KS,Johnson,(913) 814-8900,,General,4707 W 135th St,66224,Kansas City,2,
William Roche,,,https://lawyers.justia.com/lawyer/william-roche-923769,Overland Park,KS,Johnson,,,General,11936 W 119th St,66213,Kansas City,2,
John Shotts,,,https://lawyers.justia.com/lawyer/john-shotts-922204,Overland Park,KS,Johnson,(913) 661-0222,,General,10990 Quivira Rd,66210,Kansas City,2,
Thomas McGrath,,,https://lawyers.justia.com/lawyer/thomas-mcgrath-917134,Overland Park,KS,Johnson,,,General,5009 W 97th St,66207,Kansas City,2,
Gregory Ash,,,https://lawyers.justia.com/lawyer/gregory-ash-917073,Overland Park,KS,Johnson,(913) 345-8100,,General,9401 Indian Creek Pkwy,66210,Kansas City,2,
Claude Rice,,,https://lawyers.justia.com/lawyer/claude-rice-920528,Overland Park,KS,Johnson,(913) 338-5400,,General,7101 College Blvd,66210,Kansas City,2,
Tracy Vetter,,,https://lawyers.justia.com/lawyer/tracy-vetter-924200,Overland Park,KS,Johnson,(913) 693-8510,,General,7300 W 110th St,66210,Kansas City,2,
James Conkright,,,https://lawyers.justia.com/lawyer/james-conkright-923593,Overland Park,KS,Johnson,(913) 234-6100,,General,9401 Indian Creek Pkwy,66210,Kansas City,2,
James MowBray,,,https://lawyers.justia.com/lawyer/james-mowbray-923264,Overland Park,KS,Johnson,(913) 888-1000,,General,10111 W 87th St,66212,Kansas City,2,
Paul Croker,,,https://lawyers.justia.com/lawyer/paul-croker-923185,Overland Park,KS,Johnson,(913) 888-1000,,General,10111 W 87th St,66212,Kansas City,2,
Aisha Khan,,,https://lawyers.justia.com/lawyer/aisha-khan-923338,Overland Park,KS,Johnson,,,General,9401 Indian Creek Pkwy,66210,Kansas City,2,
Matthew Eickman,,,https://lawyers.justia.com/lawyer/matthew-eickman-916554,Overland Park,KS,Johnson,(913) 685-0970,,General,7285 W 132nd St,66213,Kansas City,2,
Stephen Fletcher,,,https://lawyers.justia.com/lawyer/stephen-fletcher-921600,Overland Park,KS,Johnson,(913) 648-5002,,General,8650 W 95th St,66212,Kansas City,2,
Lori Jones,,,https://lawyers.justia.com/lawyer/lori-jones-917276,Overland Park,KS,Johnson,(913) 642-7864,,General,9512 Lamar Ave,66207,Kansas City,2,
Jessica A. B. White,,,https://lawyers.justia.com/lawyer/jessica-a-b-white-916938,Overland Park,KS,Johnson,(913) 381-8180,,General,9300 Metcalf Ave,66212,Kansas City,2,
Todd LaSala,,,https://lawyers.justia.com/lawyer/todd-lasala-921245,Overland Park,KS,Johnson,(913) 451-8600,,General,10975 Benson St,66210,Kansas City,2,
Pei-vhen Hsieh,,,https://lawyers.justia.com/lawyer/pei-vhen-hsieh-923905,Overland Park,KS,Johnson,(913) 341-1026,,General,8508 W 90th Terrace,66212,Kansas City,2,
Richard Marien,,,https://lawyers.justia.com/lawyer/richard-marien-923984,Overland Park,KS,Johnson,,,General,9331 Outlook Dr,66207,Kansas City,2,
Mathew Warren,,,https://lawyers.justia.com/lawyer/mathew-warren-919921,Overland Park,KS,Johnson,(913) 341-7800,,General,12980 Metcalf Ave,66213,Kansas City,2,
William Lowe,,,https://lawyers.justia.com/lawyer/william-lowe-920676,Overland Park,KS,Johnson,(913) 663-3637,,General,11311 W 115th St,66210,Kansas City,2,
Bruce W. Beye,,,https://directory-kard.kscourts.gov/Home/Details?regNum=11289,Overland Park,KS,Johnson,913-338-0202,,General,"8101 College Blvd, Ste 100",66210,Kansas City,2,
Janet Starks,,,https://lawyers.justia.com/lawyer/janet-starks-917088,Overland Park,KS,Johnson,(913) 341-1355,,General,7180 W 107th St,66212,Kansas City,2,
Mark Baldwin,,,https://lawyers.justia.com/lawyer/mark-baldwin-921268,Overland Park,KS,Johnson,(913) 696-4080,,General,7801 W 110th St,66210,Kansas City,2,
Rex Arthur Sharp,http://www.midwest-law.com/attorneys/detail.cfm?id=7,,https://lawyers.justia.com/lawyer/rex-arthur-sharp-267635,Prairie Village,KS,Johnson,(913) 901-0505,,General,4820 W. 75TH STREET,66208,Kansas City,2,
Laura Clark Fey,https://feyllc.com/laura-clark-fey/,,https://lawyers.justia.com/lawyer/laura-clark-fey-1424472,Leawood,KS,Johnson,(913) 948-6301,,General,11300 Tomahawk Creek Parkway,66211,Kansas City,2,
Joann M Osorio,,,https://lawyers.justia.com/lawyer/joann-m-osorio-1533843,Prairie Village,KS,Johnson,(202) 855-3440,,General,5730 W 81ST TER,66208,Kansas City,2,
Melissa Lynn Vancrum,,,https://lawyers.justia.com/lawyer/melissa-lynn-vancrum-1542928,Leawood,KS,Johnson,(913) 387-1600,,General,5250 W 116TH PLACE,66211,Kansas City,2,
Timothy A. Spangler,,,https://lawyers.justia.com/lawyer/timothy-a-spangler-1231381,Leawood,KS,Johnson,(949) 810-8785,,General,11300 TOMAHAWK CREEK PKWY,66211,Kansas City,2,
Raymond John Holst,https://www.davispolk.com/,,https://lawyers.justia.com/lawyer/raymond-john-holst-1286473,Leawood,KS,Johnson,(646) 866-4346,,General,11300 TOMAHAWK CREEK PKWY,66211,Kansas City,2,
Amy Ray Powell,,,https://lawyers.justia.com/lawyer/amy-ray-powell-950109,Leawood,KS,Johnson,(816) 914-8299,,General,8833 Ensley Ct,66206,Kansas City,2,
Deborah Jean Matties,,,https://lawyers.justia.com/lawyer/deborah-jean-matties-1249122,Leawood,KS,Johnson,(202) 758-7697,,General,11300 TOMAHAWK CREEK PKWY,66211,Kansas City,2,
Michael Ted Hargis,,,https://lawyers.justia.com/lawyer/michael-ted-hargis-79945,Lenexa,KS,Johnson,(714) 587-0809,,Personal Injury,8800 PFLUMM RD,66215,Kansas City,5,
Lesley Carol Ardemagni,,,https://lawyers.justia.com/lawyer/lesley-carol-ardemagni-325704,Leawood,KS,Johnson,(214) 537-0901,,Bankruptcy,5280 W. 115TH PL UNIT 108,66211,Kansas City,4,
Karen Seymour Nettelblad,http://www.everestgrouponline.com,,https://lawyers.justia.com/lawyer/karen-seymour-nettelblad-949333,Prairie Village,KS,Johnson,(913) 722-6322,,Estate Planning,7301 Mission Rd,66208,Kansas City,4,
Christian Hedemann,,,https://lawyers.justia.com/lawyer/christian-hedemann-691247,Leawood,KS,Johnson,(913) 458-9047,,General,11401 Lamar Ave,66211,Kansas City,2,
Daniel Allan Sprout,,,https://lawyers.justia.com/lawyer/daniel-allan-sprout-1539956,Leawood,KS,Johnson,,,General,5454 W 110TH ST,66211,Kansas City,2,
David James Tomlinson,,,https://lawyers.justia.com/lawyer/david-james-tomlinson-162246,Overland Park,KS,Johnson,,,General,4400 W 109TH ST,66211,Kansas City,2,
Valerie Michelle McConnell,,,https://lawyers.justia.com/lawyer/valerie-michelle-mcconnell-1804981,Leawood,KS,Johnson,(650) 387-6908,,General,3901 W 125TH TER,66209,Kansas City,2,
John Hastings,,,https://lawyers.justia.com/lawyer/john-hastings-916127,Prairie Village,KS,Johnson,(913) 383-3838,,Estate Planning,8010 State Line Rd,66208,Kansas City,4,
Matthew Austin,,,https://lawyers.justia.com/lawyer/matthew-austin-920272,Leawood,KS,Johnson,(913) 451-8788,,General,6201 College Blvd,66211,Kansas City,2,
Thomas Joseph Preuss,,,https://lawyers.justia.com/lawyer/thomas-joseph-preuss-921617,Leawood,KS,Johnson,(816) 307-2788,,Personal Injury,11141 OVERBROOK RD,66211,Kansas City,5,
Douglas Pyle,,,https://lawyers.justia.com/lawyer/douglas-pyle-918174,Leawood,KS,Johnson,(913) 451-8788,,Estate Planning,6201 College Blvd,66211,Kansas City,4,
Mark Murphy,,,https://lawyers.justia.com/lawyer/mark-murphy-919455,Leawood,KS,Johnson,(913) 851-8484,,General,6710 W 121st St,66209,Kansas City,2,
Paul Hentzen,,,https://lawyers.justia.com/lawyer/paul-hentzen-915942,Leawood,KS,Johnson,(913) 451-7900,,Estate Planning,11551 Granada Ln,66211,Kansas City,4,
Scott Tschudy,,,https://lawyers.justia.com/lawyer/scott-tschudy-923521,Leawood,KS,Johnson,(913) 491-5500,,General,6900 College Blvd,66211,Kansas City,2,
Timothy Sear,,,https://lawyers.justia.com/lawyer/timothy-sear-919474,Leawood,KS,Johnson,(913) 451-8788,,Bankruptcy,6201 College Blvd,66211,Kansas City,4,
Colin Wesley McMullin,,,https://lawyers.justia.com/lawyer/colin-wesley-mcmullin-993171,Lenexa,KS,Johnson,(801) 228-7681,,General,8250 FLINT STREET,66214,Kansas City,2,
Lauren Ginestra Helmstetter,,,https://lawyers.justia.com/lawyer/lauren-ginestra-helmstetter-918344,Leawood,KS,Johnson,(913) 385-9643,,General,8452 Meadow Ln,66206,Kansas City,2,
Kathleen A Harvey,http://kathleenaharvey.localsearch.com,,https://www.yellowpages.com/leawood-ks/attorneys,Leawood,KS,Johnson,(913) 491-6331,,General,7011 W 121st St Ste 102,,Kansas City,2,
Kathy Armstrong,,,https://lawyers.justia.com/lawyer/kathy-armstrong-921530,Lenexa,KS,Johnson,(913) 888-4288,,Divorce,8700 Monrovia St,66215,Kansas City,5,
Anthony Thoran Gatterman,,,https://lawyers.justia.com/lawyer/anthony-thoran-gatterman-1658551,Prairie Village,KS,Johnson,(913) 201-1216,,General,4400 W 71ST TER,66208,Kansas City,2,
Jennifer Osborn,,,https://lawyers.justia.com/lawyer/jennifer-osborn-918431,Leawood,KS,Johnson,(913) 451-8788,,General,6201 College Blvd,66211,Kansas City,2,
Kevin Breer,,,https://lawyers.justia.com/lawyer/kevin-breer-917957,Leawood,KS,Johnson,(913) 451-8788,,General,6201 College Blvd,66211,Kansas City,2,
Patrick Callaway,,,https://lawyers.justia.com/lawyer/patrick-callaway-920940,Leawood,KS,Johnson,(913) 338-0011,,General,6900 College Blvd,66211,Kansas City,2,
Sara Duncan,,,https://lawyers.justia.com/lawyer/sara-duncan-920342,Leawood,KS,Johnson,(913) 253-2500,,General,11181 Overbrook Rd,66211,Kansas City,2,
Juliann Graves,,,https://lawyers.justia.com/lawyer/juliann-graves-917902,Leawood,KS,Johnson,(913) 491-5500,,Bankruptcy,6900 College Blvd,66211,Kansas City,4,
Patricia A. Nelson,,,https://lawyers.justia.com/lawyer/patricia-a-nelson-1170879,Leawood,KS,Johnson,(816) 810-4789,,General,2513 W 118th St,66211,Kansas City,2,
Ginnie Derusseau,,,https://lawyers.justia.com/lawyer/ginnie-derusseau-916437,Leawood,KS,Johnson,(913) 339-9666,,General,4400 College Blvd,66211,Kansas City,2,
Scott Young,,,https://lawyers.justia.com/lawyer/scott-young-915971,Leawood,KS,Johnson,(913) 451-8788,,General,6201 College Blvd,66211,Kansas City,2,
"James, Teresa J",http://martinpringle.com,,https://www.yellowpages.com/leawood-ks/attorneys,Leawood,KS,Johnson,(913) 491-5500,,General,6900 College Blvd,,Kansas City,2,
Rachel Rubin,,,https://lawyers.justia.com/lawyer/rachel-rubin-921200,Leawood,KS,Johnson,(913) 322-8950,,General,4601 College Blvd,66211,Kansas City,2,
Seamus Smith,,,https://lawyers.justia.com/lawyer/seamus-smith-920753,Leawood,KS,Johnson,(913) 696-0001,,Estate Planning,4701 College Blvd,66211,Kansas City,4,
Edward Sloan,,,https://lawyers.justia.com/lawyer/edward-sloan-920991,Leawood,KS,Johnson,(913) 253-2500,,Estate Planning,11181 Overbrook Rd,66211,Kansas City,4,
Michael Rader,,,https://lawyers.justia.com/lawyer/michael-rader-943881,Leawood,KS,Johnson,(913) 266-2300,,General,11150 Overbrook Rd,66211,Kansas City,2,
Amy DeGraeve,,,https://lawyers.justia.com/lawyer/amy-degraeve-918723,Leawood,KS,Johnson,(913) 696-0001,,Estate Planning,4701 College Blvd,66211,Kansas City,4,
Shayla Taulbee,,,https://lawyers.justia.com/lawyer/shayla-taulbee-919711,Leawood,KS,Johnson,(913) 253-2500,,General,11181 Overbrook Rd,66211,Kansas City,2,
Debra Hallauer,,,https://lawyers.justia.com/lawyer/debra-hallauer-919657,Leawood,KS,Johnson,(913) 345-0000,,Estate Planning,4701 College Blvd,66211,Kansas City,4,
Link William Schrader,,,https://lawyers.justia.com/lawyer/link-william-schrader-1534218,Prairie Village,KS,Johnson,(913) 593-0137,,Bankruptcy,6120 W 75TH ST,66208,Kansas City,4,
Katherine Worthington,,,https://lawyers.justia.com/lawyer/katherine-worthington-917536,Leawood,KS,Johnson,(913) 345-2555,,General,4601 College Blvd,66211,Kansas City,2,
Curtis Holland,,,https://lawyers.justia.com/lawyer/curtis-holland-921189,Leawood,KS,Johnson,(913) 451-8788,,Estate Planning,6201 College Blvd,66211,Kansas City,4,
Jenna Gabrielle Olitsky,,,https://lawyers.justia.com/lawyer/jenna-gabrielle-olitsky-1615481,Leawood,KS,Johnson,,,Estate Planning,5454 W 110TH ST,66211,Kansas City,4,
Nancy Wilson,,,https://lawyers.justia.com/lawyer/nancy-wilson-917921,Leawood,KS,Johnson,(913) 663-7600,,General,6363 College Blvd,66211,Kansas City,2,
Isaac Diel,,,https://lawyers.justia.com/lawyer/isaac-diel-923897,Leawood,KS,Johnson,(913) 661-9931,,General,6900 College Blvd,66211,Kansas City,2,
Jay Leese,,,https://lawyers.justia.com/lawyer/jay-leese-922818,Leawood,KS,Johnson,,,General,2413 W 124th Terrace,66209,Kansas City,2,
Richard Woods,,,https://lawyers.justia.com/lawyer/richard-woods-919092,Leawood,KS,Johnson,(913) 469-0900,,Estate Planning,6201 College Blvd,66211,Kansas City,4,
Daniel Smith,,,https://lawyers.justia.com/lawyer/daniel-smith-918655,Leawood,KS,Johnson,(913) 345-2000,,Personal Injury,6900 College Blvd,66211,Kansas City,5,
Stanley Woodworth,,,https://lawyers.justia.com/lawyer/stanley-woodworth-919252,Leawood,KS,Johnson,(913) 451-8788,,Estate Planning,6201 College Blvd,66211,Kansas City,4,
Mark Zinn,,,https://lawyers.justia.com/lawyer/mark-zinn-915993,Leawood,KS,Johnson,(913) 387-3191,,General,11115 Ash St,66211,Kansas City,2,
Dan Sage,,,https://lawyers.justia.com/lawyer/dan-sage-919582,Leawood,KS,Johnson,(913) 568-1809,,General,6900 College Blvd,66211,Kansas City,2,
Leslie Kingsford Jones,,,https://lawyers.justia.com/lawyer/leslie-kingsford-jones-917274,Prairie Village,KS,Johnson,(913) 362-8121,,General,7477 Village Dr,66208,Kansas City,2,
Robert G Harken,,,https://lawyers.justia.com/lawyer/robert-g-harken-1663578,Overland Park,KS,Johnson,(913) 645-7253,,General,"12433 Antioch Road, #25603",66213,Kansas City,2,
Colleen Marie Kramer,,,https://lawyers.justia.com/lawyer/colleen-marie-kramer-1309959,Lenexa,KS,Johnson,(201) 421-8872,,General,8250 FLINT ST,66214,Kansas City,2,
Lenworth N. Johnson,,,https://lawyers.justia.com/lawyer/lenworth-n-johnson-1746448,Leawood,KS,Johnson,(401) 278-9100,,General,8300 LEE BLVD,66206,Kansas City,2,
Bruce Keplinger,,,https://lawyers.justia.com/lawyer/bruce-keplinger-922292,Leawood,KS,Johnson,(913) 663-2000,,Medical Malpractice,6800 College Blvd,66211,Kansas City,5,
John Waldeck,,,https://lawyers.justia.com/lawyer/john-waldeck-920541,Leawood,KS,Johnson,(913) 253-2500,,General,11181 Overbrook Rd,66211,Kansas City,2,
Bradley Anderson,,,https://lawyers.justia.com/lawyer/bradley-anderson-920639,Leawood,KS,Johnson,(913) 663-7600,,General,6363 College Blvd,66211,Kansas City,2,
Cory Barash,,,https://lawyers.justia.com/lawyer/cory-barash-921591,Leawood,KS,Johnson,(913) 385-2565,,General,10740 Nall Ave,66211,Kansas City,2,
Frank Rebori,,,https://lawyers.justia.com/lawyer/frank-rebori-922975,Lenexa,KS,Johnson,(913) 888-5201,,General,14040 Santa Fe Trail Dr,66215,Kansas City,2,
"Kernell, James J, ATTY",http://kcpatentlaw.com,,https://www.yellowpages.com/leawood-ks/attorneys,Leawood,KS,Johnson,(913) 549-4700,,General,8900 State Line Rd,,Kansas City,2,
Sheila O'Sullivan,,,https://lawyers.justia.com/lawyer/sheila-o-sullivan-916347,Leawood,KS,Johnson,(913) 491-7105,,General,5000 College Blvd,66211,Kansas City,2,
Scott Rankin,,,https://lawyers.justia.com/lawyer/scott-rankin-916359,Leawood,KS,Johnson,(816) 792-9676,,General,5901 College Blvd,66211,Kansas City,2,
James Myers,,,https://lawyers.justia.com/lawyer/james-myers-919936,Leawood,KS,Johnson,(913) 663-2000,,General,6800 College Blvd,66211,Kansas City,2,
Nancy Mellard,,,https://lawyers.justia.com/lawyer/nancy-mellard-919138,Leawood,KS,Johnson,,,General,11440 Tomahawk Creek Pkwy,66211,Kansas City,2,
Cynthia Harmison,,,https://lawyers.justia.com/lawyer/cynthia-harmison-917522,Lenexa,KS,Johnson,(913) 477-7620,,General,12350 W 87th St Pkwy,66215,Kansas City,2,
Allison Kenkel,,,https://lawyers.justia.com/lawyer/allison-kenkel-917221,Leawood,KS,Johnson,(913) 323-4678,,General,5454 W 110th St,66211,Kansas City,2,
Kristen Stroehmann,,,https://lawyers.justia.com/lawyer/kristen-stroehmann-923484,Leawood,KS,Johnson,(913) 663-7600,,General,6363 College Blvd,66211,Kansas City,2,
Michael Matteuzzi,,,https://lawyers.justia.com/lawyer/michael-matteuzzi-917148,Leawood,KS,Johnson,(913) 253-2500,,General,11181 Overbrook Rd,66211,Kansas City,2,
Renana Abrams,,,https://lawyers.justia.com/lawyer/renana-abrams-922278,Leawood,KS,Johnson,(913) 681-9156,,General,13159 Rosewood Dr,66209,Kansas City,2,
Kristy Line Buyle,,,https://lawyers.justia.com/lawyer/kristy-line-buyle-920667,Leawood,KS,Johnson,(913) 491-7067,,General,5000 College Blvd,66211,Kansas City,2,
Brian Jenkins,,,https://lawyers.justia.com/lawyer/brian-jenkins-918252,Leawood,KS,Johnson,(913) 663-2000,,General,6800 College Blvd,66211,Kansas City,2,
James Tennyson Hubler,,,https://lawyers.justia.com/lawyer/james-tennyson-hubler-138522,Merriam,KS,Johnson,(913) 271-6062,,General,9000 W 67TH ST,66202,Kansas City,2,
Stephanie M. Kreager,,,https://lawyers.justia.com/lawyer/stephanie-m-kreager-1816515,Leawood,KS,Johnson,,,General,6130 SPRINT PKWY,66211,Kansas City,2,
Jeffrey Easterday,,,https://lawyers.justia.com/lawyer/jeffrey-easterday-916580,Leawood,KS,Johnson,(888) 752-3306,,General,10740 Nall Ave,66211,Kansas City,2,
Brian Hazel,,,https://lawyers.justia.com/lawyer/brian-hazel-923609,Leawood,KS,Johnson,(913) 663-7600,,General,6363 College Blvd,66211,Kansas City,2,
Mark Owens,,,https://lawyers.justia.com/lawyer/mark-owens-923625,Leawood,KS,Johnson,(913) 491-0999,,General,4400 W 109th St,66211,Kansas City,2,
William Lupton,,,https://lawyers.justia.com/lawyer/william-lupton-922427,Leawood,KS,Johnson,(913) 681-1388,,General,12908 Woodson St,66209,Kansas City,2,
Chase Simmons,,,https://lawyers.justia.com/lawyer/chase-simmons-918100,Leawood,KS,Johnson,,,General,6201 College Blvd,66211,Kansas City,2,
Jenifer Svancara,,,https://lawyers.justia.com/lawyer/jenifer-svancara-922856,Leawood,KS,Johnson,(913) 253-2500,,General,11181 Overbrook Rd,66211,Kansas City,2,
Ty Logan Kalleck,,,https://lawyers.justia.com/lawyer/ty-logan-kalleck-1752751,Leawood,KS,Johnson,(913) 608-2931,,General,5250 W 116TH PL,66211,Kansas City,2,
Joseph Colantuono,,,https://lawyers.justia.com/lawyer/joseph-colantuono-916862,Leawood,KS,Johnson,(913) 345-2555,,General,4601 College Blvd,66211,Kansas City,2,
Thomas Edward Nanney,,,https://lawyers.justia.com/lawyer/thomas-edward-nanney-17868,Leawood,KS,Johnson,(816) 401-0047,,Civil Rights,2217 W 120TH ST,66209,Kansas City,3,
Jeffrey Todd Arnold,,,https://lawyers.justia.com/lawyer/jeffrey-todd-arnold-317905,Leawood,KS,Johnson,(913) 469-4006,,General,4501 COLLEGE BLVD,66211,Kansas City,2,
Virginia Brady,,,https://lawyers.justia.com/lawyer/virginia-brady-916703,Leawood,KS,Johnson,(913) 266-9273,,General,6201 College Blvd,66211,Kansas City,2,
Stephanie Warmund,,,https://lawyers.justia.com/lawyer/stephanie-warmund-921684,Leawood,KS,Johnson,(913) 814-8704,,General,6800 College Blvd,66211,Kansas City,2,
Patricia Colloton,,,https://lawyers.justia.com/lawyer/patricia-colloton-921746,Leawood,KS,Johnson,(913) 663-3682,,General,2513 W 118th St,66211,Kansas City,2,
Kurt Clausing,,,https://lawyers.justia.com/lawyer/kurt-clausing-923039,Leawood,KS,Johnson,(913) 319-0386,,General,5901 College Blvd,66211,Kansas City,2,
Amy Henderson,,,https://lawyers.justia.com/lawyer/amy-henderson-919102,Leawood,KS,Johnson,(913) 451-8788,,Estate Planning,6201 College Blvd,66211,Kansas City,4,
Ken Joyce,,,https://lawyers.justia.com/lawyer/ken-joyce-923179,Leawood,KS,Johnson,(913) 338-3660,,General,10777 Barkley St,66211,Kansas City,2,
Andrew Protzman,,,https://lawyers.justia.com/lawyer/andrew-protzman-923391,Leawood,KS,Johnson,(913) 491-1120,,Personal Injury,4901 W 119th St,66209,Kansas City,5,
Jayne Pearman,,,https://lawyers.justia.com/lawyer/jayne-pearman-918511,Leawood,KS,Johnson,(913) 498-0001,,Divorce,11300 Tomahawk Creek Pkwy,66211,Kansas City,5,
Heather Anne Leith,,,https://lawyers.justia.com/lawyer/heather-anne-leith-1223374,Leawood,KS,Johnson,(913) 906-6219,,General,11400 TOMAHAWK CREEK PKWY,66211,Kansas City,2,
Elizabeth Hanson,,,https://lawyers.justia.com/lawyer/elizabeth-hanson-916205,Leawood,KS,Johnson,(913) 345-2555,,General,4601 College Blvd,66211,Kansas City,2,
William Schoeb,,,https://lawyers.justia.com/lawyer/william-schoeb-916185,Leawood,KS,Johnson,(913) 338-2702,,Divorce,10977 Granada Ln,66211,Kansas City,5,
Gail Sciacchetano,,,https://lawyers.justia.com/lawyer/gail-sciacchetano-917953,Leawood,KS,Johnson,(913) 239-8830,,General,12945 Travis St,66209,Kansas City,2,
John Thomas Kitchin,,,https://lawyers.justia.com/lawyer/john-thomas-kitchin-1558035,Leawood,KS,Johnson,(913) 558-6739,,General,"5250 W. 116th Place, Suite 400",66211,Kansas City,2,
Matthew Buchmann,,,https://lawyers.justia.com/lawyer/matthew-buchmann-917929,Leawood,KS,Johnson,(913) 327-5872,,General,4400 College Blvd,66211,Kansas City,2,
Nicholas Kyle Schmiemeier,,,https://lawyers.justia.com/lawyer/nicholas-kyle-schmiemeier-1812639,Leawood,KS,Johnson,(816) 307-2788,,Personal Injury,11141 OVERBROOK RD,66211,Kansas City,5,
Lauren Beth Dinner,,,https://lawyers.justia.com/lawyer/lauren-beth-dinner-1300503,Leawood,KS,Johnson,(973) 632-1636,,General,11501 OUTLOOK ST,66211,Kansas City,2,
Michelle Suter,,,https://lawyers.justia.com/lawyer/michelle-suter-922152,Leawood,KS,Johnson,(913) 345-8855,,Bankruptcy,4701 College Blvd,66211,Kansas City,4,
Carlos Alfredo Lindo,,,https://lawyers.justia.com/lawyer/carlos-alfredo-lindo-1620327,Overland Park,KS,Johnson,,,General,6100 SPRINT PKWY,66211,Kansas City,2,
Debra Blecha,,,https://lawyers.justia.com/lawyer/debra-blecha-920461,Leawood,KS,Johnson,(913) 234-1730,,General,11440 Tomahawk Creek Pkwy,66211,Kansas City,2,
Judith Louise Hancock,,,https://lawyers.justia.com/lawyer/judith-louise-hancock-1129503,Leawood,KS,Johnson,(917) 620-1898,,General,12612 PAWNEE LN,66209,Kansas City,2,
Melissa Hillman,,,https://lawyers.justia.com/lawyer/melissa-hillman-923250,Leawood,KS,Johnson,(913) 663-2000,,General,6800 College Blvd,66211,Kansas City,2,
Michael Ong,,,https://lawyers.justia.com/lawyer/michael-ong-923679,Leawood,KS,Johnson,(913) 451-4990,,Estate Planning,4601 College Blvd,66211,Kansas City,4,
Robert Loughbom,,,https://lawyers.justia.com/lawyer/robert-loughbom-917312,Lenexa,KS,Johnson,(913) 483-5555,,Estate Planning,8700 Monrovia St,66215,Kansas City,4,
Martha Ann Halvordson,,,https://lawyers.justia.com/lawyer/martha-ann-halvordson-949416,Leawood,KS,Johnson,(816) 382-1382,,Personal Injury,9800 Ensley Ln,66206,Kansas City,5,
Thomas Hamill,,,https://lawyers.justia.com/lawyer/thomas-hamill-923970,Leawood,KS,Johnson,(913) 491-5500,,Estate Planning,6900 College Blvd,66211,Kansas City,4,
Daniel Langin,,,https://lawyers.justia.com/lawyer/daniel-langin-923076,Leawood,KS,Johnson,(913) 661-2430,,General,4901 W 119th St,66209,Kansas City,2,
Tony Shapiro,,,https://lawyers.justia.com/lawyer/tony-shapiro-921377,Leawood,KS,Johnson,(913) 491-1120,,Divorce,4901 W 119th St,66209,Kansas City,5,
Joyce Keeling,,,https://lawyers.justia.com/lawyer/joyce-keeling-921322,Leawood,KS,Johnson,(913) 649-1233,,General,8414 Meadow Ln,66206,Kansas City,2,
Holly Weatherford,,,https://lawyers.justia.com/lawyer/holly-weatherford-566132,Leawood,KS,Johnson,,,General,4401 W 109th St,66211,Kansas City,2,
CAMERON JOHNSTONE ROSTRON,,,https://lawyers.justia.com/lawyer/cameron-johnstone-rostron-1242664,Leawood,KS,Johnson,(913) 315-9412,,General,6450 Sprint Pkwy,66211,Kansas City,2,
Leroy Messenger,,,https://lawyers.justia.com/lawyer/leroy-messenger-919673,Leawood,KS,Johnson,(913) 469-4208,,General,12515 Delmar St,66209,Kansas City,2,
Bryan White,,,https://lawyers.justia.com/lawyer/bryan-white-917777,Leawood,KS,Johnson,,,General,5009 W 114th St,66211,Kansas City,2,
Byron Meeks,,,https://lawyers.justia.com/lawyer/byron-meeks-923701,Prairie Village,KS,Johnson,,,General,4602 W 82nd Terrace,66208,Kansas City,2,
Michael Zevitz,,,https://lawyers.justia.com/lawyer/michael-zevitz-918722,Leawood,KS,Johnson,(913) 663-7600,,General,6363 College Blvd,66211,Kansas City,2,
Meagan Yearout,,,https://lawyers.justia.com/lawyer/meagan-yearout-919700,Leawood,KS,Johnson,(913) 624-2515,,General,12209 Pawnee Ln,66209,Kansas City,2,
James Adams,,,https://lawyers.justia.com/lawyer/james-adams-921346,Leawood,KS,Johnson,(913) 323-4408,,General,5454 W 110th St,66211,Kansas City,2,
John Taylor,,,https://lawyers.justia.com/lawyer/john-taylor-920332,Leawood,KS,Johnson,(913) 387-3188,,General,11115 Ash St,66211,Kansas City,2,
Bobbi Daren,,,https://lawyers.justia.com/lawyer/bobbi-daren-920977,Prairie Village,KS,Johnson,(913) 648-3128,,General,7741 Mohawk Dr,66208,Kansas City,2,
Donald Meeker,,,https://lawyers.justia.com/lawyer/donald-meeker-923699,Leawood,KS,Johnson,(913) 649-1813,,General,9610 High Dr,66206,Kansas City,2,
Paul M. Cimino,,,https://lawyers.justia.com/lawyer/paul-m-cimino-1237141,Leawood,KS,Johnson,(240) 206-6027,,General,11300 TOMAHAWK CREEK PKWY,66211,Kansas City,2,
Cynthia Feagan,,,https://lawyers.justia.com/lawyer/cynthia-feagan-920279,Leawood,KS,Johnson,(913) 491-4050,,General,4601 College Blvd,66211,Kansas City,2,
Laura Anne Hederstedt,,,https://lawyers.justia.com/lawyer/laura-anne-hederstedt-1219799,Prairie Village,KS,Johnson,(816) 581-4394,,General,4200 SOMERSET DR,66208,Kansas City,2,
Kent Hatesohl,,,https://lawyers.justia.com/lawyer/kent-hatesohl-921761,Leawood,KS,Johnson,(816) 234-2540,,General,11405 Nall Ave,66211,Kansas City,2,
Gerald Maier,,,https://lawyers.justia.com/lawyer/gerald-maier-917081,Lenexa,KS,Johnson,(913) 248-1700,,General,12760 W 87th St,66215,Kansas City,2,
Justin Garrett,,,https://lawyers.justia.com/lawyer/justin-garrett-920600,Leawood,KS,Johnson,(913) 568-6385,,General,4305 W 112th Terrace,66211,Kansas City,2,
Joshua Allen,,,https://lawyers.justia.com/lawyer/joshua-allen-921581,Shawnee,KS,Johnson,(913) 515-5853,,General,7767 Quivira Rd,66216,Kansas City,2,
John Cronan,,,https://lawyers.justia.com/lawyer/john-cronan-923188,Leawood,KS,Johnson,(913) 322-6548,,Personal Injury,6312 W 134th St,66209,Kansas City,5,
Carl McCaffree,,,https://lawyers.justia.com/lawyer/carl-mccaffree-916397,Leawood,KS,Johnson,(913) 491-1061,,General,4701 W 110th St,66211,Kansas City,2,
Kelly Jackson,,,https://lawyers.justia.com/lawyer/kelly-jackson-921290,Leawood,KS,Johnson,(913) 345-8300,,Civil Rights,4601 College Blvd,66211,Kansas City,3,
Marcia Knight,,,https://lawyers.justia.com/lawyer/marcia-knight-923741,Lenexa,KS,Johnson,(913) 477-7620,,General,12350 W 87th St Pkwy,66215,Kansas City,2,
Hershel Roach,,,https://lawyers.justia.com/lawyer/hershel-roach-922422,Lenexa,KS,Johnson,(913) 261-8157,,General,11239 S Summit St,66215,Kansas City,2,
Judith Hidalgo,,,https://lawyers.justia.com/lawyer/judith-hidalgo-918880,Lenexa,KS,Johnson,(913) 599-3116,,General,10028 Caenen Dr,66215,Kansas City,2,
Daren William Bruschi,,,https://lawyers.justia.com/lawyer/daren-william-bruschi-1730974,Overland Park,KS,Johnson,(913) 827-0498,,General,6360 SPRINT PKWY,66061,Kansas City,2,
Eleanor Psyk,,,https://lawyers.justia.com/lawyer/eleanor-psyk-918348,Prairie Village,KS,Johnson,(913) 375-2737,,General,5615 W 81st St,66208,Kansas City,2,
Darren Neil,,,https://lawyers.justia.com/lawyer/darren-neil-916875,Leawood,KS,Johnson,(913) 451-8788,,General,6201 College Blvd,66211,Kansas City,2,
Gregory Allen Moore,,,https://lawyers.justia.com/lawyer/gregory-allen-moore-963134,Prairie Village,KS,Johnson,(918) 232-7542,,General,2905 W 72nd St,66208,Kansas City,2,
John Eisele,,,https://lawyers.justia.com/lawyer/john-eisele-919887,Prairie Village,KS,Johnson,(913) 381-6660,,General,4811 W 80th St,66208,Kansas City,2,
Carl C Radom,,,https://lawyers.justia.com/lawyer/carl-c-radom-1111697,Lenexa,KS,Johnson,(913) 244-1094,,General,12556 W 82ND TER,66215,Kansas City,2,
Korb Maxwell,,,https://lawyers.justia.com/lawyer/korb-maxwell-918323,Leawood,KS,Johnson,(913) 451-8788,,Estate Planning,6201 College Blvd,66211,Kansas City,4,
Mark Uhlig,,,https://lawyers.justia.com/lawyer/mark-uhlig-918006,Leawood,KS,Johnson,(913) 754-4240,,General,10983 Granada Ln,66211,Kansas City,2,
Bradley Watson,,,https://lawyers.justia.com/lawyer/bradley-watson-924114,Leawood,KS,Johnson,(913) 381-1121,,General,8340 Mission Rd,66206,Kansas City,2,
Nathan Harbur,,,https://lawyers.justia.com/lawyer/nathan-harbur-915959,Leawood,KS,Johnson,(913) 661-9600,,General,11150 Overbrook Rd,66211,Kansas City,2,
Martha Azar Hiatt,,,https://lawyers.justia.com/lawyer/martha-azar-hiatt-921992,Prairie Village,KS,Johnson,,,General,8123 El Monte St,66208,Kansas City,2,
Larry Armel,,,https://lawyers.justia.com/lawyer/larry-armel-921528,Leawood,KS,Johnson,(913) 498-0296,,General,12618 Cedar St,66209,Kansas City,2,
Suzanne L. Newsom,,,https://lawyers.justia.com/lawyer/suzanne-l-newsom-1645569,Leawood,KS,Johnson,,,General,13217 Falmouth St,66209,Kansas City,2,
"Gay, Kenneth M",http://istopthecalls.com,,https://www.yellowpages.com/lenexa-ks/attorneys,Lenexa,KS,Johnson,(913) 310-9206,,General,8700 Monrovia St,,Kansas City,2,
Sarah Millin,,,https://lawyers.justia.com/lawyer/sarah-millin-924235,Leawood,KS,Johnson,,,General,4900 W 108th St,66211,Kansas City,2,
Denver Vold,,,https://lawyers.justia.com/lawyer/denver-vold-917243,Leawood,KS,Johnson,(913) 696-0001,,Estate Planning,4701 College Blvd,66211,Kansas City,4,
David Kirk,,,https://lawyers.justia.com/lawyer/david-kirk-918010,Prairie Village,KS,Johnson,(913) 940-7600,,General,7600 Tomahawk Rd,66208,Kansas City,2,
CHASE JONATHAN D'AGOSTINO,,,https://lawyers.justia.com/lawyer/chase-jonathan-d-agostino-1758695,Overland Park,KS,Johnson,(914) 804-4352,,General,11501 OUTLOOK ST,66211,Kansas City,2,
William Watkins,,,https://lawyers.justia.com/lawyer/william-watkins-917986,Leawood,KS,Johnson,(913) 451-8788,,General,6201 College Blvd,66211,Kansas City,2,
Thomas Sheehan,,,https://lawyers.justia.com/lawyer/thomas-sheehan-916595,Prairie Village,KS,Johnson,(913) 461-3648,,General,3965 W 83rd St,66208,Kansas City,2,
Brian David Defrain,,,https://lawyers.justia.com/lawyer/brian-david-defrain-1755410,Overland Park,KS,Johnson,(816) 645-3702,,General,10540 MARTY STREET,66209,Kansas City,2,
Kelly Elizabeth Murphy,,,https://lawyers.justia.com/lawyer/kelly-elizabeth-murphy-1521254,Leawood,KS,Johnson,(913) 928-6042,,Divorce,4700 W. 115TH STREET,66211,Kansas City,5,
Joel Goldman,,,https://lawyers.justia.com/lawyer/joel-goldman-920367,Leawood,KS,Johnson,(913) 339-9966,,General,3909 W 121st Terrace,66209,Kansas City,2,
Sherrie Marie Gayed,,,https://lawyers.justia.com/lawyer/sherrie-marie-gayed-1769345,Leawood,KS,Johnson,(913) 484-0417,,General,11602 TOMAHAWK CREEK PKWY,66211,Kansas City,2,
Susan Hascall,,,https://lawyers.justia.com/lawyer/susan-hascall-916119,Leawood,KS,Johnson,(913) 253-2500,,General,11181 Overbrook Rd,66211,Kansas City,2,
Robert Barton,,,https://lawyers.justia.com/lawyer/robert-barton-922222,Leawood,KS,Johnson,(913) 923-3175,,General,6800 College Blvd,66211,Kansas City,2,
John Petersen,,,https://lawyers.justia.com/lawyer/john-petersen-916530,Leawood,KS,Johnson,(913) 451-8788,,General,6201 College Blvd,66211,Kansas City,2,
Zoe Agrambeli Vantzos,,,https://lawyers.justia.com/lawyer/zoe-agrambeli-vantzos-1544209,Leawood,KS,Johnson,(913) 360-5439,,General,11550 ASH ST,66211,Kansas City,2,
Timothy McNearney,,,https://lawyers.justia.com/lawyer/timothy-mcnearney-923195,Leawood,KS,Johnson,(913) 323-4595,,Bankruptcy,6800 College Blvd,66211,Kansas City,4,
Mark Kolich,,,https://lawyers.justia.com/lawyer/mark-kolich-920722,Lenexa,KS,Johnson,(913) 888-7100,,General,13420 Santa Fe Trail Dr,66215,Kansas City,2,
Jana Croft,,,https://lawyers.justia.com/lawyer/jana-croft-923184,Leawood,KS,Johnson,,,General,5454 W 110th St,66211,Kansas City,2,
Lawrence Zimmerman,,,https://lawyers.justia.com/lawyer/lawrence-zimmerman-919878,Leawood,KS,Johnson,(913) 491-1359,,General,11908 Meadow Ln,66209,Kansas City,2,
Erika Ruiz,,,https://lawyers.justia.com/lawyer/erika-ruiz-1317321,Leawood,KS,Johnson,(615) 544-5160,,General,2020 W 89TH ST,66206,Kansas City,2,
Rebecca Swanwick-Yocham,,,https://lawyers.justia.com/lawyer/rebecca-swanwick-yocham-919028,Lenexa,KS,Johnson,(913) 477-7628,,General,12350 W 87th St Pkwy,66215,Kansas City,2,
Michelle Russell,,,https://lawyers.justia.com/lawyer/michelle-russell-920880,Prairie Village,KS,Johnson,(913) 696-6132,,General,8000 Falmouth St,66208,Kansas City,2,
Katherine Tracy,,,https://lawyers.justia.com/lawyer/katherine-tracy-920869,Leawood,KS,Johnson,(913) 345-2555,,General,4601 College Blvd,66211,Kansas City,2,
Lanette Wickham,,,https://lawyers.justia.com/lawyer/lanette-wickham-917114,Lenexa,KS,Johnson,(913) 888-5201,,General,14040 Santa Fe Trail Dr,66215,Kansas City,2,
Michael Lawless,,,https://lawyers.justia.com/lawyer/michael-lawless-918570,Lenexa,KS,Johnson,(913) 681-5566,,Personal Injury,13420 Santa Fe Trail Dr,66215,Kansas City,5,
Anne Callenbach,,,https://lawyers.justia.com/lawyer/anne-callenbach-920942,Leawood,KS,Johnson,(913) 451-8788,,General,6201 College Blvd,66211,Kansas City,2,
John Benge,,,https://lawyers.justia.com/lawyer/john-benge-919134,Lenexa,KS,Johnson,(913) 888-7100,,General,13420 Santa Fe Trail Dr,66215,Kansas City,2,
Michael Halloran,,,https://lawyers.justia.com/lawyer/michael-halloran-922863,Leawood,KS,Johnson,(913) 451-2600,,Personal Injury,5350 College Blvd,66211,Kansas City,5,
Michael Norris,,,https://lawyers.justia.com/lawyer/michael-norris-917177,Leawood,KS,Johnson,(913) 663-2000,,General,6800 College Blvd,66211,Kansas City,2,
Michelle Burns,,,https://lawyers.justia.com/lawyer/michelle-burns-919955,Leawood,KS,Johnson,(913) 663-1300,,General,6700 W 121st St,66209,Kansas City,2,
Meagan Patterson,,,https://lawyers.justia.com/lawyer/meagan-patterson-921475,Leawood,KS,Johnson,(913) 253-2500,,General,11181 Overbrook Rd,66211,Kansas City,2,
John Dew,,,https://lawyers.justia.com/lawyer/john-dew-919851,Leawood,KS,Johnson,(913) 491-1864,,General,11114 Juniper Dr,66211,Kansas City,2,
Michelle Levin,,,https://lawyers.justia.com/lawyer/michelle-levin-916424,Leawood,KS,Johnson,,,General,5410 W 131st Terrace,66209,Kansas City,2,
Franki Shearer,,,https://lawyers.justia.com/lawyer/franki-shearer-932070,Leawood,KS,Johnson,(913) 339-6700,,General,4800 Town Center Dr,66211,Kansas City,2,
Patricia Bennett,,,https://lawyers.justia.com/lawyer/patricia-bennett-922746,Leawood,KS,Johnson,(913) 339-6700,,General,4800 Town Center Dr,66211,Kansas City,2,
Jenoise Callahan,,,https://lawyers.justia.com/lawyer/jenoise-callahan-920938,Prairie Village,KS,Johnson,,,General,7510 Lamar Ave,66208,Kansas City,2,
Mary Larson,,,https://lawyers.justia.com/lawyer/mary-larson-924146,Leawood,KS,Johnson,(913) 345-1870,,General,2109 W 117th St,66211,Kansas City,2,
"Pappas, Gregory J",http://pappasgregoryj.localsearch.com,,https://www.yellowpages.com/leawood-ks/attorneys,Leawood,KS,Johnson,(913) 491-4050,,General,4601 College Blvd Ste 200,,Kansas City,2,
Elizabeth Hill,,,https://lawyers.justia.com/lawyer/elizabeth-hill-920828,Leawood,KS,Johnson,(913) 381-1500,,Divorce,7007 College Blvd,66211,Kansas City,5,
Joseph McMillan,,,https://lawyers.justia.com/lawyer/joseph-mcmillan-919644,Lenexa,KS,Johnson,(913) 529-4910,,General,12760 W 87th St Pkwy,66215,Kansas City,2,
Mira Mdivani,,,https://lawyers.justia.com/lawyer/mira-mdivani-918301,Leawood,KS,Johnson,(913) 317-6200,,General,7007 College Blvd,66211,Kansas City,2,
"Cohen, Clifford A",http://yellowpages.com/prairie-village-ks/mip/hollis-law-firm-10875452,,https://www.yellowpages.com/leawood-ks/attorneys,Leawood,KS,Johnson,(913) 491-4050,,General,4601 College Blvd Ste 200,,Kansas City,2,
Judith Esrig,,,https://lawyers.justia.com/lawyer/judith-esrig-919759,Leawood,KS,Johnson,(913) 469-1766,,General,4317 W 112th St,66211,Kansas City,2,
Lisa Fewins,,,https://lawyers.justia.com/lawyer/lisa-fewins-921317,Leawood,KS,Johnson,(913) 458-7624,,General,11401 Lamar Ave,66211,Kansas City,2,
Taylor Hess,,,https://lawyers.justia.com/lawyer/taylor-hess-919227,Leawood,KS,Johnson,(913) 381-4377,,General,9815 Belinder Rd,66206,Kansas City,2,
Chandra Cranmer Ruyle,,,https://lawyers.justia.com/lawyer/chandra-cranmer-ruyle-920737,Leawood,KS,Johnson,(913) 387-3185,,General,11115 Ash St,66211,Kansas City,2,
Scott Logan,,,https://lawyers.justia.com/lawyer/scott-logan-923836,Leawood,KS,Johnson,(913) 381-1121,,General,8340 Mission Rd,66206,Kansas City,2,
Anne Bos,,,https://lawyers.justia.com/lawyer/anne-bos-919374,Leawood,KS,Johnson,(913) 451-8788,,General,6201 College Blvd,66211,Kansas City,2,
Cynthia Dillard Parres,,,https://lawyers.justia.com/lawyer/cynthia-dillard-parres-916298,Leawood,KS,Johnson,(913) 901-2591,,General,8700 State Line Rd,66206,Kansas City,2,
Lewis Gregory,,,https://lawyers.justia.com/lawyer/lewis-gregory-918279,Leawood,KS,Johnson,(913) 906-5301,,General,3401 College Blvd,66211,Kansas City,2,
Chelsea Herring,,,https://lawyers.justia.com/lawyer/chelsea-herring-918944,Leawood,KS,Johnson,(913) 663-7600,,Bankruptcy,6363 College Blvd,66211,Kansas City,4,
Tina L Cox-Vega,http://www.stangelawfirm.com,,https://lawyers.justia.com/lawyer/tina-l-cox-vega-922875,Gardner,KS,Johnson,(913) 856-7596,,Divorce,"510 W Main St, Suite A",66030,Kansas City,5,
Farzeen E. Happe,,,https://lawyers.justia.com/lawyer/farzeen-e-happe-112813,Olathe,KS,Johnson,(619) 764-0389,,General,14237 W 141ST ST,66062,Kansas City,2,
BERTHA JANE TRIVETT,,,https://lawyers.justia.com/lawyer/bertha-jane-trivett-736064,Olathe,KS,Johnson,(254) 394-2053,,General,2313 W FOREST DR,66061,Kansas City,2,
Ryan Hare,,,https://lawyers.justia.com/lawyer/ryan-hare-915968,Olathe,KS,Johnson,(913) 829-2500,,Personal Injury,130 N Cherry St,66061,Kansas City,5,
Courtney T. Henderson,,,https://lawyers.justia.com/lawyer/courtney-t-henderson-1511563,Olathe,KS,Johnson,(913) 782-4030,,General,108 E Poplar St,66061,Kansas City,2,
"Bacon, Christopher B",http://baconchristopherb.localsearch.com,,https://www.yellowpages.com/olathe-ks/attorneys,Olathe,KS,Johnson,(913) 782-0422,,General,105 S Kansas Ave,,Kansas City,2,
Donna Manning,,,https://lawyers.justia.com/lawyer/donna-manning-923931,Olathe,KS,Johnson,(913) 829-2255,,Divorce,218 N Chestnut St,66061,Kansas City,5,
Stephen Andrew S Morrison,,,https://lawyers.justia.com/lawyer/stephen-andrew-s-morrison-21987,Olathe,KS,Johnson,(202) 505-2663,,General,10512 S HIGHLAND LN,66061,Kansas City,2,
"Farmer, Frederick B",http://farmerfrederickb.localsearch.com,,https://www.yellowpages.com/olathe-ks/attorneys,Olathe,KS,Johnson,(913) 782-0422,,General,105 S Kansas Ave,,Kansas City,2,
Steven Borel,,,https://lawyers.justia.com/lawyer/steven-borel-922643,Olathe,KS,Johnson,(913) 782-2400,,Personal Injury,1580 Mahaffie Cir,66062,Kansas City,5,
Darin Stowell,,,https://lawyers.justia.com/lawyer/darin-stowell-920525,Olathe,KS,Johnson,(913) 980-5794,,General,21347 W 120th St,66061,Kansas City,2,
Allan Coon,,,https://lawyers.justia.com/lawyer/allan-coon-918835,Olathe,KS,Johnson,(913) 782-2350,,General,130 N Cherry St,66061,Kansas City,2,
Roger Tarbutton,,,https://lawyers.justia.com/lawyer/roger-tarbutton-916649,Olathe,KS,Johnson,(913) 715-1900,,General,111 S Cherry St,66061,Kansas City,2,
George Lowe,,,https://lawyers.justia.com/lawyer/george-lowe-920671,Olathe,KS,Johnson,(913) 782-0422,,General,105 S Kansas Ave,66061,Kansas City,2,
Mitchell Flesher,,,https://lawyers.justia.com/lawyer/mitchell-flesher-918796,Olathe,KS,Johnson,(913) 254-7557,,General,15722 W 154th St,66062,Kansas City,2,
Debra Snider,http://www.debrasnider.com/,,https://lawyers.justia.com/lawyer/debra-snider-923476,Olathe,KS,Johnson,(913) 397-7100,,General,100 E Park St,66061,Kansas City,2,
Jacquelyn Rokusek,,,https://lawyers.justia.com/lawyer/jacquelyn-rokusek-923964,Olathe,KS,Johnson,(913) 254-7600,,General,201 E Loula St,66061,Kansas City,2,
Thomas Ruzicka,,,https://lawyers.justia.com/lawyer/thomas-ruzicka-919298,Olathe,KS,Johnson,(913) 782-2350,,General,130 N Cherry St,66061,Kansas City,2,
Christopher Fletcher,,,https://lawyers.justia.com/lawyer/christopher-fletcher-918799,Olathe,KS,Johnson,(913) 390-8555,,General,601 S Mur Len Rd,66062,Kansas City,2,
Shea Sullenberger,,,https://lawyers.justia.com/lawyer/shea-sullenberger-916690,Olathe,KS,Johnson,,,General,856 S Clearwater Creek Dr,66061,Kansas City,2,
John Leighty,,,https://lawyers.justia.com/lawyer/john-leighty-922906,Olathe,KS,Johnson,(913) 764-3427,,General,110 S Cherry St,66061,Kansas City,2,
Sue Dickey,,,https://lawyers.justia.com/lawyer/sue-dickey-919695,Olathe,KS,Johnson,(913) 971-6742,,General,1200 S Harrison St,66061,Kansas City,2,
Kevin Moriarty,,,https://lawyers.justia.com/lawyer/kevin-moriarty-920863,Olathe,KS,Johnson,(913) 715-3880,,General,100 N Kansas Ave,66061,Kansas City,2,
Joe Norton,,,https://lawyers.justia.com/lawyer/joe-norton-917185,Olathe,KS,Johnson,(913) 782-2350,,General,130 N Cherry St,66061,Kansas City,2,
James Phelan,,,https://lawyers.justia.com/lawyer/james-phelan-922321,Olathe,KS,Johnson,(913) 715-3575,,General,100 N Kansas Ave,66061,Kansas City,2,
"John, III Anderson",,,https://lawyers.justia.com/lawyer/john-iii-anderson-922488,Olathe,KS,Johnson,(913) 715-3900,,General,100 N Kansas Ave,66061,Kansas City,2,
Allen Quinlan,,,https://lawyers.justia.com/lawyer/allen-quinlan-920657,Olathe,KS,Johnson,(913) 551-1497,,Civil Rights,1117 W Cedar Terrace,66061,Kansas City,3,
"Hannah, Mark A",http://hannahmarka.localsearch.com,,https://www.yellowpages.com/olathe-ks/attorneys,Olathe,KS,Johnson,(913) 782-7474,,General,N Cherry St,,Kansas City,2,
Derek Kleinmann,,,https://lawyers.justia.com/lawyer/derek-kleinmann-921644,Olathe,KS,Johnson,(913) 440-9704,,General,14605 S Gallery St,66062,Kansas City,2,
Joann Klaassen,,,https://lawyers.justia.com/lawyer/joann-klaassen-919703,Olathe,KS,Johnson,(913) 829-1152,,General,14520 S Shannan St,66062,Kansas City,2,
Lindsay Hare,,,https://lawyers.justia.com/lawyer/lindsay-hare-917514,Olathe,KS,Johnson,(913) 829-2500,,General,130 N Cherry St,66061,Kansas City,2,
Jeremey Southall,,,https://lawyers.justia.com/lawyer/jeremey-southall-919495,Olathe,KS,Johnson,(913) 634-8828,,General,15210 W 153rd Terrace,66062,Kansas City,2,
Steven Dean Nelson,,,https://lawyers.justia.com/lawyer/steven-dean-nelson-838096,Olathe,KS,Johnson,(913) 709-1901,,General,1200 E 151ST ST,66062,Kansas City,2,
Thomas Foster,,,https://lawyers.justia.com/lawyer/thomas-foster-919747,Olathe,KS,Johnson,(913) 715-3860,,General,100 N Kansas Ave,66061,Kansas City,2,
Janice Russell,,,https://lawyers.justia.com/lawyer/janice-russell-920877,Olathe,KS,Johnson,(913) 715-3810,,General,100 N Kansas Ave,66061,Kansas City,2,
Craig Alexander,,,https://lawyers.justia.com/lawyer/craig-alexander-922690,Olathe,KS,Johnson,(913) 829-1419,,Personal Injury,450 S Parker St,66061,Kansas City,5,
Monica Barone,,,https://lawyers.justia.com/lawyer/monica-barone-874971,Olathe,KS,Johnson,,,General,14005 W 157th Terrace,66062,Kansas City,2,
LeeAnne Hays,,,https://lawyers.justia.com/lawyer/leeanne-hays-922392,Olathe,KS,Johnson,(913) 715-1903,,General,111 S Cherry St,66061,Kansas City,2,
Katherine Barber,,,https://lawyers.justia.com/lawyer/katherine-barber-921595,Olathe,KS,Johnson,(913) 715-1840,,General,111 S Cherry St,66061,Kansas City,2,
Bryant Miller,,,https://lawyers.justia.com/lawyer/bryant-miller-452002,Olathe,KS,Johnson,(913) 492-3445,,General,11423 S Millview Cir,66061,Kansas City,2,
Edward Todd Hottman,,,https://lawyers.justia.com/lawyer/edward-todd-hottman-1731169,Olathe,KS,Johnson,(913) 963-6451,,General,130 N. CHERRY,66061,Kansas City,2,
Steven Alberg,,,https://lawyers.justia.com/lawyer/steven-alberg-923841,Olathe,KS,Johnson,(913) 768-6000,,General,460 E Santa Fe St,66061,Kansas City,2,
Charles Dunlay,,,https://lawyers.justia.com/lawyer/charles-dunlay-920499,Olathe,KS,Johnson,(913) 715-1865,,General,111 S Cherry St,66061,Kansas City,2,
Micheline Burger,,,https://lawyers.justia.com/lawyer/micheline-burger-919978,Olathe,KS,Johnson,(913) 829-9118,,Divorce,302 E Park St,66061,Kansas City,5,
Linda Trigg,,,https://lawyers.justia.com/lawyer/linda-trigg-923091,Olathe,KS,Johnson,(913) 715-3320,,General,100 N Kansas Ave,66061,Kansas City,2,
Risa Melinda Conard Kauk,,,https://lawyers.justia.com/lawyer/risa-melinda-conard-kauk-1731194,Olathe,KS,Johnson,(913) 908-3490,,General,110 S CHERRY ST,66061,Kansas City,2,
Lillian Michaels,,,https://lawyers.justia.com/lawyer/lillian-michaels-921466,Olathe,KS,Johnson,(913) 522-1297,,General,18890 W 117th St,66061,Kansas City,2,
Robert Londerholm,,,https://lawyers.justia.com/lawyer/robert-londerholm-920467,Olathe,KS,Johnson,(913) 897-3596,,Estate Planning,10910 W 175th St,66062,Kansas City,4,
Kristopher Kuckelman,,,https://lawyers.justia.com/lawyer/kristopher-kuckelman-920403,Olathe,KS,Johnson,(913) 782-0422,,Estate Planning,105 S Kansas Ave,66061,Kansas City,4,
Wilson Speer,,,https://lawyers.justia.com/lawyer/wilson-speer-919579,Olathe,KS,Johnson,(913) 782-1000,,General,201 N Cherry St,66061,Kansas City,2,
Kevin Yoder,,,https://lawyers.justia.com/lawyer/kevin-yoder-921726,Olathe,KS,Johnson,(913) 782-1000,,General,201 N Cherry St,66061,Kansas City,2,
Franklin Taylor,,,https://lawyers.justia.com/lawyer/franklin-taylor-923669,Olathe,KS,Johnson,(913) 782-2350,,General,130 N Cherry St,66061,Kansas City,2,
Thomas Erker,,,https://lawyers.justia.com/lawyer/thomas-erker-915936,Olathe,KS,Johnson,(913) 829-2500,,General,130 N Cherry St,66061,Kansas City,2,
Melanie Branham,,,https://lawyers.justia.com/lawyer/melanie-branham-916709,Olathe,KS,Johnson,(913) 648-5793,,General,100 E Park St,66061,Kansas City,2,
Kathryn Myers,,,https://lawyers.justia.com/lawyer/kathryn-myers-919940,Olathe,KS,Johnson,(913) 715-1858,,General,111 S Cherry St,66061,Kansas City,2,
"Welch, Sara",http://yellowpages.com/olathe-ks/mip/adams-cross-llc-10375192,,https://www.yellowpages.com/olathe-ks/attorneys,Olathe,KS,Johnson,(913) 558-1778,,General,214 S Chestnut St,,Kansas City,2,
Charles Droege,,,https://lawyers.justia.com/lawyer/charles-droege-921213,Olathe,KS,Johnson,(913) 715-3820,,General,100 N Kansas Ave,66061,Kansas City,2,
Ashley Thi Hong,,,https://lawyers.justia.com/lawyer/ashley-thi-hong-922553,Olathe,KS,Johnson,,,General,12145 S Blackbob Rd,66062,Kansas City,2,
Michael Haskin,,,https://lawyers.justia.com/lawyer/michael-haskin-916121,Olathe,KS,Johnson,(913) 782-0706,,Estate Planning,100 E Park St,66061,Kansas City,4,
Adam Suroff,,,https://lawyers.justia.com/lawyer/adam-suroff-917442,Olathe,KS,Johnson,,,General,15631 S Blackfoot St,66062,Kansas City,2,
Hatem Chahine,,,https://lawyers.justia.com/lawyer/hatem-chahine-916810,Olathe,KS,Johnson,(913) 390-8555,,General,601 S Mur Len Rd,66062,Kansas City,2,
John Shoemaker,,,https://lawyers.justia.com/lawyer/john-shoemaker-918934,Olathe,KS,Johnson,,,General,1880 W Cedar St,66061,Kansas City,2,
Murray Anderson,,,https://lawyers.justia.com/lawyer/murray-anderson-922493,Olathe,KS,Johnson,(913) 791-3550,,General,20333 W 151st St,66061,Kansas City,2,
Joseph Vader,,,https://lawyers.justia.com/lawyer/joseph-vader-918199,Olathe,KS,Johnson,(913) 764-5010,,General,108 E Poplar St,66061,Kansas City,2,
Donald Jarrett,,,https://lawyers.justia.com/lawyer/donald-jarrett-923747,Olathe,KS,Johnson,(913) 715-1840,,General,111 S Cherry St,66061,Kansas City,2,
Jeremiah Hayes,,,https://lawyers.justia.com/lawyer/jeremiah-hayes-924093,Olathe,KS,Johnson,,,General,16391 W 157th St,66062,Kansas City,2,
John Jenab,,,https://lawyers.justia.com/lawyer/john-jenab-918250,Olathe,KS,Johnson,(913) 390-5023,,DUI/DWI,110 S Cherry St,66061,Kansas City,5,
Todd Arney,,,https://lawyers.justia.com/lawyer/todd-arney-919908,Olathe,KS,Johnson,(913) 782-2350,,General,130 N Cherry St,66061,Kansas City,2,
Kimberly Green,,,https://lawyers.justia.com/lawyer/kimberly-green-921405,Olathe,KS,Johnson,(913) 384-6005,,General,14428 W 138th Terrace,66062,Kansas City,2,
John Bennett,,,https://lawyers.justia.com/lawyer/john-bennett-922739,Olathe,KS,Johnson,(913) 715-3920,,General,100 N Kansas Ave,66061,Kansas City,2,
Lori Nichole Mcgee,,,https://lawyers.justia.com/lawyer/lori-nichole-mcgee-1731284,Olathe,KS,Johnson,(913) 777-4538,,General,1832 E 153RD CIR,66062,Kansas City,2,
Jean Uvodich,,,https://lawyers.justia.com/lawyer/jean-uvodich-921368,Olathe,KS,Johnson,(913) 782-5544,,General,214 S Chestnut St,66061,Kansas City,2,
Raymond Stonger,,,https://lawyers.justia.com/lawyer/raymond-stonger-920853,Olathe,KS,Johnson,,,General,1601 E Frontier Ln,66062,Kansas City,2,
Arthur Chartrand,,,https://lawyers.justia.com/lawyer/arthur-chartrand-916796,Olathe,KS,Johnson,(913) 768-4700,,General,12710 S Pflumm Rd,66062,Kansas City,2,
Alyssa Marie Schaeff,,,https://lawyers.justia.com/lawyer/alyssa-marie-schaeff-1766284,Olathe,KS,Johnson,(937) 367-5529,,General,21819 W 121ST CT,66061,Kansas City,2,
Sammye Hoss,,,https://lawyers.justia.com/lawyer/sammye-hoss-922709,Olathe,KS,Johnson,(913) 780-0243,,General,1118 E Sleepy Hollow Dr,66062,Kansas City,2,
James Borth,,,https://lawyers.justia.com/lawyer/james-borth-922472,Olathe,KS,Johnson,(913) 829-1010,,Divorce,100 E Park St,66061,Kansas City,5,
Norah Clark,,,https://lawyers.justia.com/lawyer/norah-clark-917027,Olathe,KS,Johnson,(913) 403-8409,,General,1007 N Marion St,66061,Kansas City,2,
Daniel Vokins,,,https://lawyers.justia.com/lawyer/daniel-vokins-918848,Olathe,KS,Johnson,(913) 715-3348,,Bankruptcy,100 N Kansas Ave,66061,Kansas City,4,
Kelly Goodwin,,,https://lawyers.justia.com/lawyer/kelly-goodwin-918896,Olathe,KS,Johnson,(913) 829-8755,,General,127 S Kansas Ave,66061,Kansas City,2,
David Breiner,,,https://lawyers.justia.com/lawyer/david-breiner-917960,Olathe,KS,Johnson,(913) 768-7734,,General,15575 S Apache St,66062,Kansas City,2,
Linda Skaggs,,,https://lawyers.justia.com/lawyer/linda-skaggs-918249,Olathe,KS,Johnson,(913) 254-2277,,General,14202 W 115th St,66062,Kansas City,2,
Elizabeth Lawrence,,,https://lawyers.justia.com/lawyer/elizabeth-lawrence-918571,Olathe,KS,Johnson,(913) 712-5779,,General,23500 W 105th St,66061,Kansas City,2,
Daniel Williams,,,https://lawyers.justia.com/lawyer/daniel-williams-919117,Olathe,KS,Johnson,(913) 645-0354,,General,21087 W 120th St,66061,Kansas City,2,
Jason B. Billiam,,,https://lawyers.justia.com/lawyer/jason-b-billiam-1511562,Olathe,KS,Johnson,(913) 782-4030,,General,108 E Poplar St,66061,Kansas City,2,
Geoff Hetley,,,https://lawyers.justia.com/lawyer/geoff-hetley-919699,Olathe,KS,Johnson,(913) 780-1007,,General,103 E Park St,66061,Kansas City,2,
Douglas Whitman,,,https://lawyers.justia.com/lawyer/douglas-whitman-917879,Olathe,KS,Johnson,(913) 780-1530,,General,24950 W 119th St,66061,Kansas City,2,
Jillian Hekmati,,,https://lawyers.justia.com/lawyer/jillian-hekmati-916116,Olathe,KS,Johnson,(913) 768-0340,,General,20921 W 116th St,66061,Kansas City,2,
Harry Herington,,,https://lawyers.justia.com/lawyer/harry-herington-916626,Olathe,KS,Johnson,(877) 234-3468,,General,10540 S Ridgeview Rd,66061,Kansas City,2,
Angela Keck,,,https://lawyers.justia.com/lawyer/angela-keck-924097,Olathe,KS,Johnson,(913) 829-8755,,General,130 N Water St,66061,Kansas City,2,
James Franklin Davis,,,https://lawyers.justia.com/lawyer/james-franklin-davis-920896,Olathe,KS,Johnson,(913) 715-3800,,General,100 N Kansas Ave,66061,Kansas City,2,
Douglas Sell,,,https://lawyers.justia.com/lawyer/douglas-sell-920229,Olathe,KS,Johnson,(913) 768-6000,,General,460 E Santa Fe St,66061,Kansas City,2,
Daniel Zimmerman,,,https://lawyers.justia.com/lawyer/daniel-zimmerman-920805,Olathe,KS,Johnson,,,General,14609 S Kaw Dr,66062,Kansas City,2,
Thomas Sutherland,,,https://lawyers.justia.com/lawyer/thomas-sutherland-922154,Olathe,KS,Johnson,(913) 715-3770,,General,100 N Kansas Ave,66061,Kansas City,2,
Melinda Whitman,,,https://lawyers.justia.com/lawyer/melinda-whitman-917880,Olathe,KS,Johnson,(913) 715-3600,,Divorce,100 N Kansas Ave,66061,Kansas City,5,
Michael Thompson,,,https://lawyers.justia.com/lawyer/michael-thompson-920110,Olathe,KS,Johnson,(913) 342-4506,,General,18945 W 116th St,66061,Kansas City,2,
Richard Roe,,,https://lawyers.justia.com/lawyer/richard-roe-921969,Olathe,KS,Johnson,(913) 782-0422,,Personal Injury,105 S Kansas Ave,66061,Kansas City,5,
Dee Tiday,,,https://lawyers.justia.com/lawyer/dee-tiday-923791,Olathe,KS,Johnson,(913) 254-1515,,Divorce,2111 E Crossroads Ln,66062,Kansas City,5,
Joseph Horgan,,,https://lawyers.justia.com/lawyer/joseph-horgan-921694,Olathe,KS,Johnson,(913) 390-5334,,General,303 E Poplar St,66061,Kansas City,2,
David Curotto,,,https://lawyers.justia.com/lawyer/david-curotto-917417,Olathe,KS,Johnson,(913) 780-2200,,General,14201 S Mur-Len Rd,66062,Kansas City,2,
Mark Robison,,,https://lawyers.justia.com/lawyer/mark-robison-920124,Olathe,KS,Johnson,(913) 764-1342,,General,10915 S Cottage Ln,66061,Kansas City,2,
Nancy Flanders Orrick,,,https://lawyers.justia.com/lawyer/nancy-flanders-orrick-917866,Olathe,KS,Johnson,(913) 768-0002,,General,130 N Cherry St,66061,Kansas City,2,
Brian Lipford,,,https://lawyers.justia.com/lawyer/brian-lipford-919049,Olathe,KS,Johnson,(913) 782-9800,,General,128 S Chestnut St,66061,Kansas City,2,
Sam S. P. Lamartina,,,https://lawyers.justia.com/lawyer/sam-s-p-lamartina-918363,Olathe,KS,Johnson,(913) 782-3750,,General,2030 E College Way,66062,Kansas City,2,
Cheryl Pilate,,,https://lawyers.justia.com/lawyer/cheryl-pilate-923268,Olathe,KS,Johnson,(913) 829-6336,,General,500 E Santa Fe St,66061,Kansas City,2,
Victoria Worrel,,,https://lawyers.justia.com/lawyer/victoria-worrel-918504,Olathe,KS,Johnson,(913) 764-7776,,General,11169 S Glenview Ln,66061,Kansas City,2,
Keith Schraad,,,https://lawyers.justia.com/lawyer/keith-schraad-919285,Olathe,KS,Johnson,,,General,26020 W 111th Terrace,66061,Kansas City,2,
Allen Slater,,,https://lawyers.justia.com/lawyer/allen-slater-917004,Olathe,KS,Johnson,(913) 715-3830,,General,100 N Kansas Ave,66061,Kansas City,2,
Jon Willard,,,https://lawyers.justia.com/lawyer/jon-willard-921019,Olathe,KS,Johnson,(913) 971-7710,,General,1200 S Harrison St,66061,Kansas City,2,
Philip Harness,,,https://lawyers.justia.com/lawyer/philip-harness-921059,Olathe,KS,Johnson,(913) 491-3999,,General,204 S Normandy St,66061,Kansas City,2,
Emily J. Bailey,,,https://lawyers.justia.com/lawyer/emily-j-bailey-1730818,Olathe,KS,Johnson,(816) 221-0543,,General,1901 E. 119TH ST,66061,Kansas City,2,
Ryan Anthony Kriegshauser,,,https://lawyers.justia.com/lawyer/ryan-anthony-kriegshauser-1730861,Olathe,KS,Johnson,(913) 303-0639,,General,15050 W 138TH ST,66063,Kansas City,2,
Douglas Wood,,,https://lawyers.justia.com/lawyer/douglas-wood-922888,Olathe,KS,Johnson,(913) 393-3703,,General,13157 S Hagan St,66062,Kansas City,2,
Stephen Bruce Chapman,,,https://lawyers.justia.com/lawyer/stephen-bruce-chapman-923015,Olathe,KS,Johnson,(913) 829-8755,,General,127 S Kansas Ave,66061,Kansas City,2,
Russell Johnson,,,https://lawyers.justia.com/lawyer/russell-johnson-923450,Olathe,KS,Johnson,,,General,16306 S Chester St,66062,Kansas City,2,
Debra Brown,,,https://lawyers.justia.com/lawyer/debra-brown-920163,Olathe,KS,Johnson,,,General,100 N Kansas Ave,66061,Kansas City,2,
Carol Cline,,,https://lawyers.justia.com/lawyer/carol-cline-917189,Olathe,KS,Johnson,,,General,127 S Kansas Ave,66061,Kansas City,2,
Scott Fishman,,,https://lawyers.justia.com/lawyer/scott-fishman-919382,Olathe,KS,Johnson,(913) 764-5701,,General,1948 E Santa Fe St,66062,Kansas City,2,
Shellie L. Clausen-Kerstetter,,,https://lawyers.justia.com/lawyer/shellie-l-clausen-kerstetter-1731000,Olathe,KS,Johnson,(816) 302-5943,,General,17100 S. HEDGE LANE,66062,Kansas City,2,
Dennis Stanchik,,,https://lawyers.justia.com/lawyer/dennis-stanchik-919199,Olathe,KS,Johnson,(913) 599-3990,,General,18700 W 115th Terrace,66061,Kansas City,2,
Mark Parkinson,,,https://lawyers.justia.com/lawyer/mark-parkinson-918981,Olathe,KS,Johnson,(913) 831-1285,,General,10590 S Glenview Ln,66061,Kansas City,2,
Karen Su-Min Maxcy,,,https://lawyers.justia.com/lawyer/karen-su-min-maxcy-1526434,Olathe,KS,Johnson,(816) 756-1144,,Bankruptcy,15095 West 116th Street,66062,Kansas City,4,
"McCauley, Alex S",http://mccauleyalexs.localsearch.com,,https://www.yellowpages.com/olathe-ks/attorneys,Olathe,KS,Johnson,(913) 390-5023,,General,110 S Cherry St,,Kansas City,2,
Byron Cerrillo,,,https://lawyers.justia.com/lawyer/byron-cerrillo-915924,Olathe,KS,Johnson,(913) 829-8755,,General,127 S Kansas Ave,66061,Kansas City,2,
Arthur Solis,,,https://lawyers.justia.com/lawyer/arthur-solis-918585,Olathe,KS,Johnson,(913) 782-2466,,General,215 N Normandy St,66061,Kansas City,2,
Thomas Glinstra,,,https://lawyers.justia.com/lawyer/thomas-glinstra-917307,Olathe,KS,Johnson,(913) 971-6446,,General,100 E Santa Fe St,66061,Kansas City,2,
Dwight Southerland,,,https://lawyers.justia.com/lawyer/dwight-southerland-919497,Olathe,KS,Johnson,(913) 782-2350,,General,130 N Cherry St,66061,Kansas City,2,
Scottie Christoffer Abbott,,,https://lawyers.justia.com/lawyer/scottie-christoffer-abbott-1730901,Olathe,KS,Johnson,(913) 715-1869,,General,111 S CHERRY ST,66061,Kansas City,2,
Michael Mance,,,https://lawyers.justia.com/lawyer/michael-mance-922125,Olathe,KS,Johnson,(913) 780-1792,,General,1247 E Frontier Ln,66062,Kansas City,2,
Stephen Dickerson,,,https://lawyers.justia.com/lawyer/stephen-dickerson-919694,Olathe,KS,Johnson,(913) 393-2933,,General,1580 Mahaffie Cir,66062,Kansas City,2,
William Strong,,,https://lawyers.justia.com/lawyer/william-strong-923486,Olathe,KS,Johnson,,,General,12727 S Cardiff St,66062,Kansas City,2,
Lawrence Sheppard,,,https://lawyers.justia.com/lawyer/lawrence-sheppard-917816,Olathe,KS,Johnson,(913) 715-3890,,General,100 N Kansas Ave,66061,Kansas City,2,
Michael Fishman,,,https://lawyers.justia.com/lawyer/michael-fishman-919381,Olathe,KS,Johnson,(913) 782-9000,,General,1948 E Santa Fe St,66062,Kansas City,2,
Scott Stone,,,https://lawyers.justia.com/lawyer/scott-stone-920851,Olathe,KS,Johnson,,,General,2307 W Cothrell St,66061,Kansas City,2,
Charles Elliott,,,https://lawyers.justia.com/lawyer/charles-elliott-921943,Olathe,KS,Johnson,,,Personal Injury,12107 S Monroe St,66061,Kansas City,5,
Kevin West,,,https://lawyers.justia.com/lawyer/kevin-west-916373,Olathe,KS,Johnson,(913) 440-2282,,General,1200 E 151st St,66062,Kansas City,2,
Lisa Ross Wetzler,,,https://lawyers.justia.com/lawyer/lisa-ross-wetzler-915909,Olathe,KS,Johnson,(913) 715-1900,,General,111 S Cherry St,66061,Kansas City,2,
Tammy Etem,,,https://lawyers.justia.com/lawyer/tammy-etem-919098,Olathe,KS,Johnson,(913) 254-7676,,General,14201 S Mur-Len Rd,66062,Kansas City,2,
Stephanie Jenkins,,,https://lawyers.justia.com/lawyer/stephanie-jenkins-918256,Olathe,KS,Johnson,(913) 638-5530,,General,16305 S Hunter St,66062,Kansas City,2,
Maria Fogliasso,,,https://lawyers.justia.com/lawyer/maria-fogliasso-919113,Olathe,KS,Johnson,,,General,14496 W 118th Terrace,66062,Kansas City,2,
Dawn Bellerive,,,https://lawyers.justia.com/lawyer/dawn-bellerive-918116,Olathe,KS,Johnson,(913) 397-9808,,General,15228 W 139th St,66062,Kansas City,2,
Neal E. Fowles,http://nealefowles.localsearch.com,,https://www.yellowpages.com/olathe-ks/attorneys,Olathe,KS,Johnson,(913) 782-1100,,General,115 S Kansas Ave,,Kansas City,2,
Scott Dunwiddie,,,https://lawyers.justia.com/lawyer/scott-dunwiddie-920507,Olathe,KS,Johnson,(913) 664-3588,,General,1207 N Anne Shirley Dr,66061,Kansas City,2,
Kevin Wait,,,https://lawyers.justia.com/lawyer/kevin-wait-924052,Olathe,KS,Johnson,(913) 782-2350,,General,130 N Cherry St,66061,Kansas City,2,
Charla Beall,,,https://lawyers.justia.com/lawyer/charla-beall-916830,Olathe,KS,Johnson,(913) 393-4288,,General,14646 S Kaw Dr,66062,Kansas City,2,
Frank Lipsman,,,https://lawyers.justia.com/lawyer/frank-lipsman-919052,Olathe,KS,Johnson,(913) 782-2350,,General,130 N Cherry St,66061,Kansas City,2,
Joel Brous,,,https://lawyers.justia.com/lawyer/joel-brous-917685,Olathe,KS,Johnson,,,General,24781 W 103rd Terrace,66061,Kansas City,2,
Gerald Elliott,,,https://lawyers.justia.com/lawyer/gerald-elliott-921944,Olathe,KS,Johnson,(913) 715-3780,,General,100 N Kansas Ave,66061,Kansas City,2,
Lawrence Louk,,,https://lawyers.justia.com/lawyer/lawrence-louk-917313,Olathe,KS,Johnson,,,General,26625 W 103rd St,66061,Kansas City,2,
Wade Willard,,,https://lawyers.justia.com/lawyer/wade-willard-921020,Olathe,KS,Johnson,(913) 262-3633,,General,16220 W 125th Terrace,66062,Kansas City,2,
Lisa Henoch,,,https://lawyers.justia.com/lawyer/lisa-henoch-920444,Olathe,KS,Johnson,,,General,26431 W 110th Terrace,66061,Kansas City,2,
Marc Hurt,,,https://lawyers.justia.com/lawyer/marc-hurt-916213,Olathe,KS,Johnson,(913) 764-3389,,Estate Planning,16100 W 150th St,66062,Kansas City,4,
James Hubbard,,,https://lawyers.justia.com/lawyer/james-hubbard-922756,Olathe,KS,Johnson,(913) 782-2350,,General,130 N Cherry St,66061,Kansas City,2,
Donna Price-Sheckler,,,https://lawyers.justia.com/lawyer/donna-price-sheckler-916573,Olathe,KS,Johnson,(913) 269-8807,,General,15707 S Summertree Ct,66062,Kansas City,2,
Robert Kuchar,,,https://lawyers.justia.com/lawyer/robert-kuchar-920397,Olathe,KS,Johnson,,,General,110 S Cherry St,66061,Kansas City,2,
Ronald Hinkle,,,https://lawyers.justia.com/lawyer/ronald-hinkle-923242,Olathe,KS,Johnson,(913) 764-8000,,General,130 N Cherry St,66061,Kansas City,2,
Stephen Tatum,,,https://lawyers.justia.com/lawyer/stephen-tatum-920772,Olathe,KS,Johnson,(913) 715-3790,,General,100 N Kansas Ave,66061,Kansas City,2,
Jennifer Utting,,,https://lawyers.justia.com/lawyer/jennifer-utting-920736,Olathe,KS,Johnson,,,General,18692 W 160th St,66062,Kansas City,2,
Mark Ford,,,https://lawyers.justia.com/lawyer/mark-ford-918312,Olathe,KS,Johnson,(913) 829-2851,,General,14719 S Arapaho Dr,66062,Kansas City,2,
Peter Ruddick,,,https://lawyers.justia.com/lawyer/peter-ruddick-921654,Olathe,KS,Johnson,(913) 715-3750,,General,100 N Kansas Ave,66061,Kansas City,2,
Christopher Michael Grunewald,,,https://lawyers.justia.com/lawyer/christopher-michael-grunewald-1730845,Olathe,KS,Johnson,(913) 715-1865,,General,111 S. CHERRY ST,66061,Kansas City,2,
Edward Van Morlan,,,https://lawyers.justia.com/lawyer/edward-van-morlan-919782,Olathe,KS,Johnson,(913) 782-1100,,General,115 S Kansas Ave,66061,Kansas City,2,
Gregory Kincaid,,,https://lawyers.justia.com/lawyer/gregory-kincaid-919432,Olathe,KS,Johnson,(913) 782-2350,,General,130 N Cherry St,66061,Kansas City,2,
Curt Hoover,,,https://lawyers.justia.com/lawyer/curt-hoover-921181,Olathe,KS,Johnson,(913) 971-7751,,General,1200 S Harrison St,66061,Kansas City,2,
Joy Wickliffe,,,https://lawyers.justia.com/lawyer/joy-wickliffe-917115,Olathe,KS,Johnson,,,General,11850 S Skyview Ln,66061,Kansas City,2,
Walter Bruce Anderson,,,https://directory-kard.kscourts.gov/Home/Details?regNum=14455,Olathe,KS,Johnson,913-206-3202,,General,1417 E Butterfield Pl,66062,Kansas City,2,
Carrie English,,,https://lawyers.justia.com/lawyer/carrie-english-916931,Olathe,KS,Johnson,,,General,15248 W 154th St,66062,Kansas City,2,
Robyn Butler,,,https://lawyers.justia.com/lawyer/robyn-butler-918765,Olathe,KS,Johnson,,,General,15675 W 147th Terrace,66062,Kansas City,2,
Janette Sheldon,,,https://lawyers.justia.com/lawyer/janette-sheldon-916599,Olathe,KS,Johnson,(913) 764-8484,,General,100 N Kansas Ave,66061,Kansas City,2,
Richard Roberts,,,https://lawyers.justia.com/lawyer/richard-roberts-917389,Olathe,KS,Johnson,(913) 764-2859,,General,805 S Brentwood Dr,66061,Kansas City,2,
Terry Hunsinger,,,https://lawyers.justia.com/lawyer/terry-hunsinger-921668,Olathe,KS,Johnson,(913) 782-1100,,General,1951 E Sunvale Dr,66062,Kansas City,2,
William Cleaver,,,https://lawyers.justia.com/lawyer/william-cleaver-917483,Olathe,KS,Johnson,(913) 768-6748,,General,100 N Kansas Ave,66061,Kansas City,2,
Bernard Braun,,,https://lawyers.justia.com/lawyer/bernard-braun-918058,Olathe,KS,Johnson,,,General,14391 S Garnett St,66062,Kansas City,2,
Stephen Sickel,,,https://lawyers.justia.com/lawyer/stephen-sickel-920254,Olathe,KS,Johnson,(913) 393-2200,,General,111 S Kansas Ave,66061,Kansas City,2,
Cynthia Bricker,,,https://lawyers.justia.com/lawyer/cynthia-bricker-921412,Olathe,KS,Johnson,,,General,100 N Kansas Ave,66061,Kansas City,2,
David Glickman,,,https://lawyers.justia.com/lawyer/david-glickman-917305,Olathe,KS,Johnson,(913) 829-1121,,General,12485 S Ellsworth St,66062,Kansas City,2,
Michael Reed,,,https://lawyers.justia.com/lawyer/michael-reed-919932,Olathe,KS,Johnson,,,General,1641 E Sheridan Bridge Ln,66062,Kansas City,2,
Jason Guerrettaz,,,https://lawyers.justia.com/lawyer/jason-guerrettaz-918465,Olathe,KS,Johnson,,,General,18922 W 117th St,66061,Kansas City,2,
Michael Fitzgibbons,,,https://lawyers.justia.com/lawyer/michael-fitzgibbons-917249,Olathe,KS,Johnson,(913) 780-2541,,General,821 N Overlook Dr,66061,Kansas City,2,
Robert McRorey,,,https://lawyers.justia.com/lawyer/robert-mcrorey-920484,Olathe,KS,Johnson,(913) 780-4200,,General,108 E Cedar St,66061,Kansas City,2,
Jerry Wickersham,,,https://lawyers.justia.com/lawyer/jerry-wickersham-917113,Olathe,KS,Johnson,(816) 391-2743,,General,11921 S Hagan St,66062,Kansas City,2,
Michael Farley,,,https://lawyers.justia.com/lawyer/michael-farley-920492,Olathe,KS,Johnson,(913) 715-3571,,General,100 N Kansas Ave,66061,Kansas City,2,
Carol Porter,,,https://lawyers.justia.com/lawyer/carol-porter-917330,Olathe,KS,Johnson,(913) 715-1842,,General,111 S Cherry St,66061,Kansas City,2,
Timothy McConville,,,https://lawyers.justia.com/lawyer/timothy-mcconville-917451,Olathe,KS,Johnson,(913) 307-4517,,General,11373 S Chouteau St,66061,Kansas City,2,
Troy Daugherty,,,https://lawyers.justia.com/lawyer/troy-daugherty-917011,Olathe,KS,Johnson,,,General,12168 S Shannan Ln,66062,Kansas City,2,
Heather Millicent Williams,,,https://lawyers.justia.com/lawyer/heather-millicent-williams-919123,Olathe,KS,Johnson,(913) 393-2956,,General,12163 S Sagebrush Dr,66061,Kansas City,2,
Janine Hassler,,,https://lawyers.justia.com/lawyer/janine-hassler-916124,Olathe,KS,Johnson,(913) 686-4423,,General,17710 S Lackman Rd,66062,Kansas City,2,
Gary Sloan,,,https://lawyers.justia.com/lawyer/gary-sloan-920993,Olathe,KS,Johnson,(913) 829-2200,,Divorce,222 S Cherry St,66061,Kansas City,5,
Steven Goe,,,https://lawyers.justia.com/lawyer/steven-goe-919422,Olathe,KS,Johnson,(913) 897-8131,,General,14619 S Lucille St,66062,Kansas City,2,
Claudette Borchers,,,https://lawyers.justia.com/lawyer/claudette-borchers-922638,Olathe,KS,Johnson,(913) 768-9490,,General,15030 W 146th St,66062,Kansas City,2,
James Baker,,,https://lawyers.justia.com/lawyer/james-baker-920204,Olathe,KS,Johnson,,,General,12772 S Hallet St,66062,Kansas City,2,
John Kerwin,,,https://lawyers.justia.com/lawyer/john-kerwin-918238,Olathe,KS,Johnson,(913) 782-5522,,General,115 E Park St,66061,Kansas City,2,
Martin Wells,,,https://lawyers.justia.com/lawyer/martin-wells-924267,Olathe,KS,Johnson,(913) 782-9000,,General,1948 E Santa Fe St,66062,Kansas City,2,
Melanie Morgan,,,https://lawyers.justia.com/lawyer/melanie-morgan-922849,Olathe,KS,Johnson,(913) 829-6336,,DUI/DWI,500 E Santa Fe St,66061,Kansas City,5,
Wm. David Langston,,,https://lawyers.justia.com/lawyer/wm-david-langston-919335,Olathe,KS,Johnson,(913) 341-8530,,General,130 N Cherry St,66061,Kansas City,2,
Luanne Jones,,,https://lawyers.justia.com/lawyer/luanne-jones-917277,Olathe,KS,Johnson,(913) 685-1385,,General,15001 Quivira Rd,66062,Kansas City,2,
Bill Haynes,,,https://lawyers.justia.com/lawyer/bill-haynes-922387,Olathe,KS,Johnson,,,General,800 S Brentwood St,66061,Kansas City,2,
Dana Estes,,,https://lawyers.justia.com/lawyer/dana-estes-918035,Olathe,KS,Johnson,,,General,15906 S Sunset St,66062,Kansas City,2,
Nancy Born,,,https://lawyers.justia.com/lawyer/nancy-born-922647,Olathe,KS,Johnson,,,General,15012 W 123rd Terrace,66062,Kansas City,2,
Ashley Sample,,,https://lawyers.justia.com/lawyer/ashley-sample-919713,Olathe,KS,Johnson,(913) 534-3228,,General,15416 W 155th Terrace,66062,Kansas City,2,
Raylene Crozier,,,https://lawyers.justia.com/lawyer/raylene-crozier-918240,Olathe,KS,Johnson,(913) 782-2350,,General,130 N Cherry St,66061,Kansas City,2,
Pamela Milner,,,https://lawyers.justia.com/lawyer/pamela-milner-918679,Olathe,KS,Johnson,,,General,1617 W Brittany St,66061,Kansas City,2,
Michael Anderson,,,https://lawyers.justia.com/lawyer/michael-anderson-922492,Olathe,KS,Johnson,(913) 780-5878,,General,110 N Cherry St,66061,Kansas City,2,
James Baska,,,https://lawyers.justia.com/lawyer/james-baska-917477,Olathe,KS,Johnson,,,General,13976 W 151st Terrace,66062,Kansas City,2,
Russell Bloemker,,,https://lawyers.justia.com/lawyer/russell-bloemker-920980,Olathe,KS,Johnson,,,General,14092 W 115th St,66062,Kansas City,2,
Su Linda Jamison,,,https://lawyers.justia.com/lawyer/su-linda-jamison-921875,Olathe,KS,Johnson,(913) 708-4568,,General,1263 E Frontier Ln,66062,Kansas City,2,
Sue Carpenter,,,https://lawyers.justia.com/lawyer/sue-carpenter-916917,Olathe,KS,Johnson,,,General,16126 S Laurelwood St,66062,Kansas City,2,
Robert Manske,,,https://lawyers.justia.com/lawyer/robert-manske-923935,Olathe,KS,Johnson,(913) 782-5212,,General,100 E Park St,66061,Kansas City,2,
Penny Lovell,,,https://lawyers.justia.com/lawyer/penny-lovell-922790,Olathe,KS,Johnson,(913) 279-7658,,General,14063 W 148th St,66062,Kansas City,2,
Kathryn Norris,,,https://lawyers.justia.com/lawyer/kathryn-norris-921510,Olathe,KS,Johnson,(913) 780-7046,,General,10111 S Shadow Cir,66061,Kansas City,2,
Stacy Parkinson,,,https://lawyers.justia.com/lawyer/stacy-parkinson-918982,Olathe,KS,Johnson,(913) 768-8268,,General,10590 S Glenview Ln,66061,Kansas City,2,
Bradly Johnson,,,https://lawyers.justia.com/lawyer/bradly-johnson-924282,Olathe,KS,Johnson,(913) 397-6004,,General,110 S Cherry St,66061,Kansas City,2,
Dimitra Massey-Whittington,,,https://lawyers.justia.com/lawyer/dimitra-massey-whittington-920627,Olathe,KS,Johnson,,,General,15438 S Acuff St,66062,Kansas City,2,
William Coffee,,,https://lawyers.justia.com/lawyer/william-coffee-919828,Olathe,KS,Johnson,(913) 780-0800,,General,130 N Cherry St,66061,Kansas City,2,
Galen Goetz,,,https://lawyers.justia.com/lawyer/galen-goetz-922597,Olathe,KS,Johnson,(913) 829-9649,,General,14326 S Kaw Dr,66062,Kansas City,2,
"Lewis, Robin",http://robinlewislaw.com,,https://www.yellowpages.com/olathe-ks/attorneys,Olathe,KS,Johnson,(913) 829-7896,,General,100 E Park St,,Kansas City,2,
Julie Balmer,,,https://lawyers.justia.com/lawyer/julie-balmer-922994,Olathe,KS,Johnson,,,General,14071 W 148th St,66062,Kansas City,2,
Wesley Ashton,,,https://lawyers.justia.com/lawyer/wesley-ashton-917077,Olathe,KS,Johnson,(913) 302-4900,,General,13905 S Brookwood Ct,66062,Kansas City,2,
Eric Paradise,,,https://lawyers.justia.com/lawyer/eric-paradise-917319,Olathe,KS,Johnson,(913) 764-8181,,General,15285 S Keeler St,66062,Kansas City,2,
Paul Ling,,,https://lawyers.justia.com/lawyer/paul-ling-918822,Olathe,KS,Johnson,(913) 768-7598,,General,26035 W 111th Terrace,66061,Kansas City,2,
Damon Mitchell,,,https://lawyers.justia.com/lawyer/damon-mitchell-921139,Olathe,KS,Johnson,(913) 378-6261,,General,127 S Kansas Ave,66061,Kansas City,2,
Marlaina Humble,,,https://lawyers.justia.com/lawyer/marlaina-humble-922833,Olathe,KS,Johnson,,,General,1621 E Sheridan Bridge Ln,66062,Kansas City,2,
Jennifer Ornburn,,,https://lawyers.justia.com/lawyer/jennifer-ornburn-919545,Olathe,KS,Johnson,(816) 201-1978,,General,14332 W 142nd St,66062,Kansas City,2,
Candice Shepherd,,,https://lawyers.justia.com/lawyer/candice-shepherd-917813,Olathe,KS,Johnson,(913) 327-6870,,General,15482 S Wyandotte Dr,66062,Kansas City,2,
Derek E. Long,,,https://lawyers.justia.com/lawyer/derek-e-long-994269,Gardner,KS,Johnson,(801) 635-7117,,General,28409 W 161ST TERRACE,66030,Kansas City,2,
Sallie Colaco Wagner,,,https://lawyers.justia.com/lawyer/sallie-colaco-wagner-1652107,Lenexa,KS,Johnson,(816) 616-5403,,General,9927 FOUNTAIN CIR,66220,Kansas City,2,
Cherie Markley,,,https://lawyers.justia.com/lawyer/cherie-markley-1661725,Shawnee,KS,Johnson,(303) 594-4126,,General,20909 W 68TH ST,66218,Kansas City,2,
Mark Daniel Molner,,,https://lawyers.justia.com/lawyer/mark-daniel-molner-1660539,Shawnee,KS,Johnson,(913) 962-8700,,Bankruptcy,7225 RENNER RD,66217,Kansas City,4,
Woody Smith,,,https://lawyers.justia.com/lawyer/woody-smith-923538,Lenexa,KS,Johnson,(913) 825-3488,,Bankruptcy,14904 W 87th St,66215,Kansas City,4,
Christopher Ryan Dudding,,,https://lawyers.justia.com/lawyer/christopher-ryan-dudding-1283575,Lenexa,KS,Johnson,(913) 551-7524,,General,11201 Renner Blvd,66219,Kansas City,2,
Terry Rees,,,https://lawyers.justia.com/lawyer/terry-rees-916727,Lenexa,KS,Johnson,(913) 888-9696,,Estate Planning,8730 Bourgade St,66219,Kansas City,4,
Donald Lysaught,,,https://lawyers.justia.com/lawyer/donald-lysaught-920319,Shawnee,KS,Johnson,(913) 962-8700,,Divorce,7225 Renner Rd,66217,Kansas City,5,
Raymond E. Birkinsha,,,https://lawyers.justia.com/lawyer/raymond-e-birkinsha-1644338,Lenexa,KS,Johnson,,,General,20811 W 100TH ST,66220,Kansas City,2,
Cynthia Grimes,,,https://lawyers.justia.com/lawyer/cynthia-grimes-922731,Lenexa,KS,Johnson,(913) 888-4800,,Bankruptcy,15301 W 87th St Pkwy,66219,Kansas City,4,
SHAWNA L. CULVER,,,https://lawyers.justia.com/lawyer/shawna-l-culver-738332,Lenexa,KS,Johnson,(913) 707-0048,,General,8114 MILLRIDGE STREET,66220,Kansas City,2,
Katarzyna Monika Grzechnik Neill,,,https://lawyers.justia.com/lawyer/katarzyna-monika-grzechnik-neill-1655718,Lenexa,KS,Johnson,,,General,16011 COLLEGE BLVD,66219,Kansas City,2,
John Larson,,,https://lawyers.justia.com/lawyer/john-larson-924145,Shawnee,KS,Johnson,(913) 962-8700,,Estate Planning,7225 Renner Rd,66217,Kansas City,4,
"Mann, Scott M",http://mannscottm.localsearch.com,,https://www.yellowpages.com/shawnee-ks/attorneys,Shawnee,KS,Johnson,(913) 962-8700,,General,7225 Renner Rd,,Kansas City,2,
"Rebein, Steven R",https://www.grimesandrebein.com/contact-us,,https://www.yellowpages.com/lenexa-ks/attorneys,Lenexa,KS,Johnson,(913) 888-4800,,General,8700 Monrovia St,,Kansas City,2,
John Watts,,,https://lawyers.justia.com/lawyer/john-watts-916950,Overland Park,KS,Johnson,(913) 905-8115,,General,14116 Hauser St,66221,Kansas City,2,
Kevan D Acord PA,http://www.analyticalforce.com,,https://www.yellowpages.com/lenexa-ks/attorneys,Lenexa,KS,Johnson,(913) 492-6008,,General,9325 Pflumm Rd,,Kansas City,2,
Kevin Zolotor,,,https://lawyers.justia.com/lawyer/kevin-zolotor-920413,Spring Hill,KS,Johnson,(913) 592-2429,,General,703 N Webster St,66083,Kansas City,2,
Joanne Stutz,,,https://lawyers.justia.com/lawyer/joanne-stutz-922815,Shawnee,KS,Johnson,(913) 962-8700,,Divorce,7225 Renner Rd,66217,Kansas City,5,
Michelle Wade,,,https://lawyers.justia.com/lawyer/michelle-wade-627995,Shawnee,KS,Johnson,(913) 338-1700,,General,21628 Midland Dr,66218,Kansas City,2,
Christopher Wren,,,https://lawyers.justia.com/lawyer/christopher-wren-920558,Overland Park,KS,Johnson,(913) 897-9736,,General,9624 W 149th St,66221,Kansas City,2,
Coni Beal-Fries,,,https://lawyers.justia.com/lawyer/coni-beal-fries-916829,Overland Park,KS,Johnson,,,General,6207 W 146th St,66223,Kansas City,2,
Susan Buche Ayers,,,https://lawyers.justia.com/lawyer/susan-buche-ayers-918720,Overland Park,KS,Johnson,,,General,14024 Stearns St,66221,Kansas City,2,
Tino Monaldo,,,https://lawyers.justia.com/lawyer/tino-monaldo-916952,Overland Park,KS,Johnson,(913) 495-6237,,General,9105 W 146th St,66221,Kansas City,2,
Christopher Jon Bunce,,,https://lawyers.justia.com/lawyer/christopher-jon-bunce-843410,Lenexa,KS,Johnson,(913) 638-6713,,General,15329 W 89th Pl,66219,Kansas City,2,
Richard Schoenfeld,,,https://lawyers.justia.com/lawyer/richard-schoenfeld-916187,Lenexa,KS,Johnson,,,General,14302 W 84th Terrace,66215,Kansas City,2,
Colin Gotham,,,https://lawyers.justia.com/lawyer/colin-gotham-919265,Shawnee,KS,Johnson,(913) 962-8700,,Bankruptcy,7225 Renner Rd,66217,Kansas City,4,
Gary Patrick,,,https://lawyers.justia.com/lawyer/gary-patrick-918772,Lenexa,KS,Johnson,(913) 769-8449,,General,14613 W 85th Terrace,66215,Kansas City,2,
Timothy Evans,,,https://lawyers.justia.com/lawyer/timothy-evans-923914,Shawnee,KS,Johnson,(913) 962-8700,,Estate Planning,7225 Renner Rd,66217,Kansas City,4,
Suzanne Bruss,,,https://lawyers.justia.com/lawyer/suzanne-bruss-920575,Lenexa,KS,Johnson,(913) 871-0174,,General,20901 Pebble Ln,66220,Kansas City,2,
Vito Barbieri,,,https://lawyers.justia.com/lawyer/vito-barbieri-921597,Shawnee,KS,Johnson,(913) 962-8700,,Personal Injury,7225 Renner Rd,66217,Kansas City,5,
Shannon Giles,,,https://lawyers.justia.com/lawyer/shannon-giles-922028,Overland Park,KS,Johnson,(913) 685-8291,,General,13005 Earnshaw St,66213,Kansas City,2,
Edward Barker,,,https://lawyers.justia.com/lawyer/edward-barker-917596,Lenexa,KS,Johnson,(913) 895-2800,,General,9801 Renner Blvd,66219,Kansas City,2,
Emma Patricia Nakakuki,,,https://lawyers.justia.com/lawyer/emma-patricia-nakakuki-1281841,Lenexa,KS,Johnson,(913) 563-8800,,General,8921 RENNER BLVD,66219,Kansas City,2,
Kathy Barker,,,https://lawyers.justia.com/lawyer/kathy-barker-921222,Lenexa,KS,Johnson,(913) 438-4636,,General,8889 Bourgade St,66219,Kansas City,2,
Jo Ann Butaud,,,https://lawyers.justia.com/lawyer/jo-ann-butaud-918808,Shawnee,KS,Johnson,(913) 962-8700,,Divorce,7225 Renner Rd,66217,Kansas City,5,
Kent Jackson,,,https://lawyers.justia.com/lawyer/kent-jackson-619006,Shawnee,KS,Johnson,(913) 338-1700,,General,21628 Midland Dr,66218,Kansas City,2,
James Friend,,,https://lawyers.justia.com/lawyer/james-friend-922086,Lenexa,KS,Johnson,(913) 888-4553,,General,7939 Randall Dr,66215,Kansas City,2,
Peter Dawson,,,https://lawyers.justia.com/lawyer/peter-dawson-922750,Lenexa,KS,Johnson,(913) 787-7980,,General,8955 Renner Blvd,66219,Kansas City,2,
Shari Wright,,,https://lawyers.justia.com/lawyer/shari-wright-920712,Lenexa,KS,Johnson,,,General,15714 W 92nd Terrace,66219,Kansas City,2,
James Anderson,,,https://lawyers.justia.com/lawyer/james-anderson-922485,Lenexa,KS,Johnson,(913) 458-8583,,General,21208 W 95th Terrace,66220,Kansas City,2,
Jennifer Butler,,,https://lawyers.justia.com/lawyer/jennifer-butler-918813,Lenexa,KS,Johnson,(913) 344-5566,,General,8943 Rene St,66215,Kansas City,2,
Arthur Stirnaman,,,https://lawyers.justia.com/lawyer/arthur-stirnaman-919630,Gardner,KS,Johnson,(913) 676-5480,,General,17855 4 Corners Rd,66030,Kansas City,2,
Serephta Helm,,,https://lawyers.justia.com/lawyer/serephta-helm-918343,Lenexa,KS,Johnson,(913) 905-8097,,General,9777 Ridge Dr,66219,Kansas City,2,
Stacey Patterson,,,https://lawyers.justia.com/lawyer/stacey-patterson-921476,Overland Park,KS,Johnson,,,General,14614 Marty St,66223,Kansas City,2,
Kenneth Salaway,,,https://lawyers.justia.com/lawyer/kenneth-salaway-917278,Overland Park,KS,Johnson,,,General,5909 Golden Bear Dr,66223,Kansas City,2,
Brandon Warner,,,https://lawyers.justia.com/lawyer/brandon-warner-919913,Lenexa,KS,Johnson,,,General,14810 W 84th St,66215,Kansas City,2,
Lori Edwards,,,https://lawyers.justia.com/lawyer/lori-edwards-920950,Shawnee,KS,Johnson,(913) 338-1700,,General,21628 Midland Dr,66218,Kansas City,2,
Sandra Slattery,,,https://lawyers.justia.com/lawyer/sandra-slattery-917006,Lenexa,KS,Johnson,,,General,8448 Maurer Rd,66219,Kansas City,2,
Jerry Bell,,,https://lawyers.justia.com/lawyer/jerry-bell-924182,Overland Park,KS,Johnson,(913) 814-0650,,General,9308 W 146th Terrace,66221,Kansas City,2,
Joseph Benage,,,https://lawyers.justia.com/lawyer/joseph-benage-919127,Lenexa,KS,Johnson,(913) 577-1916,,General,10101 Renner Blvd,66219,Kansas City,2,
Jeffrey Kincaid,,,https://lawyers.justia.com/lawyer/jeffrey-kincaid-919433,Lenexa,KS,Johnson,(913) 888-9696,,Divorce,8730 Bourgade St,66219,Kansas City,5,
"Drozd, Kurt",http://drozdkurt.localsearch.com,,https://www.yellowpages.com/shawnee-ks/attorneys,Shawnee,KS,Johnson,(913) 962-8700,,General,7225 Renner Rd,,Kansas City,2,
Michael Morant,,,https://lawyers.justia.com/lawyer/michael-morant-922843,Lenexa,KS,Johnson,,,General,8216 Deer Run St,66220,Kansas City,2,
"Wallace, Richard C",http://wallacerichardc.localsearch.com,,https://www.yellowpages.com/shawnee-ks/attorneys,Shawnee,KS,Johnson,(913) 962-8700,,General,7225 Renner Rd,,Kansas City,2,
Jeffrey Lauersdorf,,,https://lawyers.justia.com/lawyer/jeffrey-lauersdorf-923582,Lenexa,KS,Johnson,(913) 676-5495,,General,8155 Monrovia St,66215,Kansas City,2,
Randy Obert,,,https://lawyers.justia.com/lawyer/randy-obert-923382,Overland Park,KS,Johnson,(913) 262-3637,,General,15312 Foster St,66223,Kansas City,2,
Roberta Mullen,,,https://lawyers.justia.com/lawyer/roberta-mullen-929727,Lenexa,KS,Johnson,(913) 825-3308,,General,8004 Hallet St,66215,Kansas City,2,
Ann Henderson,,,https://lawyers.justia.com/lawyer/ann-henderson-919109,Lenexa,KS,Johnson,(913) 322-4900,,General,8434 Twilight Ln,66219,Kansas City,2,
Stephanie Bingman Kice,,,https://lawyers.justia.com/lawyer/stephanie-bingman-kice-757480,Spring Hill,KS,Johnson,(913) 585-5315,,General,703 N WEBSTER,66083,Kansas City,2,
Lanesha Anderson,,,https://lawyers.justia.com/lawyer/lanesha-anderson-922490,Overland Park,KS,Johnson,,,General,9410 W 148th Pl,66221,Kansas City,2,
Christopher John Mohart,,,https://lawyers.justia.com/lawyer/christopher-john-mohart-1809811,Lenexa,KS,Johnson,(913) 689-4890,,General,8900 RENNER BLVD,66219,Kansas City,2,
Weston Moore,,,https://lawyers.justia.com/lawyer/weston-moore-922927,Gardner,KS,Johnson,(913) 782-7075,,General,532 N Pine Ct,66030,Kansas City,2,
Jenna Mihm,,,https://lawyers.justia.com/lawyer/jenna-mihm-917236,Lenexa,KS,Johnson,(913) 557-1381,,General,10101 Renner Blvd,66219,Kansas City,2,
Stephen Hunting,,,https://lawyers.justia.com/lawyer/stephen-hunting-923115,Gardner,KS,Johnson,,,General,306 N Sumac St,66030,Kansas City,2,
Earl Tjaden,,,https://lawyers.justia.com/lawyer/earl-tjaden-923557,De Soto,KS,Johnson,(816) 860-7728,,General,28337 W 85th Terrace,66018,Kansas City,2,
Wayne Powers,,,https://lawyers.justia.com/lawyer/wayne-powers-916904,Lenexa,KS,Johnson,(913) 888-1000,,General,12502 W 81st Terrace,66215,Kansas City,2,
Kimberly Jackson,,,https://lawyers.justia.com/lawyer/kimberly-jackson-921292,Lenexa,KS,Johnson,(913) 422-9028,,General,25009 W 86th Terrace,66227,Kansas City,2,
Mark Lindstrom,,,https://lawyers.justia.com/lawyer/mark-lindstrom-918820,Lenexa,KS,Johnson,(913) 888-8882,,General,11256 Strang Line Rd,66215,Kansas City,2,
Michael Yost,,,https://lawyers.justia.com/lawyer/michael-yost-917242,Lenexa,KS,Johnson,(913) 599-6886,,General,16000 College Blvd,66219,Kansas City,2,
Darci Meese,,,https://lawyers.justia.com/lawyer/darci-meese-923704,Lenexa,KS,Johnson,(913) 895-5516,,General,10747 Renner Blvd,66219,Kansas City,2,
Tina Boschert,,,https://lawyers.justia.com/lawyer/tina-boschert-919377,Overland Park,KS,Johnson,,,General,13709 Gillette St,66221,Kansas City,2,
Roger Weatherby,,,https://lawyers.justia.com/lawyer/roger-weatherby-917691,Shawnee,KS,Johnson,(913) 248-0824,,General,7668 Lichtenauer Ct,66217,Kansas City,2,
Rodney Eisenhauer,,,https://lawyers.justia.com/lawyer/rodney-eisenhauer-919892,Lenexa,KS,Johnson,(913) 888-8600,,General,16400 College Blvd,66219,Kansas City,2,
Emily Vijayakirthi,,,https://lawyers.justia.com/lawyer/emily-vijayakirthi-919857,Lenexa,KS,Johnson,(913) 825-1491,,General,8517 Candlelight Ln,66215,Kansas City,2,
"Parks, Merle E",http://parksmerlee.localsearch.com,,https://www.yellowpages.com/shawnee-ks/attorneys,Shawnee,KS,Johnson,(913) 962-8700,,General,7225 Renner Rd,,Kansas City,2,
Matthew Dykstra,,,https://lawyers.justia.com/lawyer/matthew-dykstra-922313,Shawnee,KS,Johnson,(913) 962-8700,,General,7225 Renner Rd,66217,Kansas City,2,
Stephanie Pratt Mitra,,,https://lawyers.justia.com/lawyer/stephanie-pratt-mitra-1597518,Lenexa,KS,Johnson,(201) 377-3000,,General,15200 SANTA FE TRAIL DR,66219,Kansas City,2,
Jennifer Knapp Riggs,,,https://lawyers.justia.com/lawyer/jennifer-knapp-riggs-673573,Shawnee,KS,Johnson,(602) 262-5928,,General,6905 Longview Rd,66218,Kansas City,2,
Jennifer David Khouri,,,https://lawyers.justia.com/lawyer/jennifer-david-khouri-1731972,Lenexa,KS,Johnson,(785) 639-1323,,General,8900 RENNER BLVD,66219,Kansas City,2,
Brendon Reese,,,https://lawyers.justia.com/lawyer/brendon-reese-916728,Lenexa,KS,Johnson,(913) 888-9696,,General,8730 Bourgade St,66219,Kansas City,2,
James Ingraham,,,https://lawyers.justia.com/lawyer/james-ingraham-923045,Lenexa,KS,Johnson,(913) 661-0123,,General,13704 W 82nd St,66215,Kansas City,2,
Stephanie Tucker,,,https://lawyers.justia.com/lawyer/stephanie-tucker-916271,Shawnee,KS,Johnson,(913) 962-8700,,Divorce,7225 Renner Rd,66217,Kansas City,5,
Jon Bunten,,,https://lawyers.justia.com/lawyer/jon-bunten-922344,Leawood,KS,Johnson,(913) 469-1199,,General,6721 W 121st St,66209,Kansas City,2,
Christopher Reed,,,https://lawyers.justia.com/lawyer/christopher-reed-919928,Lenexa,KS,Johnson,,,General,14308 W 84th Terrace,66215,Kansas City,2,
James Donley,,,https://lawyers.justia.com/lawyer/james-donley-922454,Overland Park,KS,Johnson,(913) 239-0984,,General,13801 Hauser St,66221,Kansas City,2,
Stephen D. Waldron,,,https://lawyers.justia.com/lawyer/stephen-d-waldron-717310,Spring Hill,KS,Johnson,(913) 669-8554,,General,18804 189TH ST,66083,Kansas City,2,
Steven Ellis,,,https://lawyers.justia.com/lawyer/steven-ellis-923293,Spring Hill,KS,Johnson,(913) 592-2029,,General,703 N Webster St,66083,Kansas City,2,
Geri Coen,,,https://lawyers.justia.com/lawyer/geri-coen-916114,Overland Park,KS,Johnson,(913) 239-0079,,General,11217 W 140th Pl,66221,Kansas City,2,
Trina Nudson,,,https://lawyers.justia.com/lawyer/trina-nudson-917982,Lenexa,KS,Johnson,(913) 438-4636,,General,8889 Bourgade St,66219,Kansas City,2,
Anita Tebbe,,,https://lawyers.justia.com/lawyer/anita-tebbe-921192,Overland Park,KS,Johnson,(913) 469-8500,,General,11425 W 156th Terrace,66221,Kansas City,2,
Michael Armstrong,,,https://lawyers.justia.com/lawyer/michael-armstrong-921531,Lenexa,KS,Johnson,(913) 895-5517,,General,10747 Renner Blvd,66219,Kansas City,2,
Martha Packer,,,https://lawyers.justia.com/lawyer/martha-packer-919363,Lenexa,KS,Johnson,(913) 599-6886,,General,16000 College Blvd,66219,Kansas City,2,
Mark Haefner,,,https://lawyers.justia.com/lawyer/mark-haefner-918075,Lenexa,KS,Johnson,(913) 438-4636,,General,8889 Bourgade St,66219,Kansas City,2,
David Hutchinson,,,https://lawyers.justia.com/lawyer/david-hutchinson-915926,Lenexa,KS,Johnson,(913) 227-6000,,General,9701 Renner Blvd,66219,Kansas City,2,
Kelley Appleyard,,,https://lawyers.justia.com/lawyer/kelley-appleyard-921652,Overland Park,KS,Johnson,,,General,14020 Robinson St,66223,Kansas City,2,
Michael Metcalf,,,https://lawyers.justia.com/lawyer/michael-metcalf-919006,Lenexa,KS,Johnson,(913) 310-3356,,General,16400 College Blvd,66219,Kansas City,2,
Robert Choromanski,,,https://lawyers.justia.com/lawyer/robert-choromanski-923447,Lenexa,KS,Johnson,,,General,14413 W 80th Terrace,66215,Kansas City,2,
Scott Wasserman,,,https://lawyers.justia.com/lawyer/scott-wasserman-923789,Lenexa,KS,Johnson,(913) 438-4636,,General,8889 Bourgade St,66219,Kansas City,2,
Andrew Sears,,,https://lawyers.justia.com/lawyer/andrew-sears-919475,Lenexa,KS,Johnson,(913) 227-6003,,General,9701 Renner Blvd,66219,Kansas City,2,
Irma Flottman,,,https://lawyers.justia.com/lawyer/irma-flottman-929819,Lenexa,KS,Johnson,(913) 825-3308,,General,8004 Hallet St,66215,Kansas City,2,
Larry McClain,,,https://lawyers.justia.com/lawyer/larry-mcclain-920372,Overland Park,KS,Johnson,(913) 814-7955,,General,15425 Antioch Rd,66221,Kansas City,2,
Robert Stephan,,,https://lawyers.justia.com/lawyer/robert-stephan-920511,Lenexa,KS,Johnson,(913) 438-8515,,General,14243 W 84th Terrace,66215,Kansas City,2,
Darren Kearns,,,https://lawyers.justia.com/lawyer/darren-kearns-915914,Leawood,KS,Johnson,(913) 385-1500,,General,6703 W 128th Terrace,66209,Kansas City,2,
David Norburg,,,https://lawyers.justia.com/lawyer/david-norburg-921501,Lenexa,KS,Johnson,(913) 894-5058,,General,17621 W 84th St,66219,Kansas City,2,
Lance Formwait,,,https://lawyers.justia.com/lawyer/lance-formwait-921906,Lenexa,KS,Johnson,,,General,14222 W 83rd St,66215,Kansas City,2,
Wade Hall,,,https://lawyers.justia.com/lawyer/wade-hall-919656,Overland Park,KS,Johnson,,,General,14300 Connell St,66221,Kansas City,2,
Kenneth Smiley,,,https://lawyers.justia.com/lawyer/kenneth-smiley-918063,Overland Park,KS,Johnson,(913) 681-6963,,General,12600 Bradshaw St,66213,Kansas City,2,
Gregory Alan Haverkamp,,,https://lawyers.justia.com/lawyer/gregory-alan-haverkamp-1535364,Shawnee,KS,Johnson,,,General,4527 BROWNRIDGE DR,66218,Kansas City,2,
Kathleen M. Landis,,,https://lawyers.justia.com/lawyer/kathleen-m-landis-545323,Shawnee,KS,Johnson,(913) 248-9453,,General,5720 Greenwood St,66216,Kansas City,2,
William Matthew Holick,,,https://lawyers.justia.com/lawyer/william-matthew-holick-1255317,Shawnee,KS,Johnson,(913) 230-2652,,General,21019 W 58TH ST,66218,Kansas City,2,
Karen Torline,,,https://lawyers.justia.com/lawyer/karen-torline-918423,Shawnee,KS,Johnson,(913) 631-2500,,General,11110 Johnson Dr,66203,Kansas City,2,
Steven Nelson,,,https://lawyers.justia.com/lawyer/steven-nelson-916547,Shawnee,KS,Johnson,(913) 631-7362,,General,5170 Lakecrest Dr,66218,Kansas City,2,
Nikki Copp,,,https://lawyers.justia.com/lawyer/nikki-copp-917718,Shawnee,KS,Johnson,(913) 897-5725,,General,15890 Shawnee Mission Pkwy,66217,Kansas City,2,
Christopher Pickering,,,https://lawyers.justia.com/lawyer/christopher-pickering-922054,Shawnee,KS,Johnson,(913) 248-9100,,Medical Malpractice,10620 Johnson Dr,66203,Kansas City,5,
Timothy Hoge,,,https://lawyers.justia.com/lawyer/timothy-hoge-920251,Shawnee,KS,Johnson,,,General,6608 Garnett Dr,66203,Kansas City,2,
Mark Logan,,,https://lawyers.justia.com/lawyer/mark-logan-923834,Shawnee,KS,Johnson,(913) 268-9393,,General,11005 W 60th St,66203,Kansas City,2,
Brian Smith,,,https://lawyers.justia.com/lawyer/brian-smith-918068,Shawnee,KS,Johnson,(913) 248-9100,,General,10620 Johnson Dr,66203,Kansas City,2,
Joe Vise,,,https://lawyers.justia.com/lawyer/joe-vise-920557,Shawnee,KS,Johnson,(913) 268-6200,,Estate Planning,11113 Johnson Dr,66203,Kansas City,4,
Brian Clarke,,,https://lawyers.justia.com/lawyer/brian-clarke-922110,Shawnee,KS,Johnson,,,General,21220 W 51st Terrace,66218,Kansas City,2,
Mark Bodine,,,https://lawyers.justia.com/lawyer/mark-bodine-921932,Shawnee,KS,Johnson,(913) 631-2727,,General,11125 Johnson Dr,66203,Kansas City,2,
Heber Oscar Gonzalez,,,https://lawyers.justia.com/lawyer/heber-oscar-gonzalez-1730841,Shawnee,KS,Johnson,(913) 717-7908,,General,12480 W 62ND TER,66216,Kansas City,2,
Jon Lowe,,,https://lawyers.justia.com/lawyer/jon-lowe-920673,Shawnee,KS,Johnson,(913) 432-0863,,General,10020 W 52nd St,66203,Kansas City,2,
Adam Michael Chingren,,,https://lawyers.justia.com/lawyer/adam-michael-chingren-1730996,Shawnee,KS,Johnson,(913) 948-9311,,General,21636 MIDLAND DR,66218,Kansas City,2,
Kevin Bennett,,,https://lawyers.justia.com/lawyer/kevin-bennett-922740,Shawnee,KS,Johnson,(913) 631-2727,,General,11125 Johnson Dr,66203,Kansas City,2,
Erin Hoestje,,,https://lawyers.justia.com/lawyer/erin-hoestje-917261,Shawnee,KS,Johnson,,,General,7106 Summit St,66216,Kansas City,2,
Henry Cox,,,https://lawyers.justia.com/lawyer/henry-cox-919787,Shawnee,KS,Johnson,(913) 707-0331,,General,14814 W 71st Terrace,66216,Kansas City,2,
Eric Ziegenhorn,,,https://lawyers.justia.com/lawyer/eric-ziegenhorn-916748,Shawnee,KS,Johnson,(816) 531-6300,,General,7533 Constance St,66216,Kansas City,2,
Diane Waters,,,https://lawyers.justia.com/lawyer/diane-waters-920136,Shawnee,KS,Johnson,(913) 631-2727,,Medical Malpractice,11125 Johnson Dr,66203,Kansas City,5,
Katherine Novak Townsend,,,https://lawyers.justia.com/lawyer/katherine-novak-townsend-923203,Shawnee,KS,Johnson,,,General,7345 Oakview St,66216,Kansas City,2,
Sara Anthony,,,https://lawyers.justia.com/lawyer/sara-anthony-916393,Shawnee,KS,Johnson,(913) 219-1849,,General,5834 Meadowlark Dr,66226,Kansas City,2,
Dennis Lloyd,,,https://lawyers.justia.com/lawyer/dennis-lloyd-923113,Shawnee,KS,Johnson,(913) 962-0771,,General,495 Navajo Ln W,66217,Kansas City,2,
Cathleen Abell,,,https://lawyers.justia.com/lawyer/cathleen-abell-921194,Shawnee,KS,Johnson,,,General,22217 W 51st St,66226,Kansas City,2,
Erica Schoenig,,,https://lawyers.justia.com/lawyer/erica-schoenig-916189,Shawnee,KS,Johnson,(913) 712-9750,,General,11212 Johnson Dr,66203,Kansas City,2,
"Charles W. Macheers, LLC",,,https://directory-kard.kscourts.gov/Home/Details?regNum=17371,Shawnee,KS,Johnson,913-706-2725,,General,21704 W 57th Ter,66218,Kansas City,2,
Stephanie Dawkins,,,https://lawyers.justia.com/lawyer/stephanie-dawkins-922749,Shawnee,KS,Johnson,(913) 722-7700,,General,21303 W 53rd St,66218,Kansas City,2,
John Kane Rosenberg,,,https://lawyers.justia.com/lawyer/john-kane-rosenberg-1144968,Shawnee,KS,Johnson,(785) 230-1960,,General,7315 HAUSER DR,66216,Kansas City,2,
William Gentry,,,https://lawyers.justia.com/lawyer/william-gentry-923565,Shawnee,KS,Johnson,(913) 962-1913,,General,11903 W 66th Terrace,66216,Kansas City,2,
Ron McMorris,,,https://lawyers.justia.com/lawyer/ron-mcmorris-920615,Shawnee,KS,Johnson,(913) 438-7765,,General,13321 W 70th Terrace,66216,Kansas City,2,
Michael Bennett,,,https://lawyers.justia.com/lawyer/michael-bennett-922744,Shawnee,KS,Johnson,(913) 822-8799,,General,21712 W 53rd St,66226,Kansas City,2,
Cameron Scott Willcott,,,https://lawyers.justia.com/lawyer/cameron-scott-willcott-1731538,Merriam,KS,Johnson,(913) 762-1018,,General,9918 W 61ST ST,66203,Kansas City,2,
Richard Fry,,,https://lawyers.justia.com/lawyer/richard-fry-921935,Shawnee,KS,Johnson,(913) 962-8700,,General,7225 Renner Rd,66217,Kansas City,2,
Michele Hovermale,,,https://lawyers.justia.com/lawyer/michele-hovermale-921329,Shawnee,KS,Johnson,(913) 631-9019,,General,4915 Oakview St,66216,Kansas City,2,
Jennifer Vath,,,https://lawyers.justia.com/lawyer/jennifer-vath-916654,Shawnee,KS,Johnson,(913) 248-9100,,General,10620 Johnson Dr,66203,Kansas City,2,
Steven Blanck,,,https://lawyers.justia.com/lawyer/steven-blanck-918866,Shawnee,KS,Johnson,(913) 338-1700,,General,21628 Midland Dr,66218,Kansas City,2,
Susan Christie,,,https://lawyers.justia.com/lawyer/susan-christie-916606,Shawnee,KS,Johnson,,,General,5401 Switzer St,66203,Kansas City,2,
Jeffrey Ziesman,,,https://lawyers.justia.com/lawyer/jeffrey-ziesman-916752,Shawnee,KS,Johnson,(816) 802-4712,,General,14808 W 74th St,66216,Kansas City,2,
"Gastl, Eugene F, ATTY",http://gastleugenefatty.localsearch.com,,https://www.yellowpages.com/shawnee-ks/attorneys,Shawnee,KS,Johnson,(913) 631-8211,,General,5811 Nieman Rd,,Kansas City,2,
Kristin Everhart,,,https://lawyers.justia.com/lawyer/kristin-everhart-916111,Shawnee,KS,Johnson,,,General,4923 Brockway St,66226,Kansas City,2,
Edward Sondker,,,https://lawyers.justia.com/lawyer/edward-sondker-917168,Shawnee,KS,Johnson,(913) 631-6838,,General,156 Terrace Trail W,66217,Kansas City,2,
Melanie Baker,,,https://lawyers.justia.com/lawyer/melanie-baker-921391,Shawnee,KS,Johnson,(913) 962-5568,,General,7731 Darnell St,66216,Kansas City,2,
Heather Stuewe,,,https://lawyers.justia.com/lawyer/heather-stuewe-922809,Shawnee,KS,Johnson,(913) 962-1045,,General,13505 W 53rd Terrace,66216,Kansas City,2,
Robert Weems,,,https://lawyers.justia.com/lawyer/robert-weems-921855,Shawnee,KS,Johnson,(816) 968-6819,,General,134 Terrace Trail W,66217,Kansas City,2,
Steven Townsend,,,https://lawyers.justia.com/lawyer/steven-townsend-923204,Shawnee,KS,Johnson,(913) 631-5244,,Estate Planning,7017 Mill Creek Rd,66217,Kansas City,4,
Nathan Coleman,,,https://lawyers.justia.com/lawyer/nathan-coleman-919536,Shawnee,KS,Johnson,(913) 707-9975,,General,21007 W 56th St,66218,Kansas City,2,
Rebecca Kreisman,,,https://lawyers.justia.com/lawyer/rebecca-kreisman-918004,Shawnee,KS,Johnson,(913) 339-6888,,General,10208 W 54th Terrace,66203,Kansas City,2,
Mark Heer,,,https://lawyers.justia.com/lawyer/mark-heer-920847,Shawnee,KS,Johnson,(913) 338-1700,,General,21628 Midland Dr,66218,Kansas City,2,
James Cole,,,https://lawyers.justia.com/lawyer/james-cole-916867,Shawnee,KS,Johnson,,,General,14102 W 74th Terrace,66216,Kansas City,2,
John Cochran,,,https://lawyers.justia.com/lawyer/john-cochran-918448,Shawnee,KS,Johnson,,,General,4503 Woodstock St,66218,Kansas City,2,
Erin Dedrickson,,,https://lawyers.justia.com/lawyer/erin-dedrickson-923149,Shawnee,KS,Johnson,,,General,5515 Chouteau St,66226,Kansas City,2,
Jerry Phillips,,,https://lawyers.justia.com/lawyer/jerry-phillips-921659,Shawnee,KS,Johnson,,,General,17616 W 67th Terrace,66217,Kansas City,2,
Warren McCamish,,,https://lawyers.justia.com/lawyer/warren-mccamish-916402,Shawnee,KS,Johnson,(913) 371-1930,,General,480 Terrace Trail E,66217,Kansas City,2,
Robert Benham,,,https://lawyers.justia.com/lawyer/robert-benham-917664,Shawnee,KS,Johnson,(913) 371-3838,,General,14602 W 61st St,66216,Kansas City,2,
Ann Thomas,,,https://lawyers.justia.com/lawyer/ann-thomas-916963,Shawnee,KS,Johnson,,,General,5707 Oakview St,66216,Kansas City,2,
Natalie Bright,,,https://lawyers.justia.com/lawyer/natalie-bright-921419,Shawnee,KS,Johnson,,,General,5314 Lakecrest Dr,66218,Kansas City,2,
Laura Montgomery,,,https://lawyers.justia.com/lawyer/laura-montgomery-916959,Shawnee,KS,Johnson,(913) 279-7291,,General,6690 Heatherwood Dr,66217,Kansas City,2,
Muneer Uddin Ahmad,,,https://lawyers.justia.com/lawyer/muneer-uddin-ahmad-920693,Shawnee,KS,Johnson,(913) 593-5893,,General,14912 W 76th St,66216,Kansas City,2,
Kristen Shelley,,,https://lawyers.justia.com/lawyer/kristen-shelley-917401,Shawnee,KS,Johnson,(913) 385-0600,,General,11212 Johnson Dr,66203,Kansas City,2,
Angela Smith,,,https://lawyers.justia.com/lawyer/angela-smith-918067,Shawnee,KS,Johnson,(913) 962-6443,,General,17812 W 69th St,66217,Kansas City,2,
Gary Fuller,,,https://lawyers.justia.com/lawyer/gary-fuller-917465,Shawnee,KS,Johnson,(913) 682-5227,,General,7021 Gillette St,66216,Kansas City,2,
Scot Ringenberg,,,https://lawyers.justia.com/lawyer/scot-ringenberg-919589,Shawnee,KS,Johnson,,,General,21011 W 54th St,66218,Kansas City,2,
Jaclyn Reilly,,,https://lawyers.justia.com/lawyer/jaclyn-reilly-919566,Shawnee,KS,Johnson,(913) 248-1704,,General,13963 W 72nd St,66216,Kansas City,2,
Katherine Lloyd,,,https://lawyers.justia.com/lawyer/katherine-lloyd-923114,Shawnee,KS,Johnson,,,General,495 Navajo Ln W,66217,Kansas City,2,
"Esher, Mark R, JD",http://yellowpages.com/shawnee-ks/mip/esher-mark-r-jd-6252815,,https://www.yellowpages.com/shawnee-ks/attorneys,Shawnee,KS,Johnson,(913) 422-4877,,General,6430 Roundtree St,,Kansas City,2,
Tim Muir,,,https://lawyers.justia.com/lawyer/tim-muir-916759,Shawnee,KS,Johnson,,,General,7225 Renner Rd,66217,Kansas City,2,
Deland Shore,,,https://lawyers.justia.com/lawyer/deland-shore-918935,Shawnee,KS,Johnson,(913) 432-4300,,General,5055 Antioch Rd,66203,Kansas City,2,
Jennifer Lee Mills,,,https://lawyers.justia.com/lawyer/jennifer-lee-mills-915891,Shawnee,KS,Johnson,,,General,5439 Quivira Rd,66216,Kansas City,2,
Melissa Hasso,,,https://lawyers.justia.com/lawyer/melissa-hasso-916125,Shawnee,KS,Johnson,(913) 962-8800,,General,5900 Nieman Rd,66203,Kansas City,2,
Thomas Cummings,,,https://lawyers.justia.com/lawyer/thomas-cummings-918783,Shawnee,KS,Johnson,(913) 221-5787,,General,17219 W 68th St,66217,Kansas City,2,
William Allen Skeens,,,https://lawyers.justia.com/lawyer/william-allen-skeens-1731451,Lenexa,KS,Johnson,(913) 484-5342,,General,13931 W 76TH CIR,66216,Kansas City,2,
Ann Ziesman,,,https://lawyers.justia.com/lawyer/ann-ziesman-916751,Shawnee,KS,Johnson,(913) 451-7997,,General,14808 W 74th St,66216,Kansas City,2,
David Clauser,,,https://lawyers.justia.com/lawyer/david-clauser-923038,Shawnee,KS,Johnson,,,General,6618 Hedge Ln Terrace,66226,Kansas City,2,
David Higgins,,,https://lawyers.justia.com/lawyer/david-higgins-917597,Shawnee,KS,Johnson,,,General,5123 Ballentine St,66203,Kansas City,2,
Christopher Reedy,,,https://lawyers.justia.com/lawyer/christopher-reedy-916724,Shawnee,KS,Johnson,(913) 345-2555,,General,7411 Richards Dr,66216,Kansas City,2,
Mark Holmstrom,,,https://lawyers.justia.com/lawyer/mark-holmstrom-924160,Shawnee,KS,Johnson,(913) 248-7671,,General,7202 Noland Rd,66216,Kansas City,2,
Patrick Cierpiot,,,https://lawyers.justia.com/lawyer/patrick-cierpiot-923460,Shawnee,KS,Johnson,,,General,5024 Farley St,66203,Kansas City,2,
Kelly Bolles Butler,,,https://lawyers.justia.com/lawyer/kelly-bolles-butler-918815,Shawnee,KS,Johnson,,,General,6127 Greenwood St,66216,Kansas City,2,
Robert Lewis,,,https://lawyers.justia.com/lawyer/robert-lewis-920394,Shawnee,KS,Johnson,(913) 315-4290,,General,10020 W 52nd Terrace,66203,Kansas City,2,
"Zimmerman, Jeffrey D, ATTY",http://zimmermanjeffreydatty.localsearch.com,,https://www.yellowpages.com/shawnee-ks/attorneys,Shawnee,KS,Johnson,(913) 268-8877,,General,5819 Nieman Rd,,Kansas City,2,
Jason Lundt,,,https://lawyers.justia.com/lawyer/jason-lundt-918273,Shawnee,KS,Johnson,(913) 221-7924,,General,15941 W 65th St,66217,Kansas City,2,
Heather Blanck,,,https://lawyers.justia.com/lawyer/heather-blanck-918865,Shawnee,KS,Johnson,,,General,21408 W 51st Terrace,66218,Kansas City,2,
Mandy Standen,,,https://lawyers.justia.com/lawyer/mandy-standen-919201,Shawnee,KS,Johnson,,,General,23707 W 54th St,66226,Kansas City,2,
Jonathan Boulton,,,https://lawyers.justia.com/lawyer/jonathan-boulton-921535,Shawnee,KS,Johnson,,,General,22800 W 44th Terrace,66226,Kansas City,2,
Nathan Terry,,,https://lawyers.justia.com/lawyer/nathan-terry-923347,Shawnee,KS,Johnson,(913) 422-3389,,General,21711 W 61st St,66218,Kansas City,2,
Jennifer Berard,,,https://lawyers.justia.com/lawyer/jennifer-berard-921047,Shawnee,KS,Johnson,(913) 676-5200,,General,5627 Brownridge Dr,66218,Kansas City,2,
John Miller,,,https://lawyers.justia.com/lawyer/john-miller-921445,Shawnee,KS,Johnson,(913) 962-8700,,General,7225 Renner Rd,66217,Kansas City,2,
Thomas McLean,,,https://lawyers.justia.com/lawyer/thomas-mclean-919818,Shawnee,KS,Johnson,(913) 526-5526,,General,4970 Park St,66216,Kansas City,2,
Janet Velazquez,,,https://lawyers.justia.com/lawyer/janet-velazquez-919035,Shawnee,KS,Johnson,(913) 449-2819,,General,4629 Meadow View Dr,66226,Kansas City,2,
Steven Alexander,,,https://lawyers.justia.com/lawyer/steven-alexander-922694,Shawnee,KS,Johnson,,,General,6714 Hauser Dr,66216,Kansas City,2,
Peggy McNeive,,,https://lawyers.justia.com/lawyer/peggy-mcneive-923198,Shawnee,KS,Johnson,,,General,4514 Woodstock St,66218,Kansas City,2,
Bruce Kips,,,https://lawyers.justia.com/lawyer/bruce-kips-919184,Shawnee,KS,Johnson,(913) 962-9800,,General,6333 Long St,66216,Kansas City,2,
Patrick Smith,,,https://lawyers.justia.com/lawyer/patrick-smith-920744,Shawnee,KS,Johnson,,,General,4433 Aminda St,66226,Kansas City,2,
Anne Alon,,,https://lawyers.justia.com/lawyer/anne-alon-921787,Shawnee,KS,Johnson,,,General,7212 Oakview St,66216,Kansas City,2,
Lawrence Zukel,,,https://lawyers.justia.com/lawyer/lawrence-zukel-920773,Shawnee,KS,Johnson,(913) 322-2329,,General,12721 W 76th St,66216,Kansas City,2,
Michael Blake,,,https://lawyers.justia.com/lawyer/michael-blake-918861,Shawnee,KS,Johnson,(913) 631-6191,,General,570 Lakeshore Dr W,66217,Kansas City,2,
Catherine Ann Zigtema,,,https://lawyers.justia.com/lawyer/catherine-ann-zigtema-1731562,Shawnee,KS,Johnson,(913) 647-7567,,General,11660 W 75TH ST,66214,Kansas City,2,
Bruce Hedrick,,,https://lawyers.justia.com/lawyer/bruce-hedrick-922711,Overland Park,KS,Johnson,(913) 451-1000,,DUI/DWI,11101 W 99th St,66214,Kansas City,5,
Lindsay Frances Heist,,,https://lawyers.justia.com/lawyer/lindsay-frances-heist-1731154,Lenexa,KS,Johnson,(417) 235-6652,,General,10910 W 87TH ST,66214,Kansas City,2,
Georgianna Mullin,,,https://lawyers.justia.com/lawyer/georgianna-mullin-923959,Lenexa,KS,Johnson,,,DUI/DWI,24725 W 79th St,66227,Kansas City,5,
Alicia Talbert Holmes,,,https://lawyers.justia.com/lawyer/alicia-talbert-holmes-924156,Overland Park,KS,Johnson,(913) 432-7282,,Estate Planning,11220 W 99th Terrace,66214,Kansas City,4,
Jason Halley,,,https://lawyers.justia.com/lawyer/jason-halley-922860,Overland Park,KS,Johnson,(913) 710-4763,,General,10336 Cody St,66214,Kansas City,2,
Fred Ryan Vanpelt,,,https://lawyers.justia.com/lawyer/fred-ryan-vanpelt-1731510,Lenexa,KS,Johnson,(913) 815-7041,,General,8050 MARSHALL DR,66214,Kansas City,2,
Jacqueline King,,,https://lawyers.justia.com/lawyer/jacqueline-king-919437,Lenexa,KS,Johnson,,,General,20803 W 94th St,66220,Kansas City,2,
Robert Hosford,,,https://lawyers.justia.com/lawyer/robert-hosford-922707,Lenexa,KS,Johnson,(913) 599-6886,,General,16000 College Blvd,66219,Kansas City,2,
Mark Theoharis,,,https://lawyers.justia.com/lawyer/mark-theoharis-921128,Lenexa,KS,Johnson,(913) 710-5649,,General,15304 W 93rd Terrace,66219,Kansas City,2,
Danielle Curtiss,,,https://lawyers.justia.com/lawyer/danielle-curtiss-920759,Lenexa,KS,Johnson,(913) 888-8600,,General,16047 W 110th St,66219,Kansas City,2,
Erika N. De Marco,,,https://lawyers.justia.com/lawyer/erika-n-de-marco-1731269,Lenexa,KS,Johnson,(913) 477-7610,,General,17333 PRAIRIE STAR PKWY,66219,Kansas City,2,
Meredith Kathleen Collins,,,https://lawyers.justia.com/lawyer/meredith-kathleen-collins-1731005,Lenexa,KS,Johnson,(913) 408-6218,,General,18000 W 99TH ST,66219,Kansas City,2,
Valerie Brown Mangine,,,https://lawyers.justia.com/lawyer/valerie-brown-mangine-1731265,Lenexa,KS,Johnson,(417) 235-6652,,General,10910 W 87TH ST,66214,Kansas City,2,
Eric Arner,,,https://lawyers.justia.com/lawyer/eric-arner-919905,Lenexa,KS,Johnson,(913) 895-5519,,General,10747 Renner Blvd,66219,Kansas City,2,
Kara L. Kezios,,,https://lawyers.justia.com/lawyer/kara-l-kezios-1731203,Lenexa,KS,Johnson,(913) 754-9903,,General,8145 FLINT ST,66214,Kansas City,2,
Lori Gayle Hoodenpyle,,,https://lawyers.justia.com/lawyer/lori-gayle-hoodenpyle-1731166,Lenexa,KS,Johnson,(913) 406-4090,,General,15621 W 87TH ST PKWY #132,66219,Kansas City,2,
Steven Dewitt Shrout,,,https://lawyers.justia.com/lawyer/steven-dewitt-shrout-1731444,Lenexa,KS,Johnson,(913) 477-7630,,General,17101 W. 87TH ST PKWY,66219,Kansas City,2,
Kelley Renae Myers Tymeson,,,https://lawyers.justia.com/lawyer/kelley-renae-myers-tymeson-1731317,Lenexa,KS,Johnson,(515) 401-4403,,General,11201 RENNER SBLVD,66219,Kansas City,2,
Nancy Hull-Wasbrough,,,https://lawyers.justia.com/lawyer/nancy-hull-wasbrough-917979,Overland Park,KS,Johnson,(913) 438-4244,,General,11020 W 99th St,66214,Kansas City,2,
Lori Hill,,,https://lawyers.justia.com/lawyer/lori-hill-918361,Lenexa,KS,Johnson,(913) 599-6886,,General,16000 College Blvd,66219,Kansas City,2,
Patrick Joseph Allegri,,,https://lawyers.justia.com/lawyer/patrick-joseph-allegri-1730816,Lenexa,KS,Johnson,(913) 490-8986,,General,11250 CORPORATE AVE,66219,Kansas City,2,
Robert Wray,,,https://lawyers.justia.com/lawyer/robert-wray-916438,Lenexa,KS,Johnson,,,General,9601 Renner Blvd,66219,Kansas City,2,
Ashlee Michele Tomasic,,,https://lawyers.justia.com/lawyer/ashlee-michele-tomasic-1731494,Lenexa,KS,Johnson,(913) 477-7629,,General,17101 W 87TH ST PKWY,66219,Kansas City,2,
Scott Ruther,,,https://lawyers.justia.com/lawyer/scott-ruther-921517,Lenexa,KS,Johnson,(913) 894-8877,,Estate Planning,8877 Bourgade St,66219,Kansas City,4,
Richard Crowder,,,https://lawyers.justia.com/lawyer/richard-crowder-917835,Lenexa,KS,Johnson,(913) 599-0058,,General,15520 W 89th St,66219,Kansas City,2,
Sarah Elizabeth Tadtman,,,https://lawyers.justia.com/lawyer/sarah-elizabeth-tadtman-1731481,Lenexa,KS,Johnson,(913) 424-2970,,General,8050 MARSHALL DR,66214,Kansas City,2,
Paul Thoma,,,https://lawyers.justia.com/lawyer/paul-thoma-916961,Overland Park,KS,Johnson,(913) 782-3200,,General,10821 W 87th St,66214,Kansas City,2,
Johnny Chuang,,,https://lawyers.justia.com/lawyer/johnny-chuang-917620,Lenexa,KS,Johnson,(913) 754-3339,,General,16533 W 80th St,66219,Kansas City,2,
Harlan Long,,,https://lawyers.justia.com/lawyer/harlan-long-920473,Overland Park,KS,Johnson,(913) 888-0337,,General,10722 W 88th Terrace,66214,Kansas City,2,
Rebecca Oland,,,https://lawyers.justia.com/lawyer/rebecca-oland-920754,Lenexa,KS,Johnson,(913) 894-0529,,General,15304 W 83rd St,66219,Kansas City,2,
Charles Williams,,,https://lawyers.justia.com/lawyer/charles-williams-919115,Lenexa,KS,Johnson,(913) 888-8600,,General,16400 College Blvd,66219,Kansas City,2,
Shari Ashner Boppart,,,https://lawyers.justia.com/lawyer/shari-ashner-boppart-923033,Lenexa,KS,Johnson,(913) 322-1200,,General,20810 W 94th Terrace,66220,Kansas City,2,
Kathleen Cossairt,,,https://lawyers.justia.com/lawyer/kathleen-cossairt-924022,Lenexa,KS,Johnson,(913) 322-4446,,General,8730 Bourgade St,66219,Kansas City,2,
Catherine Foster Baird,,,https://lawyers.justia.com/lawyer/catherine-foster-baird-922257,Lenexa,KS,Johnson,,,General,15431 W 89th Cir,66219,Kansas City,2,
Janell Pallanich,,,https://lawyers.justia.com/lawyer/janell-pallanich-923861,Lenexa,KS,Johnson,(913) 888-5610,,General,8966 Tomashaw St,66219,Kansas City,2,
Timothy Burns,,,https://lawyers.justia.com/lawyer/timothy-burns-919349,Lenexa,KS,Johnson,(913) 541-0066,,General,9705 Commerce Pkwy,66219,Kansas City,2,
Noralyn Wiley,,,https://lawyers.justia.com/lawyer/noralyn-wiley-918485,Lenexa,KS,Johnson,(913) 269-3236,,General,9927 Redbud Ln,66220,Kansas City,2,
Mindy Turner,,,https://lawyers.justia.com/lawyer/mindy-turner-923649,Overland Park,KS,Johnson,(913) 825-5172,,General,10718 W 88th Terrace,66214,Kansas City,2,
Keith Sevedge,,,https://lawyers.justia.com/lawyer/keith-sevedge-917198,Lenexa,KS,Johnson,(913) 894-8816,,General,16023 W 99th St,66219,Kansas City,2,
Sarah Glasebrook,,,https://lawyers.justia.com/lawyer/sarah-glasebrook-918044,Lenexa,KS,Johnson,,,General,24112 W 80th St,66227,Kansas City,2,
Rolland Exon,,,https://lawyers.justia.com/lawyer/rolland-exon-918579,Overland Park,KS,Johnson,(913) 826-7372,,General,8915 Lenexa Dr,66214,Kansas City,2,
Haley Elizabeth Claxton,,,https://lawyers.justia.com/lawyer/haley-elizabeth-claxton-1731002,Lenexa,KS,Johnson,(913) 713-5811,,General,15700 COLLEGE BLVD #300,66219,Kansas City,2,
Paula Hurt,,,https://lawyers.justia.com/lawyer/paula-hurt-916214,Overland Park,KS,Johnson,(913) 826-7383,,General,8915 Lenexa Dr,66214,Kansas City,2,
James Kenner,,,https://lawyers.justia.com/lawyer/james-kenner-918141,Overland Park,KS,Johnson,(913) 310-9888,,General,11505 W 79th St,66214,Kansas City,2,
Gene Dolginoff,,,https://lawyers.justia.com/lawyer/gene-dolginoff-917459,Overland Park,KS,Johnson,(913) 894-4200,,General,10612 W 87th St,66214,Kansas City,2,
Jennifer Groover,,,https://lawyers.justia.com/lawyer/jennifer-groover-917750,Lenexa,KS,Johnson,,,General,21411 W 98th Pl,66220,Kansas City,2,
Martha Coleman,,,https://lawyers.justia.com/lawyer/martha-coleman-919534,Lenexa,KS,Johnson,,,General,9704 Millridge Dr,66220,Kansas City,2,
Christine White,,,https://lawyers.justia.com/lawyer/christine-white-917780,Lenexa,KS,Johnson,(913) 458-7935,,General,8927 Allman Rd,66219,Kansas City,2,
Tracey Dujakovich,,,https://lawyers.justia.com/lawyer/tracey-dujakovich-917653,Lenexa,KS,Johnson,(913) 492-2216,,General,8414 Twilight Ln,66219,Kansas City,2,
Teri Hudson,,,https://lawyers.justia.com/lawyer/teri-hudson-920719,Lenexa,KS,Johnson,(913) 895-2879,,General,9801 Renner Blvd,66219,Kansas City,2,
Amy Marcus,,,https://lawyers.justia.com/lawyer/amy-marcus-919896,Lenexa,KS,Johnson,,,General,17601 Penrose Ln,66219,Kansas City,2,
Elaine Lane,,,https://lawyers.justia.com/lawyer/elaine-lane-922502,Lenexa,KS,Johnson,,,General,10013 Redbud Ln,66220,Kansas City,2,
Francois Henriquez,,,https://lawyers.justia.com/lawyer/francois-henriquez-920447,Lenexa,KS,Johnson,(913) 227-6035,,General,9701 Renner Blvd,66219,Kansas City,2,
Stanley Ditus,,,https://lawyers.justia.com/lawyer/stanley-ditus-916253,Lenexa,KS,Johnson,,,General,15329 W 82nd St,66219,Kansas City,2,
Laurie Beck,,,https://lawyers.justia.com/lawyer/laurie-beck-918376,Lenexa,KS,Johnson,,,General,23501 W 84th St,66227,Kansas City,2,
David James Tomlinson,,,https://lawyers.justia.com/lawyer/david-james-tomlinson-162246,Leawood,KS,Johnson,(913) 291-2600,,General,4400 W 109TH ST,66211,Kansas City,2,
David Edward Hutchinson,,,https://lawyers.justia.com/lawyer/david-edward-hutchinson-127191,Fairway,KS,Johnson,(913) 706-2126,,General,5640 BELINDER RD,66205,Kansas City,2,
Barry Estell,,,https://lawyers.justia.com/lawyer/barry-estell-950402,Mission,KS,Johnson,(913) 722-5416,,General,6140 Hodges Dr,66205,Kansas City,2,
Breanna Marie McCarthy,,,https://lawyers.justia.com/lawyer/breanna-marie-mccarthy-1757838,Roeland Park,KS,Johnson,(407) 674-2657,,General,4915 HOWE DR,66205,Kansas City,2,
Alice Marie Jones,,,https://lawyers.justia.com/lawyer/alice-marie-jones-1209136,Roeland Park,KS,Johnson,(913) 789-9443,,General,4901 Reinhardt Dr,66205,Kansas City,2,
Amy Johnson,,,https://lawyers.justia.com/lawyer/amy-johnson-924281,Mission,KS,Johnson,(913) 236-7500,,General,4330 Shawnee Mission Pkwy,66205,Kansas City,2,
Leah Brown Burkhead,,,https://lawyers.justia.com/lawyer/leah-brown-burkhead-922586,Mission,KS,Johnson,(913) 677-1010,,Personal Injury,6700 Squibb Rd,66202,Kansas City,5,
Joseph Morris,,,https://lawyers.justia.com/lawyer/joseph-morris-919571,Leawood,KS,Johnson,(913) 696-0001,,Estate Planning,4701 College Blvd,66211,Kansas City,4,
Michael Stang,,,https://lawyers.justia.com/lawyer/michael-stang-919803,Mission,KS,Johnson,(913) 677-1010,,General,6700 Squibb Rd,66202,Kansas City,2,
William Belden,,,https://lawyers.justia.com/lawyer/william-belden-924176,Overland Park,KS,Johnson,(913) 432-5709,,General,6750 Antioch Rd,66204,Kansas City,2,
Ronald Reuter,,,https://lawyers.justia.com/lawyer/ronald-reuter-917968,Mission,KS,Johnson,(913) 722-9222,,General,4715 Reinhardt Dr,66205,Kansas City,2,
Carlos Alfredo Lindo,,,https://lawyers.justia.com/lawyer/carlos-alfredo-lindo-1620327,Leawood,KS,Johnson,(904) 371-6901,,General,6100 SPRINT PKWY,66211,Kansas City,2,
Jean Owen,,,https://lawyers.justia.com/lawyer/jean-owen-923620,Mission,KS,Johnson,(913) 262-6555,,Civil Rights,5700 Broadmoor St,66202,Kansas City,3,
Elizabeth Kruse,,,https://lawyers.justia.com/lawyer/elizabeth-kruse-919449,Overland Park,KS,Johnson,,,General,6804 Antioch Rd,66204,Kansas City,2,
Ellen Ryan,,,https://lawyers.justia.com/lawyer/ellen-ryan-921457,Mission,KS,Johnson,(913) 236-9595,,Divorce,4330 Shawnee Mission Pkwy,66205,Kansas City,5,
Clarissa Che' Harvey,,,https://lawyers.justia.com/lawyer/clarissa-che-harvey-1666569,Mission,KS,Johnson,,,General,P.O. Box 1494,66222,Kansas City,2,
D. A. N. Chase,,,https://lawyers.justia.com/lawyer/d-a-n-chase-916798,Leawood,KS,Johnson,(913) 339-9666,,General,4400 College Blvd,66211,Kansas City,2,
John Wilson Attey,,,https://lawyers.justia.com/lawyer/john-wilson-attey-906854,Mission,KS,Johnson,(913) 676-5150,,General,5200 Metcalf Ave,66202,Kansas City,2,
Leo Moroney,,,https://lawyers.justia.com/lawyer/leo-moroney-920867,Mission,KS,Johnson,(913) 722-1104,,General,6514 Goodman Dr,66202,Kansas City,2,
Tabitha Karen Highland,,,https://lawyers.justia.com/lawyer/tabitha-karen-highland-1797766,Prairie Village,KS,Johnson,(913) 529-1188,,General,3500 W 75TH ST,66208,Kansas City,2,
Tamara Anfang,,,https://lawyers.justia.com/lawyer/tamara-anfang-921760,Mission,KS,Johnson,,,General,6700 Squibb Rd,66202,Kansas City,2,
Sheryl Ann Reynolds,http://shb.com,,https://lawyers.justia.com/lawyer/sheryl-ann-reynolds-949991,Mission,KS,Johnson,(913) 676-3030,,General,5200 Metcalf Ave,66202,Kansas City,2,
James Wiglesworth,,,https://lawyers.justia.com/lawyer/james-wiglesworth-924305,Mission,KS,Johnson,(913) 831-2311,,Personal Injury,6330 Lamar Ave,66202,Kansas City,5,
Nancy Woodworth,,,https://lawyers.justia.com/lawyer/nancy-woodworth-919097,Leawood,KS,Johnson,(913) 451-8788,,Estate Planning,6201 College Blvd,66211,Kansas City,4,
Jack Brown,,,https://lawyers.justia.com/lawyer/jack-brown-922766,Mission,KS,Johnson,(913) 371-1272,,General,5645 State Park Rd,66205,Kansas City,2,
Timothy Knopp,,,https://lawyers.justia.com/lawyer/timothy-knopp-921966,Mission,KS,Johnson,(913) 831-9000,,General,6400 Glenwood St,66202,Kansas City,2,
Ronald Garrison,,,https://lawyers.justia.com/lawyer/ronald-garrison-923231,Mission,KS,Johnson,(913) 384-5995,,General,8015 Shawnee Mission Pkwy,66202,Kansas City,2,
Diana Miller,,,https://lawyers.justia.com/lawyer/diana-miller-921439,Mission,KS,Johnson,(913) 236-7500,,Divorce,4330 Shawnee Mission Pkwy,66205,Kansas City,5,
Zachary Kolich,,,https://lawyers.justia.com/lawyer/zachary-kolich-920723,Overland Park,KS,Johnson,(913) 432-5709,,General,6750 Antioch Rd,66204,Kansas City,2,
Joseph Michael Feierabend,,,https://lawyers.justia.com/lawyer/joseph-michael-feierabend-1772419,Overland Park,KS,Johnson,(816) 561-6500,,General,6811 SHAWNEE MISSION PKWY,66202,Kansas City,2,
Larry Leroy Askew II,,,https://lawyers.justia.com/lawyer/larry-leroy-askew-ii-1730927,Lenexa,KS,Johnson,(816) 841-0101,,General,8601 MONROVIA ST,66215,Kansas City,2,
Robert Garrity,,,https://lawyers.justia.com/lawyer/robert-garrity-923234,Lenexa,KS,Johnson,(913) 438-3950,,General,11256 Strang Line Rd,66215,Kansas City,2,
Scott Hattrup,,,https://lawyers.justia.com/lawyer/scott-hattrup-921770,Lenexa,KS,Johnson,(913) 492-8812,,Bankruptcy,11925 W 92nd Terrace,66215,Kansas City,4,
Kenneth McDonald,,,https://lawyers.justia.com/lawyer/kenneth-mcdonald-918922,Lenexa,KS,Johnson,,,General,10431 Bradshaw St,66215,Kansas City,2,
Gregory Hill,,,https://lawyers.justia.com/lawyer/gregory-hill-918354,Lenexa,KS,Johnson,(913) 541-1555,,General,8700 Monrovia St,66215,Kansas City,2,
Thomas Neff,,,https://lawyers.justia.com/lawyer/thomas-neff-919406,Lenexa,KS,Johnson,(913) 438-1200,,General,8813 Long St,66215,Kansas City,2,
Ryan Carpenter,,,https://lawyers.justia.com/lawyer/ryan-carpenter-916916,Lenexa,KS,Johnson,(913) 492-8800,,General,12350 W 87th St Pkwy,66215,Kansas City,2,
Patricia Carter,,,https://lawyers.justia.com/lawyer/patricia-carter-919082,Lenexa,KS,Johnson,,,General,8609 Greenway Ln,66215,Kansas City,2,
Laurie Hartman,,,https://lawyers.justia.com/lawyer/laurie-hartman-917505,Lenexa,KS,Johnson,,,General,14116 W 88th Pl,66215,Kansas City,2,
Jerome Patrick Mcandrews,,,https://lawyers.justia.com/lawyer/jerome-patrick-mcandrews-1731277,Lenexa,KS,Johnson,(913) 568-7720,,General,8347 HALLET ST,66215,Kansas City,2,
Jennifer Webb,,,https://lawyers.justia.com/lawyer/jennifer-webb-923222,Lenexa,KS,Johnson,(816) 842-8770,,General,12320 W 85th Terrace,66215,Kansas City,2,
Clyde Meise,,,https://lawyers.justia.com/lawyer/clyde-meise-916002,Lenexa,KS,Johnson,,,General,13420 Santa Fe Trail Dr,66215,Kansas City,2,
Eunice Xiao,,,https://lawyers.justia.com/lawyer/eunice-xiao-1731553,Lenexa,KS,Johnson,(913) 492-8100,,General,9801 INDUSTRIAL BLVD,66215,Kansas City,2,
Timothy Piatchek,,,https://lawyers.justia.com/lawyer/timothy-piatchek-916758,Lenexa,KS,Johnson,(913) 529-4910,,General,12760 W 87th St Pkwy,66215,Kansas City,2,
Carston Johannsen,,,https://lawyers.justia.com/lawyer/carston-johannsen-924274,Lenexa,KS,Johnson,(913) 599-5192,,General,9728 Rosehill Rd,66215,Kansas City,2,
Michael Hodges,,,https://lawyers.justia.com/lawyer/michael-hodges-917530,Lenexa,KS,Johnson,(913) 888-7888,,General,13000 W 87th St Pkwy,66215,Kansas City,2,
Gloria Vusich,,,https://lawyers.justia.com/lawyer/gloria-vusich-922270,Lenexa,KS,Johnson,,,General,14001 W 92nd St,66215,Kansas City,2,
Gavin Fritton,,,https://lawyers.justia.com/lawyer/gavin-fritton-1731090,Lenexa,KS,Johnson,(312) 803-4638,,General,14126 W 83RD ST,66215,Kansas City,2,
Edward Burns,,,https://lawyers.justia.com/lawyer/edward-burns-919950,Lenexa,KS,Johnson,,,General,8501 Constance St,66215,Kansas City,2,
William Bryant,,,https://lawyers.justia.com/lawyer/william-bryant-923607,Lenexa,KS,Johnson,(913) 383-9800,,General,14000 W 113th St,66215,Kansas City,2,
James McMahon,,,https://lawyers.justia.com/lawyer/james-mcmahon-919636,Lenexa,KS,Johnson,(913) 888-2680,,General,11900 W 87th St Pkwy,66215,Kansas City,2,
Mary Loftus,,,https://lawyers.justia.com/lawyer/mary-loftus-917586,Lenexa,KS,Johnson,,,General,8430 Pflumm Cir,66215,Kansas City,2,
Jolyn Jenssen Sebree,,,https://lawyers.justia.com/lawyer/jolyn-jenssen-sebree-1731431,Lenexa,KS,Johnson,(816) 701-4739,,General,7905 QUIVIRA RD,66215,Kansas City,2,
Melisa Dehon,,,https://lawyers.justia.com/lawyer/melisa-dehon-917392,Lenexa,KS,Johnson,(913) 477-7500,,General,12350 W 87th St Pkwy,66215,Kansas City,2,
David Provance,,,https://lawyers.justia.com/lawyer/david-provance-923392,Lenexa,KS,Johnson,(913) 888-8972,,General,8102 Haskins St,66215,Kansas City,2,
James Cannon,,,https://lawyers.justia.com/lawyer/james-cannon-917441,Lenexa,KS,Johnson,,,General,8005 Rosehill Rd,66215,Kansas City,2,
Erma Schmidt,,,https://lawyers.justia.com/lawyer/erma-schmidt-921879,Lenexa,KS,Johnson,(913) 826-7405,,General,8831 Carriage Dr,66215,Kansas City,2,
Thomas John Aggen,,,https://directory-kard.kscourts.gov/Home/Details?regNum=20561,Lenexa,KS,Johnson,913-890-8799,,General,14511 W 81st St,66215,Kansas City,2,
Albert Kuhl,,,https://lawyers.justia.com/lawyer/albert-kuhl-916491,Lenexa,KS,Johnson,(913) 438-2760,,General,11256 Strang Line Rd,66215,Kansas City,2,
Barbara Harmon,,,https://lawyers.justia.com/lawyer/barbara-harmon-917523,Lenexa,KS,Johnson,(913) 551-5436,,General,8414 Greenwood Cir,66215,Kansas City,2,
Matthew Hogan,,,https://lawyers.justia.com/lawyer/matthew-hogan-920247,Lenexa,KS,Johnson,(913) 529-4910,,General,12760 W 87th St Pkwy,66215,Kansas City,2,
Emily Lacy,,,https://lawyers.justia.com/lawyer/emily-lacy-922547,Lenexa,KS,Johnson,(913) 676-5249,,General,8212 Constance St,66215,Kansas City,2,
John Brock Rowatt,,,https://lawyers.justia.com/lawyer/john-brock-rowatt-1730880,Lenexa,KS,Johnson,(913) 391-8721,,General,8821 LONG ST,66215,Kansas City,2,
Mark Berquist,,,https://lawyers.justia.com/lawyer/mark-berquist-918607,Lenexa,KS,Johnson,(913) 492-0505,,General,12014 W 87th St Pkwy,66215,Kansas City,2,
Kerry Kinkade,,,https://lawyers.justia.com/lawyer/kerry-kinkade-920386,Lenexa,KS,Johnson,(913) 322-4300,,General,9630 Monrovia St,66215,Kansas City,2,
James Hall,,,https://lawyers.justia.com/lawyer/james-hall-919650,Lenexa,KS,Johnson,(913) 559-2320,,General,8002 Mullen Rd,66215,Kansas City,2,
Stephen Schroeder,,,https://lawyers.justia.com/lawyer/stephen-schroeder-923368,Lenexa,KS,Johnson,(913) 262-7119,,General,8947 Country Hill Ct,66215,Kansas City,2,
Andrew Marquardt,,,https://lawyers.justia.com/lawyer/andrew-marquardt-917207,Lenexa,KS,Johnson,(913) 888-7100,,General,13420 Santa Fe Trail Dr,66215,Kansas City,2,
Gary Kelley,,,https://lawyers.justia.com/lawyer/gary-kelley-917356,Lenexa,KS,Johnson,(913) 888-3474,,General,12417 W 82nd Pl,66215,Kansas City,2,
Steven McConnell,,,https://lawyers.justia.com/lawyer/steven-mcconnell-917450,Lenexa,KS,Johnson,(913) 888-2680,,General,11900 W 87th St Pkwy,66215,Kansas City,2,
Larry Benson,,,https://lawyers.justia.com/lawyer/larry-benson-921783,Lenexa,KS,Johnson,(913) 432-0660,,General,8210 Haskins St,66215,Kansas City,2,
Glen Froelich,,,https://lawyers.justia.com/lawyer/glen-froelich-916761,Lenexa,KS,Johnson,,,General,14902 W 84th Terrace,66215,Kansas City,2,
John Pazell,,,https://lawyers.justia.com/lawyer/john-pazell-920875,Lenexa,KS,Johnson,(913) 529-4910,,General,12760 W 87th St Pkwy,66215,Kansas City,2,
Gregory Pottorff,,,https://lawyers.justia.com/lawyer/gregory-pottorff-920408,Lenexa,KS,Johnson,,,General,13001 W 79th St,66215,Kansas City,2,
Jeffrey Mullins,,,https://lawyers.justia.com/lawyer/jeffrey-mullins-923961,Lenexa,KS,Johnson,(913) 529-4910,,General,12760 W 87th St Pkwy,66215,Kansas City,2,
Curtis Gasper,,,https://lawyers.justia.com/lawyer/curtis-gasper-921539,Lenexa,KS,Johnson,(913) 888-4709,,General,14910 W 82nd Terrace,66215,Kansas City,2,
Michael Laster,,,https://lawyers.justia.com/lawyer/michael-laster-921253,Lenexa,KS,Johnson,,,General,25885 W 77th St,66227,Kansas City,2,
Callie Marks,,,https://lawyers.justia.com/lawyer/callie-marks-917205,Lenexa,KS,Johnson,(913) 477-7620,,General,12350 W 87th St Pkwy,66215,Kansas City,2,
Debra Healy,,,https://lawyers.justia.com/lawyer/debra-healy-919663,Lenexa,KS,Johnson,(913) 694-1821,,General,8830 Noland Rd,66215,Kansas City,2,
Justin Bennett Kohlbeck,,,https://lawyers.justia.com/lawyer/justin-bennett-kohlbeck-1573237,Lenexa,KS,Johnson,,,Bankruptcy,8208 MELROSE DR,66214,Kansas City,4,
Arthur Brandon Krause,,,https://lawyers.justia.com/lawyer/arthur-brandon-krause-1731215,Overland Park,KS,Johnson,,,General,11880 COLLEGE BLVD,66210,Kansas City,2,
Steven A. Fehr,,,https://lawyers.justia.com/lawyer/steven-a-fehr-1731071,Overland Park,KS,Johnson,(913) 335-1398,,General,10990 QUIVIRA RD,66210,Kansas City,2,
Arthur Chiu,,,https://lawyers.justia.com/lawyer/arthur-chiu-917674,Overland Park,KS,Johnson,,,General,10990 Quivira Rd,66210,Kansas City,2,
Joel Wesley Hatman,,,https://lawyers.justia.com/lawyer/joel-wesley-hatman-1731144,Overland Park,KS,Johnson,(913) 302-2011,,General,11917 W 109TH ST,66210,Kansas City,2,
Michelle Crupper Daise,,,https://lawyers.justia.com/lawyer/michelle-crupper-daise-917413,Mission,KS,Johnson,(913) 322-5500,,General,9000 W 62nd Terrace,66202,Kansas City,2,
David Noyce,,,https://lawyers.justia.com/lawyer/david-noyce-916380,Overland Park,KS,Johnson,(913) 383-0202,,General,11437 W 106th St,66214,Kansas City,2,
Victoria Menninger,,,https://lawyers.justia.com/lawyer/victoria-menninger-923663,Overland Park,KS,Johnson,,,General,11108 W 109th Terrace,66210,Kansas City,2,
John Knapp,,,https://lawyers.justia.com/lawyer/john-knapp-922201,Overland Park,KS,Johnson,,,General,10733 King St,66210,Kansas City,2,
Julie Carter Foth,,,https://lawyers.justia.com/lawyer/julie-carter-foth-922752,Overland Park,KS,Johnson,,,General,11900 College Blvd,66210,Kansas City,2,
Jason Prier,,,https://lawyers.justia.com/lawyer/jason-prier-919056,Overland Park,KS,Johnson,(913) 888-1777,,General,11900 College Blvd,66210,Kansas City,2,
Joseph James Erskine,,,https://lawyers.justia.com/lawyer/joseph-james-erskine-1730836,Overland Park,KS,Johnson,(913) 800-8565,,General,11900 COLLEGE BLVD,66210,Kansas City,2,
Allen Skeens,,,https://lawyers.justia.com/lawyer/allen-skeens-921844,Overland Park,KS,Johnson,(913) 451-4881,,Estate Planning,10990 Quivira Rd,66210,Kansas City,4,
Victor Hergenreter,,,https://lawyers.justia.com/lawyer/victor-hergenreter-916625,Overland Park,KS,Johnson,(913) 888-3230,,General,10715 W 99th St,66214,Kansas City,2,
Ann Ryan,,,https://lawyers.justia.com/lawyer/ann-ryan-921455,Overland Park,KS,Johnson,(913) 498-3536,,General,11040 Oakmont St,66210,Kansas City,2,
Adrienne Mickells,,,https://lawyers.justia.com/lawyer/adrienne-mickells-921473,Overland Park,KS,Johnson,(913) 458-8643,,General,11530 Parkhill St,66210,Kansas City,2,
Adam Charlsen,,,https://lawyers.justia.com/lawyer/adam-charlsen-916795,Overland Park,KS,Johnson,(913) 498-3536,,General,11040 Oakmont St,66210,Kansas City,2,
Garrison Charles Barbo,,,https://lawyers.justia.com/lawyer/garrison-charles-barbo-1730936,Overland Park,KS,Johnson,(417) 209-2422,,General,11880 COLLEGE BLVD,66210,Kansas City,2,
Felix Kancel,,,https://lawyers.justia.com/lawyer/felix-kancel-922335,Overland Park,KS,Johnson,(913) 894-8932,,General,10608 Bluejacket St,66214,Kansas City,2,
Chad Tenpenny,,,https://lawyers.justia.com/lawyer/chad-tenpenny-923685,Overland Park,KS,Johnson,(913) 648-3103,,General,11900 College Blvd,66210,Kansas City,2,
Keith Koenigsdorf,,,https://lawyers.justia.com/lawyer/keith-koenigsdorf-920835,Overland Park,KS,Johnson,(913) 901-9350,,General,10512 Bluejacket St,66214,Kansas City,2,
Lisa Maria Gingerich,,,https://lawyers.justia.com/lawyer/lisa-maria-gingerich-17630,Westwood,KS,Johnson,(913) 588-1302,,General,2330 SHAWNEE MISSION PKWY,66205,Kansas City,2,
Ellen Aisenbrey,,,https://lawyers.justia.com/lawyer/ellen-aisenbrey-922182,Mission,KS,Johnson,(913) 236-9595,,Divorce,4330 Shawnee Mission Pkwy,66205,Kansas City,5,
Brian Terry Cuthbertson,,,https://lawyers.justia.com/lawyer/brian-terry-cuthbertson-1282358,Mission,KS,Johnson,,,General,5350 Horton Street,66202,Kansas City,2,
"Mark, Keith L",http://markkeithl.localsearch.com,,https://www.yellowpages.com/mission-ks/attorneys,Mission,KS,Johnson,(913) 677-1010,,General,6700 Squibb Rd,,Kansas City,2,
Lanita Moss,,,https://lawyers.justia.com/lawyer/lanita-moss-918131,Leawood,KS,Johnson,(913) 708-1053,,General,11405 Manor Rd,66211,Kansas City,2,
Milton Shipman Winter IV,,,https://lawyers.justia.com/lawyer/milton-shipman-winter-iv-81920,Mission,KS,Johnson,(816) 527-9442,,General,2000 SHAWNEE MISSION PKWY,66205,Kansas City,2,
Kelly Tauscher Feimster,,,https://lawyers.justia.com/lawyer/kelly-tauscher-feimster-916369,Mission,KS,Johnson,,,General,4806 W 55th Terrace,66205,Kansas City,2,
Edward Winthrop,,,https://lawyers.justia.com/lawyer/edward-winthrop-921719,Leawood,KS,Johnson,,,General,8112 Sagamore Rd,66206,Kansas City,2,
Gregory Dean Worth,,,https://lawyers.justia.com/lawyer/gregory-dean-worth-735465,Mission,KS,Johnson,(913) 671-3703,,General,5125 Roe Blvd,66205,Kansas City,2,
Landon Roth,,,https://lawyers.justia.com/lawyer/landon-roth-922304,Mission,KS,Johnson,(913) 387-2065,,Estate Planning,1901 W 47th Pl,66205,Kansas City,4,
Rachel Lipman Reiber,,,https://lawyers.justia.com/lawyer/rachel-lipman-reiber-919557,Leawood,KS,Johnson,(913) 491-5500,,General,6900 College Blvd,66211,Kansas City,2,
Karen Jo Halbrook,,,https://lawyers.justia.com/lawyer/karen-jo-halbrook-1018202,Prairie Village,KS,Johnson,,,General,3500 West 75th Street,66208,Kansas City,2,
Robert Lastelic,,,https://lawyers.justia.com/lawyer/robert-lastelic-921252,Leawood,KS,Johnson,(913) 663-7600,,General,6363 College Blvd,66211,Kansas City,2,
Sarah Vitt,,,https://lawyers.justia.com/lawyer/sarah-vitt-1666221,Overland Park,KS,Johnson,(855) 805-0595,,General,7300 West 110th Street,66210,Kansas City,2,
John True,,,https://lawyers.justia.com/lawyer/john-true-920392,Mission,KS,Johnson,(816) 426-5121,,General,5638 Maple St,66202,Kansas City,2,
Richard Becker,,,https://lawyers.justia.com/lawyer/richard-becker-918380,Mission,KS,Johnson,(913) 831-6900,,General,6330 Lamar Ave,66202,Kansas City,2,
"John R. Campbell, Jr LLC",,,https://directory-kard.kscourts.gov/Home/Details?regNum=19548,Leawood,KS,Johnson,816-531-2020,,General,3116 W 117th St,66211,Kansas City,2,
Nathaniel Cutler,,,https://lawyers.justia.com/lawyer/nathaniel-cutler-920485,Mission,KS,Johnson,(913) 677-0253,,General,4220 Shawnee Mission Pkwy,66205,Kansas City,2,
Tanya Cromwell,,,https://lawyers.justia.com/lawyer/tanya-cromwell-923186,Mission,KS,Johnson,(913) 671-8368,,General,5306 Fairway Rd,66205,Kansas City,2,
Jeffrey Rowe,,,https://lawyers.justia.com/lawyer/jeffrey-rowe-917231,Mission,KS,Johnson,(913) 638-8077,,General,4818 Adams St,66205,Kansas City,2,
Alicia Edelen,,,https://lawyers.justia.com/lawyer/alicia-edelen-919402,Mission,KS,Johnson,,,General,4939 Booth Ave,66205,Kansas City,2,
Teri Huggins,,,https://lawyers.justia.com/lawyer/teri-huggins-923232,Mission,KS,Johnson,(913) 671-7946,,General,6100 W 62nd St,66202,Kansas City,2,
Ann Payne,,,https://lawyers.justia.com/lawyer/ann-payne-916655,Mission,KS,Johnson,(913) 676-5469,,General,5200 Metcalf Ave,66202,Kansas City,2,
Ruth Anne French,,,https://lawyers.justia.com/lawyer/ruth-anne-french-1749500,Prairie Village,KS,Johnson,(913) 901-0505,,General,4820 W 75TH ST,66208,Kansas City,2,
Rachel Ommerman,,,https://lawyers.justia.com/lawyer/rachel-ommerman-917015,Mission,KS,Johnson,,,General,2106 W 48th St,66205,Kansas City,2,
Barbara Hecht,,,https://lawyers.justia.com/lawyer/barbara-hecht-923413,Leawood,KS,Johnson,(913) 766-5793,,General,3425 W 95th St,66206,Kansas City,2,
Benjamin Pavlik,,,https://lawyers.justia.com/lawyer/benjamin-pavlik-921513,Prairie Village,KS,Johnson,,,General,2014 W 71st St,66208,Kansas City,2,
Kristen Richards,,,https://lawyers.justia.com/lawyer/kristen-richards-920536,Mission,KS,Johnson,(913) 236-1928,,General,6300 Lamar Ave,66202,Kansas City,2,
Harold W. Mitts Jr.,,,https://lawyers.justia.com/lawyer/harold-w-mitts-jr-324475,Leawood,KS,Johnson,(913) 333-8333,,General,14600 JUNIPER STREET,66224,Kansas City,2,
Maxwell Indiveri,,,https://lawyers.justia.com/lawyer/maxwell-indiveri-1822553,Leawood,KS,Johnson,(913) 952-7349,,General,13121 Cedar Street,66209,Kansas City,2,
David Cooper,,,https://lawyers.justia.com/lawyer/david-cooper-918842,Leawood,KS,Johnson,(913) 696-6192,,General,10990 Roe Ave,66211,Kansas City,2,
Teresa Meagher,,,https://lawyers.justia.com/lawyer/teresa-meagher-920052,Leawood,KS,Johnson,(913) 649-1747,,General,3510 W 100th St,66206,Kansas City,2,
John Holtmann,,,https://lawyers.justia.com/lawyer/john-holtmann-924059,Leawood,KS,Johnson,,,General,2325 W 123rd Terrace,66209,Kansas City,2,
Donnamarie Landsberg,,,https://lawyers.justia.com/lawyer/donnamarie-landsberg-462655,Leawood,KS,Johnson,(816) 472-3560,,General,4040 W 124th Terrace,66209,Kansas City,2,
Jack Bohm,,,https://lawyers.justia.com/lawyer/jack-bohm-921953,Leawood,KS,Johnson,(913) 344-8000,,General,11300 Fontana Ln,66211,Kansas City,2,
Susan Berson,,,https://lawyers.justia.com/lawyer/susan-berson-918614,Leawood,KS,Johnson,,,General,12900 Canterbury Rd,66209,Kansas City,2,
Tyson Steven Bramley,,,https://lawyers.justia.com/lawyer/tyson-steven-bramley-1730962,Leawood,KS,Johnson,(913) 338-0040,,General,8700 STATE LINE RD,66206,Kansas City,2,
Steven Anthony Ketchmark,,,https://lawyers.justia.com/lawyer/steven-anthony-ketchmark-1731201,Leawood,KS,Johnson,(913) 266-4500,,General,11161 OVERBROOK RD,66211,Kansas City,2,
Justin Liby,,,https://lawyers.justia.com/lawyer/justin-liby-919698,Leawood,KS,Johnson,(913) 451-8788,,General,6201 College Blvd,66211,Kansas City,2,
Stacey Erin Gore,,,https://lawyers.justia.com/lawyer/stacey-erin-gore-1731113,Leawood,KS,Johnson,(913) 469-4041,,General,4501 COLLEGE BLVD,66211,Kansas City,2,
Scott Reilly Burrus,,,https://lawyers.justia.com/lawyer/scott-reilly-burrus-1739050,Leawood,KS,Johnson,(316) 992-2250,,General,12745 OVERBROOK RD,66209,Kansas City,2,
Steven Crouch,,,https://lawyers.justia.com/lawyer/steven-crouch-921571,Leawood,KS,Johnson,(913) 663-7600,,Bankruptcy,6363 College Blvd,66211,Kansas City,4,
Howard Levitan,,,https://lawyers.justia.com/lawyer/howard-levitan-916431,Leawood,KS,Johnson,(913) 498-0201,,General,11009 Delmar St,66211,Kansas City,2,
Ronald Sandhaus,,,https://lawyers.justia.com/lawyer/ronald-sandhaus-916166,Leawood,KS,Johnson,(913) 906-0010,,Civil Rights,4601 College Blvd,66211,Kansas City,3,
Beverly Z. Edwards,,,https://lawyers.justia.com/lawyer/beverly-z-edwards-1731049,Overland Park,KS,Johnson,(913) 663-0727,,General,5901 COLLEGE BLVD,66211,Kansas City,2,
Jody Rachelle Gondring,,,https://lawyers.justia.com/lawyer/jody-rachelle-gondring-1731109,Leawood,KS,Johnson,(816) 838-9526,,General,10421 HOWE LN,66206,Kansas City,2,
Kurt Lewis,,,https://lawyers.justia.com/lawyer/kurt-lewis-923491,Leawood,KS,Johnson,,,General,6363 College Blvd,66211,Kansas City,2,
Scott Haines,,,https://lawyers.justia.com/lawyer/scott-haines-920655,Leawood,KS,Johnson,(913) 491-5500,,Bankruptcy,6900 College Blvd,66211,Kansas City,4,
Christopher Joseph Kuckelman,,,https://lawyers.justia.com/lawyer/christopher-joseph-kuckelman-1731218,Overland Park,KS,Johnson,(913) 663-0866,,General,5901 COLLEGE BLVD,66211,Kansas City,2,
Shannon Kathleen Reeves-Rich,,,https://lawyers.justia.com/lawyer/shannon-kathleen-reeves-rich-1745750,Overland Park,KS,Johnson,(630) 542-5115,,General,6130 SPRINT PARKWAY,66211,Kansas City,2,
Ryan Cook,,,https://lawyers.justia.com/lawyer/ryan-cook-924078,Leawood,KS,Johnson,(913) 451-8788,,General,6201 College Blvd,66211,Kansas City,2,
Adam J. Godderz,,,https://lawyers.justia.com/lawyer/adam-j-godderz-1731106,Leawood,KS,Johnson,(816) 809-3732,,General,11400 TOMAHAWKS CREEK PKWY,66211,Kansas City,2,
Katherine Kamlowsky Gonzalez,,,https://lawyers.justia.com/lawyer/katherine-kamlowsky-gonzalez-60154,Overland Park,KS,Johnson,(714) 755-8149,,General,14816 Fairway Ct,66224,Kansas City,2,
William H. Croutch,,,https://lawyers.justia.com/lawyer/william-h-croutch-1731014,Overland Park,KS,Johnson,(816) 701-3347,,General,5100 W 115TH PL,66211,Kansas City,2,
TIMOTHY SCOTT CHOAL,,,https://lawyers.justia.com/lawyer/timothy-scott-choal-1714036,Leawood,KS,Johnson,,,General,4745 W. 132ND TERRACE,66209,Kansas City,2,
ALISON MARIE KRYZER,,,https://lawyers.justia.com/lawyer/alison-marie-kryzer-1711853,Leawood,KS,Johnson,,,General,8428 MEADOW LANE,66206,Kansas City,2,
Brigid Burroughs Elliott,,,https://lawyers.justia.com/lawyer/brigid-burroughs-elliott-1731056,Leawood,KS,Johnson,(913) 599-9175,,General,4501 COLLEGE BLVD,66211,Kansas City,2,
Douglas Edmonds,,,https://lawyers.justia.com/lawyer/douglas-edmonds-920954,Leawood,KS,Johnson,(913) 385-2531,,General,4810 W 108th St,66211,Kansas City,2,
Steven James Schleicher,,,https://lawyers.justia.com/lawyer/steven-james-schleicher-1731420,Overland Park,KS,Johnson,(816) 361-0082,,General,10777 BARKLEY ST,66211,Kansas City,2,
Denise Jacqueline Garbe,,,https://lawyers.justia.com/lawyer/denise-jacqueline-garbe-1731097,Leawood,KS,Johnson,(913) 498-9357,,General,4501 COLLEGE BLVD,66211,Kansas City,2,
Michele Marie Sorrels,,,https://lawyers.justia.com/lawyer/michele-marie-sorrels-1731456,Overland Park,KS,Johnson,(816) 699-0718,,General,6363 COLLEGE BLVD,66211,Kansas City,2,
Mark Kitchin,,,https://lawyers.justia.com/lawyer/mark-kitchin-918291,Leawood,KS,Johnson,(913) 319-3236,,General,6860 W 115th St,66211,Kansas City,2,
Mary Ellen Rose,,,https://lawyers.justia.com/lawyer/mary-ellen-rose-923329,Leawood,KS,Johnson,(913) 338-0011,,Divorce,6900 College Blvd,66211,Kansas City,5,
Mihail Kostov,,,https://lawyers.justia.com/lawyer/mihail-kostov-1746472,Leawood,KS,Johnson,(404) 285-6832,,General,6130,66211,Kansas City,2,
John Healy,,,https://lawyers.justia.com/lawyer/john-healy-919665,Leawood,KS,Johnson,(913) 451-8788,,General,6201 College Blvd,66211,Kansas City,2,
Michael Siegrist,,,https://lawyers.justia.com/lawyer/michael-siegrist-921832,Leawood,KS,Johnson,(913) 345-8855,,General,4701 College Blvd,66211,Kansas City,2,
Marshall Thomas Stula,,,https://lawyers.justia.com/lawyer/marshall-thomas-stula-1731473,Leawood,KS,Johnson,(913) 469-4005,,General,4501 COLLEGE BLVD,66211,Kansas City,2,
Mark Stites,,,https://lawyers.justia.com/lawyer/mark-stites-919632,Leawood,KS,Johnson,(913) 345-7738,,General,5454 W 110th St,66211,Kansas City,2,
Ava Azad,,,https://lawyers.justia.com/lawyer/ava-azad-1636841,Leawood,KS,Johnson,(913) 449-8292,,General,4741 W 151ST TER,66224,Kansas City,2,
Michelle Graff,,,https://lawyers.justia.com/lawyer/michelle-graff-920090,Leawood,KS,Johnson,(913) 663-4400,,General,6900 College Blvd,66211,Kansas City,2,
Jill Galbreath Smith,,,https://lawyers.justia.com/lawyer/jill-galbreath-smith-919471,Leawood,KS,Johnson,(913) 963-4074,,General,12120 State Line Rd,66209,Kansas City,2,
Scott Asner,,,https://lawyers.justia.com/lawyer/scott-asner-918435,Leawood,KS,Johnson,(913) 685-9800,,General,12801 Russell St,66209,Kansas City,2,
Richard Liebert,,,https://lawyers.justia.com/lawyer/richard-liebert-916756,Leawood,KS,Johnson,,,General,4400 W 115th St,66211,Kansas City,2,
David Goehler,,,https://lawyers.justia.com/lawyer/david-goehler-919425,Leawood,KS,Johnson,(913) 794-9097,,General,2916 W 125th St,66209,Kansas City,2,
Paul Rupp,,,https://lawyers.justia.com/lawyer/paul-rupp-921453,Leawood,KS,Johnson,(913) 262-2707,,General,6860 W 115th St,66211,Kansas City,2,
Deborah Doud,,,https://lawyers.justia.com/lawyer/deborah-doud-920585,Leawood,KS,Johnson,(913) 642-5796,,General,10311 Howe Dr,66206,Kansas City,2,
Lloyd Hellman,,,https://lawyers.justia.com/lawyer/lloyd-hellman-918339,Leawood,KS,Johnson,(913) 642-7076,,General,9600 Chadwick Dr,66206,Kansas City,2,
Jennifer Chaulk Wentz,,,https://lawyers.justia.com/lawyer/jennifer-chaulk-wentz-917472,Leawood,KS,Johnson,,,General,2012 W 98th St,66206,Kansas City,2,
Melanie Haynes,,,https://lawyers.justia.com/lawyer/melanie-haynes-922390,Leawood,KS,Johnson,(913) 451-4529,,General,5350 College Blvd,66211,Kansas City,2,
William Colvin,,,https://lawyers.justia.com/lawyer/william-colvin-921748,Leawood,KS,Johnson,(913) 491-4711,,General,11300 Tomahawk Creek Pkwy,66211,Kansas City,2,
Brian Mark,,,https://lawyers.justia.com/lawyer/brian-mark-923993,Leawood,KS,Johnson,(913) 664-3446,,General,7045 College Blvd,66211,Kansas City,2,
Bradley Clark,,,https://lawyers.justia.com/lawyer/bradley-clark-923213,Leawood,KS,Johnson,,,General,12001 Horton St,66209,Kansas City,2,
Michael Eggleston,,,https://lawyers.justia.com/lawyer/michael-eggleston-916209,Leawood,KS,Johnson,(913) 661-1511,,General,10505 Pawnee Ln,66206,Kansas City,2,
Aurora Grace Kammerer,,,https://lawyers.justia.com/lawyer/aurora-grace-kammerer-1731189,Overland Park,KS,Johnson,(913) 327-5194,,General,6201 COLLEGE BLVD,66211,Kansas City,2,
Jennifer Blackshire Hense,,,https://lawyers.justia.com/lawyer/jennifer-blackshire-hense-921638,Leawood,KS,Johnson,(913) 648-2596,,General,8504 Ensley Pl,66206,Kansas City,2,
Douglas Peterson,,,https://lawyers.justia.com/lawyer/douglas-peterson-916537,Leawood,KS,Johnson,(913) 383-8300,,General,9829 Overbrook Ct,66206,Kansas City,2,
Todd Dicus,,,https://lawyers.justia.com/lawyer/todd-dicus-918262,Leawood,KS,Johnson,(913) 906-6202,,General,11400 Tomahawk Creek Pkwy,66211,Kansas City,2,
Jennifer Dierks,,,https://lawyers.justia.com/lawyer/jennifer-dierks-919847,Leawood,KS,Johnson,,,General,11921 Mohawk Ln,66209,Kansas City,2,
Jane Kurtz,,,https://lawyers.justia.com/lawyer/jane-kurtz-920962,Leawood,KS,Johnson,,,General,9112 Wenonga Rd,66206,Kansas City,2,
Steven Coronado,,,https://lawyers.justia.com/lawyer/steven-coronado-921426,Leawood,KS,Johnson,(913) 451-0022,,General,4104 W 126th St,66209,Kansas City,2,
David Larson,,,https://lawyers.justia.com/lawyer/david-larson-924293,Leawood,KS,Johnson,(913) 451-2800,,Personal Injury,11300 Tomahawk Creek Pkwy,66211,Kansas City,5,
"McNeile, James M",http://www.cmplaw.net,,https://www.yellowpages.com/leawood-ks/attorneys,Leawood,KS,Johnson,(913) 491-4050,,General,4601 College Blvd Ste 200,,Kansas City,2,
Byron Sloan,,,https://lawyers.justia.com/lawyer/byron-sloan-920990,Leawood,KS,Johnson,,,General,12011 Pawnee Ln,66209,Kansas City,2,
Michael Gaughan,,,https://lawyers.justia.com/lawyer/michael-gaughan-919647,Leawood,KS,Johnson,(913) 663-7600,,General,6363 College Blvd,66211,Kansas City,2,
Jason Lee Nonnemaker,,,https://lawyers.justia.com/lawyer/jason-lee-nonnemaker-1731325,Leawood,KS,Johnson,(913) 928-6024,,General,11550 ASH ST,66211,Kansas City,2,
Earl Nagels,,,https://lawyers.justia.com/lawyer/earl-nagels-921520,Leawood,KS,Johnson,(913) 648-6333,,General,2008 W 123rd Terrace,66209,Kansas City,2,
Kevin Petracek,,,https://lawyers.justia.com/lawyer/kevin-petracek-916385,Leawood,KS,Johnson,(913) 341-4200,,General,10790 Nall Ave,66211,Kansas City,2,
David Mandelbaum,,,https://lawyers.justia.com/lawyer/david-mandelbaum-922127,Leawood,KS,Johnson,(913) 906-0010,,General,4601 College Blvd,66211,Kansas City,2,
Kirk Goza,,,https://lawyers.justia.com/lawyer/kirk-goza-921721,Leawood,KS,Johnson,(913) 754-8141,,Personal Injury,11150 Overbrook Rd,66211,Kansas City,5,
Brett Randol,,,https://lawyers.justia.com/lawyer/brett-randol-918028,Leawood,KS,Johnson,(913) 451-8788,,General,6201 College Blvd,66211,Kansas City,2,
Susan DeCoursey,,,https://lawyers.justia.com/lawyer/susan-decoursey-923261,Leawood,KS,Johnson,(913) 491-4050,,General,4601 College Blvd,66211,Kansas City,2,
Paulette Giarratana,,,https://lawyers.justia.com/lawyer/paulette-giarratana-921436,Leawood,KS,Johnson,,,General,2213 W 121st St,66209,Kansas City,2,
Martin Joseph Pfannenstiel,,,https://lawyers.justia.com/lawyer/martin-joseph-pfannenstiel-1731356,Overland Park,KS,Johnson,(913) 402-2167,,General,6330 SPRINT PKWY,66211,Kansas City,2,
Nancy Racunas,,,https://lawyers.justia.com/lawyer/nancy-racunas-918488,Leawood,KS,Johnson,(913) 451-8788,,General,6201 College Blvd,66211,Kansas City,2,
Kevin Lund,,,https://lawyers.justia.com/lawyer/kevin-lund-918270,Leawood,KS,Johnson,(913) 345-3960,,General,9915 Lee Cir,66206,Kansas City,2,
Michael Thomas,,,https://lawyers.justia.com/lawyer/michael-thomas-923946,Leawood,KS,Johnson,(913) 451-0022,,General,4104 W 126th St,66209,Kansas City,2,
James Hess,,,https://lawyers.justia.com/lawyer/james-hess-919229,Leawood,KS,Johnson,(913) 661-2730,,General,2825 W 86th St,66206,Kansas City,2,
Martha Steincamp,,,https://lawyers.justia.com/lawyer/martha-steincamp-920509,Leawood,KS,Johnson,(913) 338-2513,,General,2813 W 131st St,66209,Kansas City,2,
Barbara Welch,,,https://lawyers.justia.com/lawyer/barbara-welch-920643,Leawood,KS,Johnson,(913) 451-4441,,General,7007 College Blvd,66211,Kansas City,2,
Bryan LaGree,,,https://lawyers.justia.com/lawyer/bryan-lagree-921202,Leawood,KS,Johnson,(913) 491-1061,,General,4701 W 110th St,66211,Kansas City,2,
Peter Mallouk,,,https://lawyers.justia.com/lawyer/peter-mallouk-917806,Leawood,KS,Johnson,(913) 696-0500,,Estate Planning,5340 College Blvd,66211,Kansas City,4,
"Nygaard, Diane A",http://nygaarddianea.localsearch.com,,https://www.yellowpages.com/leawood-ks/attorneys,Leawood,KS,Johnson,(913) 469-9370,,General,4501 College Blvd,,Kansas City,2,
Douglas DeZube,,,https://lawyers.justia.com/lawyer/douglas-dezube-920700,Leawood,KS,Johnson,(913) 385-0355,,Personal Injury,4400 W 109th St,66211,Kansas City,5,
Michelle Lambert,,,https://lawyers.justia.com/lawyer/michelle-lambert-918368,Leawood,KS,Johnson,,,General,9103 Wenonga Rd,66206,Kansas City,2,
Lainie Decker,,,https://lawyers.justia.com/lawyer/lainie-decker-923257,Leawood,KS,Johnson,(913) 491-9911,,General,2308 W 123rd Terrace,66209,Kansas City,2,
Amanda Marie Culp,,,https://lawyers.justia.com/lawyer/amanda-marie-culp-1731020,Leawood,KS,Johnson,(913) 871-7430,,General,11610 ASH ST,66211,Kansas City,2,
Jennifer West,,,https://lawyers.justia.com/lawyer/jennifer-west-916371,Leawood,KS,Johnson,(913) 663-7600,,General,6363 College Blvd,66211,Kansas City,2,
Michael D. Stipetich,,,https://lawyers.justia.com/lawyer/michael-d-stipetich-1730887,Leawood,KS,Johnson,(913) 747-8462,,General,10516 MANOR RD,66206,Kansas City,2,
Jay Smith,,,https://lawyers.justia.com/lawyer/jay-smith-919470,Leawood,KS,Johnson,,,General,4125 W 129th St,66209,Kansas City,2,
Michelle Hursh,,,https://lawyers.justia.com/lawyer/michelle-hursh-921813,Leawood,KS,Johnson,,,General,5149 W 127th Terrace,66209,Kansas City,2,
Susan Bernstein,,,https://lawyers.justia.com/lawyer/susan-bernstein-918606,Leawood,KS,Johnson,(913) 681-5703,,General,13110 Beverly St,66209,Kansas City,2,
Nicholas Ryan Bracco,,,https://lawyers.justia.com/lawyer/nicholas-ryan-bracco-1730959,Overland Park,KS,Johnson,(913) 319-0327,,General,5901 COLLEGE BLVD,66211,Kansas City,2,
Julie Grimaldi,,,https://lawyers.justia.com/lawyer/julie-grimaldi-922730,Leawood,KS,Johnson,(913) 315-9442,,General,5454 W 110th St,66211,Kansas City,2,
Edwin Dexter,,,https://lawyers.justia.com/lawyer/edwin-dexter-920012,Leawood,KS,Johnson,(913) 339-1546,,General,8031 Sagamore Rd,66206,Kansas City,2,
Alan Blinzler,,,https://lawyers.justia.com/lawyer/alan-blinzler-916007,Leawood,KS,Johnson,(913) 488-3356,,General,12326 Walmer St,66209,Kansas City,2,
Mary Nan Dupont,,,https://lawyers.justia.com/lawyer/mary-nan-dupont-918966,Leawood,KS,Johnson,(913) 469-9971,,General,3504 W 121st Terrace,66209,Kansas City,2,
Libbie Moore,,,https://lawyers.justia.com/lawyer/libbie-moore-919970,Leawood,KS,Johnson,,,General,5200 W 131st St,66209,Kansas City,2,
John Burge,,,https://lawyers.justia.com/lawyer/john-burge-918878,Leawood,KS,Johnson,(913) 685-0614,,General,12706 Linden Ln,66209,Kansas City,2,
Richard Donahue,,,https://lawyers.justia.com/lawyer/richard-donahue-922450,Leawood,KS,Johnson,(913) 281-1500,,General,4248 W 124th Terrace,66209,Kansas City,2,
Michael Gill,,,https://lawyers.justia.com/lawyer/michael-gill-922032,Leawood,KS,Johnson,(913) 319-1380,,General,13016 Falmouth St,66209,Kansas City,2,
Lanesha Anderson,,,https://lawyers.justia.com/lawyer/lanesha-anderson-1352900,Leawood,KS,Johnson,(913) 315-8576,,General,6450 Sprint Pkwy,66211,Kansas City,2,
Scott Hoskins,,,https://lawyers.justia.com/lawyer/scott-hoskins-922708,Leawood,KS,Johnson,(913) 339-1575,,General,7045 College Blvd,66211,Kansas City,2,
Barbara W. Foster,,,https://directory-kard.kscourts.gov/Home/Details?regNum=12653,Leawood,KS,Johnson,913-707-4108,,General,12846 Sagamore Rd,66209,Kansas City,2,
Stephen Cole,,,https://lawyers.justia.com/lawyer/stephen-cole-919533,Leawood,KS,Johnson,,,General,6201 College Blvd,66211,Kansas City,2,
Leslie Donahue,,,https://lawyers.justia.com/lawyer/leslie-donahue-922448,Leawood,KS,Johnson,,,General,4248 W 124th Terrace,66209,Kansas City,2,
Gary Davis,,,https://lawyers.justia.com/lawyer/gary-davis-920894,Leawood,KS,Johnson,(913) 491-3280,,General,13289 High Dr,66209,Kansas City,2,
Larry Parman,,,https://lawyers.justia.com/lawyer/larry-parman-916294,Leawood,KS,Johnson,(888) 752-3306,,General,10740 Nall Ave,66211,Kansas City,2,
Robert Holcomb,,,https://lawyers.justia.com/lawyer/robert-holcomb-921184,Leawood,KS,Johnson,,,General,13220 Falmouth St,66209,Kansas City,2,
Keith Moore,,,https://lawyers.justia.com/lawyer/keith-moore-919968,Leawood,KS,Johnson,(913) 338-5046,,General,6911 W 125th St,66209,Kansas City,2,
Judith Wiseman,,,https://lawyers.justia.com/lawyer/judith-wiseman-921350,Leawood,KS,Johnson,(816) 235-1658,,General,8608 Overhill Rd,66206,Kansas City,2,
Allegra C. Kincaid,,,https://lawyers.justia.com/lawyer/allegra-c-kincaid-1731206,Overland Park,KS,Johnson,(913) 319-0300,,General,5901 COLLEGE BLVD,66211,Kansas City,2,
Mary Ellmaker,,,https://lawyers.justia.com/lawyer/mary-ellmaker-923296,Leawood,KS,Johnson,(913) 663-2541,,Divorce,4601 College Blvd,66211,Kansas City,5,
Gary Hart,,,https://lawyers.justia.com/lawyer/gary-hart-919302,Leawood,KS,Johnson,(913) 491-0989,,General,12120 State Line Rd,66209,Kansas City,2,
Megan Harrington,,,https://lawyers.justia.com/lawyer/megan-harrington-923511,Leawood,KS,Johnson,(913) 768-1700,,General,6722 W 128th Terrace,66209,Kansas City,2,
Gordon Thorn,,,https://lawyers.justia.com/lawyer/gordon-thorn-923129,Leawood,KS,Johnson,,,General,2029 W 95th St,66206,Kansas City,2,
Ashley Henry,,,https://lawyers.justia.com/lawyer/ashley-henry-920449,Leawood,KS,Johnson,(913) 323-4614,,General,5454 W 110th St,66211,Kansas City,2,
Grant A. Ramsey,,,https://lawyers.justia.com/lawyer/grant-a-ramsey-1731378,Leawood,KS,Johnson,(913) 706-5101,,General,4960 W 129TH TER,66209,Kansas City,2,
Jill Eggleston,,,https://lawyers.justia.com/lawyer/jill-eggleston-916208,Leawood,KS,Johnson,,,General,10505 Pawnee Ln,66206,Kansas City,2,
Jill Olsen,,,https://lawyers.justia.com/lawyer/jill-olsen-920092,Leawood,KS,Johnson,(913) 663-7600,,General,6363 College Blvd,66211,Kansas City,2,
Kajal Islam,,,https://lawyers.justia.com/lawyer/kajal-islam-920322,Leawood,KS,Johnson,(913) 663-7600,,General,6363 College Blvd,66211,Kansas City,2,
Jacqueline Edgar-Austin,,,https://lawyers.justia.com/lawyer/jacqueline-edgar-austin-923462,Leawood,KS,Johnson,,,General,4811 W 108th Terrace,66211,Kansas City,2,
Mary Kancel,,,https://lawyers.justia.com/lawyer/mary-kancel-922336,Leawood,KS,Johnson,(913) 648-4960,,General,2231 W 97th St,66206,Kansas City,2,
Mark Henke,,,https://lawyers.justia.com/lawyer/mark-henke-918958,Leawood,KS,Johnson,(913) 621-1504,,General,12408 Catalina St,66209,Kansas City,2,
David Zesiger,,,https://lawyers.justia.com/lawyer/david-zesiger-923887,Leawood,KS,Johnson,(913) 663-7600,,General,11809 Brookwood Ave,66211,Kansas City,2,
Susan Crewz,,,https://lawyers.justia.com/lawyer/susan-crewz-922354,Leawood,KS,Johnson,(913) 664-3100,,General,7045 College Blvd,66211,Kansas City,2,
Michael Callahan,,,https://lawyers.justia.com/lawyer/michael-callahan-920939,Leawood,KS,Johnson,(913) 491-8626,,General,4600 College Blvd,66211,Kansas City,2,
Virginia Brooks,,,https://lawyers.justia.com/lawyer/virginia-brooks-917680,Leawood,KS,Johnson,,,General,9218 State Line Rd,66206,Kansas City,2,
William Swanberg,,,https://lawyers.justia.com/lawyer/william-swanberg-919025,Leawood,KS,Johnson,,,General,10300 Ensley Ln,66206,Kansas City,2,
Joel Adrian Griffiths,,,https://lawyers.justia.com/lawyer/joel-adrian-griffiths-1731122,Leawood,KS,Johnson,(913) 469-4050,,General,4501 COLLEGE BLVD,66211,Kansas City,2,
Laura Goettsch,,,https://lawyers.justia.com/lawyer/laura-goettsch-922596,Leawood,KS,Johnson,(913) 253-2500,,General,11181 Overbrook Rd,66211,Kansas City,2,
Ruben Krisztal,,,https://lawyers.justia.com/lawyer/ruben-krisztal-922990,Leawood,KS,Johnson,(913) 451-4441,,Personal Injury,7007 College Blvd,66211,Kansas City,5,
Nancy Saugstad,,,https://lawyers.justia.com/lawyer/nancy-saugstad-920423,Leawood,KS,Johnson,(913) 451-8788,,Estate Planning,6201 College Blvd,66211,Kansas City,4,
Charles Stephens,,,https://lawyers.justia.com/lawyer/charles-stephens-920513,Leawood,KS,Johnson,(913) 339-6687,,General,11050 Roe Ave,66211,Kansas City,2,
Sue Honegger,,,https://lawyers.justia.com/lawyer/sue-honegger-923174,Leawood,KS,Johnson,,,General,12813 El Monte St,66209,Kansas City,2,
Edwin Smith,,,https://lawyers.justia.com/lawyer/edwin-smith-918661,Leawood,KS,Johnson,(913) 339-6687,,General,11050 Roe Ave,66211,Kansas City,2,
"Kuhn, Daniel E",http://yellowpages.com/prairie-village-ks/mip/hollis-law-firm-10875452,,https://www.yellowpages.com/leawood-ks/attorneys,Leawood,KS,Johnson,(913) 491-4050,,General,4601 College Blvd Ste 200,,Kansas City,2,
Bradley Bergman,,,https://lawyers.justia.com/lawyer/bradley-bergman-923157,Leawood,KS,Johnson,(913) 319-0301,,General,5901 College Blvd,66211,Kansas City,2,
Paul Mengedoth,,,https://lawyers.justia.com/lawyer/paul-mengedoth-923660,Leawood,KS,Johnson,(913) 381-1500,,General,7007 College Blvd,66211,Kansas City,2,
Mathew Cory Robertson,,,https://lawyers.justia.com/lawyer/mathew-cory-robertson-1731395,Leawood,KS,Johnson,(913) 327-4262,,General,11400 TOMAHAWK CREEK PKWY,66211,Kansas City,2,
Nancy Zogleman,,,https://lawyers.justia.com/lawyer/nancy-zogleman-922008,Leawood,KS,Johnson,(913) 317-1650,,General,9614 High Dr,66206,Kansas City,2,
Donald Dixon,,,https://lawyers.justia.com/lawyer/donald-dixon-921038,Leawood,KS,Johnson,(913) 661-6043,,General,2002 W 91st St,66206,Kansas City,2,
Lauri Bledsoe,,,https://lawyers.justia.com/lawyer/lauri-bledsoe-920462,Leawood,KS,Johnson,,,General,9537 Manor Rd,66206,Kansas City,2,
Terry Sloan,,,https://lawyers.justia.com/lawyer/terry-sloan-920996,Leawood,KS,Johnson,(913) 926-7103,,General,12011 Pawnee Ln,66209,Kansas City,2,
Jared Robert Love,,,https://lawyers.justia.com/lawyer/jared-robert-love-1731254,Overland Park,KS,Johnson,(913) 458-8677,,General,11401 LAMAR AVE,66211,Kansas City,2,
Stephanie Smith Kissick,,,https://lawyers.justia.com/lawyer/stephanie-smith-kissick-918160,Leawood,KS,Johnson,,,General,8217 Cherokee Cir,66206,Kansas City,2,
Gregory Azorsky,,,https://lawyers.justia.com/lawyer/gregory-azorsky-916381,Leawood,KS,Johnson,,,General,4401 W 126th Terrace,66209,Kansas City,2,
John Andrew Demarco,,,https://lawyers.justia.com/lawyer/john-andrew-demarco-915974,Leawood,KS,Johnson,(913) 271-8485,,General,9717 Cherokee Ln,66206,Kansas City,2,
David Harvey,,,https://lawyers.justia.com/lawyer/david-harvey-917511,Leawood,KS,Johnson,,,General,13225 Falmouth St,66209,Kansas City,2,
"Crouse, Kori L",http://crousekorilks.localsearch.com,,https://www.yellowpages.com/leawood-ks/attorneys,Leawood,KS,Johnson,(913) 491-4050,,General,4601 College Blvd Ste 200,,Kansas City,2,
Gregory Bruning,,,https://lawyers.justia.com/lawyer/gregory-bruning-920569,Leawood,KS,Johnson,,,General,7045 College Blvd,66211,Kansas City,2,
Julie Alicia Roth-Ramirez,,,https://lawyers.justia.com/lawyer/julie-alicia-roth-ramirez-1731402,Overland Park,KS,Johnson,(913) 327-5158,,General,6201 COLLEGE BLVD,66211,Kansas City,2,
Lisa Brooke Althoff-Simmons,,,https://lawyers.justia.com/lawyer/lisa-brooke-althoff-simmons-1730907,Overland Park,KS,Johnson,(913) 297-2468,,General,6800 COLLEGE BLVD,66211,Kansas City,2,
Mark Wilson,,,https://lawyers.justia.com/lawyer/mark-wilson-917917,Leawood,KS,Johnson,(913) 385-0355,,Estate Planning,4400 W 109th St,66211,Kansas City,4,
Lee Ullman,,,https://lawyers.justia.com/lawyer/lee-ullman-918718,Leawood,KS,Johnson,(913) 385-0355,,General,4400 W 109th St,66211,Kansas City,2,
Brian Johnson,,,https://lawyers.justia.com/lawyer/brian-johnson-924042,Leawood,KS,Johnson,(913) 451-1946,,General,6900 College Blvd,66211,Kansas City,2,
Jessi Rebecca Reed,,,https://lawyers.justia.com/lawyer/jessi-rebecca-reed-1731383,Overland Park,KS,Johnson,(913) 458-1825,,General,11401 LAMAR AVE,66211,Kansas City,2,
"Lockett, David S",http://martinpringle.com,,https://www.yellowpages.com/leawood-ks/attorneys,Leawood,KS,Johnson,(913) 491-5500,,General,6900 College Blvd Ste 700,,Kansas City,2,
James Darrah,,,https://lawyers.justia.com/lawyer/james-darrah-920978,Leawood,KS,Johnson,(913) 341-7102,,General,13126 Walmer St,66209,Kansas City,2,
Angela Kay Hatley Garms,,,https://lawyers.justia.com/lawyer/angela-kay-hatley-garms-1731098,Overland Park,KS,Johnson,(913) 696-7143,,General,11501 OUTLOOK ST,66211,Kansas City,2,
Mark Lester,,,https://lawyers.justia.com/lawyer/mark-lester-920583,Leawood,KS,Johnson,(913) 451-2700,,General,12815 Cedar St,66209,Kansas City,2,
Stuart Shaw,,,https://lawyers.justia.com/lawyer/stuart-shaw-920605,Leawood,KS,Johnson,(913) 458-7524,,General,11401 Lamar Ave,66211,Kansas City,2,
Clinton Collier,,,https://lawyers.justia.com/lawyer/clinton-collier-923059,Leawood,KS,Johnson,(913) 469-8777,,General,6800 College Blvd,66211,Kansas City,2,
Catherine Skelton,,,https://lawyers.justia.com/lawyer/catherine-skelton-921846,Leawood,KS,Johnson,(913) 458-8083,,General,6720 W 128th Pl,66209,Kansas City,2,
Brenda Hess,,,https://lawyers.justia.com/lawyer/brenda-hess-919224,Leawood,KS,Johnson,,,General,2825 W 86th St,66206,Kansas City,2,
David Lefebvre,,,https://lawyers.justia.com/lawyer/david-lefebvre-920145,Leawood,KS,Johnson,(913) 458-2164,,General,11401 Lamar Ave,66211,Kansas City,2,
Amy Elizabeth Ambroson,,,https://lawyers.justia.com/lawyer/amy-elizabeth-ambroson-1730909,Overland Park,KS,Johnson,(913) 515-1062,,General,11501 OUTLOOK ST,66211,Kansas City,2,
Lee Ayres,,,https://lawyers.justia.com/lawyer/lee-ayres-922723,Leawood,KS,Johnson,,,General,13137 Lamar Ave,66209,Kansas City,2,
Donald Gamet,,,https://lawyers.justia.com/lawyer/donald-gamet-921691,Leawood,KS,Johnson,,,General,12921 Riggs St,66209,Kansas City,2,
Mary Giovanni,,,https://lawyers.justia.com/lawyer/mary-giovanni-919073,Leawood,KS,Johnson,(913) 341-8257,,General,8912 Mohawk Ln,66206,Kansas City,2,
Christy Caddell,,,https://lawyers.justia.com/lawyer/christy-caddell-920320,Leawood,KS,Johnson,(913) 345-0340,,General,12601 Ensley Ln,66209,Kansas City,2,
Terry Tyrrell,,,https://lawyers.justia.com/lawyer/terry-tyrrell-923566,Leawood,KS,Johnson,(816) 455-3000,,General,6601 W 131st St,66209,Kansas City,2,
Clark Bradshaw,,,https://lawyers.justia.com/lawyer/clark-bradshaw-920789,Leawood,KS,Johnson,,,General,11904 High Dr,66209,Kansas City,2,
Daniel Runion,,,https://lawyers.justia.com/lawyer/daniel-runion-916683,Leawood,KS,Johnson,(913) 481-2395,,General,8417 Reinhardt St,66206,Kansas City,2,
Theresa Connors Hursh,,,https://lawyers.justia.com/lawyer/theresa-connors-hursh-1731175,Overland Park,KS,Johnson,(913) 344-3123,,General,11500 OUTLOOK,66211,Kansas City,2,
Kelly W. Schemenauer,,,https://lawyers.justia.com/lawyer/kelly-w-schemenauer-1731418,Leawood,KS,Johnson,(913) 213-2243,,General,11500 ASH ST,66211,Kansas City,2,
Richard Patrick Hadel,,,https://lawyers.justia.com/lawyer/richard-patrick-hadel-1731126,Leawood,KS,Johnson,(816) 561-4111,,General,11005 CATALINA ST,66211,Kansas City,2,
Joy Wickliffe Root,,,https://lawyers.justia.com/lawyer/joy-wickliffe-root-1731400,Overland Park,KS,Johnson,(913) 438-4814,,General,11500 OUTLOOK ST,66211,Kansas City,2,
Joseph Meinhardt,,,https://lawyers.justia.com/lawyer/joseph-meinhardt-916000,Leawood,KS,Johnson,(913) 451-9797,,General,4707 College Blvd,66211,Kansas City,2,
Michael Norlen,,,https://lawyers.justia.com/lawyer/michael-norlen-921507,Leawood,KS,Johnson,(913) 901-1193,,General,2017 W 104th St,66206,Kansas City,2,
William Schutte,,,https://lawyers.justia.com/lawyer/william-schutte-921212,Leawood,KS,Johnson,(913) 451-8788,,General,6201 College Blvd,66211,Kansas City,2,
John Kuddes,,,https://lawyers.justia.com/lawyer/john-kuddes-922617,Leawood,KS,Johnson,(913) 345-4845,,General,11716 Overbrook Rd,66211,Kansas City,2,
Robert Massengill,,,https://lawyers.justia.com/lawyer/robert-massengill-916637,Leawood,KS,Johnson,(913) 491-4050,,General,4601 College Blvd,66211,Kansas City,2,
Robert Gardner,,,https://lawyers.justia.com/lawyer/robert-gardner-922463,Leawood,KS,Johnson,(913) 458-7077,,General,12328 Aberdeen Rd,66209,Kansas City,2,
Larry Jones,,,https://lawyers.justia.com/lawyer/larry-jones-917272,Leawood,KS,Johnson,(913) 345-1803,,General,11512 Cedar St,66211,Kansas City,2,
Emily A. Wales,,,https://lawyers.justia.com/lawyer/emily-a-wales-1731517,Overland Park,KS,Johnson,(913) 345-4613,,General,4401 W 109TH ST,66211,Kansas City,2,
Kerry Patrick,,,https://lawyers.justia.com/lawyer/kerry-patrick-918773,Leawood,KS,Johnson,(913) 381-2814,,General,3408 W 93rd St,66206,Kansas City,2,
Tom Larson,,,https://lawyers.justia.com/lawyer/tom-larson-924149,Leawood,KS,Johnson,,,General,11300 Tomahawk Creek Pkwy,66211,Kansas City,2,
Matthew Wright,,,https://lawyers.justia.com/lawyer/matthew-wright-919687,Leawood,KS,Johnson,,,General,6201 College Blvd,66211,Kansas City,2,
Christopher Abele,,,https://lawyers.justia.com/lawyer/christopher-abele-921193,Leawood,KS,Johnson,,,General,5454 W 110th St,66211,Kansas City,2,
Geoffrey Logan,,,https://lawyers.justia.com/lawyer/geoffrey-logan-923831,Leawood,KS,Johnson,(913) 338-2313,,General,12409 Cambridge Cir,66209,Kansas City,2,
Susan Szczucinski,,,https://lawyers.justia.com/lawyer/susan-szczucinski-918306,Leawood,KS,Johnson,(913) 381-1500,,Divorce,7007 College Blvd,66211,Kansas City,5,
Steve Johns,,,https://lawyers.justia.com/lawyer/steve-johns-924278,Leawood,KS,Johnson,(913) 897-2475,,General,12949 Granada Ln,66209,Kansas City,2,
Nicholas Ackerman,,,https://lawyers.justia.com/lawyer/nicholas-ackerman-919676,Leawood,KS,Johnson,(913) 663-7600,,General,6363 College Blvd,66211,Kansas City,2,
Rita Johnson,,,https://lawyers.justia.com/lawyer/rita-johnson-916889,Leawood,KS,Johnson,,,General,10320 Howe Ln,66206,Kansas City,2,
Lisa Hamburg,,,https://lawyers.justia.com/lawyer/lisa-hamburg-923967,Leawood,KS,Johnson,,,General,2345 W 118th Terrace,66211,Kansas City,2,
Steven Willman,,,https://lawyers.justia.com/lawyer/steven-willman-917891,Leawood,KS,Johnson,(913) 451-8788,,Estate Planning,6201 College Blvd,66211,Kansas City,4,
Pat Miller,,,https://lawyers.justia.com/lawyer/pat-miller-920901,Leawood,KS,Johnson,(913) 385-0355,,Divorce,4400 W 109th St,66211,Kansas City,5,
Carol Faucher,,,https://lawyers.justia.com/lawyer/carol-faucher-917124,Leawood,KS,Johnson,(913) 317-8732,,General,12401 Howe Dr,66209,Kansas City,2,
Christopher Kirwan,,,https://lawyers.justia.com/lawyer/christopher-kirwan-918016,Leawood,KS,Johnson,(913) 652-5731,,General,6602 W 132nd Terrace,66209,Kansas City,2,
Dennis Reynolds,,,https://lawyers.justia.com/lawyer/dennis-reynolds-922917,Leawood,KS,Johnson,(913) 451-2600,,Personal Injury,5350 College Blvd,66211,Kansas City,5,
Linda Trout,,,https://lawyers.justia.com/lawyer/linda-trout-922556,Leawood,KS,Johnson,(913) 677-1500,,General,5000 W 112th Terrace,66211,Kansas City,2,
Adrian Gilby,,,https://lawyers.justia.com/lawyer/adrian-gilby-922026,Leawood,KS,Johnson,(913) 451-4529,,General,5350 College Blvd,66211,Kansas City,2,
Thomas Long,,,https://lawyers.justia.com/lawyer/thomas-long-916017,Leawood,KS,Johnson,,,General,11809 Pawnee Ln,66211,Kansas City,2,
"Jones, Andrew",http://yellowpages.com/prairie-village-ks/mip/hollis-law-firm-10875452,,https://www.yellowpages.com/leawood-ks/attorneys,Leawood,KS,Johnson,(913) 491-4050,,General,4601 College Blvd,,Kansas City,2,
Suzanne Holt,,,https://lawyers.justia.com/lawyer/suzanne-holt-924058,Leawood,KS,Johnson,,,General,5216 W 129th St,66209,Kansas City,2,
MICHAELA DENISE GILDERSLEEVE,,,https://lawyers.justia.com/lawyer/michaela-denise-gildersleeve-1714679,Overland Park,KS,Johnson,,,General,6201 COLLEGE BLVD.,66211,Kansas City,2,
Blake Daniel Mason,,,https://lawyers.justia.com/lawyer/blake-daniel-mason-1731274,Leawood,KS,Johnson,(913) 469-4009,,General,4501 COLLEGE BLVD,66211,Kansas City,2,
Nancy Jolene Andervich,,,https://lawyers.justia.com/lawyer/nancy-jolene-andervich-1730915,Leawood,KS,Johnson,(913) 389-9686,,General,4200 W 115TH ST,66211,Kansas City,2,
Todd Cowell,,,https://lawyers.justia.com/lawyer/todd-cowell-922999,Leawood,KS,Johnson,(913) 469-8777,,General,6800 College Blvd,66211,Kansas City,2,
Andrew Dean Lemmons,,,https://lawyers.justia.com/lawyer/andrew-dean-lemmons-1731240,Leawood,KS,Johnson,(913) 469-4011,,General,4501 COLLEGE BLVD,66211,Kansas City,2,
Eric Kelly,,,https://lawyers.justia.com/lawyer/eric-kelly-922011,Leawood,KS,Johnson,,,General,3084 W 132nd Pl,66209,Kansas City,2,
Andrew Michael Buser,,,https://lawyers.justia.com/lawyer/andrew-michael-buser-1730980,Leawood,KS,Johnson,(913) 766-5600,,General,8900 STATE LINE RD,66206,Kansas City,2,
Carl Hill,,,https://lawyers.justia.com/lawyer/carl-hill-920825,Leawood,KS,Johnson,(913) 342-4506,,General,8212 Belinder Rd,66206,Kansas City,2,
Chelsea Kay Good,,,https://lawyers.justia.com/lawyer/chelsea-kay-good-1731110,Overland Park,KS,Johnson,(816) 305-9540,,General,11501 OUTLOOK ST,66211,Kansas City,2,
Kimberly Kay Demel,,,https://lawyers.justia.com/lawyer/kimberly-kay-demel-1731032,Overland Park,KS,Johnson,(913) 458-6006,,General,11401 LAMAR AVE,66211,Kansas City,2,
Carl Anderson,,,https://lawyers.justia.com/lawyer/carl-anderson-924131,Leawood,KS,Johnson,,,General,12717 High Dr,66209,Kansas City,2,
William Mealman,,,https://lawyers.justia.com/lawyer/william-mealman-920053,Leawood,KS,Johnson,,,General,11505 Brookwood Ave,66211,Kansas City,2,
Daniel West,,,https://lawyers.justia.com/lawyer/daniel-west-923052,Leawood,KS,Johnson,(913) 663-7600,,Bankruptcy,6363 College Blvd,66211,Kansas City,4,
Randy Gardner,,,https://lawyers.justia.com/lawyer/randy-gardner-922462,Leawood,KS,Johnson,(816) 916-8844,,General,13020 Alhambra St,66209,Kansas City,2,
Jason Bahnsen,,,https://lawyers.justia.com/lawyer/jason-bahnsen-921722,Leawood,KS,Johnson,(913) 663-7600,,General,6363 College Blvd,66211,Kansas City,2,
Timothy Kuhn,,,https://lawyers.justia.com/lawyer/timothy-kuhn-919126,Leawood,KS,Johnson,,,General,12331 Travis Ln,66209,Kansas City,2,
Nancy Levit,,,https://lawyers.justia.com/lawyer/nancy-levit-916429,Leawood,KS,Johnson,,,General,5306 W 123rd St,66209,Kansas City,2,
Susan Prather,,,https://lawyers.justia.com/lawyer/susan-prather-922701,Leawood,KS,Johnson,(913) 498-0700,,General,5370 College Blvd,66211,Kansas City,2,
Douglas Hundley,,,https://lawyers.justia.com/lawyer/douglas-hundley-921666,Leawood,KS,Johnson,,,General,2201 W 97th St,66206,Kansas City,2,
Alan South,,,https://lawyers.justia.com/lawyer/alan-south-919494,Leawood,KS,Johnson,(913) 663-7600,,General,6363 College Blvd,66211,Kansas City,2,
Louis Poplinger,,,https://lawyers.justia.com/lawyer/louis-poplinger-919965,Leawood,KS,Johnson,(913) 642-7113,,General,8504 Ensley Pl,66206,Kansas City,2,
Kelly Jernigan,,,https://lawyers.justia.com/lawyer/kelly-jernigan-919958,Leawood,KS,Johnson,,,General,4985 W 129th Pl,66209,Kansas City,2,
Steven Waldman,,,https://lawyers.justia.com/lawyer/steven-waldman-920545,Leawood,KS,Johnson,(913) 491-6451,,General,11111 Nall Ave,66211,Kansas City,2,
James Devlin,,,https://lawyers.justia.com/lawyer/james-devlin-916466,Leawood,KS,Johnson,(913) 794-1440,,General,6200 Sprint Pkwy,66211,Kansas City,2,
Jan Peakes,,,https://lawyers.justia.com/lawyer/jan-peakes-918507,Leawood,KS,Johnson,(913) 768-6877,,General,3600 W 121st Terrace,66209,Kansas City,2,
Ann Abercrombie,,,https://lawyers.justia.com/lawyer/ann-abercrombie-921195,Leawood,KS,Johnson,,,General,2401 W 120th Terrace,66209,Kansas City,2,
Douglas Hick,,,https://lawyers.justia.com/lawyer/douglas-hick-919185,Leawood,KS,Johnson,(913) 663-7600,,General,6363 College Blvd,66211,Kansas City,2,
Christopher Raynolds,,,https://lawyers.justia.com/lawyer/christopher-raynolds-916104,Leawood,KS,Johnson,,,General,3707 W 84th Terrace,66206,Kansas City,2,
Miriam Rittmaster,,,https://lawyers.justia.com/lawyer/miriam-rittmaster-919883,Leawood,KS,Johnson,,,General,10703 Barkley St,66211,Kansas City,2,
Paul Russell,,,https://lawyers.justia.com/lawyer/paul-russell-920881,Leawood,KS,Johnson,(913) 664-3518,,General,7045 College Blvd,66211,Kansas City,2,
Steven Imber,,,https://lawyers.justia.com/lawyer/steven-imber-918963,Leawood,KS,Johnson,(913) 451-8788,,General,6201 College Blvd,66211,Kansas City,2,
Amy Fritton,,,https://lawyers.justia.com/lawyer/amy-fritton-922092,Leawood,KS,Johnson,(913) 491-4050,,General,4601 College Blvd,66211,Kansas City,2,
Peter Obetz,,,https://lawyers.justia.com/lawyer/peter-obetz-923383,Leawood,KS,Johnson,,,General,11150 Overbrook Rd,66211,Kansas City,2,
Julie Frickleton,,,https://lawyers.justia.com/lawyer/julie-frickleton-919217,Leawood,KS,Johnson,(913) 266-2300,,General,11150 Overbrook Rd,66211,Kansas City,2,
Anne Blessing,,,https://lawyers.justia.com/lawyer/anne-blessing-920464,Leawood,KS,Johnson,(913) 327-1165,,General,11708 Manor Rd,66211,Kansas City,2,
Veronica Chang-Peshoff,,,https://lawyers.justia.com/lawyer/veronica-chang-peshoff-923011,Leawood,KS,Johnson,,,General,7045 College Blvd,66211,Kansas City,2,
Melanie Caro,,,https://lawyers.justia.com/lawyer/melanie-caro-918636,Leawood,KS,Johnson,,,General,12313 Catalina St,66209,Kansas City,2,
Charlotte Yates,,,https://lawyers.justia.com/lawyer/charlotte-yates-918809,Leawood,KS,Johnson,(913) 663-7600,,General,6363 College Blvd,66211,Kansas City,2,
Thomas Cohen,,,https://lawyers.justia.com/lawyer/thomas-cohen-917950,Leawood,KS,Johnson,,,General,6906 W 129th St,66209,Kansas City,2,
Kim Burris,,,https://lawyers.justia.com/lawyer/kim-burris-924123,Leawood,KS,Johnson,(913) 851-8484,,General,6710 W 121st St,66209,Kansas City,2,
James Mordy,,,https://lawyers.justia.com/lawyer/james-mordy-922844,Leawood,KS,Johnson,,,General,8741 Ensley Ln,66206,Kansas City,2,
Rita Abernethy,,,https://lawyers.justia.com/lawyer/rita-abernethy-921197,Leawood,KS,Johnson,(913) 341-7068,,General,10109 Howe Dr,66206,Kansas City,2,
David Vodonick,,,https://lawyers.justia.com/lawyer/david-vodonick-921801,Leawood,KS,Johnson,,,General,11439 Manor Rd,66211,Kansas City,2,
Christina Magee,,,https://lawyers.justia.com/lawyer/christina-magee-921244,Leawood,KS,Johnson,(913) 491-6208,,General,7045 College Blvd,66211,Kansas City,2,
Tom Gerke,,,https://lawyers.justia.com/lawyer/tom-gerke-919550,Leawood,KS,Johnson,(913) 345-7994,,General,5454 W 110th St,66211,Kansas City,2,
Kathryn Cornell Hardwick,,,https://lawyers.justia.com/lawyer/kathryn-cornell-hardwick-915965,Leawood,KS,Johnson,(913) 491-4439,,General,12608 Aberdeen Rd,66209,Kansas City,2,
Pascale Zaldivar,,,https://lawyers.justia.com/lawyer/pascale-zaldivar-921869,Leawood,KS,Johnson,(913) 315-9467,,General,5454 W 110th St,66211,Kansas City,2,
Douglas Alpert,,,https://lawyers.justia.com/lawyer/douglas-alpert-915985,Leawood,KS,Johnson,(816) 444-4414,,General,3600 W 89th St,66206,Kansas City,2,
James Blickhan,,,https://lawyers.justia.com/lawyer/james-blickhan-916005,Leawood,KS,Johnson,(913) 814-8704,,General,6800 College Blvd,66211,Kansas City,2,
Robert Walmer,,,https://lawyers.justia.com/lawyer/robert-walmer-922664,Leawood,KS,Johnson,,,General,4400 W 115th St,66211,Kansas City,2,
Carman Payne,,,https://lawyers.justia.com/lawyer/carman-payne-916656,Prairie Village,KS,Johnson,(913) 341-6050,,General,7642 Fairway St,66208,Kansas City,2,
Kevin Kenney,,,https://lawyers.justia.com/lawyer/kevin-kenney-918145,Prairie Village,KS,Johnson,(913) 671-8008,,General,7301 Mission Rd,66208,Kansas City,2,
Antonia Mancuso,,,https://lawyers.justia.com/lawyer/antonia-mancuso-922126,Overland Park,KS,Johnson,,,General,2707 W 139th St,66224,Kansas City,2,
Daniel Bolen,,,https://lawyers.justia.com/lawyer/daniel-bolen-921103,Prairie Village,KS,Johnson,(913) 707-3369,,General,3515 W 75th St,66208,Kansas City,2,
Courtney Elaine Cyzman,,,https://lawyers.justia.com/lawyer/courtney-elaine-cyzman-1731268,Prairie Village,KS,Johnson,(913) 381-1121,,General,8340 MISSION RD,66206,Kansas City,2,
Nathaniel Bunck,,,https://lawyers.justia.com/lawyer/nathaniel-bunck-922342,Prairie Village,KS,Johnson,(913) 676-5362,,General,3112 W 72nd St,66208,Kansas City,2,
Alyssa Rae Cale,,,https://lawyers.justia.com/lawyer/alyssa-rae-cale-1730985,Overland Park,KS,Johnson,(816) 410-8148,,General,6240 SPRINT PKWY,66211,Kansas City,2,
John Ivan Wassberg,,,https://lawyers.justia.com/lawyer/john-ivan-wassberg-1731524,Prairie Village,KS,Johnson,(913) 638-6544,,General,8601 ASH LN,66207,Kansas City,2,
Brian Zickefoose,,,https://lawyers.justia.com/lawyer/brian-zickefoose-924035,Prairie Village,KS,Johnson,(913) 573-3326,,General,4012 W 72nd Terrace,66208,Kansas City,2,
Bonnie Marie Treichel,,,https://lawyers.justia.com/lawyer/bonnie-marie-treichel-1541322,Prairie Village,KS,Johnson,(816) 284-2180,,General,4317 W 74TH ST,66208,Kansas City,2,
Peter Bieri,,,https://lawyers.justia.com/lawyer/peter-bieri-921988,Prairie Village,KS,Johnson,,,General,4423 W 69th St,66208,Kansas City,2,
Frederick Barnes,,,https://lawyers.justia.com/lawyer/frederick-barnes-920206,Prairie Village,KS,Johnson,(913) 362-4277,,General,3317 W 71st St,66208,Kansas City,2,
Rosemary Taylor,,,https://lawyers.justia.com/lawyer/rosemary-taylor-923672,Prairie Village,KS,Johnson,(913) 722-1962,,General,4312 W 69th Terrace,66208,Kansas City,2,
Christopher Tillery,,,https://lawyers.justia.com/lawyer/christopher-tillery-919261,Prairie Village,KS,Johnson,(913) 671-9011,,General,4115 W 74th Terrace,66208,Kansas City,2,
Karen Reintjes,,,https://lawyers.justia.com/lawyer/karen-reintjes-919418,Prairie Village,KS,Johnson,,,General,3710 W 73rd St,66208,Kansas City,2,
Karina Shreefer,,,https://lawyers.justia.com/lawyer/karina-shreefer-916073,Prairie Village,KS,Johnson,(913) 341-3167,,General,8014 State Line Rd,66208,Kansas City,2,
Rowdy Byron Meeks,,,https://lawyers.justia.com/lawyer/rowdy-byron-meeks-1730869,Prairie Village,KS,Johnson,(913) 766-5587,,General,8201 MISSION RD,66208,Kansas City,2,
Roxanne Jamie Wu-Rebein,,,https://lawyers.justia.com/lawyer/roxanne-jamie-wu-rebein-1731552,Prairie Village,KS,Johnson,(913) 341-9729,,General,65 LE MANS CT,66208,Kansas City,2,
Mandi Rene Hunter,,,https://lawyers.justia.com/lawyer/mandi-rene-hunter-1730850,Prairie Village,KS,Johnson,(913) 320-3830,,General,3515 W. 75TH ST,66208,Kansas City,2,
Ashley Marie O'Connor,,,https://lawyers.justia.com/lawyer/ashley-marie-o-connor-1731332,Prairie Village,KS,Johnson,(651) 214-4074,,General,7301 MISSION RD,66208,Kansas City,2,
Michelle Anne De Cicco,,,https://lawyers.justia.com/lawyer/michelle-anne-de-cicco-1730998,Prairie Village,KS,Johnson,(913) 220-9177,,General,6917 TOMAHAWK,66208,Kansas City,2,
David Barber,,,https://lawyers.justia.com/lawyer/david-barber-921594,Prairie Village,KS,Johnson,(913) 362-5039,,General,2301 Arno Rd,66208,Kansas City,2,
Mark Meyerdirk,,,https://lawyers.justia.com/lawyer/mark-meyerdirk-917638,Prairie Village,KS,Johnson,(913) 362-1277,,General,6704 High Dr,66208,Kansas City,2,
Barbara Frankland,,,https://lawyers.justia.com/lawyer/barbara-frankland-919719,Prairie Village,KS,Johnson,(913) 901-0505,,General,5301 W 75th St,66208,Kansas City,2,
Todd Schieffer,,,https://lawyers.justia.com/lawyer/todd-schieffer-919002,Prairie Village,KS,Johnson,(913) 383-5352,,General,5632 W 82nd St,66208,Kansas City,2,
Annette Eslick,,,https://lawyers.justia.com/lawyer/annette-eslick-921335,Prairie Village,KS,Johnson,,,General,5001 W 64th St,66208,Kansas City,2,
Willard Snyder,,,https://lawyers.justia.com/lawyer/willard-snyder-916924,Prairie Village,KS,Johnson,(913) 642-5134,,General,8014 State Line Rd,66208,Kansas City,2,
Jennifer Greenstreet,,,https://lawyers.justia.com/lawyer/jennifer-greenstreet-919513,Prairie Village,KS,Johnson,,,General,6429 Willow Ln,66208,Kansas City,2,
Carolyn Millard,,,https://lawyers.justia.com/lawyer/carolyn-millard-919593,Prairie Village,KS,Johnson,(913) 383-8444,,General,7730 Aberdeen Ave,66208,Kansas City,2,
Dolly Anderson,,,https://lawyers.justia.com/lawyer/dolly-anderson-924137,Prairie Village,KS,Johnson,(913) 432-1900,,Estate Planning,6117 Mission Dr,66208,Kansas City,4,
Michelle Marie Burge,,,https://lawyers.justia.com/lawyer/michelle-marie-burge-1730978,Prairie Village,KS,Johnson,(816) 581-4393,,General,4200 SOMERSET DR,66208,Kansas City,2,
Susanne Burson,,,https://lawyers.justia.com/lawyer/susanne-burson-919772,Prairie Village,KS,Johnson,,,General,3009 W 72nd St,66208,Kansas City,2,
Judson Luke Herbster,,,https://lawyers.justia.com/lawyer/judson-luke-herbster-1731156,Prairie Village,KS,Johnson,(913) 752-9956,,General,PO BOX 8588,66208,Kansas City,2,
Curtis Krizek,,,https://lawyers.justia.com/lawyer/curtis-krizek-922992,Prairie Village,KS,Johnson,(913) 385-5522,,General,4200 Somerset Dr,66208,Kansas City,2,
Elizabeth Huston,,,https://lawyers.justia.com/lawyer/elizabeth-huston-921278,Prairie Village,KS,Johnson,(913) 551-7525,,General,4314 W 74th Terrace,66208,Kansas City,2,
Sheryl Dick,,,https://lawyers.justia.com/lawyer/sheryl-dick-919691,Prairie Village,KS,Johnson,(913) 722-3963,,General,4818 W 64th St,66208,Kansas City,2,
Lisa Joyce,,,https://lawyers.justia.com/lawyer/lisa-joyce-923180,Prairie Village,KS,Johnson,,,General,8000 Fontana St,66208,Kansas City,2,
Mark Collins,,,https://lawyers.justia.com/lawyer/mark-collins-918383,Prairie Village,KS,Johnson,(913) 926-7103,,General,3800 W 74th St,66208,Kansas City,2,
Kris Arnold,,,https://lawyers.justia.com/lawyer/kris-arnold-919911,Prairie Village,KS,Johnson,,,General,2500 W 75th Pl,66208,Kansas City,2,
Rachel Smith,,,https://lawyers.justia.com/lawyer/rachel-smith-920745,Prairie Village,KS,Johnson,(913) 706-0878,,General,3300 W 75th St,66208,Kansas City,2,
Todd Jones,,,https://lawyers.justia.com/lawyer/todd-jones-916326,Prairie Village,KS,Johnson,,,General,7743 Chadwick St,66208,Kansas City,2,
Lee Solter,,,https://lawyers.justia.com/lawyer/lee-solter-918588,Prairie Village,KS,Johnson,(913) 381-0015,,General,8017 Rosewood Dr,66208,Kansas City,2,
Judith Deedy,,,https://lawyers.justia.com/lawyer/judith-deedy-916768,Prairie Village,KS,Johnson,,,General,6516 Overbrook Rd,66208,Kansas City,2,
Debra Spence,,,https://lawyers.justia.com/lawyer/debra-spence-919581,Prairie Village,KS,Johnson,,,Estate Planning,3916 W 68th Terrace,66208,Kansas City,4,
Anita Chancey,,,https://lawyers.justia.com/lawyer/anita-chancey-923010,Prairie Village,KS,Johnson,(913) 901-0108,,General,2701 W 77th St,66208,Kansas City,2,
Patricia Love,,,https://lawyers.justia.com/lawyer/patricia-love-922787,Prairie Village,KS,Johnson,(913) 312-5040,,General,4800 W 65th Terrace,66208,Kansas City,2,
Lisa Creighton Hendricks,,,https://lawyers.justia.com/lawyer/lisa-creighton-hendricks-922351,Prairie Village,KS,Johnson,(913) 236-8904,,General,5814 Mission Dr,66208,Kansas City,2,
Jennifer Brouillette,,,https://lawyers.justia.com/lawyer/jennifer-brouillette-917683,Prairie Village,KS,Johnson,,,General,6607 Willow Ln,66208,Kansas City,2,
Molly Brown,,,https://lawyers.justia.com/lawyer/molly-brown-922765,Prairie Village,KS,Johnson,,,General,4007 W 69th St,66208,Kansas City,2,
Harold Henson,,,https://lawyers.justia.com/lawyer/harold-henson-915941,Prairie Village,KS,Johnson,,,General,7905 Dearborn Dr,66208,Kansas City,2,
Nan Sigman,,,https://lawyers.justia.com/lawyer/nan-sigman-917167,Prairie Village,KS,Johnson,(913) 831-2835,,General,6401 Sagamore Rd,66208,Kansas City,2,
Sharon Greenfield,,,https://lawyers.justia.com/lawyer/sharon-greenfield-919510,Prairie Village,KS,Johnson,(913) 236-2362,,General,2208 W 72nd St,66208,Kansas City,2,
Angela Hatley,,,https://lawyers.justia.com/lawyer/angela-hatley-921767,Prairie Village,KS,Johnson,(913) 403-9286,,General,4122 Prairie Ln,66208,Kansas City,2,
Cherie Crow,,,https://lawyers.justia.com/lawyer/cherie-crow-921573,Prairie Village,KS,Johnson,,,General,3965 W 83rd St,66208,Kansas City,2,
Christopher Elston,,,https://lawyers.justia.com/lawyer/christopher-elston-923638,Prairie Village,KS,Johnson,(913) 383-1045,,General,8004 Dearborn Dr,66208,Kansas City,2,
Martha Madden,,,https://lawyers.justia.com/lawyer/martha-madden-918214,Prairie Village,KS,Johnson,,,General,5400 W 83rd St,66208,Kansas City,2,
Tariq Abdullah,,,https://lawyers.justia.com/lawyer/tariq-abdullah-920414,Prairie Village,KS,Johnson,,,General,3965 W 83rd St,66208,Kansas City,2,
Basil Kelsey,,,https://lawyers.justia.com/lawyer/basil-kelsey-922526,Prairie Village,KS,Johnson,(913) 432-5620,,General,26 Compton Ct,66208,Kansas City,2,
Kristy Lambert Elisha,,,https://lawyers.justia.com/lawyer/kristy-lambert-elisha-922405,Prairie Village,KS,Johnson,,,General,5616 W 82nd St,66208,Kansas City,2,
Kathleen Rhoades,,,https://lawyers.justia.com/lawyer/kathleen-rhoades-919858,Prairie Village,KS,Johnson,(913) 649-4953,,General,8201 Rosewood Ln,66208,Kansas City,2,
Ryan Mang,,,https://lawyers.justia.com/lawyer/ryan-mang-922128,Prairie Village,KS,Johnson,(913) 908-8427,,General,2515 W 73rd St,66208,Kansas City,2,
Robert Bruchman,,,https://lawyers.justia.com/lawyer/robert-bruchman-919176,Prairie Village,KS,Johnson,,,General,5223 W 71st Terrace,66208,Kansas City,2,
John Dodd,,,https://lawyers.justia.com/lawyer/john-dodd-917655,Prairie Village,KS,Johnson,(913) 648-4112,,General,40 Le Mans Ct,66208,Kansas City,2,
Kathleen Butterfield,,,https://lawyers.justia.com/lawyer/kathleen-butterfield-918767,Prairie Village,KS,Johnson,,,General,4300 W 79th St,66208,Kansas City,2,
Lisa Maturo,,,https://lawyers.justia.com/lawyer/lisa-maturo-921083,Prairie Village,KS,Johnson,,,General,6826 Fontana St,66208,Kansas City,2,
Margaret S. Newcomer,,,https://lawyers.justia.com/lawyer/margaret-s-newcomer-1727574,Prairie Village,KS,Johnson,(720) 290-5592,,General,5308 W 80TH ST,66208,Kansas City,2,
Adam Matthew Evans,,,https://lawyers.justia.com/lawyer/adam-matthew-evans-1526375,Prairie Village,KS,Johnson,(800) 701-3672,,Personal Injury,5100 West 95th Street,66207,Kansas City,5,
Ralph Monaco,,,https://lawyers.justia.com/lawyer/ralph-monaco-916951,Prairie Village,KS,Johnson,(913) 362-5039,,General,2301 Arno Rd,66208,Kansas City,2,
Gerald Gleason,,,https://lawyers.justia.com/lawyer/gerald-gleason-923819,Prairie Village,KS,Johnson,(913) 261-5711,,General,6940 Mission Rd,66208,Kansas City,2,
William Gray,,,https://lawyers.justia.com/lawyer/william-gray-916417,Prairie Village,KS,Johnson,,,General,6556 Sagamore Rd,66208,Kansas City,2,
Matthew Weaver,,,https://lawyers.justia.com/lawyer/matthew-weaver-917695,Prairie Village,KS,Johnson,,,General,6705 Roe Ave,66208,Kansas City,2,
Kevin Dunn,,,https://lawyers.justia.com/lawyer/kevin-dunn-920503,Prairie Village,KS,Johnson,(913) 362-9083,,General,7224 High Dr,66208,Kansas City,2,
Patricia Rosa,,,https://lawyers.justia.com/lawyer/patricia-rosa-923325,Prairie Village,KS,Johnson,,,General,4109 W 66th St,66208,Kansas City,2,
Lori Rose,,,https://lawyers.justia.com/lawyer/lori-rose-923328,Prairie Village,KS,Johnson,(913) 648-5171,,General,2210 W 70th Terrace,66208,Kansas City,2,
Benjamin Casad,,,https://lawyers.justia.com/lawyer/benjamin-casad-923774,Prairie Village,KS,Johnson,(913) 371-8000,,General,7943 Reinhardt Ln,66208,Kansas City,2,
Anne Hawley,,,https://lawyers.justia.com/lawyer/anne-hawley-920048,Prairie Village,KS,Johnson,,,General,4815 W 69th Terrace,66208,Kansas City,2,
Brian Docking,,,https://lawyers.justia.com/lawyer/brian-docking-916991,Prairie Village,KS,Johnson,(913) 331-5751,,General,4214 W 74th Terrace,66208,Kansas City,2,
Fred Green,,,https://lawyers.justia.com/lawyer/fred-green-921400,Prairie Village,KS,Johnson,(913) 235-1647,,General,4704 W 69th St,66208,Kansas City,2,
Richard Hall,,,https://lawyers.justia.com/lawyer/richard-hall-919652,Prairie Village,KS,Johnson,(913) 492-1346,,General,2504 W 71st St,66208,Kansas City,2,
Nina McKenna,,,https://lawyers.justia.com/lawyer/nina-mckenna-922043,Prairie Village,KS,Johnson,,,General,2519 Tomahawk Rd,66208,Kansas City,2,
Charles Hoffhaus,,,https://lawyers.justia.com/lawyer/charles-hoffhaus-921163,Prairie Village,KS,Johnson,(913) 341-7372,,General,56 Coventry Ct,66208,Kansas City,2,
Paulette Manville,,,https://lawyers.justia.com/lawyer/paulette-manville-923937,Prairie Village,KS,Johnson,(913) 642-7300,,General,5211 W 80th Terrace,66208,Kansas City,2,
David Halphin,,,https://lawyers.justia.com/lawyer/david-halphin-922865,Prairie Village,KS,Johnson,,,General,8010 State Line Rd,66208,Kansas City,2,
Charles Hannagan,,,https://lawyers.justia.com/lawyer/charles-hannagan-920020,Prairie Village,KS,Johnson,,,General,4817 W 64th Terrace,66208,Kansas City,2,
David Fey,,,https://lawyers.justia.com/lawyer/david-fey-919264,Prairie Village,KS,Johnson,(913) 789-7633,,General,3000 W 67th St,66208,Kansas City,2,
Cynthia Robinson,,,https://lawyers.justia.com/lawyer/cynthia-robinson-918747,Prairie Village,KS,Johnson,,,General,7307 Rosewood Dr,66208,Kansas City,2,
Todd Richardson,,,https://lawyers.justia.com/lawyer/todd-richardson-924126,Prairie Village,KS,Johnson,(913) 279-7283,,General,2014 W 72nd St,66208,Kansas City,2,
Patricia Aylward-Kalb,,,https://lawyers.justia.com/lawyer/patricia-aylward-kalb-918593,Prairie Village,KS,Johnson,(913) 342-7070,,General,7187 Cherokee Dr,66208,Kansas City,2,
Dennis Schapker,,,https://lawyers.justia.com/lawyer/dennis-schapker-916086,Prairie Village,KS,Johnson,(913) 339-2000,,General,7618 Chadwick St,66208,Kansas City,2,
William Miller,,,https://lawyers.justia.com/lawyer/william-miller-924229,Prairie Village,KS,Johnson,(913) 851-8405,,General,7724 Rosewood Ln,66208,Kansas City,2,
William Stapp,,,https://lawyers.justia.com/lawyer/william-stapp-917084,Prairie Village,KS,Johnson,,,General,2000 W 70th St,66208,Kansas City,2,
Frank B. W. McCollum,,,https://lawyers.justia.com/lawyer/frank-b-w-mccollum-917446,Mission,KS,Johnson,(913) 236-7500,,Divorce,4330 Shawnee Mission Pkwy,66205,Kansas City,5,
Ronald Gold,,,https://lawyers.justia.com/lawyer/ronald-gold-920362,Mission,KS,Johnson,(913) 362-0860,,General,5959 Woodson Rd,66202,Kansas City,2,
Scott Brown,,,https://lawyers.justia.com/lawyer/scott-brown-920161,Mission,KS,Johnson,(913) 371-1272,,General,5645 State Park Rd,66205,Kansas City,2,
Oscar Brewer,,,https://lawyers.justia.com/lawyer/oscar-brewer-918554,Mission,KS,Johnson,(913) 722-5335,,General,5335 Mission Rd,66205,Kansas City,2,
Karl Johnson,,,https://lawyers.justia.com/lawyer/karl-johnson-921144,Mission,KS,Johnson,(913) 262-1886,,General,4330 Shawnee Mission Pkwy,66205,Kansas City,2,
Karen Seymour Nettelblad,,,https://lawyers.justia.com/lawyer/karen-seymour-nettelblad-918769,Mission,KS,Johnson,(913) 676-3077,,General,5200 Metcalf Ave,66202,Kansas City,2,
Robert Pitkin,,,https://lawyers.justia.com/lawyer/robert-pitkin-923117,Mission,KS,Johnson,(913) 831-6900,,General,6330 Lamar Ave,66202,Kansas City,2,
Clinton Woerth,,,https://lawyers.justia.com/lawyer/clinton-woerth-923723,Mission,KS,Johnson,(913) 677-0253,,General,4220 Shawnee Mission Pkwy,66205,Kansas City,2,
Karen Calvin,,,https://lawyers.justia.com/lawyer/karen-calvin-921688,Mission,KS,Johnson,,,General,6119 Lockton Ln,66205,Kansas City,2,
Deboarh Westphal,,,https://lawyers.justia.com/lawyer/deboarh-westphal-916379,Mission,KS,Johnson,(913) 322-3992,,General,5909 Martway St,66202,Kansas City,2,
Mark Buyle,,,https://lawyers.justia.com/lawyer/mark-buyle-920668,Mission,KS,Johnson,(913) 236-1928,,General,6300 Lamar Ave,66202,Kansas City,2,
Michael Sears,,,https://lawyers.justia.com/lawyer/michael-sears-919476,Mission,KS,Johnson,(913) 647-1289,,General,7700 Shawnee Mission Pkwy,66202,Kansas City,2,
Jon-Jason Richie,,,https://lawyers.justia.com/lawyer/jon-jason-richie-917428,Mission,KS,Johnson,(913) 236-1928,,General,6300 Lamar Ave,66202,Kansas City,2,
Scott Giffen,,,https://lawyers.justia.com/lawyer/scott-giffen-916231,Mission,KS,Johnson,(913) 831-0420,,Estate Planning,5700 Broadmoor St,66202,Kansas City,4,
Charles John Loose,,,https://lawyers.justia.com/lawyer/charles-john-loose-1731251,Overland Park,KS,Johnson,(816) 519-0642,,General,4008 W 100TH TER,66207,Kansas City,2,
Jerald Long,,,https://lawyers.justia.com/lawyer/jerald-long-920476,Mission,KS,Johnson,(913) 831-0420,,General,5700 Broadmoor St,66202,Kansas City,2,
Phillip Schuley,,,https://lawyers.justia.com/lawyer/phillip-schuley-923372,Mission,KS,Johnson,(913) 908-7079,,General,6612 Marty St,66202,Kansas City,2,
Douglas Delsemme,,,https://lawyers.justia.com/lawyer/douglas-delsemme-918992,Mission,KS,Johnson,(913) 362-9455,,General,6231 Robinson St,66202,Kansas City,2,
Humaira Ahmad Mirza,,,https://lawyers.justia.com/lawyer/humaira-ahmad-mirza-1731301,Overland Park,KS,Johnson,(816) 462-0533,,General,5721 W 84TH ST,66207,Kansas City,2,
Gordon Atcheson,,,https://lawyers.justia.com/lawyer/gordon-atcheson-916861,Mission,KS,Johnson,(913) 362-8650,,General,4800 Rainbow Blvd,66205,Kansas City,2,
Wendy Hills,,,https://lawyers.justia.com/lawyer/wendy-hills-923252,Mission,KS,Johnson,(913) 236-2013,,General,6300 Lamar Ave,66202,Kansas City,2,
Joanna Rush,,,https://lawyers.justia.com/lawyer/joanna-rush-920238,Mission,KS,Johnson,,,General,5149 Buena Vista St,66205,Kansas City,2,
James Crabtree,,,https://lawyers.justia.com/lawyer/james-crabtree-922173,Mission,KS,Johnson,(913) 831-4422,,General,6045 Martway St,66202,Kansas City,2,
Steve Bolton,,,https://lawyers.justia.com/lawyer/steve-bolton-922755,Overland Park,KS,Johnson,(913) 831-3600,,Bankruptcy,7201 Metcalf Ave,66204,Kansas City,4,
Seanna Higley,,,https://lawyers.justia.com/lawyer/seanna-higley-917602,Mission,KS,Johnson,(913) 831-9550,,General,5293 Foxridge Dr,66202,Kansas City,2,
Megan Bray,,,https://lawyers.justia.com/lawyer/megan-bray-918671,Mission,KS,Johnson,(913) 236-2304,,General,6300 Lamar Ave,66202,Kansas City,2,
John Rathmel,,,https://lawyers.justia.com/lawyer/john-rathmel-922827,Overland Park,KS,Johnson,(913) 432-5709,,General,6750 Antioch Rd,66204,Kansas City,2,
Kevin Lyons,,,https://lawyers.justia.com/lawyer/kevin-lyons-918541,Mission,KS,Johnson,(913) 362-7300,,General,6145 Grandview St,66202,Kansas City,2,
Brianna Rose Harris,,,https://lawyers.justia.com/lawyer/brianna-rose-harris-1731141,Merriam,KS,Johnson,(785) 296-6966,,General,6750 ANTIOCH RD,66204,Kansas City,2,
Leslie Anne Woodward,,,https://lawyers.justia.com/lawyer/leslie-anne-woodward-1731545,Overland Park,KS,Johnson,(913) 206-4470,,General,9917 BUENA VISTA,66207,Kansas City,2,
Nathalie Elliott,,,https://lawyers.justia.com/lawyer/nathalie-elliott-921949,Mission,KS,Johnson,(913) 831-6900,,General,6330 Lamar Ave,66202,Kansas City,2,
John Ivan,,,https://lawyers.justia.com/lawyer/john-ivan-922333,Mission,KS,Johnson,(913) 384-0370,,General,8600 Shawnee Mission Pkwy,66202,Kansas City,2,
Robert Gowdy,,,https://lawyers.justia.com/lawyer/robert-gowdy-920665,Mission,KS,Johnson,(913) 432-2914,,General,6604 W 66th St,66202,Kansas City,2,
David Miller,,,https://lawyers.justia.com/lawyer/david-miller-919599,Overland Park,KS,Johnson,,,General,6328 W 67th Terrace,66204,Kansas City,2,
Jon Christlieb,,,https://lawyers.justia.com/lawyer/jon-christlieb-916607,Overland Park,KS,Johnson,,,General,9631 Horton St,66207,Kansas City,2,
James Lorenzetti,,,https://lawyers.justia.com/lawyer/james-lorenzetti-924208,Mission,KS,Johnson,(913) 432-1826,,Bankruptcy,5800 Foxridge Dr,66202,Kansas City,4,
Marilyn Crabtree,,,https://lawyers.justia.com/lawyer/marilyn-crabtree-922175,Mission,KS,Johnson,(913) 831-4422,,General,6045 Martway St,66202,Kansas City,2,
Christopher Pittman,,,https://lawyers.justia.com/lawyer/christopher-pittman-923120,Overland Park,KS,Johnson,(913) 383-9248,,General,5370 W 95th St,66207,Kansas City,2,
David Matson,,,https://lawyers.justia.com/lawyer/david-matson-917147,Overland Park,KS,Johnson,,,General,7602 Kessler Ln,66204,Kansas City,2,
Robert Funk,,,https://lawyers.justia.com/lawyer/robert-funk-921564,Overland Park,KS,Johnson,(913) 794-8886,,General,7132 Reeds Rd,66204,Kansas City,2,
Heather Huston,,,https://lawyers.justia.com/lawyer/heather-huston-921279,Overland Park,KS,Johnson,,,General,8729 Birch Ln,66207,Kansas City,2,
Betsie Czeschin,,,https://lawyers.justia.com/lawyer/betsie-czeschin-916382,Mission,KS,Johnson,,,General,8015 Shawnee Mission Pkwy,66202,Kansas City,2,
David Patzman,,,https://lawyers.justia.com/lawyer/david-patzman-916278,Mission,KS,Johnson,(913) 831-4977,,General,5366 Mission Rd,66205,Kansas City,2,
Jonathan Bosch,,,https://lawyers.justia.com/lawyer/jonathan-bosch-919376,Overland Park,KS,Johnson,,,General,8407 W 72nd Terrace,66204,Kansas City,2,
Darcy Clymer,,,https://lawyers.justia.com/lawyer/darcy-clymer-922657,Mission,KS,Johnson,(913) 676-5246,,General,5200 Metcalf Ave,66202,Kansas City,2,
Jane Krieger,,,https://lawyers.justia.com/lawyer/jane-krieger-922983,Overland Park,KS,Johnson,(913) 906-6000,,General,9316 Alhambra St,66207,Kansas City,2,
Sara Deubner,,,https://lawyers.justia.com/lawyer/sara-deubner-916895,Overland Park,KS,Johnson,(913) 384-1636,,General,6601 W 67th St,66204,Kansas City,2,
Sharon K. Euler,,,https://lawyers.justia.com/lawyer/sharon-k-euler-1731063,Prairie Village,KS,Johnson,(816) 510-2277,,General,5350 W 94TH TER,66207,Kansas City,2,
Todd Sherlock,,,https://lawyers.justia.com/lawyer/todd-sherlock-920282,Overland Park,KS,Johnson,(913) 967-8154,,General,4551 W 107th St,66207,Kansas City,2,
Bryan Meyer,,,https://lawyers.justia.com/lawyer/bryan-meyer-923081,Mission,KS,Johnson,(913) 236-1928,,General,6300 Lamar Ave,66202,Kansas City,2,
Thomas Preno,,,https://lawyers.justia.com/lawyer/thomas-preno-921613,Overland Park,KS,Johnson,(913) 383-1419,,General,6816 W 78th St,66204,Kansas City,2,
Frank Hursh,,,https://lawyers.justia.com/lawyer/frank-hursh-921811,Mission,KS,Johnson,,,General,6323 Beverly Dr,66202,Kansas City,2,
Edward Bigus,,,https://lawyers.justia.com/lawyer/edward-bigus-918857,Overland Park,KS,Johnson,(913) 888-4520,,General,8008 Floyd St,66204,Kansas City,2,
John Nesbitt,,,https://lawyers.justia.com/lawyer/john-nesbitt-917512,Mission,KS,Johnson,(913) 676-5244,,General,5200 Metcalf Ave,66202,Kansas City,2,
Dennis Anderson,,,https://lawyers.justia.com/lawyer/dennis-anderson-924136,Overland Park,KS,Johnson,,,General,8705 Rosewood Dr,66207,Kansas City,2,
Larrye Murrell,,,https://lawyers.justia.com/lawyer/larrye-murrell-919462,Mission,KS,Johnson,,,General,4818 Dearborn St,66202,Kansas City,2,
Todd Andrew Bysfield,,,https://lawyers.justia.com/lawyer/todd-andrew-bysfield-915911,Overland Park,KS,Johnson,(913) 381-7502,,Divorce,6910 W 83rd St,66204,Kansas City,5,
Constance Long,,,https://lawyers.justia.com/lawyer/constance-long-920469,Overland Park,KS,Johnson,,,General,9800 El Monte St,66207,Kansas City,2,
Glenn McCann,,,https://lawyers.justia.com/lawyer/glenn-mccann-916403,Mission,KS,Johnson,(913) 236-5191,,General,5323 Mission Rd,66205,Kansas City,2,
Amelia McIntyre,,,https://lawyers.justia.com/lawyer/amelia-mcintyre-917035,Mission,KS,Johnson,(913) 677-5991,,General,3812 W 57th Terrace,66205,Kansas City,2,
Frank Kehrwald,,,https://lawyers.justia.com/lawyer/frank-kehrwald-919167,Mission,KS,Johnson,(913) 676-3125,,General,5200 Metcalf Ave,66202,Kansas City,2,
Patricia Shostak,,,https://lawyers.justia.com/lawyer/patricia-shostak-918942,Overland Park,KS,Johnson,,,General,5111 W 96th St,66207,Kansas City,2,
Louis Wexler,,,https://lawyers.justia.com/lawyer/louis-wexler-920601,Overland Park,KS,Johnson,(913) 831-3600,,Divorce,7201 Metcalf Ave,66204,Kansas City,5,
Rosemary Podrebarac,,,https://lawyers.justia.com/lawyer/rosemary-podrebarac-918461,Mission,KS,Johnson,(913) 907-4489,,General,1905 W 48th Terrace,66205,Kansas City,2,
Alan Stetson,,,https://lawyers.justia.com/lawyer/alan-stetson-919750,Mission,KS,Johnson,(913) 647-1300,,General,7700 Shawnee Mission Pkwy,66202,Kansas City,2,
John Betts,,,https://lawyers.justia.com/lawyer/john-betts-916746,Mission,KS,Johnson,(913) 362-9700,,General,5920 Nall Ave,66202,Kansas City,2,
Paul Marx,,,https://lawyers.justia.com/lawyer/paul-marx-922648,Overland Park,KS,Johnson,(913) 385-7878,,General,9317 Delmar St,66207,Kansas City,2,
Angela McGuire,,,https://lawyers.justia.com/lawyer/angela-mcguire-917138,Mission,KS,Johnson,(913) 315-8537,,General,5506 Beverly Ln,66202,Kansas City,2,
Laura Pflumm Cerezo Baena,,,https://lawyers.justia.com/lawyer/laura-pflumm-cerezo-baena-1730932,Merriam,KS,Johnson,(913) 904-3612,,General,9000 W 67TH ST,66202,Kansas City,2,
David Skidgel,,,https://lawyers.justia.com/lawyer/david-skidgel-921557,Overland Park,KS,Johnson,(913) 642-4533,,General,5310 W 101st Terrace,66207,Kansas City,2,
Maureen Ong,,,https://lawyers.justia.com/lawyer/maureen-ong-923678,Overland Park,KS,Johnson,(913) 649-2866,,General,6001 W 90th Terrace,66207,Kansas City,2,
Patrick Trysla,,,https://lawyers.justia.com/lawyer/patrick-trysla-923883,Mission,KS,Johnson,(913) 384-6800,,General,7700 Shawnee Mission Pkwy,66202,Kansas City,2,
Thomas Mitchelson,,,https://lawyers.justia.com/lawyer/thomas-mitchelson-922954,Mission,KS,Johnson,(913) 432-2300,,General,6005 Johnson Dr,66202,Kansas City,2,
Tiffany Cornejo,,,https://lawyers.justia.com/lawyer/tiffany-cornejo-918551,Mission,KS,Johnson,(913) 831-3000,,General,6310 Lamar Ave,66202,Kansas City,2,
Andrew Lyons,,,https://lawyers.justia.com/lawyer/andrew-lyons-918540,Overland Park,KS,Johnson,(913) 236-9884,,General,7201 Metcalf Ave,66204,Kansas City,2,
Brett Leopold,,,https://lawyers.justia.com/lawyer/brett-leopold-924040,Mission,KS,Johnson,(913) 315-9155,,General,5523 Aberdeen Rd,66205,Kansas City,2,
Lori Raysik,,,https://lawyers.justia.com/lawyer/lori-raysik-916105,Overland Park,KS,Johnson,(913) 345-2486,,General,4111 W 93rd Terrace,66207,Kansas City,2,
Laura McConwell,,,https://lawyers.justia.com/lawyer/laura-mcconwell-917454,Mission,KS,Johnson,(913) 262-0605,,Estate Planning,5925 Beverly St,66202,Kansas City,4,
Krista Oliver,,,https://lawyers.justia.com/lawyer/krista-oliver-918331,Overland Park,KS,Johnson,(913) 362-6518,,General,7134 Walmer St,66204,Kansas City,2,
Paul Lynch,,,https://lawyers.justia.com/lawyer/paul-lynch-915990,Overland Park,KS,Johnson,(913) 383-1073,,General,5436 W 100th St,66207,Kansas City,2,
Jennifer Lepentis,,,https://lawyers.justia.com/lawyer/jennifer-lepentis-919157,Mission,KS,Johnson,(913) 236-2056,,General,6300 Lamar Ave,66202,Kansas City,2,
Mark Haug,,,https://lawyers.justia.com/lawyer/mark-haug-922627,Overland Park,KS,Johnson,(913) 432-0774,,General,9309 Alhambra St,66207,Kansas City,2,
Daniel Schulte,,,https://lawyers.justia.com/lawyer/daniel-schulte-921203,Mission,KS,Johnson,(913) 236-2012,,General,6300 Lamar Ave,66202,Kansas City,2,
Michaela Warden,,,https://lawyers.justia.com/lawyer/michaela-warden-921678,Mission,KS,Johnson,(913) 262-0605,,General,5925 Beverly St,66202,Kansas City,2,
Eric Blevins,,,https://lawyers.justia.com/lawyer/eric-blevins-920465,Mission,KS,Johnson,,,General,5409 Foxridge Dr,66202,Kansas City,2,
Mary-Michael Kelly,,,https://lawyers.justia.com/lawyer/mary-michael-kelly-922017,Overland Park,KS,Johnson,,,Divorce,8401 Linden Ln,66207,Kansas City,5,
Judy M. Bordeau,,,https://lawyers.justia.com/lawyer/judy-m-bordeau-1730957,Overland Park,KS,Johnson,(913) 432-9994,,General,6701 W 64TH ST,66202,Kansas City,2,
Mark Jeffers,,,https://lawyers.justia.com/lawyer/mark-jeffers-917394,Overland Park,KS,Johnson,(913) 653-0728,,Divorce,8000 Foster St,66204,Kansas City,5,
Robert Schuller,,,https://lawyers.justia.com/lawyer/robert-schuller-923373,Mission,KS,Johnson,(913) 895-0519,,General,8500 Shawnee Mission Pkwy,66202,Kansas City,2,
Thomas Kowalski,,,https://lawyers.justia.com/lawyer/thomas-kowalski-917701,Mission,KS,Johnson,(913) 677-1060,,General,6432 Milhaven Dr,66202,Kansas City,2,
Rolf Snyder,,,https://lawyers.justia.com/lawyer/rolf-snyder-916923,Overland Park,KS,Johnson,,,General,9100 Lamar Ave,66207,Kansas City,2,
John Phillips,,,https://lawyers.justia.com/lawyer/john-phillips-921660,Overland Park,KS,Johnson,(913) 385-9900,,Bankruptcy,5250 W 94th Terrace,66207,Kansas City,4,
Catherine McBride,,,https://lawyers.justia.com/lawyer/catherine-mcbride-920971,Mission,KS,Johnson,(913) 676-3085,,General,5200 Metcalf Ave,66202,Kansas City,2,
Jennifer Kyner,,,https://lawyers.justia.com/lawyer/jennifer-kyner-918020,Mission,KS,Johnson,(913) 491-3200,,General,4800 Rainbow Blvd,66205,Kansas City,2,
Barbara Head,,,https://lawyers.justia.com/lawyer/barbara-head-919660,Overland Park,KS,Johnson,(913) 385-1664,,General,10130 Linden St,66207,Kansas City,2,
Michael Callen,,,https://lawyers.justia.com/lawyer/michael-callen-920941,Mission,KS,Johnson,(913) 342-1376,,Medical Malpractice,5501 Foxridge Dr,66202,Kansas City,5,
Kiran Francine Reddy,,,https://lawyers.justia.com/lawyer/kiran-francine-reddy-1794752,Overland Park,KS,Johnson,(913) 225-0713,,General,7616 CONSER,66204,Kansas City,2,
LaShonda Hembry,,,https://lawyers.justia.com/lawyer/lashonda-hembry-917633,Overland Park,KS,Johnson,,,General,8710 W 78th Cir,66204,Kansas City,2,
Christina Schoeppey,,,https://lawyers.justia.com/lawyer/christina-schoeppey-916190,Overland Park,KS,Johnson,(913) 432-5709,,General,6750 Antioch Rd,66204,Kansas City,2,
Annette Hollingsworth,,,https://lawyers.justia.com/lawyer/annette-hollingsworth-921115,Mission,KS,Johnson,,,General,5200 Metcalf Ave,66202,Kansas City,2,
Dean Newton,,,https://lawyers.justia.com/lawyer/dean-newton-922613,Overland Park,KS,Johnson,,,General,8802 Cedar Dr,66207,Kansas City,2,
Sarah Schlicher,,,https://lawyers.justia.com/lawyer/sarah-schlicher-920065,Mission,KS,Johnson,(913) 722-3400,,General,5799 Broadmoor St,66202,Kansas City,2,
Lucy Smith,,,https://lawyers.justia.com/lawyer/lucy-smith-922620,Overland Park,KS,Johnson,,,General,4551 W 107th St,66207,Kansas City,2,
Jim Petrie,,,https://lawyers.justia.com/lawyer/jim-petrie-916386,Overland Park,KS,Johnson,(913) 383-3260,,General,4111 W 97th Terrace,66207,Kansas City,2,
Catherine Donnelly,,,https://lawyers.justia.com/lawyer/catherine-donnelly-919151,Mission,KS,Johnson,,,General,7308 W 54th Terrace,66202,Kansas City,2,
Sarah Thompson,,,https://lawyers.justia.com/lawyer/sarah-thompson-916976,Overland Park,KS,Johnson,,,General,9806 W 79th Pl,66204,Kansas City,2,
Kathleen Coode,,,https://lawyers.justia.com/lawyer/kathleen-coode-924071,Overland Park,KS,Johnson,,,General,4200 W 91st St,66207,Kansas City,2,
Stephen Woodsmall,,,https://lawyers.justia.com/lawyer/stephen-woodsmall-919094,Overland Park,KS,Johnson,(913) 794-1458,,General,8956 Linden Ln,66207,Kansas City,2,
William Dempsey,,,https://lawyers.justia.com/lawyer/william-dempsey-915978,Mission,KS,Johnson,(913) 676-3178,,General,5200 Metcalf Ave,66202,Kansas City,2,
Craig Laird,,,https://lawyers.justia.com/lawyer/craig-laird-920113,Mission,KS,Johnson,(913) 432-1826,,Bankruptcy,5800 Foxridge Dr,66202,Kansas City,4,
Amy Rush,,,https://lawyers.justia.com/lawyer/amy-rush-920236,Mission,KS,Johnson,(913) 236-2000,,General,6300 Lamar Ave,66202,Kansas City,2,
Cynthia Richter,,,https://lawyers.justia.com/lawyer/cynthia-richter-917430,Overland Park,KS,Johnson,(913) 522-5166,,General,4500 W 89th St,66207,Kansas City,2,
Adele McGrath,,,https://lawyers.justia.com/lawyer/adele-mcgrath-919998,Mission,KS,Johnson,(913) 677-7040,,General,6700 W 66th Terrace,66202,Kansas City,2,
Adam Crane,,,https://lawyers.justia.com/lawyer/adam-crane-918183,Overland Park,KS,Johnson,(913) 381-1500,,General,5100 W 95th St,66207,Kansas City,2,
McGovern Elisabeth Bergner,,,https://lawyers.justia.com/lawyer/mcgovern-elisabeth-bergner-1731100,Overland Park,KS,Johnson,(913) 647-1304,,General,7700 SHAWNEE MISSION PKWY,66202,Kansas City,2,
Sherry Bridges,,,https://lawyers.justia.com/lawyer/sherry-bridges-921414,Overland Park,KS,Johnson,,,General,9931 Fontana Dr,66207,Kansas City,2,
John May,,,https://lawyers.justia.com/lawyer/john-may-920564,Overland Park,KS,Johnson,(913) 649-8331,,General,5800 W 85th Terrace,66207,Kansas City,2,
Sam Bruner,,,https://lawyers.justia.com/lawyer/sam-bruner-919179,Overland Park,KS,Johnson,(913) 722-0590,,General,6901 W 69th St,66204,Kansas City,2,
Robert Martinez,,,https://lawyers.justia.com/lawyer/robert-martinez-916345,Overland Park,KS,Johnson,(913) 649-7201,,General,9721 Roe Ave,66207,Kansas City,2,
Nancy Putman,,,https://lawyers.justia.com/lawyer/nancy-putman-919519,Overland Park,KS,Johnson,,,General,8924 Cedar Ln,66207,Kansas City,2,
Bert Benjamin,,,https://lawyers.justia.com/lawyer/bert-benjamin-917666,Overland Park,KS,Johnson,(913) 341-7700,,General,4000 W 101st Terrace,66207,Kansas City,2,
John Mills,,,https://lawyers.justia.com/lawyer/john-mills-915893,Mission,KS,Johnson,,,General,5812 Riggs St,66202,Kansas City,2,
Elizabeth Goddard,,,https://lawyers.justia.com/lawyer/elizabeth-goddard-916334,Overland Park,KS,Johnson,(913) 648-3045,,General,4501 W 87th Terrace,66207,Kansas City,2,
Daniel Shiel,,,https://lawyers.justia.com/lawyer/daniel-shiel-918701,Mission,KS,Johnson,(913) 551-7278,,General,6627 Riggs St,66202,Kansas City,2,
Kevin Leek,,,https://lawyers.justia.com/lawyer/kevin-leek-922817,Overland Park,KS,Johnson,(913) 642-5335,,General,5320 W 101st Terrace,66207,Kansas City,2,
Marc Anderson,,,https://lawyers.justia.com/lawyer/marc-anderson-922491,Mission,KS,Johnson,,,General,7611 W 52nd St,66202,Kansas City,2,
Alan Misler,,,https://lawyers.justia.com/lawyer/alan-misler-917547,Overland Park,KS,Johnson,,,General,10425 Alhambra St,66207,Kansas City,2,
Tracy Worr Tilton,,,https://lawyers.justia.com/lawyer/tracy-worr-tilton-919263,Overland Park,KS,Johnson,,,General,4835 W 87th St,66207,Kansas City,2,
Sarah Elizabeth Noulles,,,https://lawyers.justia.com/lawyer/sarah-elizabeth-noulles-1731330,Overland Park,KS,Johnson,(913) 432-9994,,General,6701 W 64TH ST BLDG 5,66202,Kansas City,2,
Dana Haas,,,https://lawyers.justia.com/lawyer/dana-haas-922608,Overland Park,KS,Johnson,,,General,10118 Horton Dr,66207,Kansas City,2,
Robert Huebner,,,https://lawyers.justia.com/lawyer/robert-huebner-916261,Overland Park,KS,Johnson,(913) 315-4352,,General,10140 El Monte St,66207,Kansas City,2,
Susan Early,,,https://lawyers.justia.com/lawyer/susan-early-917170,Overland Park,KS,Johnson,,,General,5406 W 100th Terrace,66207,Kansas City,2,
Jay Carleton,,,https://lawyers.justia.com/lawyer/jay-carleton-919068,Mission,KS,Johnson,(913) 676-6759,,General,5200 Metcalf Ave,66202,Kansas City,2,
Kristin Kandt,,,https://lawyers.justia.com/lawyer/kristin-kandt-922337,Overland Park,KS,Johnson,,,General,4950 W 88th St,66207,Kansas City,2,
Tom Friedmann,,,https://lawyers.justia.com/lawyer/tom-friedmann-919223,Overland Park,KS,Johnson,,,General,9124 Fontana St,66207,Kansas City,2,
James Stanziola,,,https://lawyers.justia.com/lawyer/james-stanziola-919812,Overland Park,KS,Johnson,(913) 451-1505,,General,16 Wycklow St,66207,Kansas City,2,
Judd Davis,,,https://lawyers.justia.com/lawyer/judd-davis-917733,Overland Park,KS,Johnson,,,General,8229 Eby Ave,66204,Kansas City,2,
Hugh Marshall,,,https://lawyers.justia.com/lawyer/hugh-marshall-924213,Overland Park,KS,Johnson,,,General,9308 Beverly Dr,66207,Kansas City,2,
Joanne Katz,,,https://lawyers.justia.com/lawyer/joanne-katz-921957,Mission,KS,Johnson,(816) 271-5837,,General,5800 Lowell St,66202,Kansas City,2,
Christopher Likens,,,https://lawyers.justia.com/lawyer/christopher-likens-919100,Overland Park,KS,Johnson,(913) 383-3866,,General,5370 W 95th St,66207,Kansas City,2,
George Earnshaw,,,https://lawyers.justia.com/lawyer/george-earnshaw-917172,Overland Park,KS,Johnson,(913) 236-4200,,General,9119 W 72nd St,66204,Kansas City,2,
John Chalfant,,,https://lawyers.justia.com/lawyer/john-chalfant-916811,Overland Park,KS,Johnson,(913) 323-3270,,General,4230 W 104th Terrace,66207,Kansas City,2,
Brian Gray,,,https://lawyers.justia.com/lawyer/brian-gray-917905,Mission,KS,Johnson,(913) 676-5242,,General,5200 Metcalf Ave,66202,Kansas City,2,
Kenneth Lovern,,,https://lawyers.justia.com/lawyer/kenneth-lovern-922791,Mission,KS,Johnson,,,General,5548 Russell St,66202,Kansas City,2,
Steve Stephan,,,https://lawyers.justia.com/lawyer/steve-stephan-920512,Mission,KS,Johnson,(913) 676-5485,,General,5200 Metcalf Ave,66202,Kansas City,2,
Bret Wilson,,,https://lawyers.justia.com/lawyer/bret-wilson-921011,Mission,KS,Johnson,(816) 932-4921,,General,6520 Walmer St,66202,Kansas City,2,
James Borelli,,,https://lawyers.justia.com/lawyer/james-borelli-922644,Mission,KS,Johnson,(816) 292-7249,,General,6509 W 65th Terrace,66202,Kansas City,2,
David Backer,,,https://lawyers.justia.com/lawyer/david-backer-922101,Mission,KS,Johnson,(913) 432-1826,,General,5800 Foxridge Dr,66202,Kansas City,2,
Stacy Koron,,,https://lawyers.justia.com/lawyer/stacy-koron-919147,Mission,KS,Johnson,(913) 403-9903,,General,7216 W 55th St,66202,Kansas City,2,
James Kunce,,,https://lawyers.justia.com/lawyer/james-kunce-918032,Overland Park,KS,Johnson,(913) 385-0900,,General,7906 Lowell Ave,66204,Kansas City,2,
Keith Cohen,,,https://lawyers.justia.com/lawyer/keith-cohen-917949,Overland Park,KS,Johnson,,,General,8505 Juniper Ln,66207,Kansas City,2,
Ted Manvitz,,,https://lawyers.justia.com/lawyer/ted-manvitz-923938,Overland Park,KS,Johnson,,,General,5511 W 101st St,66207,Kansas City,2,
Peter Griffith,,,https://lawyers.justia.com/lawyer/peter-griffith-921896,Overland Park,KS,Johnson,,,General,10231 Fontana Ln,66207,Kansas City,2,
Paul Barber,,,https://lawyers.justia.com/lawyer/paul-barber-921596,Overland Park,KS,Johnson,,,General,4404 W 94th St,66207,Kansas City,2,
Lawrence Brennan,,,https://lawyers.justia.com/lawyer/lawrence-brennan-916281,Overland Park,KS,Johnson,,,General,6009 W 90th St,66207,Kansas City,2,
Zachary Luea,,,https://lawyers.justia.com/lawyer/zachary-luea-917498,Mission,KS,Johnson,,,General,4900 Glenwood St,66202,Kansas City,2,
David Caviness,,,https://lawyers.justia.com/lawyer/david-caviness-923919,Mission,KS,Johnson,(913) 432-1826,,General,5800 Foxridge Dr,66202,Kansas City,2,
John Page,,,https://lawyers.justia.com/lawyer/john-page-922669,Overland Park,KS,Johnson,,,General,6303 W 69th St,66204,Kansas City,2,
Paula L. Schwach,,,https://lawyers.justia.com/lawyer/paula-l-schwach-1731428,Fairway,KS,Johnson,(913) 710-8432,,General,3942 SHAWNEE MISSION PKWY,66205,Kansas City,2,
Derek Guemmer,,,https://lawyers.justia.com/lawyer/derek-guemmer-918462,Mission,KS,Johnson,(913) 748-4735,,General,1901 W 47th Pl,66205,Kansas City,2,
Frederic Christopher Carlson,,,https://lawyers.justia.com/lawyer/frederic-christopher-carlson-1780454,Roeland Park,KS,Johnson,(816) 605-3960,,General,4936 FONTANA ST,66205,Kansas City,2,
Salama Mieretta Gallimore,,,https://lawyers.justia.com/lawyer/salama-mieretta-gallimore-1731096,Westwood,KS,Johnson,(913) 261-6157,,General,1900 W 47TH PL,66205,Kansas City,2,
Mikeal Hagerdon,,,https://lawyers.justia.com/lawyer/mikeal-hagerdon-916738,Mission,KS,Johnson,(913) 362-3388,,Personal Injury,4800 Rainbow Blvd,66205,Kansas City,5,
Barbara Wilson,,,https://lawyers.justia.com/lawyer/barbara-wilson-921008,Mission,KS,Johnson,(816) 235-5374,,General,5326 Norwood St,66205,Kansas City,2,
Bruce McClelland,,,https://lawyers.justia.com/lawyer/bruce-mcclelland-920376,Mission,KS,Johnson,(913) 722-0466,,General,6111 Lockton Ln,66205,Kansas City,2,
Robert Feiring,,,https://lawyers.justia.com/lawyer/robert-feiring-916370,Mission,KS,Johnson,(913) 371-2222,,General,5301 Chadwick Rd,66205,Kansas City,2,
Dale Bennett,,,https://lawyers.justia.com/lawyer/dale-bennett-917670,Mission,KS,Johnson,(913) 345-0008,,Personal Injury,4800 Rainbow Blvd,66205,Kansas City,5,
James Cooper,,,https://lawyers.justia.com/lawyer/james-cooper-919245,Mission,KS,Johnson,(913) 387-2065,,Estate Planning,1901 W 47th Pl,66205,Kansas City,4,
Joan Ruff,,,https://lawyers.justia.com/lawyer/joan-ruff-918754,Mission,KS,Johnson,,,General,5317 Mission Woods Terrace,66205,Kansas City,2,
Sidney Hunt,,,https://lawyers.justia.com/lawyer/sidney-hunt-921671,Mission,KS,Johnson,(913) 722-3901,,General,2400 W 51st Terrace,66205,Kansas City,2,
Stephen McManus,,,https://lawyers.justia.com/lawyer/stephen-mcmanus-919638,Mission,KS,Johnson,,,General,5125 Roe Blvd,66205,Kansas City,2,
Frances Rove,,,https://lawyers.justia.com/lawyer/frances-rove-922136,Mission,KS,Johnson,,,General,5445 Rosewood St,66205,Kansas City,2,
Susan Stanley,,,https://lawyers.justia.com/lawyer/susan-stanley-919809,Mission,KS,Johnson,(913) 789-7130,,General,4811 Belinder Ct,66205,Kansas City,2,
James Capper,,,https://lawyers.justia.com/lawyer/james-capper-920309,Mission,KS,Johnson,(913) 676-5528,,General,5209 Juniper Dr,66205,Kansas City,2,
Keith E. Drill,,,https://lawyers.justia.com/lawyer/keith-e-drill-1730832,Roeland Park,KS,Johnson,(913) 384-1200,,General,5115 ROE BLVD,66205,Kansas City,2,
James Poplinger,,,https://lawyers.justia.com/lawyer/james-poplinger-919964,Mission,KS,Johnson,(913) 432-0292,,General,5300 Aberdeen St,66205,Kansas City,2,
David Wetzler,,,https://lawyers.justia.com/lawyer/david-wetzler-915908,Mission,KS,Johnson,(913) 236-3091,,General,5201 Johnson Dr,66205,Kansas City,2,
Carol Buchanan,,,https://lawyers.justia.com/lawyer/carol-buchanan-917926,Mission,KS,Johnson,,,General,5324 Chadwick Rd,66205,Kansas City,2,
Janet Justus,,,https://lawyers.justia.com/lawyer/janet-justus-921799,Mission,KS,Johnson,(913) 722-9555,,General,1900 W 47th Pl,66205,Kansas City,2,
Kelli Newton Breer,,,https://lawyers.justia.com/lawyer/kelli-newton-breer-917956,Mission,KS,Johnson,(913) 451-8788,,General,2715 W 48th Terrace,66205,Kansas City,2,
Michael Martin,,,https://lawyers.justia.com/lawyer/michael-martin-922799,Mission,KS,Johnson,(913) 362-8560,,General,4800 Rainbow Blvd,66205,Kansas City,2,
Kevin Travis,,,https://lawyers.justia.com/lawyer/kevin-travis-920873,Mission,KS,Johnson,(913) 432-4134,,General,2511 W 51st St,66205,Kansas City,2,
Janet Ensign,,,https://lawyers.justia.com/lawyer/janet-ensign-918134,Mission,KS,Johnson,(913) 236-7656,,General,2518 W 50th Pl,66205,Kansas City,2,
Henry Kirchhoff,,,https://lawyers.justia.com/lawyer/henry-kirchhoff-918008,Mission,KS,Johnson,(816) 966-2338,,General,5425 Neosho Ave,66205,Kansas City,2,
Stacy Brines,,,https://lawyers.justia.com/lawyer/stacy-brines-916986,Mission,KS,Johnson,(913) 387-2065,,Estate Planning,1901 W 47th Pl,66205,Kansas City,4,
John Pace,,,https://lawyers.justia.com/lawyer/john-pace-919361,Mission,KS,Johnson,(913) 226-6755,,General,5414 Chadwick St,66205,Kansas City,2,
Rebecca Bennett,,,https://lawyers.justia.com/lawyer/rebecca-bennett-922747,Mission,KS,Johnson,,,General,4800 Rainbow Blvd,66205,Kansas City,2,
Rosella Bunch,,,https://lawyers.justia.com/lawyer/rosella-bunch-922341,Mission,KS,Johnson,(913) 362-5618,,General,5700 Lockton Ln,66205,Kansas City,2,
Joan Cobb Kaufmann,,,https://lawyers.justia.com/lawyer/joan-cobb-kaufmann-919414,Mission,KS,Johnson,(913) 579-5449,,Personal Injury,2109 W 50th Terrace,66205,Kansas City,5,
Alejandro Solorio,,,https://lawyers.justia.com/lawyer/alejandro-solorio-918587,Mission,KS,Johnson,(913) 813-7300,,General,5400 W 58th Terrace,66205,Kansas City,2,
George Story,,,https://lawyers.justia.com/lawyer/george-story-920856,Mission,KS,Johnson,,,General,4330 Shawnee Mission Pkwy,66205,Kansas City,2,
Melissa Witcher,,,https://lawyers.justia.com/lawyer/melissa-witcher-924103,Mission,KS,Johnson,(913) 432-2671,,General,5801 Howe Dr,66205,Kansas City,2,
Bryan McMahon,,,https://lawyers.justia.com/lawyer/bryan-mcmahon-919635,Mission,KS,Johnson,,,General,5709 Birch St,66205,Kansas City,2,
Shannon Leigh Kelman,,,https://lawyers.justia.com/lawyer/shannon-leigh-kelman-1731198,Westwood,KS,Johnson,(913) 608-9086,,General,3001 W 50TH TER,66205,Kansas City,2,
Seth K. Jones,,,https://lawyers.justia.com/lawyer/seth-k-jones-1730855,Mission,KS,Johnson,(913) 563-6256,,General,5201 JOHNSON DR,66205,Kansas City,2,
Elizabeth Mellor Goodwin,,,https://lawyers.justia.com/lawyer/elizabeth-mellor-goodwin-918893,Mission,KS,Johnson,(913) 371-3242,,General,5221 Juniper Dr,66205,Kansas City,2,
Terry Wall,,,https://lawyers.justia.com/lawyer/terry-wall-916412,Mission,KS,Johnson,,,General,5011 Neosho Ave,66205,Kansas City,2,
Adam Peer,,,https://lawyers.justia.com/lawyer/adam-peer-921916,Mission,KS,Johnson,(913) 371-3838,,General,5125 Roe Blvd,66205,Kansas City,2,
Beth Riga,,,https://lawyers.justia.com/lawyer/beth-riga-921358,Mission,KS,Johnson,,,General,5640 Belinder Rd,66205,Kansas City,2,
Thomas Munro,,,https://lawyers.justia.com/lawyer/thomas-munro-918437,Mission,KS,Johnson,,,General,4901 Glendale Rd,66205,Kansas City,2,
Eileen Hiney,,,https://lawyers.justia.com/lawyer/eileen-hiney-923240,Mission,KS,Johnson,,,General,2809 W 49th St,66205,Kansas City,2,
Gary Mathews,,,https://lawyers.justia.com/lawyer/gary-mathews-917141,Mission,KS,Johnson,,,General,5623 Suwanee Rd,66205,Kansas City,2,
Anne Henry,,,https://lawyers.justia.com/lawyer/anne-henry-920448,Mission,KS,Johnson,(913) 236-7260,,General,5311 Mission Rd,66205,Kansas City,2,
Timothy Marks,,,https://lawyers.justia.com/lawyer/timothy-marks-917206,Mission,KS,Johnson,(913) 831-2800,,General,4800 Rainbow Blvd,66205,Kansas City,2,
Geoffrey Jennings,,,https://lawyers.justia.com/lawyer/geoffrey-jennings-918258,Mission,KS,Johnson,(310) 734-1816,,General,2706 W 53rd St,66205,Kansas City,2,
James Sanders,,,https://lawyers.justia.com/lawyer/james-sanders-918195,Mission,KS,Johnson,(913) 384-0633,,General,5300 Mohawk St,66205,Kansas City,2,
Stephen Zane,,,https://lawyers.justia.com/lawyer/stephen-zane-922316,Mission,KS,Johnson,(913) 362-0510,,General,1900 Shawnee Mission Pkwy,66205,Kansas City,2,
Stephanie R. Tucker Muir,,,https://lawyers.justia.com/lawyer/stephanie-r-tucker-muir-1731312,Fairway,KS,Johnson,(913) 534-8099,,General,4400 SHAWNEE MISSION PKWY,66205,Kansas City,2,
William Webb,,,https://lawyers.justia.com/lawyer/william-webb-923226,Gardner,KS,Johnson,(913) 893-6632,,General,37000 W 155th St,66030,Kansas City,2,
Colleen Collette,,,https://lawyers.justia.com/lawyer/colleen-collette-923058,Gardner,KS,Johnson,(913) 481-1452,,General,616 N Cedar St,66030,Kansas City,2,
Raymond Wiggins,,,https://lawyers.justia.com/lawyer/raymond-wiggins-924302,Gardner,KS,Johnson,(913) 884-2024,,General,14643 Oak Valley Dr,66030,Kansas City,2,
Linus Layne Baker,,,https://lawyers.justia.com/lawyer/linus-layne-baker-921390,Gardner,KS,Johnson,(913) 856-6437,,General,28595 W 207th St,66030,Kansas City,2,
John Jones,,,https://lawyers.justia.com/lawyer/john-jones-924174,Gardner,KS,Johnson,(913) 764-6238,,General,940 Pumpkin Ridge St,66030,Kansas City,2,
Jeff Rogers,,,https://lawyers.justia.com/lawyer/jeff-rogers-921623,Gardner,KS,Johnson,(913) 234-1249,,General,516 E Dogwood St,66030,Kansas City,2,
Peggy Elliott,,,https://lawyers.justia.com/lawyer/peggy-elliott-921950,Gardner,KS,Johnson,(913) 856-5817,,General,29584 W 152nd Terrace,66030,Kansas City,2,
Mark Lewis,,,https://lawyers.justia.com/lawyer/mark-lewis-923495,Gardner,KS,Johnson,(913) 856-6600,,General,109 E Main St,66030,Kansas City,2,
Alicia Martin,,,https://lawyers.justia.com/lawyer/alicia-martin-924220,Gardner,KS,Johnson,(913) 315-4433,,General,721 N Poplar St,66030,Kansas City,2,
Amelia Brown,,,https://lawyers.justia.com/lawyer/amelia-brown-1664543,Overland Park,KS,Johnson,(913) 353-4044,,Bankruptcy,10821 W. 87th St.,66214,Kansas City,4,
Charles Lay,,,https://lawyers.justia.com/lawyer/charles-lay-916117,Spring Hill,KS,Johnson,(913) 856-8844,,General,31615 W 213th St,66083,Kansas City,2,
Daniel Allan Sprout,,,https://lawyers.justia.com/lawyer/daniel-allan-sprout-1539956,Overland Park,KS,Johnson,(913) 815-6524,,General,5454 W 110th St,66211,Kansas City,2,
Jenna Gabrielle Olitsky,,,https://lawyers.justia.com/lawyer/jenna-gabrielle-olitsky-1615481,Overland Park,KS,Johnson,(913) 815-6582,,Estate Planning,5454 W 110TH STREET,66211,Kansas City,4,
Patrick Reavey,,,https://lawyers.justia.com/lawyer/patrick-reavey-916085,De Soto,KS,Johnson,(913) 583-9880,,General,32905 W 84th St,66018,Kansas City,2,
Paula Ann Mcmullen,,,https://lawyers.justia.com/lawyer/paula-ann-mcmullen-1731292,Spring Hill,KS,Johnson,(913) 940-4521,,General,20176 COUNTRY VIEW TER,66083,Kansas City,2,
Michelle Reagan,,,https://lawyers.justia.com/lawyer/michelle-reagan-916077,Spring Hill,KS,Johnson,,,General,19465 S Clare Rd,66083,Kansas City,2,
Arnold Larsen,,,https://lawyers.justia.com/lawyer/arnold-larsen-924289,Spring Hill,KS,Johnson,,,General,23840 W 207th St,66083,Kansas City,2,
Candi J Slobodnik,,,https://lawyers.justia.com/lawyer/candi-j-slobodnik-1730521,Spring Hill,KS,Johnson,,,General,22620 BRIDLEWOOD LN,66083,Kansas City,2,
Erin Evans,,,https://lawyers.justia.com/lawyer/erin-evans-923909,Spring Hill,KS,Johnson,,,General,21825 Lincoln Terrace,66083,Kansas City,2,
Kevin Theriot,,,https://lawyers.justia.com/lawyer/kevin-theriot-921129,Overland Park,KS,Johnson,(913) 685-8000,,General,15192 Rosewood St,66224,Kansas City,2,
Mark Schmidt,,,https://lawyers.justia.com/lawyer/mark-schmidt-921885,Overland Park,KS,Johnson,(913) 648-3762,,General,3212 W 154th St,66224,Kansas City,2,
Donna Thalblum,,,https://lawyers.justia.com/lawyer/donna-thalblum-923524,Overland Park,KS,Johnson,(816) 512-1913,,General,3345 W 138th Terrace,66224,Kansas City,2,
Laurie Greenfield,,,https://lawyers.justia.com/lawyer/laurie-greenfield-919509,Overland Park,KS,Johnson,(913) 685-2505,,General,5212 W 149th St,66224,Kansas City,2,
Jack Fortini,,,https://lawyers.justia.com/lawyer/jack-fortini-921908,Overland Park,KS,Johnson,(913) 391-2240,,General,3608 W 155th St,66224,Kansas City,2,
Jenica Mickelson,,,https://lawyers.justia.com/lawyer/jenica-mickelson-921474,Overland Park,KS,Johnson,(913) 579-9448,,General,3701 W 155th St,66224,Kansas City,2,
Douglas Nickerson,,,https://lawyers.justia.com/lawyer/douglas-nickerson-922969,Overland Park,KS,Johnson,(913) 439-1159,,General,14124 Fontana St,66224,Kansas City,2,
Aisha Reynolds,,,https://lawyers.justia.com/lawyer/aisha-reynolds-922915,Overland Park,KS,Johnson,,,General,3302 W 145th St,66224,Kansas City,2,
William James Sichko,,,https://lawyers.justia.com/lawyer/william-james-sichko-1401678,Overland Park,KS,Johnson,(913) 897-5368,,General,9204 West 141st Street,66221,Kansas City,2,
Yvonne Ernzen,,,https://lawyers.justia.com/lawyer/yvonne-ernzen-916251,Overland Park,KS,Johnson,(913) 402-0008,,Civil Rights,14071 Hayes St,66221,Kansas City,3,
Joseph Leiker,,,https://lawyers.justia.com/lawyer/joseph-leiker-922908,Overland Park,KS,Johnson,,,Medical Malpractice,12316 Bradshaw St,66213,Kansas City,5,
Laronna Lassiter Saunders,,,https://lawyers.justia.com/lawyer/laronna-lassiter-saunders-1731413,Overland Park,KS,Johnson,(913) 386-7893,,General,7111 W 151ST ST #142,66223,Kansas City,2,
Lisa Machicao,,,https://lawyers.justia.com/lawyer/lisa-machicao-922378,Overland Park,KS,Johnson,,,General,8204 W 145th St,66223,Kansas City,2,
Douglas Westerhaus,,,https://lawyers.justia.com/lawyer/douglas-westerhaus-916376,Overland Park,KS,Johnson,,,General,12813 King St,66213,Kansas City,2,
Sarah Mayberry Donley,,,https://lawyers.justia.com/lawyer/sarah-mayberry-donley-919150,Overland Park,KS,Johnson,(913) 239-0984,,General,13801 Hauser St,66221,Kansas City,2,
Andrew Wimmer,,,https://lawyers.justia.com/lawyer/andrew-wimmer-919834,Overland Park,KS,Johnson,(913) 449-7372,,General,11300 W 156th Terrace,66221,Kansas City,2,
James Odom,,,https://lawyers.justia.com/lawyer/james-odom-919797,Overland Park,KS,Johnson,,,General,12801 Melrose St,66213,Kansas City,2,
Wanda Temm,,,https://lawyers.justia.com/lawyer/wanda-temm-924082,Overland Park,KS,Johnson,(913) 681-3447,,General,14720 Goodman St,66223,Kansas City,2,
Willard Morris,,,https://lawyers.justia.com/lawyer/willard-morris-919576,Overland Park,KS,Johnson,,,General,10601 W 128th St,66213,Kansas City,2,
Glenn Grayson,,,https://lawyers.justia.com/lawyer/glenn-grayson-916421,Overland Park,KS,Johnson,(913) 268-0562,,General,9004 W 148th Terrace,66221,Kansas City,2,
John Yorke,,,https://lawyers.justia.com/lawyer/john-yorke-924164,Overland Park,KS,Johnson,,,General,9019 W 139th Terrace,66221,Kansas City,2,
Gina Hicklin,,,https://lawyers.justia.com/lawyer/gina-hicklin-919188,Overland Park,KS,Johnson,,,General,12722 Haskins St,66213,Kansas City,2,
Nancy Grube,,,https://lawyers.justia.com/lawyer/nancy-grube-917131,Overland Park,KS,Johnson,,,General,9609 W 129th St,66213,Kansas City,2,
Robert Lehr,,,https://lawyers.justia.com/lawyer/robert-lehr-919389,Overland Park,KS,Johnson,,,General,9316 W 156th Pl,66221,Kansas City,2,
Patrick Vuchetich,,,https://lawyers.justia.com/lawyer/patrick-vuchetich-916196,Overland Park,KS,Johnson,(913) 814-8684,,General,13400 W 122nd Terrace,66213,Kansas City,2,
Renee English,,,https://lawyers.justia.com/lawyer/renee-english-916933,Overland Park,KS,Johnson,(913) 897-4497,,General,11101 W 120th St,66213,Kansas City,2,
Lee Green,,,https://lawyers.justia.com/lawyer/lee-green-921406,Overland Park,KS,Johnson,,,General,11031 W 133rd Terrace,66213,Kansas City,2,
Robert Naibert,,,https://lawyers.justia.com/lawyer/robert-naibert-922349,Overland Park,KS,Johnson,(913) 661-9800,,General,12803 Goddard Ave,66213,Kansas City,2,
Timothy Hearshman,,,https://lawyers.justia.com/lawyer/timothy-hearshman-917041,Overland Park,KS,Johnson,(913) 315-9369,,General,12800 Century St,66213,Kansas City,2,
Jeremiah Jones,,,https://lawyers.justia.com/lawyer/jeremiah-jones-924171,Overland Park,KS,Johnson,(913) 402-0540,,General,12001 W 119th Ct,66213,Kansas City,2,
Tricia Ann Nibarger,,,https://lawyers.justia.com/lawyer/tricia-ann-nibarger-1731323,Overland Park,KS,Johnson,(913) 732-8232,,General,16408 OAKMONT ST,66221,Kansas City,2,
Janae Bennett,,,https://lawyers.justia.com/lawyer/janae-bennett-917671,Overland Park,KS,Johnson,(913) 402-9895,,General,12836 King St,66213,Kansas City,2,
David Blosser,,,https://lawyers.justia.com/lawyer/david-blosser-916845,Overland Park,KS,Johnson,(913) 962-9056,,General,11936 W 119th St,66213,Kansas City,2,
Athan Vrentas,,,https://lawyers.justia.com/lawyer/athan-vrentas-920323,Overland Park,KS,Johnson,(913) 315-4973,,General,12906 Flint St,66213,Kansas City,2,
Mark Furney,,,https://lawyers.justia.com/lawyer/mark-furney-921033,Overland Park,KS,Johnson,(913) 677-1166,,General,12506 Noland St,66213,Kansas City,2,
Lawrence Kriss,,,https://lawyers.justia.com/lawyer/lawrence-kriss-922989,Overland Park,KS,Johnson,(913) 339-1587,,General,15300 Lowell Ave,66223,Kansas City,2,
Constance Owen,,,https://lawyers.justia.com/lawyer/constance-owen-923619,Overland Park,KS,Johnson,(913) 696-0423,,General,12207 Gillette St,66213,Kansas City,2,
Edward Reitzes,,,https://lawyers.justia.com/lawyer/edward-reitzes-919421,Overland Park,KS,Johnson,(913) 685-7998,,General,10602 W 128th St,66213,Kansas City,2,
Brad Henry,,,https://lawyers.justia.com/lawyer/brad-henry-921630,Overland Park,KS,Johnson,(913) 685-4298,,General,13138 Goddard Ave,66213,Kansas City,2,
Roger Dickerson,,,https://lawyers.justia.com/lawyer/roger-dickerson-919693,Overland Park,KS,Johnson,(913) 814-9715,,General,13229 W 132nd St,66213,Kansas City,2,
Earle Jones,,,https://lawyers.justia.com/lawyer/earle-jones-924165,Overland Park,KS,Johnson,,,General,7324 W 156th St,66223,Kansas City,2,
Kerri Nelson,,,https://lawyers.justia.com/lawyer/kerri-nelson-916543,Overland Park,KS,Johnson,(816) 942-5550,,Personal Injury,9814 W 129th St,66213,Kansas City,5,
Sheryl Reynolds,,,https://lawyers.justia.com/lawyer/sheryl-reynolds-922924,Overland Park,KS,Johnson,(816) 329-6125,,General,12212 Haskins St,66213,Kansas City,2,
Donald Cassady,,,https://lawyers.justia.com/lawyer/donald-cassady-923358,Overland Park,KS,Johnson,,,General,12522 W 123rd Terrace,66213,Kansas City,2,
Nicolette Zimmerman,,,https://lawyers.justia.com/lawyer/nicolette-zimmerman-919879,Overland Park,KS,Johnson,(913) 315-3408,,General,12838 Larsen St,66213,Kansas City,2,
Phillip Stein,,,https://lawyers.justia.com/lawyer/phillip-stein-924018,Overland Park,KS,Johnson,,,General,11763 Garnett St,66210,Kansas City,2,
George Wolf,,,https://lawyers.justia.com/lawyer/george-wolf-921230,Overland Park,KS,Johnson,(913) 851-1544,,General,12425 Westgate St,66213,Kansas City,2,
"Adams Cross, LLC",,,https://directory-kard.kscourts.gov/Home/Details?regNum=14925,Olathe,KS,Johnson,913-782-5500,,General,303 E. Poplar,66061,Kansas City,2,
"Propio LS, LLC",,,https://directory-kard.kscourts.gov/Home/Details?regNum=24899,Overland Park,KS,Johnson,913-381-3143,,General,4950 College Blvd,66211,Kansas City,2,
Woodworth Snow LLC,,,https://directory-kard.kscourts.gov/Home/Details?regNum=24239,Overland Park,KS,Johnson,913-361-0060,,General,7200 W 132nd St Ste 320,66213,Kansas City,2,
Lauren Allen LLC,,,https://directory-kard.kscourts.gov/Home/Details?regNum=20116,Prairie Village,KS,Johnson,816-877-8120,,General,PO Box 8533,66208,Kansas City,2,
Pete's Pest Control,,,https://directory-kard.kscourts.gov/Home/Details?regNum=26326,Mission,KS,Johnson,913-522-1487,,General,6950 W 56th St,66202,Kansas City,2,
Alon Management LLC,,,https://directory-kard.kscourts.gov/Home/Details?regNum=18851,Overland Park,KS,Johnson,913-488-1262,,General,11523 W 159th Ter,66221,Kansas City,2,
"Allied National, LLC",,,https://directory-kard.kscourts.gov/Home/Details?regNum=20455,Overland Park,KS,Johnson,913-945-4255,,General,"4551 W 107th St, Ste 100",66207,Kansas City,2,
Heritage Vet Partners,,,https://directory-kard.kscourts.gov/Home/Details?regNum=22142,Overland Park,KS,Johnson,913-219-1849,,General,11880 College Blvd Ste 202,66210,Kansas City,2,
Tyr Energy Inc,,,https://directory-kard.kscourts.gov/Home/Details?regNum=24275,Overland Park,KS,Johnson,913-754-5732,,General,7500 College Blvd Ste 400,66210,Kansas City,2,
Henderson Engineers Inc.,,,https://directory-kard.kscourts.gov/Home/Details?regNum=24074,Lenexa,KS,Johnson,913-742-5545,,General,"8345 Lenexa Dr, Ste 300",66214,Kansas City,2,
EIP Corp,,,https://directory-kard.kscourts.gov/Home/Details?regNum=16718,Overland Park,KS,Johnson,913-385-2565,,General,"7400 W 132nd St, Ste 100",66213,Kansas City,2,
Jennifer Berard-Old Republic,,,https://directory-kard.kscourts.gov/Home/Details?regNum=18028,Shawnee,KS,Johnson,913-293-5262,,General,6914 Gleason Rd,66226,Kansas City,2,
Midwest Trust Company,,,https://directory-kard.kscourts.gov/Home/Details?regNum=9695,Overland Park,KS,Johnson,913-319-0301,,General,"5901 College Blvd, Suite 100",66211,Kansas City,2,
MTC Holding,,,https://directory-kard.kscourts.gov/Home/Details?regNum=27465,Leawood,KS,Johnson,913-319-0329,,General,5901 College BLVD,66211,Kansas City,2,
Great Plains Trust Company,,,https://directory-kard.kscourts.gov/Home/Details?regNum=28888,Overland Park,KS,Johnson,913-647-1304,,General,7700 Shawnee Mission Pkwy Ste 101,66202,Kansas City,2,
Forvis Mazars,,,https://directory-kard.kscourts.gov/Home/Details?regNum=15697,Overland Park,KS,Johnson,816-582-4718,,General,5905 Golden Bear Dr,66223,Kansas City,2,
Midwest Trust Co,,,https://directory-kard.kscourts.gov/Home/Details?regNum=25670,Overland Park,KS,Johnson,913-319-0327,,General,"5901 College Blvd, Ste 100",66211,Kansas City,2,
Leslie C. Byram PA,,,https://directory-kard.kscourts.gov/Home/Details?regNum=22164,Prairie Village,KS,Johnson,913-486-0268,,General,9401 Nall Ave Ste 100,66207,Kansas City,2,
Tallgrass Energy,,,https://directory-kard.kscourts.gov/Home/Details?regNum=17743,Leawood,KS,Johnson,913-928-6048,,General,11550 Ash St Ste 220,66211,Kansas City,2,
Compass Minerals,,,https://directory-kard.kscourts.gov/Home/Details?regNum=29285,Overland Park,KS,Johnson,913-293-7467,,General,"9900 W 109th St, Ste 100",66210,Kansas City,2,
Honeywell International Inc,,,https://directory-kard.kscourts.gov/Home/Details?regNum=21266,Olathe,KS,Johnson,913-712-2586,,General,"23500 W 105th Street, MS #78",66061,Kansas City,2,
Heartland Coca-Cola Bottling Company,,,https://directory-kard.kscourts.gov/Home/Details?regNum=23886,Olathe,KS,Johnson,816-302-5943,,General,17100 S. Hedge Lane,66062,Kansas City,2,
Kompass Kapital Management,,,https://directory-kard.kscourts.gov/Home/Details?regNum=21795,Overland Park,KS,Johnson,816-810-6605,,General,9800 Metcalf Ave 5th Fl,66212,Kansas City,2,
"Bridge Mediation, LLC",,,https://directory-kard.kscourts.gov/Home/Details?regNum=17314,Shawnee,KS,Johnson,816-260-5635,,General,PO Box 3523,66203,Kansas City,2,
Kuckelman Torline Kirkland,,,https://directory-kard.kscourts.gov/Home/Details?regNum=24395,Overland Park,KS,Johnson,913-948-8610,,General,"10740 Nall Ave, Ste 250",66211,Kansas City,2,
"Fairbanks Crane, LLC",,,https://directory-kard.kscourts.gov/Home/Details?regNum=27592,Overland Park,KS,Johnson,913-203-4276,,General,"11880 College Blvd, Ste 405",66210,Kansas City,2,
Daniel Cunningham,,,https://directory-kard.kscourts.gov/Home/Details?regNum=12832,Overland Park,KS,Johnson,202-569-0711,,General,"12641 Antioch Rd, Ste 1101",66213,Kansas City,2,
Michelle D. Daise LLC,,,https://directory-kard.kscourts.gov/Home/Details?regNum=17185,Shawnee,KS,Johnson,913-485-0333,,General,20928 W 68th St,66218,Kansas City,2,
MSI Guaranteed Weather LLC,,,https://directory-kard.kscourts.gov/Home/Details?regNum=17038,Overland Park,KS,Johnson,913-253-1220,,General,"7400 W 132nd St, Ste 260",66213,Kansas City,2,
Wild Pines Ventures LLC,,,https://directory-kard.kscourts.gov/Home/Details?regNum=15196,Olathe,KS,Johnson,620-338-1680,,General,25055 W Valley Parkway Ste 104,66061,Kansas City,2,
Jackson Lewis P.C.,,,https://directory-kard.kscourts.gov/Home/Details?regNum=19636,Overland Park,KS,Johnson,913-251-3724,,General,7101 College Blvd Ste 1200,66210,Kansas City,2,
"TPP Retirement Plan Specialists, LLC",,,https://directory-kard.kscourts.gov/Home/Details?regNum=11781,Overland Park,KS,Johnson,913-323-9127,,General,"7300 College Blvd, Ste 400",66210,Kansas City,2,
"Mariner Wealth Advisors, LLC",,,https://directory-kard.kscourts.gov/Home/Details?regNum=24406,Overland Park,KS,Johnson,913-387-2701,,General,"5700 W 112th St, Ste 500",66211,Kansas City,2,
Duma lawllc,,,https://directory-kard.kscourts.gov/Home/Details?regNum=10760,Olathe,KS,Johnson,913-782-7072,,General,303 E. Poplar,66061,Kansas City,2,
Smart Warehousing LLC,,,https://directory-kard.kscourts.gov/Home/Details?regNum=22180,Overland Park,KS,Johnson,913-423-1602,,General,7309 W. 80th St Ste 200,66204,Kansas City,2,
McNeilePappas PC,http://www.cmplaw.net,,https://www.yellowpages.com/overland-park-ks/attorneys,Overland Park,KS,Johnson,(913) 491-4050,,General,7500 W 110th St Ste 110,,Kansas City,2,
"Dickerson Oxton, LLC",http://www.dickersonoxton.com,,https://www.yellowpages.com/overland-park-ks/attorneys,Overland Park,KS,Johnson,(913) 428-8220,,General,7248 W 121st St,,Kansas City,2,
Fox Nancy E,http://www.nancyfoxattorney.com,,https://www.yellowpages.com/overland-park-ks/attorneys,Overland Park,KS,Johnson,(913) 341-7932,,General,6750 W 93rd St,,Kansas City,2,
Power Timothy E,http://www.power-lawgroup.com,,https://www.yellowpages.com/overland-park-ks/attorneys,Overland Park,KS,Johnson,(913) 648-3220,,General,8000 Foster St,,Kansas City,2,
Haight Stang,https://www.kcworkcomp.com,,https://www.yellowpages.com/overland-park-ks/attorneys,Overland Park,KS,Johnson,(913) 498-9779,,General,10551 Barkley St Ste 507,,Kansas City,2,
Jeffery B. Hurt,http://jefferybhurt.localsearch.com,,https://www.yellowpages.com/overland-park-ks/attorneys,Overland Park,KS,Johnson,(913) 253-2165,,General,9225 Indian Creek Pkwy Ste 600,,Kansas City,2,
Benjamin J. Simon,http://benjaminjsimon.localsearch.com,,https://www.yellowpages.com/overland-park-ks/attorneys,Overland Park,KS,Johnson,(913) 253-2167,,General,9225 Indian Creek Pkwy Ste 600,,Kansas City,2,
Stockton and Stern,http://www.stocktonlaw.com,,https://www.yellowpages.com/overland-park-ks/attorneys,Overland Park,KS,Johnson,(913) 521-2828,,General,9401 Indian Creek Pkwy,,Kansas City,2,
KC Ticket Guy,http://www.kcticketguy.com,,https://www.yellowpages.com/overland-park-ks/attorneys,Overland Park,KS,Johnson,(913) 732-3014,,General,7500 College Blvd Ste 700Y,,Kansas City,2,
Intoxalock Ignition Interlock,http://intoxalockignitioninterlock544655983.localsearch.com,,https://www.yellowpages.com/overland-park-ks/attorneys,Overland Park,KS,Johnson,(913) 800-7393,,General,8665 W 151st St,,Kansas City,2,
Invention Protection Associates,http://inventprotect.com,,https://www.yellowpages.com/overland-park-ks/attorneys,Overland Park,KS,Johnson,(913) 631-1096,,General,6750 Antioch Rd,,Kansas City,2,
"Nathan C Harbur, Chartered",https://www.nateharbur.com,,https://www.yellowpages.com/overland-park-ks/attorneys,Overland Park,KS,Johnson,(913) 323-4531,,General,10990 Quivira Rd,,Kansas City,2,
Ina Kay Zimmerman,http://www.zimmermanlaw.net,,https://www.yellowpages.com/olathe-ks/attorneys,Olathe,KS,Johnson,(913) 829-5800,,General,13200 S Lakeshore Dr,,Kansas City,2,
North Cherry Lawyers,http://www.paulmorrisonlaw.com,,https://www.yellowpages.com/olathe-ks/attorneys,Olathe,KS,Johnson,(913) 780-6666,,General,130 N Cherry St Ste 103,,Kansas City,2,
"Smith, Darrell",http://smithdarrellks.localsearch.com,,https://www.yellowpages.com/olathe-ks/attorneys,Olathe,KS,Johnson,(913) 397-6333,,General,102 S Cherry St Ste 4,,Kansas City,2,
Dioszeghy Joseph L,http://dioszeghyjosephl.localsearch.com,,https://www.yellowpages.com/olathe-ks/attorneys,Olathe,KS,Johnson,(913) 780-6666,,General,130 N Cherry St,,Kansas City,2,
MoRorey Robert E,http://mororeyroberte.localsearch.com,,https://www.yellowpages.com/olathe-ks/attorneys,Olathe,KS,Johnson,(913) 440-0603,,General,108 E Cedar St,,Kansas City,2,
Jennifer Packard,http://www.kansascitybankruptcy.com/?utm_source=YP.com_20_26_20Network&utm_medium=YP.com_20_26_20Network&utm_campaign=YP.com_20_26_20Network,,https://www.yellowpages.com/olathe-ks/attorneys,Olathe,KS,Johnson,(913) 422-0909,,General,,,Kansas City,2,
Ryan McElderry,http://www.kansascitybankruptcy.com/?utm_source=yp.com_20_26_20network&utm_medium=yp.com_20_26_20network&utm_campaign=yp.com_20_26_20network,,https://www.yellowpages.com/olathe-ks/attorneys,Olathe,KS,Johnson,(913) 422-0909,,General,15095 W 116th St,,Kansas City,2,
Haskin Michael,http://haskinmichael.localsearch.com,,https://www.yellowpages.com/olathe-ks/attorneys,Olathe,KS,Johnson,(913) 782-0706,,General,100 E Park St Ste 203,,Kansas City,2,
Abogada Denise Ramos,http://abogadadenise.com,,https://www.yellowpages.com/olathe-ks/attorneys,Olathe,KS,Johnson,(913) 202-6922,,General,113 S Kansas Ave,,Kansas City,2,
Lowe Farmer Bacon,http://lowefarmerbacon.localsearch.com,,https://www.yellowpages.com/olathe-ks/attorneys,Olathe,KS,Johnson,(913) 782-0422,,General,PO Box 580,,Kansas City,2,
Jeffrey Dehon,http://jeffreydehon.localsearch.com,,https://www.yellowpages.com/olathe-ks/attorneys,Olathe,KS,Johnson,(913) 371-2000,,General,26281 W Cedar Niles Cir,,Kansas City,2,
Sloan Gary L,http://sloangaryl.localsearch.com,,https://www.yellowpages.com/olathe-ks/attorneys,Olathe,KS,Johnson,(913) 829-2200,,General,222 S Cherry St,,Kansas City,2,
Schlagel Long Rivera,https://www.kansaslegalteam.com,,https://www.yellowpages.com/olathe-ks/attorneys,Olathe,KS,Johnson,(913) 359-8996,,General,100 E Park St,,Kansas City,2,
Aberdeen Village,http://www.aberdeenvillage.com,,https://www.yellowpages.com/olathe-ks/attorneys,Olathe,KS,Johnson,(913) 213-1686,,General,17500 W 119th St,,Kansas City,2,
Whitsitt Fields LLC,,,https://directory-kard.kscourts.gov/Home/Details?regNum=26801,Overland Park,KS,Johnson,913-522-0840,,General,"6701 W. 64th St, Ste 222",66202,Kansas City,2,
"Robert E. Fitzgerald, III",,,https://directory-kard.kscourts.gov/Home/Details?regNum=23424,Shawnee,KS,Johnson,913-205-3055,,General,13116 W 65th St,66216,Kansas City,2,
National Advisors Trust,,,https://directory-kard.kscourts.gov/Home/Details?regNum=20949,Leawood,KS,Johnson,913-453-1553,,General,11141 Overbrook Rd Suite 201,66211,Kansas City,2,
Stephen Flack Attorney,,,https://directory-kard.kscourts.gov/Home/Details?regNum=17393,Leawood,KS,Johnson,913-642-5948,,General,12020 Cherokee Lane,66209,Kansas City,2,
J. Patrick Flanigan,,,https://directory-kard.kscourts.gov/Home/Details?regNum=12872,Prairie Village,KS,Johnson,913-579-6473,,General,"4235 W 94th Ter, Apt 212",66207,Kansas City,2,
Halbrook Wood PC,,,https://directory-kard.kscourts.gov/Home/Details?regNum=30603,Prairie Village,KS,Johnson,913-529-1162,,General,"3500 W. 75th St, Ste 300",66208,Kansas City,2,
Midwest Transplant Network,,,https://directory-kard.kscourts.gov/Home/Details?regNum=28434,Westwood,KS,Johnson,913-261-6157,,General,"1900 W 47th Pl, Ste 400",66205,Kansas City,2,
Jackson Lewis PC,,,https://directory-kard.kscourts.gov/Home/Details?regNum=31180,Overland Park,KS,Johnson,913-251-5748,,General,"7101 College Blvd, Ste 1200",66210,Kansas City,2,
Visionary Wealth Advisors,,,https://directory-kard.kscourts.gov/Home/Details?regNum=16512,Overland Park,KS,Johnson,913-361-7100,,General,7600 W 110th St Ste 200,66210,Kansas City,2,
American Tax Compliance,,,https://directory-kard.kscourts.gov/Home/Details?regNum=29001,Overland Park,KS,Johnson,913-407-3612,,General,"9393 W 110th St, Ste 500",66210,Kansas City,2,
Sunesis Advisors,,,https://directory-kard.kscourts.gov/Home/Details?regNum=16695,Overland Park,KS,Johnson,913-815-4465,,General,"6750 W. 93rd St, Ste 250",66212,Kansas City,2,
McCoy Leavitt Laskey LLC,,,https://directory-kard.kscourts.gov/Home/Details?regNum=23184,Lenexa,KS,Johnson,816-588-6177,,General,8700 Monrovia St,66215,Kansas City,2,
David Harder,,,https://directory-kard.kscourts.gov/Home/Details?regNum=18344,Leawood,KS,Johnson,913-219-1332,,General,12532 Catalina ST,66209,Kansas City,2,
Global Payments,,,https://directory-kard.kscourts.gov/Home/Details?regNum=19855,Lenexa,KS,Johnson,913-310-1204,,General,9801 Renner Blvd Ste 150,66219,Kansas City,2,
Zwicker and Associates,,,https://directory-kard.kscourts.gov/Home/Details?regNum=27551,Overland Park,KS,Johnson,866-200-9338,,General,PO Box 12570,66282,Kansas City,2,
Better Day Concepts,,,https://directory-kard.kscourts.gov/Home/Details?regNum=21952,Prairie Village,KS,Johnson,816-809-5742,,General,PO Box 8191,66208,Kansas City,2,
Epiq Global,,,https://directory-kard.kscourts.gov/Home/Details?regNum=29128,Overland Park,KS,Johnson,563-528-2233,,General,11880 College Blvd Ste 200,66210,Kansas City,2,
Panasonic NA,,,https://directory-kard.kscourts.gov/Home/Details?regNum=28190,De Soto,KS,Johnson,816-716-1731,,General,10701 Astra Pkwy,66018,Kansas City,2,
D. Matthew Keane,,,https://directory-kard.kscourts.gov/Home/Details?regNum=26284,Prairie Village,KS,Johnson,808-314-2900,,General,4101 W 73rd St,66208,Kansas City,2,
Kincaid Mediation,,,https://directory-kard.kscourts.gov/Home/Details?regNum=13590,Overland Park,KS,Johnson,913-709-6095,,General,"7007 College Blvd, Ste 455",66211,Kansas City,2,
"Jury Sync, LLC",,,https://directory-kard.kscourts.gov/Home/Details?regNum=27467,Olathe,KS,Johnson,913-338-4301,,General,"25255 W 102nd Ter, Ste 200",66061,Kansas City,2,
Murphy-Hoffman Company LLC,,,https://directory-kard.kscourts.gov/Home/Details?regNum=17148,Leawood,KS,Johnson,913-269-0701,,General,11120 Tomahawk Creek Pkwy,66206,Kansas City,2,
Erise IP,,,https://directory-kard.kscourts.gov/Home/Details?regNum=30642,Overland Park,KS,Johnson,913-777-5604,,General,"7015 College Blvd, Ste 700",66211,Kansas City,2,
"Metronet Associates, LLC",,,https://directory-kard.kscourts.gov/Home/Details?regNum=13116,Overland Park,KS,Johnson,785-331-7296,,General,11880 College Blvd Ste 100,66210,Kansas City,2,
Leawood City Council,,,https://directory-kard.kscourts.gov/Home/Details?regNum=14467,Leawood,KS,Johnson,913-706-6563,,General,4800 Town Center Dr,66211,Kansas City,2,
Simpson Logback Lynch Norris PA,,,https://directory-kard.kscourts.gov/Home/Details?regNum=16608,Overland Park,KS,Johnson,913-342-2500,,General,"10851 Mastin St, Suite 1000",66210,Kansas City,2,
Kansas Justice Institute,,,https://directory-kard.kscourts.gov/Home/Details?regNum=22781,Overland Park,KS,Johnson,913-213-5018,,General,"12980 Metcalf Ave, Ste 130",66213,Kansas City,2,
Advantage Tech Inc,,,https://directory-kard.kscourts.gov/Home/Details?regNum=15733,Overland Park,KS,Johnson,913-709-4609,,General,5330 College Blvd,66207,Kansas City,2,
VantEdge Partners,,,https://directory-kard.kscourts.gov/Home/Details?regNum=11404,Overland Park,KS,Johnson,913-205-1984,,General,9401 Indian Creek Pkwy Ste 800,66210,Kansas City,2,
Shamrock Trading Corp,,,https://directory-kard.kscourts.gov/Home/Details?regNum=19937,Overland Park,KS,Johnson,913-310-2210,,General,9300 Metcalf Ave,66212,Kansas City,2,
McAndrews and Associates LLC,,,https://directory-kard.kscourts.gov/Home/Details?regNum=27074,Lenexa,KS,Johnson,913-568-7720,,General,8347 Hallet St,66215,Kansas City,2,
"Third Millennium Consultants, LLC",,,https://directory-kard.kscourts.gov/Home/Details?regNum=19309,Shawnee,KS,Johnson,913-526-5526,,General,4970 Park,66216,Kansas City,2,
"Kathleen McNamara, LLC",,,https://directory-kard.kscourts.gov/Home/Details?regNum=14001,Overland Park,KS,Johnson,913-579-1823,,General,10740 Nall Ave Ste 160,66211,Kansas City,2,
Jack Henry,,,https://directory-kard.kscourts.gov/Home/Details?regNum=24621,Overland Park,KS,Johnson,913-341-3434,,General,"7300 College Blvd, Ste 215",66210,Kansas City,2,
Moriarty Mediation LLC,,,https://directory-kard.kscourts.gov/Home/Details?regNum=10132,Overland Park,KS,Johnson,913-283-7003,,General,"7007 College Blvd, Ste 430",66211,Kansas City,2,
Onspring Technologies,,,https://directory-kard.kscourts.gov/Home/Details?regNum=24978,Overland Park,KS,Johnson,913-601-3863,,General,"10801 Mastin St, Ste 400",66210,Kansas City,2,
Optiv Security Inc.,,,https://directory-kard.kscourts.gov/Home/Details?regNum=25512,Leawood,KS,Johnson,913-304-7704,,General,5100 W 115th Pl,66211,Kansas City,2,
"Ervin, Marian",http://ervinmarian.localsearch.com,,https://www.yellowpages.com/overland-park-ks/attorneys,Overland Park,KS,Johnson,(913) 648-3220,,General,8000 Foster St,,Kansas City,2,
"Stone, Scott A",http://stonescotta.localsearch.com,,https://www.yellowpages.com/overland-park-ks/attorneys,Overland Park,KS,Johnson,(913) 648-3220,,General,8000 Foster St,,Kansas City,2,
Tom Bath Attorney,http://tombathattorney.localsearch.com,,https://www.yellowpages.com/overland-park-ks/attorneys,Overland Park,KS,Johnson,(913) 652-9800,,General,7944 Santa Fe Dr,,Kansas City,2,
Robb Edmonds Attorney,http://robbedmondsattorney.localsearch.com,,https://www.yellowpages.com/overland-park-ks/attorneys,Overland Park,KS,Johnson,(913) 652-9800,,General,7944 Santa Fe Dr,,Kansas City,2,
Schweiker J Steven,http://jstevenschweikerattorney.localsearch.com,,https://www.yellowpages.com/overland-park-ks/attorneys,Overland Park,KS,Johnson,(913) 383-2500,,General,7221 W 79th St,,Kansas City,2,
Patrick F Bottaro,http://patrickfbottaro.localsearch.com,,https://www.yellowpages.com/overland-park-ks/attorneys,Overland Park,KS,Johnson,(913) 782-2350,,General,7121 W 79th St,,Kansas City,2,
Kelley Daniel J,http://kelleydanielj.localsearch.com,,https://www.yellowpages.com/overland-park-ks/attorneys,Overland Park,KS,Johnson,(913) 648-7423,,General,7913 W 78th St,,Kansas City,2,
"Smith, Richard F",http://smithrichardf.localsearch.com,,https://www.yellowpages.com/overland-park-ks/attorneys,Overland Park,KS,Johnson,(913) 649-0337,,General,8812 Riley St,,Kansas City,2,
Young Thos B,http://youngthosb.localsearch.com,,https://www.yellowpages.com/overland-park-ks/attorneys,Overland Park,KS,Johnson,(913) 341-9220,,General,8745 Riggs Cir,,Kansas City,2,
Bolton Stephen G Pa Atty,,,https://www.yellowpages.com/overland-park-ks/attorneys,Overland Park,KS,Johnson,(913) 831-3600,,General,7201 Metcalf Ave,,Kansas City,2,
Wexler Louis S,http://yellowpages.com/overland-park-ks/mip/kelly-law-firm-656899,,https://www.yellowpages.com/overland-park-ks/attorneys,Overland Park,KS,Johnson,(913) 831-3685,,General,7201 Metcalf Ave,,Kansas City,2,
Bukaty Steve A J,http://bukatysteveaj.localsearch.com,,https://www.yellowpages.com/overland-park-ks/attorneys,Overland Park,KS,Johnson,(913) 341-1040,,General,8826 Santa Fe Dr Ste 210,,Kansas City,2,
"Shultz, Michael M",http://shultzmichaelm.localsearch.com,,https://www.yellowpages.com/overland-park-ks/attorneys,Overland Park,KS,Johnson,(913) 385-0808,,General,8826 Santa Fe Dr,,Kansas City,2,
Martin James E,,,https://www.yellowpages.com/overland-park-ks/attorneys,Overland Park,KS,Johnson,(913) 385-0500,,General,8826 Santa Fe Dr Ste 218,,Kansas City,2,
Reichart Gaylord,http://reichartgaylord.localsearch.com,,https://www.yellowpages.com/overland-park-ks/attorneys,Overland Park,KS,Johnson,(913) 341-3200,,General,9250 Glenwood St,,Kansas City,2,
L Berry Richard Attorney,http://lberryrichardattorney.localsearch.com,,https://www.yellowpages.com/overland-park-ks/attorneys,Overland Park,KS,Johnson,(913) 341-7576,,General,9250 Glenwood St Ste 110,,Kansas City,2,
Lawrence L Ferree III Attorney,http://yellowpages.com/overland-park-ks/mip/clyde-wood-llc-470872541,,https://www.yellowpages.com/overland-park-ks/attorneys,Overland Park,KS,Johnson,(913) 381-8180,,General,9300 Metcalf Ave Ste 300,,Kansas City,2,
Keven M O Grady Attorney,http://yellowpages.com/overland-park-ks/mip/clyde-wood-llc-470872541,,https://www.yellowpages.com/overland-park-ks/attorneys,Overland Park,KS,Johnson,(913) 381-8180,,General,9300 Metcalf Ave Ste 300,,Kansas City,2,
James M Whittier Attorney,http://jamesmwhittierattorney.localsearch.com,,https://www.yellowpages.com/overland-park-ks/attorneys,Overland Park,KS,Johnson,(913) 381-8180,,General,9300 Metcalf Ave,,Kansas City,2,
James O Schwinn Attorney,http://jamesoschwinnattorney.localsearch.com,,https://www.yellowpages.com/overland-park-ks/attorneys,Overland Park,KS,Johnson,(913) 888-1000,,General,10111 W 87th St,,Kansas City,2,
James G Butler Attorney,http://jamesgbutlerattorney.localsearch.com,,https://www.yellowpages.com/overland-park-ks/attorneys,Overland Park,KS,Johnson,(913) 888-1000,,General,10111 W 87th St,,Kansas City,2,
Kirk T Ridgway Attorney,http://kirktridgwayattorney.localsearch.com,,https://www.yellowpages.com/overland-park-ks/attorneys,Overland Park,KS,Johnson,(913) 381-8180,,General,9300 Metcalf Ave Ste 300,,Kansas City,2,
"Mceachen, Richard E",http://mceachenricharde.localsearch.com,,https://www.yellowpages.com/overland-park-ks/attorneys,Overland Park,KS,Johnson,(913) 381-8180,,General,9300 Metcalf Ave,,Kansas City,2,
Jenifer Smith Blum Attorney,http://jenifersmithblumattorney.localsearch.com,,https://www.yellowpages.com/overland-park-ks/attorneys,Overland Park,KS,Johnson,(913) 341-0303,,General,6750 W 93rd St,,Kansas City,2,
Gerald W Dykes Attorney,http://geraldwdykesattorney.localsearch.com,,https://www.yellowpages.com/overland-park-ks/attorneys,Overland Park,KS,Johnson,(913) 383-3131,,General,6750 W 93rd St,,Kansas City,2,
Michael D Dwyer Attorney,http://michaelddwyerattorney.localsearch.com,,https://www.yellowpages.com/overland-park-ks/attorneys,Overland Park,KS,Johnson,(913) 383-3131,,General,6750 W 93rd St,,Kansas City,2,
Michael J Dutton Attorney,http://michaeljduttonattorney.localsearch.com,,https://www.yellowpages.com/overland-park-ks/attorneys,Overland Park,KS,Johnson,(913) 888-1000,,General,10111 W 87th St,,Kansas City,2,
Baker Janet Davis,http://bakerjanetdavis.localsearch.com,,https://www.yellowpages.com/overland-park-ks/attorneys,Overland Park,KS,Johnson,(913) 341-0303,,General,6750 W 93rd St,,Kansas City,2,
Edwin M Soltz Attorney,http://edwinmsoltzattorney.localsearch.com,,https://www.yellowpages.com/overland-park-ks/attorneys,Overland Park,KS,Johnson,(913) 341-0303,,General,6750 W 93rd St,,Kansas City,2,
Naomi A Kauffman Attorney,http://naomiakauffmanattorney.localsearch.com,,https://www.yellowpages.com/overland-park-ks/attorneys,Overland Park,KS,Johnson,(913) 383-3131,,General,6750 W 93rd St,,Kansas City,2,
"Hetley, Geoff",http://hetleygeoffks.localsearch.com,,https://www.yellowpages.com/overland-park-ks/attorneys,Overland Park,KS,Johnson,(913) 384-5995,,General,9401 W 87th St,,Kansas City,2,
"Ginsberg, Amy",http://ginsbergamyks.localsearch.com,,https://www.yellowpages.com/overland-park-ks/attorneys,Overland Park,KS,Johnson,(913) 384-5995,,General,9401 W 87th St,,Kansas City,2,
"Czeschin, Betsie",http://czeschinbetsie.localsearch.com,,https://www.yellowpages.com/overland-park-ks/attorneys,Overland Park,KS,Johnson,(913) 384-5995,,General,9401 W 87th St,,Kansas City,2,
J Steven Schweiker attorney,http://yellowpages.com/overland-park-ks/mip/clyde-wood-llc-470872541,,https://www.yellowpages.com/overland-park-ks/attorneys,Overland Park,KS,Johnson,(913) 383-2500,,General,7133 W 95th St,,Kansas City,2,
Jason Lisk Attorney,http://jasonliskattorney.localsearch.com,,https://www.yellowpages.com/overland-park-ks/attorneys,Overland Park,KS,Johnson,(913) 888-1000,,General,10111 W 87th St,,Kansas City,2,
"Robinson, Burke",http://robinsonburke.localsearch.com,,https://www.yellowpages.com/overland-park-ks/attorneys,Overland Park,KS,Johnson,(913) 888-1000,,General,10111 W 87th St,,Kansas City,2,
Derrick A Pearce Attorney,http://yellowpages.com/kansas-city-mo/mip/haigh-burton-s-467103265,,https://www.yellowpages.com/overland-park-ks/attorneys,Overland Park,KS,Johnson,(913) 888-1000,,General,10111 W 87th St,,Kansas City,2,
"Waters, Diane",http://watersdiane.localsearch.com,,https://www.yellowpages.com/overland-park-ks/attorneys,Overland Park,KS,Johnson,(913) 888-1000,,General,10111 W 87th St,,Kansas City,2,
Mark W McKinzie Attorney,http://markwmckinzieattorney.localsearch.com,,https://www.yellowpages.com/overland-park-ks/attorneys,Overland Park,KS,Johnson,(913) 888-1000,,General,10111 W 87th St,,Kansas City,2,
Richmond M Enochs Attorney,http://yellowpages.com/overland-park-ks/mip/clyde-wood-llc-470872541,,https://www.yellowpages.com/overland-park-ks/attorneys,Overland Park,KS,Johnson,(913) 888-1000,,General,10111 W 87th St,,Kansas City,2,
Rod L Richardson Attorney,http://yellowpages.com/overland-park-ks/mip/clyde-wood-llc-470872541,,https://www.yellowpages.com/overland-park-ks/attorneys,Overland Park,KS,Johnson,(913) 888-1000,,General,10111 W 87th St,,Kansas City,2,
Lloyd Bell Attorney,http://yellowpages.com/olathe-ks/mip/adams-cross-llc-10375192,,https://www.yellowpages.com/olathe-ks/attorneys,Olathe,KS,Johnson,(913) 782-5544,,General,214 S Chestnut St,,Kansas City,2,
"Uvodich, JeanAnn",http://uvodichjeanann.localsearch.com,,https://www.yellowpages.com/olathe-ks/attorneys,Olathe,KS,Johnson,(913) 782-5544,,General,214 S Chestnut St,,Kansas City,2,
"Byrne, Edward V",http://byrneedwardv.localsearch.com,,https://www.yellowpages.com/olathe-ks/attorneys,Olathe,KS,Johnson,(913) 449-3752,,General,302 E Park St,,Kansas City,2,
C Spencer Stover,http://spencestoverlaw.com,,https://www.yellowpages.com/olathe-ks/attorneys,Olathe,KS,Johnson,(913) 791-9525,,General,102 S Cherry St Ste 5,,Kansas City,2,
"Cramm, Paul D",http://crammpauld.localsearch.com,,https://www.yellowpages.com/olathe-ks/attorneys,Olathe,KS,Johnson,(913) 322-3265,,General,100 E Park St,,Kansas City,2,
Justice Family,http://justicefamily.localsearch.com,,https://www.yellowpages.com/olathe-ks/attorneys,Olathe,KS,Johnson,(913) 660-1500,,General,100 E Park St,,Kansas City,2,
Martin Barry D,http://martinbarryd.localsearch.com,,https://www.yellowpages.com/olathe-ks/attorneys,Olathe,KS,Johnson,(913) 782-1000,,General,100 E Park St Ste 204,,Kansas City,2,
The Resolution Place,http://theresolutionplace.com,,https://www.yellowpages.com/olathe-ks/attorneys,Olathe,KS,Johnson,(913) 780-0181,,General,100 E Park St,,Kansas City,2,
Anderson Michael D,http://yellowpages.com/olathe-ks/mip/schlagel-long-rivera-520645157,,https://www.yellowpages.com/olathe-ks/attorneys,Olathe,KS,Johnson,(913) 780-5878,,General,110 N Cherry St,,Kansas City,2,
"Loomis, Erna K",http://loomisernak.localsearch.com,,https://www.yellowpages.com/olathe-ks/attorneys,Olathe,KS,Johnson,(913) 782-6207,,General,110 N Cherry St,,Kansas City,2,
"Magariel, David",http://magarieldavid.localsearch.com,,https://www.yellowpages.com/olathe-ks/attorneys,Olathe,KS,Johnson,(913) 782-8200,,General,130 N Water St,,Kansas City,2,
Arney Todd,http://hrkklaw.com,,https://www.yellowpages.com/olathe-ks/attorneys,Olathe,KS,Johnson,(913) 782-2350,,General,130 N Cherry St,,Kansas City,2,
Joe L Norton Attorney,http://joelnortonattorney.localsearch.com,,https://www.yellowpages.com/olathe-ks/attorneys,Olathe,KS,Johnson,(913) 782-2350,,General,130 N Cherry St,,Kansas City,2,
Greg Kincaid Attorney,http://gregkincaidattorney.localsearch.com,,https://www.yellowpages.com/olathe-ks/attorneys,Olathe,KS,Johnson,(913) 782-2350,,General,130 N Cherry St,,Kansas City,2,
Jerry L Wallentine Attorney,http://jerrylwallentineattorney.localsearch.com,,https://www.yellowpages.com/olathe-ks/attorneys,Olathe,KS,Johnson,(913) 780-6666,,General,130 N Cherry St,,Kansas City,2,
Joseph S Davis Jr Attorney,http://josephsdavisjrattorney.localsearch.com,,https://www.yellowpages.com/olathe-ks/attorneys,Olathe,KS,Johnson,(913) 782-2350,,General,130 N Cherry St,,Kansas City,2,
Thomas J Erker Attorney,http://thomasjerkerattorney.localsearch.com,,https://www.yellowpages.com/olathe-ks/attorneys,Olathe,KS,Johnson,(913) 829-2500,,General,130 N Cherry St Ste 203,,Kansas City,2,
L Franklin Taylor Attorney,http://lfranklintaylorattorney.localsearch.com,,https://www.yellowpages.com/olathe-ks/attorneys,Olathe,KS,Johnson,(913) 782-2350,,General,130 N Cherry St,,Kansas City,2,
James R Hubbard Attorney,http://jamesrhubbardattorney.localsearch.com,,https://www.yellowpages.com/olathe-ks/attorneys,Olathe,KS,Johnson,(913) 782-2350,,General,130 N Cherry St,,Kansas City,2,
Polsinelli Shughart PC,http://www.polsinelli.com,,https://www.yellowpages.com/olathe-ks/attorneys,Olathe,KS,Johnson,(816) 572-4765,,General,130 N Cherry St,,Kansas City,2,
Eichholz Mark J,http://eichholzmarkj.localsearch.com,,https://www.yellowpages.com/olathe-ks/attorneys,Olathe,KS,Johnson,(913) 764-8000,,General,130 N Cherry St Ste 101,,Kansas City,2,
David D Burkhead Attorney,http://daviddburkheadattorney.localsearch.com,,https://www.yellowpages.com/olathe-ks/attorneys,Olathe,KS,Johnson,(913) 782-2350,,General,130 N Cherry St,,Kansas City,2,
Dunn Christina,http://dunnchristina.localsearch.com,,https://www.yellowpages.com/olathe-ks/attorneys,Olathe,KS,Johnson,(913) 782-1400,,General,111 S Kansas Ave,,Kansas City,2,
"Jenkins, Frank H Jr",http://jenkinsfrankhjr.localsearch.com,,https://www.yellowpages.com/olathe-ks/attorneys,Olathe,KS,Johnson,(913) 782-0422,,General,105 S Kansas Ave,,Kansas City,2,
Robert W Manske Attorney,http://robertwmanskeattorney.localsearch.com,,https://www.yellowpages.com/olathe-ks/attorneys,Olathe,KS,Johnson,(913) 782-5212,,General,300 S Stevenson St,,Kansas City,2,
Bob Scott,http://bobscott.localsearch.com,,https://www.yellowpages.com/olathe-ks/attorneys,Olathe,KS,Johnson,(913) 390-6776,,General,303 E Poplar St,,Kansas City,2,
M John Attorney,http://yellowpages.com/olathe-ks/mip/adams-cross-llc-10375192,,https://www.yellowpages.com/olathe-ks/attorneys,Olathe,KS,Johnson,(913) 782-7072,,General,303 E Poplar St,,Kansas City,2,
My Child Advocate,http://mychildadvocate.com,,https://www.yellowpages.com/olathe-ks/attorneys,Olathe,KS,Johnson,(913) 829-8838,,General,313 N Chestnut St,,Kansas City,2,
Vader Joseph N,http://johnsoncountydui.com,,https://www.yellowpages.com/olathe-ks/attorneys,Olathe,KS,Johnson,(913) 764-5010,,General,104 E Poplar St,,Kansas City,2,
Hiebert Todd,http://yellowpages.com/olathe-ks/mip/adams-cross-llc-10375192,,https://www.yellowpages.com/olathe-ks/attorneys,Olathe,KS,Johnson,(913) 393-4131,,General,227 S Walnut St,,Kansas City,2,
Martens M,http://martensm.localsearch.com,,https://www.yellowpages.com/olathe-ks/attorneys,Olathe,KS,Johnson,(913) 782-0226,,General,2 Holly Dr,,Kansas City,2,
"Tiday, D, ATTY",http://tidaydatty.localsearch.com,,https://www.yellowpages.com/olathe-ks/attorneys,Olathe,KS,Johnson,(913) 254-1515,,General,2111 E Crossroads Ln,,Kansas City,2,
Gamage Indu,http://gamageindu.localsearch.com,,https://www.yellowpages.com/olathe-ks/attorneys,Olathe,KS,Johnson,(913) 782-2965,,General,14582 S Twilight Ln,,Kansas City,2,
Slezak Marilyn K,http://slezakmarilynk.localsearch.com,,https://www.yellowpages.com/olathe-ks/attorneys,Olathe,KS,Johnson,(913) 829-0012,,General,25800 W 127th St,,Kansas City,2,
"Perez-Wagoner, Pilar, JD",http://perezwagonerpilarjd.localsearch.com,,https://www.yellowpages.com/olathe-ks/attorneys,Olathe,KS,Johnson,(816) 756-1144,,General,15095 W 116th St,,Kansas City,2,
Patrick E White Attorney,http://yellowpages.com/olathe-ks/mip/adams-cross-llc-10375192,,https://www.yellowpages.com/olathe-ks/attorneys,Olathe,KS,Johnson,(913) 856-4700,,General,13035 S Homestead Ln,,Kansas City,2,
Aga Tamatane Jr,http://agatamatanejr.localsearch.com,,https://www.yellowpages.com/olathe-ks/attorneys,Olathe,KS,Johnson,(913) 782-1977,,General,100 E Park St Ste 11,,Kansas City,2,
Schlagel Kinzer,http://schlagelkinzer.localsearch.com,,https://www.yellowpages.com/olathe-ks/attorneys,Olathe,KS,Johnson,(913) 782-5885,,General,201 E Loula St Ste 200,,Kansas City,2,
Zach Roberson Attorney,http://zachrobersonattorney.localsearch.com,,https://www.yellowpages.com/olathe-ks/attorneys,Olathe,KS,Johnson,(913) 221-0848,,General,115 S Chestnut St,,Kansas City,2,
Mayer William A,http://mayerwilliama509408216.localsearch.com,,https://www.yellowpages.com/olathe-ks/attorneys,Olathe,KS,Johnson,(913) 341-9595,,General,108 E Cedar St,,Kansas City,2,
Grimshaw William,http://grimshawwilliam.localsearch.com,,https://www.yellowpages.com/olathe-ks/attorneys,Olathe,KS,Johnson,(913) 782-7474,,General,100 E Park St Ste 204,,Kansas City,2,
Nelson and Associates,http://nelsonandassociates.localsearch.com,,https://www.yellowpages.com/olathe-ks/attorneys,Olathe,KS,Johnson,(913) 440-9942,,General,815 S Clairborne Rd,,Kansas City,2,
Lawrence and Associates,http://lawrenceandassociatesks.localsearch.com,,https://www.yellowpages.com/olathe-ks/attorneys,Olathe,KS,Johnson,(913) 324-5960,,General,312 S Kenwood Ln,,Kansas City,2,
Monaco Sanders Et Al,,,https://directory-kard.kscourts.gov/Home/Details?regNum=17948,Leawood,KS,Johnson,816-523-2400,,General,"8700 State Line Rd, Ste 110",66206,Kansas City,2,
RD Capital LLC,,,https://directory-kard.kscourts.gov/Home/Details?regNum=27148,Overland Park,KS,Johnson,816-830-0270,,General,10410 Metcalf Ave,66212,Kansas City,2,
Couch Lambert LLC,,,https://directory-kard.kscourts.gov/Home/Details?regNum=16741,Lenexa,KS,Johnson,913-391-8721,,General,8821 Long St,66215,Kansas City,2,
"Sifers Jensen Palmer, LLC",,,https://directory-kard.kscourts.gov/Home/Details?regNum=27561,Westwood,KS,Johnson,816-819-3880,,General,"1901 W 47th Place, Ste 200",66205,Kansas City,2,
Rouse Frets White  PC,,,https://directory-kard.kscourts.gov/Home/Details?regNum=22749,Leawood,KS,Johnson,913-387-1600,,General,"5250 W. 116th Pl, Ste 400",66211,Kansas City,2,
Howden US Specialty LLC,,,https://directory-kard.kscourts.gov/Home/Details?regNum=15833,Overland Park,KS,Johnson,913-544-8409,,General,8203 W. 99th St,66212,Kansas City,2,
Lenexa Chamber of Commerce,,,https://directory-kard.kscourts.gov/Home/Details?regNum=16625,Lenexa,KS,Johnson,913-888-1414,,General,11180 Lackman Rd,66219,Kansas City,2,
Commerce Trust,,,https://directory-kard.kscourts.gov/Home/Details?regNum=28038,Leawood,KS,Johnson,816-234-2559,,General,"11405 Nall Ave, Ste 200",66211,Kansas City,2,
Wilson Elser,,,https://directory-kard.kscourts.gov/Home/Details?regNum=31438,Lenexa,KS,Johnson,314-930-2860,,General,Three Pine Ridge Plaza 1901 W 84th Ter,66214,Kansas City,2,
Village Shalom,,,https://directory-kard.kscourts.gov/Home/Details?regNum=16048,Overland Park,KS,Johnson,913-266-8412,,General,5500 W 123rd St,66209,Kansas City,2,
QTS Data Centers,,,https://directory-kard.kscourts.gov/Home/Details?regNum=12347,Overland Park,KS,Johnson,913-329-2837,,General,6601 College Blvd,66211,Kansas City,2,
Cboe Global Markets,,,https://directory-kard.kscourts.gov/Home/Details?regNum=25528,Overland Park,KS,Johnson,913-424-2970,,General,"6800 W 115th, Ste 260",66211,Kansas City,2,
Brian L Smith Attorney,http://brianlsmithattorneyks.localsearch.com,,https://www.yellowpages.com/shawnee-ks/attorneys,Shawnee,KS,Johnson,(913) 248-9100,,General,10620 Johnson Dr,,Kansas City,2,
"Brennan, Christopher",http://brennanchristopher.localsearch.com,,https://www.yellowpages.com/shawnee-ks/attorneys,Shawnee,KS,Johnson,(913) 268-7700,,General,6100 Nieman Rd,,Kansas City,2,
Kips R Bruce,http://kipsrbruce.localsearch.com,,https://www.yellowpages.com/shawnee-ks/attorneys,Shawnee,KS,Johnson,(913) 962-9800,,General,6333 Long Ave,,Kansas City,2,
Montee Michael J,http://monteemichaelj.localsearch.com,,https://www.yellowpages.com/shawnee-ks/attorneys,Shawnee,KS,Johnson,(913) 268-7666,,General,13414 W 78th Ter,,Kansas City,2,
"Dykstra, Matt",http://dykstramatt.localsearch.com,,https://www.yellowpages.com/shawnee-ks/attorneys,Shawnee,KS,Johnson,(913) 962-8700,,General,7225 Renner Rd,,Kansas City,2,
"Kellman, Shannon",http://kellmanshannon.localsearch.com,,https://www.yellowpages.com/shawnee-ks/attorneys,Shawnee,KS,Johnson,(913) 962-8700,,General,7225 Renner Rd,,Kansas City,2,
Jackson T,http://jacksontks.localsearch.com,,https://www.yellowpages.com/shawnee-ks/attorneys,Shawnee,KS,Johnson,(913) 441-7882,,General,4914 Lakecrest Dr,,Kansas City,2,
Jackson and Wade,http://jacksonandwade.localsearch.com,,https://www.yellowpages.com/shawnee-ks/attorneys,Shawnee,KS,Johnson,(913) 338-1700,,General,21628 Midland Dr,,Kansas City,2,
McMahon John C,http://mcmahonjohnc.localsearch.com,,https://www.yellowpages.com/shawnee-ks/attorneys,Shawnee,KS,Johnson,(913) 422-5250,,General,21911 W 66th St,,Kansas City,2,
Lickteig Theodore,http://lickteigtheodore.localsearch.com,,https://www.yellowpages.com/lenexa-ks/attorneys,Lenexa,KS,Johnson,(913) 894-1090,,General,12760 W 87th Street Pkwy Ste 112,,Kansas City,2,
Johannsen Carston C,http://johannsencarstonc.localsearch.com,,https://www.yellowpages.com/lenexa-ks/attorneys,Lenexa,KS,Johnson,(913) 599-5192,,General,9728 Rosehill Rd,,Kansas City,2,
Kinkade Kerry J Attorney,http://kinkadekerryjattorney.localsearch.com,,https://www.yellowpages.com/lenexa-ks/attorneys,Lenexa,KS,Johnson,(913) 322-4300,,General,9630 Monrovia St,,Kansas City,2,
Hidalgo Judith A,http://hidalgojuditha.localsearch.com,,https://www.yellowpages.com/lenexa-ks/attorneys,Lenexa,KS,Johnson,(913) 599-3116,,General,10028 Caenen Dr,,Kansas City,2,
"McMorris, Ron",http://mcmorrisron.localsearch.com,,https://www.yellowpages.com/lenexa-ks/attorneys,Lenexa,KS,Johnson,(913) 438-7765,,General,13420 Santa Fe Trail Dr,,Kansas City,2,
"Walker, Davy C, ATTY",http://walkerdavycatty.localsearch.com,,https://www.yellowpages.com/lenexa-ks/attorneys,Lenexa,KS,Johnson,(913) 621-5518,,General,10215 Long St,,Kansas City,2,
Ronald W Nelson P A,http://www.kansas-divorce.com,,https://www.yellowpages.com/lenexa-ks/attorneys,Lenexa,KS,Johnson,(913) 312-2500,,General,11900 W 87th Street Pkwy Ste 117,,Kansas City,2,
Hoofnagle Lesa,http://hoofnaglelesa.localsearch.com,,https://www.yellowpages.com/lenexa-ks/attorneys,Lenexa,KS,Johnson,(913) 599-4127,,General,14801 W 83rd Ter,,Kansas City,2,
Cossairt Kathleen J,http://cossairtkathleenj.localsearch.com,,https://www.yellowpages.com/lenexa-ks/attorneys,Lenexa,KS,Johnson,(913) 322-4446,,General,8730 Bourgade St,,Kansas City,2,
Transportation Lawyers Association,http://www.translaw.org,,https://www.yellowpages.com/lenexa-ks/attorneys,Lenexa,KS,Johnson,(913) 895-4615,,General,PO Box 15122,,Kansas City,2,
"Kidd, Teresa, JD",http://kiddteresajd.localsearch.com,,https://www.yellowpages.com/lenexa-ks/attorneys,Lenexa,KS,Johnson,(913) 422-0610,,General,,,Kansas City,2,
Neff Thomas G,http://neffthomasgks.localsearch.com,,https://www.yellowpages.com/lenexa-ks/attorneys,Lenexa,KS,Johnson,(913) 438-1200,,General,8748 Hauser St Apt L,,Kansas City,2,
"Farney, Bradley L",http://yellowpages.com/lenexa-ks/mip/kelsey-ballard-state-farm-insurance-agent-571917208,,https://www.yellowpages.com/lenexa-ks/attorneys,Lenexa,KS,Johnson,(913) 492-5959,,General,12760 W 87th Street Pkwy,,Kansas City,2,
Michael J Joshit,http://www.joshilaw.com,,https://www.yellowpages.com/lenexa-ks/attorneys,Lenexa,KS,Johnson,(913) 227-0100,,General,8700 Monrovia St Ste 208,,Kansas City,2,
Heartland Mediators Association,http://www.heartlandmediators.org,,https://www.yellowpages.com/lenexa-ks/attorneys,Lenexa,KS,Johnson,(913) 956-7620,,General,PO Box 14971,,Kansas City,2,
Quality Growth Companies,,,https://directory-kard.kscourts.gov/Home/Details?regNum=19114,Overland Park,KS,Johnson,913-329-2919,,General,12851 Foster St,66213,Kansas City,2,
"Lewis Rice, LLC",,,https://directory-kard.kscourts.gov/Home/Details?regNum=28029,Overland Park,KS,Johnson,816-421-2500,,General,10484 Marty St,66212,Kansas City,2,
Mahogany Rhino,,,https://directory-kard.kscourts.gov/Home/Details?regNum=20173,Lenexa,KS,Johnson,913-710-5649,,General,PO Box 15464 #3307,66285,Kansas City,2,
Tallgrass Energy LP,,,https://directory-kard.kscourts.gov/Home/Details?regNum=25130,Leawood,KS,Johnson,913-928-6015,,General,11550 Ash St Ste 220,66211,Kansas City,2,
Steven D. Waldman,,,https://directory-kard.kscourts.gov/Home/Details?regNum=17609,Overland Park,KS,Johnson,913-327-5999,,General,PO Box 7228,66207,Kansas City,2,
Planned Parenthood Great Plains,,,https://directory-kard.kscourts.gov/Home/Details?regNum=26228,Overland Park,KS,Johnson,913-345-4613,,General,"4401 W 109th St, Ste 200",66211,Kansas City,2,
Mayer William A,http://mayerwilliama573312644.localsearch.com,,https://www.yellowpages.com/leawood-ks/attorneys,Leawood,KS,Johnson,(816) 321-1803,,General,9233 Ward Parkway,,Kansas City,2,
Fred J Logan Jr Attorney,http://fredjloganjrattorneyks.localsearch.com,,https://www.yellowpages.com/leawood-ks/attorneys,Leawood,KS,Johnson,(913) 381-1121,,General,8340 Mission Rd,,Kansas City,2,
Erickson Kernell IP,http://kcpatentlaw.com,,https://www.yellowpages.com/leawood-ks/attorneys,Leawood,KS,Johnson,(913) 549-4700,,General,8900 State Line Rd Ste 500,,Kansas City,2,
Logan Fred J Jr,http://yellowpages.com/prairie-village-ks/mip/hollis-law-firm-10875452,,https://www.yellowpages.com/leawood-ks/attorneys,Leawood,KS,Johnson,(913) 649-8415,,General,8610 Mohawk Rd,,Kansas City,2,
"Villanueva, Jocelyn A, ATTY",http://villanuevajocelynaatty.localsearch.com,,https://www.yellowpages.com/leawood-ks/attorneys,Leawood,KS,Johnson,(913) 385-2690,,General,3509 W 85th St,,Kansas City,2,
Ryan Fowler Attorney,http://yellowpages.com/prairie-village-ks/mip/hollis-law-firm-10875452,,https://www.yellowpages.com/leawood-ks/attorneys,Leawood,KS,Johnson,(913) 381-1121,,General,8340 Mission Rd,,Kansas City,2,
"Watson, M B, ATTY",http://loganlaw.com,,https://www.yellowpages.com/leawood-ks/attorneys,Leawood,KS,Johnson,(913) 381-1121,,General,8340 Mission Rd Ste 106,,Kansas City,2,
Smith Stephanie M,http://www.stephaniemsmith.com,,https://www.yellowpages.com/leawood-ks/attorneys,Leawood,KS,Johnson,(913) 341-3778,,General,8340 Mission Rd,,Kansas City,2,
"Dugan, Robert H",http://duganroberth.localsearch.com,,https://www.yellowpages.com/leawood-ks/attorneys,Leawood,KS,Johnson,(913) 236-4061,,General,3822 State Line Rd,,Kansas City,2,
Dezube Miller,http://dezubemiller.localsearch.com,,https://www.yellowpages.com/leawood-ks/attorneys,Leawood,KS,Johnson,(913) 385-0355,,General,4400 W 109th St Ste 300,,Kansas City,2,
"Gorny, Steve",http://bflawfirm.com,,https://www.yellowpages.com/leawood-ks/attorneys,Leawood,KS,Johnson,(913) 266-2300,,General,11150 Overbrook Rd Ste 200,,Kansas City,2,
"Blongewicz, Jon A, ATTY",http://cloonlaw.com,,https://www.yellowpages.com/leawood-ks/attorneys,Leawood,KS,Johnson,(913) 661-9600,,General,11150 Overbrook Rd,,Kansas City,2,
"Casey, Murray",http://caseymurray.localsearch.com,,https://www.yellowpages.com/leawood-ks/attorneys,Leawood,KS,Johnson,(913) 253-2580,,General,11181 Overbrook Rd,,Kansas City,2,
Matteuzzi Michael D,http://yellowpages.com/prairie-village-ks/mip/hollis-law-firm-10875452,,https://www.yellowpages.com/leawood-ks/attorneys,Leawood,KS,Johnson,(913) 253-2510,,General,11181 Overbrook Rd,,Kansas City,2,
"Yakimo, Michael, JD",http://yellowpages.com/overland-park-ks/mip/invent-help-6757539,,https://www.yellowpages.com/leawood-ks/attorneys,Leawood,KS,Johnson,(913) 339-9666,,General,4400 College Blvd,,Kansas City,2,
G William Stapp Jd,http://gwilliamstappjd.localsearch.com,,https://www.yellowpages.com/leawood-ks/attorneys,Leawood,KS,Johnson,(913) 648-5526,,General,4801 W 110th St,,Kansas City,2,
Practus GP,https://practus.com/contact-us,,https://www.yellowpages.com/leawood-ks/attorneys,Leawood,KS,Johnson,(240) 206-6027,,General,11300 Tomahawk Creek Pkwy,,Kansas City,2,
Mandelbaum and Sandhaus,http://mandelbaumandsandhaus.localsearch.com,,https://www.yellowpages.com/leawood-ks/attorneys,Leawood,KS,Johnson,(913) 906-0010,,General,4601 College Blvd Ste 280,,Kansas City,2,
"Beck, Douglas M, ATTY",http://beckdouglasmatty.localsearch.com,,https://www.yellowpages.com/leawood-ks/attorneys,Leawood,KS,Johnson,(913) 345-0420,,General,4701 College Blvd,,Kansas City,2,
Campbell Jr John,http://campbelljrjohn.localsearch.com,,https://www.yellowpages.com/leawood-ks/attorneys,Leawood,KS,Johnson,(913) 661-9600,,General,11350 Tomahawk Creek Pkwy,,Kansas City,2,
"Dennis, Greg M",,,https://www.yellowpages.com/leawood-ks/attorneys,Leawood,KS,Johnson,(913) 498-1700,,General,4701 College Blvd,,Kansas City,2,
"Meinhardt, J M, ATTY",http://meinhardtjmatty.localsearch.com,,https://www.yellowpages.com/leawood-ks/attorneys,Leawood,KS,Johnson,(913) 451-9797,,General,4707 College Blvd,,Kansas City,2,
"Duwe, Barry, ATTY",http://duwebarryatty.localsearch.com,,https://www.yellowpages.com/leawood-ks/attorneys,Leawood,KS,Johnson,(913) 322-7787,,General,5330 College Blvd,,Kansas City,2,
"Vermillion, Debra",http://www.vermillionlawoffices.com,,https://www.yellowpages.com/leawood-ks/attorneys,Leawood,KS,Johnson,(913) 322-7732,,General,5330 College Blvd,,Kansas City,2,
Wietharn Clarence R,http://wietharnclarencer.localsearch.com,,https://www.yellowpages.com/leawood-ks/attorneys,Leawood,KS,Johnson,(913) 322-7765,,General,5330 College Blvd,,Kansas City,2,
"Koons, Jeffrey A",http://koonsjeffreya.localsearch.com,,https://www.yellowpages.com/leawood-ks/attorneys,Leawood,KS,Johnson,(913) 652-9563,,General,5330 College Blvd,,Kansas City,2,
Dennis J Reynolds Attorney,http://dennisjreynoldsattorney.localsearch.com,,https://www.yellowpages.com/leawood-ks/attorneys,Leawood,KS,Johnson,(913) 451-2600,,General,5350 College Blvd Ste 102,,Kansas City,2,
Cavanaugh Kevin,http://cavanaughkevin.localsearch.com,,https://www.yellowpages.com/leawood-ks/attorneys,Leawood,KS,Johnson,(913) 387-3193,,General,11115 Ash St,,Kansas City,2,
"Thomas, McGraw",http://thomasmcgraw.localsearch.com,,https://www.yellowpages.com/leawood-ks/attorneys,Leawood,KS,Johnson,(913) 469-6000,,General,11111 Nall Ave,,Kansas City,2,
Luke Joliff,http://lukejoliff.localsearch.com,,https://www.yellowpages.com/leawood-ks/attorneys,Leawood,KS,Johnson,(913) 642-3939,,General,11551 Granada St,,Kansas City,2,
Madden Myers Team,http://maddenmyersteam.localsearch.com,,https://www.yellowpages.com/leawood-ks/attorneys,Leawood,KS,Johnson,(913) 980-5696,,General,11601 Granada St,,Kansas City,2,
Polsinelli PC,http://polsinelli.com,,https://www.yellowpages.com/leawood-ks/attorneys,Leawood,KS,Johnson,(913) 323-0400,,General,6201 College Blvd,,Kansas City,2,
"Johnson, Neil",http://johnsonneil.localsearch.com,,https://www.yellowpages.com/leawood-ks/attorneys,Leawood,KS,Johnson,(913) 338-2103,,General,2217 W 119th St,,Kansas City,2,
Norris Keplinge,https://www.nkfirm.com,,https://www.yellowpages.com/leawood-ks/attorneys,Leawood,KS,Johnson,(913) 663-2000,,General,6800 College Blvd,,Kansas City,2,
"Gentile, R",http://rousepc.com,,https://www.yellowpages.com/leawood-ks/attorneys,Leawood,KS,Johnson,(816) 941-7600,,General,5250 W 116th Pl,,Kansas City,2,
"Rhodes, Randall L, ATTY",http://rousefrets.com,,https://www.yellowpages.com/leawood-ks/attorneys,Leawood,KS,Johnson,(816) 941-7600,,General,5250 W 116th Pl,,Kansas City,2,
Norris Keplinger,https://www.nkfirm.com/contact-us,,https://www.yellowpages.com/leawood-ks/attorneys,Leawood,KS,Johnson,(913) 663-2000,,General,11551 Ash St,,Kansas City,2,
Ankerholz And Smith,http://www.ankerholzsmith.com,,https://www.yellowpages.com/leawood-ks/attorneys,Leawood,KS,Johnson,(913) 345-2000,,General,6900 College Blvd,,Kansas City,2,
"Hansen, Eric L",http://martinpringle.com,,https://www.yellowpages.com/leawood-ks/attorneys,Leawood,KS,Johnson,(913) 491-5500,,General,6900 College Blvd Ste 700,,Kansas City,2,
"Wetzler, Richard S",http://martinpringle.com,,https://www.yellowpages.com/leawood-ks/attorneys,Leawood,KS,Johnson,(913) 648-7272,,General,6900 College Blvd Ste 700,,Kansas City,2,
"Crane, Adam",http://craneadam.localsearch.com,,https://www.yellowpages.com/leawood-ks/attorneys,Leawood,KS,Johnson,(913) 381-1500,,General,7007 College Blvd,,Kansas City,2,
"Bell, Jerry",http://belljerryks.localsearch.com,,https://www.yellowpages.com/leawood-ks/attorneys,Leawood,KS,Johnson,(913) 381-1500,,General,7007 College Blvd,,Kansas City,2,
"Chilton, Jonathan D",http://chiltonjonathand.localsearch.com,,https://www.yellowpages.com/leawood-ks/attorneys,Leawood,KS,Johnson,(913) 498-6000,,General,5701 W 119th St Ste 319,,Kansas City,2,
"Thompson, Michael W, ATTY",http://thompsonmichaelwatty.localsearch.com,,https://www.yellowpages.com/leawood-ks/attorneys,Leawood,KS,Johnson,(913) 345-9509,,General,12400 Aberdeen Rd,,Kansas City,2,
"Schach, Martha E, ATTY",http://schachmarthaeatty.localsearch.com,,https://www.yellowpages.com/leawood-ks/attorneys,Leawood,KS,Johnson,(913) 451-2622,,General,12601 Norwood Rd,,Kansas City,2,
Wexler Louis S,http://wexlerlouiss.localsearch.com,,https://www.yellowpages.com/leawood-ks/attorneys,Leawood,KS,Johnson,(913) 831-3685,,General,2413 W 127th St,,Kansas City,2,
"Kreamer, Scott H, ATTY",http://kreamerscotthatty.localsearch.com,,https://www.yellowpages.com/leawood-ks/attorneys,Leawood,KS,Johnson,(913) 451-4578,,General,12616 Juniper Cir,,Kansas City,2,
"Kreamer, Karen, ATTY",http://kreamerkarenatty.localsearch.com,,https://www.yellowpages.com/leawood-ks/attorneys,Leawood,KS,Johnson,(913) 469-4066,,General,12616 Juniper Cir,,Kansas City,2,
Debt Relief Center PC,http://debtreliefcenterpcks.localsearch.com,,https://www.yellowpages.com/leawood-ks/attorneys,Leawood,KS,Johnson,(913) 831-1717,,General,6731 W 121st St,,Kansas City,2,
"Vancrum, Robert J, ATTY",http://vancrumrobertjatty.localsearch.com,,https://www.yellowpages.com/leawood-ks/attorneys,Leawood,KS,Johnson,(913) 345-2609,,General,12700 Sagamore Rd,,Kansas City,2,
Fehr Steven A,http://yellowpages.com/overland-park-ks/mip/shook-hardy-bacon-llp-12587217,,https://www.yellowpages.com/leawood-ks/attorneys,Leawood,KS,Johnson,(913) 338-1986,,General,13007 Windsor Cir,,Kansas City,2,
"Elkins, Marc E",http://elkinsmarce.localsearch.com,,https://www.yellowpages.com/leawood-ks/attorneys,Leawood,KS,Johnson,(913) 897-2857,,General,13020 El Monte St,,Kansas City,2,
English Richard L Atty,http://englishrichardlatty.localsearch.com,,https://www.yellowpages.com/leawood-ks/attorneys,Leawood,KS,Johnson,(913) 814-0995,,General,4541 W 131st Ter,,Kansas City,2,
"Jackson, James B, ATTY",http://jacksonjamesbatty.localsearch.com,,https://www.yellowpages.com/leawood-ks/attorneys,Leawood,KS,Johnson,(913) 663-1300,,General,4630 W 137th St,,Kansas City,2,
Harbur Nathan C,http://harburnathancks.localsearch.com,,https://www.yellowpages.com/leawood-ks/attorneys,Leawood,KS,Johnson,(913) 661-9600,,General,11150 Overbrook Rd Ste 350,,Kansas City,2,
Avek IP,http://www.kcpatentlaw.com,,https://www.yellowpages.com/leawood-ks/attorneys,Leawood,KS,Johnson,(913) 549-4700,,General,8900 State Line Rd Ste 500,,Kansas City,2,
Owens Mark C,http://owensmarkc.localsearch.com,,https://www.yellowpages.com/leawood-ks/attorneys,Leawood,KS,Johnson,(913) 491-0999,,General,4400 W 109th St,,Kansas City,2,
Cloon Bryson R,http://www.cloonlaw.com,,https://www.yellowpages.com/leawood-ks/attorneys,Leawood,KS,Johnson,(913) 661-9600,,General,11150 Overbrook Rd Ste 350,,Kansas City,2,
"Holder, Genniveve D",http://holdergenniveved.localsearch.com,,https://www.yellowpages.com/leawood-ks/attorneys,Leawood,KS,Johnson,(816) 303-1530,,General,10740 Nall Ave,,Kansas City,2,
Swanson Midgley,http://swansonmidgleyks.localsearch.com,,https://www.yellowpages.com/leawood-ks/attorneys,Leawood,KS,Johnson,(913) 345-0000,,General,4701 College Blvd Ste 107,,Kansas City,2,
Janzen Barbara G,http://janzenbarbarag.localsearch.com,,https://www.yellowpages.com/leawood-ks/attorneys,Leawood,KS,Johnson,(913) 451-2113,,General,4707 College Blvd Ste 100,,Kansas City,2,
J Paprota William PA,http://jpaprotawilliampa.localsearch.com,,https://www.yellowpages.com/leawood-ks/attorneys,Leawood,KS,Johnson,(913) 341-0880,,General,4707 College Blvd Ste 208,,Kansas City,2,
Mhm RPS,http://mhm-rps.com,,https://www.yellowpages.com/leawood-ks/attorneys,Leawood,KS,Johnson,(913) 234-1880,,General,11440 Tomahawk Creek Pkwy,,Kansas City,2,
Damore Janet L.,http://damorejanetl.localsearch.com,,https://www.yellowpages.com/leawood-ks/attorneys,Leawood,KS,Johnson,(913) 890-2051,,General,5330 College Blvd,,Kansas City,2,
Singer Mark R,http://yellowpages.com/overland-park-ks/mip/viking-sewing-gallery-4546851,,https://www.yellowpages.com/leawood-ks/attorneys,Leawood,KS,Johnson,(913) 642-3600,,General,10777 Barkley St,,Kansas City,2,
Foland Wickens Et Al,http://folandwickensetal.localsearch.com,,https://www.yellowpages.com/leawood-ks/attorneys,Leawood,KS,Johnson,(913) 341-7474,,General,10777 Barkley St,,Kansas City,2,
"Levitan, Howard S",http://levitanhowards.localsearch.com,,https://www.yellowpages.com/prairie-village-ks/attorneys,Prairie Village,KS,Johnson,(913) 498-0201,,General,PO Box 8640,,Kansas City,2,
Spencer Richard H,http://yellowpages.com/prairie-village-ks/mip/hollis-law-firm-10875452,,https://www.yellowpages.com/prairie-village-ks/attorneys,Prairie Village,KS,Johnson,(913) 341-5205,,General,77 Le Mans Ct,,Kansas City,2,
Jeffery D Morris Attorney,http://jefferydmorrisattorney.localsearch.com,,https://www.yellowpages.com/prairie-village-ks/attorneys,Prairie Village,KS,Johnson,(913) 649-7007,,General,4121 W 83rd St,,Kansas City,2,
David H Barr Attorney,http://davidhbarrattorney.localsearch.com,,https://www.yellowpages.com/prairie-village-ks/attorneys,Prairie Village,KS,Johnson,(913) 649-7007,,General,4121 W 83rd St,,Kansas City,2,
David P Mosh Attorney,http://davidpmoshattorney.localsearch.com,,https://www.yellowpages.com/prairie-village-ks/attorneys,Prairie Village,KS,Johnson,(913) 649-5386,,General,8016 State Line Rd,,Kansas City,2,
Roger D Stanton Attorney,http://rogerdstantonattorney.localsearch.com,,https://www.yellowpages.com/prairie-village-ks/attorneys,Prairie Village,KS,Johnson,(913) 649-7007,,General,4121 W 83rd St,,Kansas City,2,
Ralph E Lewis II Attorney,http://ralphelewisiiattorney.localsearch.com,,https://www.yellowpages.com/prairie-village-ks/attorneys,Prairie Village,KS,Johnson,(913) 381-8361,,General,4121 W 83rd St,,Kansas City,2,
Peterson Kirk A,http://petersonkirka.localsearch.com,,https://www.yellowpages.com/prairie-village-ks/attorneys,Prairie Village,KS,Johnson,(913) 649-7007,,General,4121 W 83rd St,,Kansas City,2,
"Stallbaumer, Sharon A",http://stallbaumersharona.localsearch.com,,https://www.yellowpages.com/prairie-village-ks/attorneys,Prairie Village,KS,Johnson,(913) 649-7007,,General,4121 W 83rd St,,Kansas City,2,
Eisenbrandt James L,https://www.berkowitzoliver.com,,https://www.yellowpages.com/prairie-village-ks/attorneys,Prairie Village,KS,Johnson,(913) 649-7007,,General,4121 W 83rd St,,Kansas City,2,
Jeffrey R Siegel Esquire,http://jeffreyrsiegelesquire.localsearch.com,,https://www.yellowpages.com/prairie-village-ks/attorneys,Prairie Village,KS,Johnson,(913) 735-4829,,General,3965 W 83rd St,,Kansas City,2,
Brown Jeff K,http://www.loganlaw.com,,https://www.yellowpages.com/prairie-village-ks/attorneys,Prairie Village,KS,Johnson,(913) 381-1121,,General,8340 Mission Rd,,Kansas City,2,
"Logan, Andrew V, ATTY",http://loganlaw.com,,https://www.yellowpages.com/prairie-village-ks/attorneys,Prairie Village,KS,Johnson,(913) 381-1121,,General,8340 Mission Rd,,Kansas City,2,
"Tyrell, David M, ATTY",http://loganlaw.com,,https://www.yellowpages.com/prairie-village-ks/attorneys,Prairie Village,KS,Johnson,(913) 381-1121,,General,8340 Mission Rd,,Kansas City,2,
"Cowden, John W",http://cowdenjohnw.localsearch.com,,https://www.yellowpages.com/prairie-village-ks/attorneys,Prairie Village,KS,Johnson,(913) 831-0357,,General,6827 Linden St,,Kansas City,2,
"Stanton, Roger D, ATTY",http://stanton-law.com,,https://www.yellowpages.com/prairie-village-ks/attorneys,Prairie Village,KS,Johnson,(913) 381-8683,,General,8431 Linden Ln,,Kansas City,2,
Blue Dart Ventures,https://www.bluedartventures.com,,https://www.yellowpages.com/prairie-village-ks/attorneys,Prairie Village,KS,Johnson,(913) 717-0170,,General,2310 W 75th St,,Kansas City,2,
"Holm, Kenneth, ATTY",http://holmkennethatty.localsearch.com,,https://www.yellowpages.com/prairie-village-ks/attorneys,Prairie Village,KS,Johnson,(913) 383-1971,,General,4208 W 91st St,,Kansas City,2,
"Simon, Judy L, ATTY",http://simonjudylatty.localsearch.com,,https://www.yellowpages.com/prairie-village-ks/attorneys,Prairie Village,KS,Johnson,(913) 491-1100,,General,5200 W 94th Ter,,Kansas City,2,
Leffel Russell C,http://leffelrussellcks.localsearch.com,,https://www.yellowpages.com/prairie-village-ks/attorneys,Prairie Village,KS,Johnson,(913) 362-9727,,General,7301 Mission Rd Ste 245,,Kansas City,2,
Oliver Berkowitz,http://www.berkowitzoliver.com,,https://www.yellowpages.com/prairie-village-ks/attorneys,Prairie Village,KS,Johnson,(913) 649-7007,,General,4200 Somerset Dr Ste 150,,Kansas City,2,
Hastings John P,http://johnhastingshastingsrose.localsearch.com,,https://www.yellowpages.com/prairie-village-ks/attorneys,Prairie Village,KS,Johnson,(913) 383-3838,,General,8010 State Line Rd Ste 200,,Kansas City,2,
Mayer William A,http://mayerwilliamaks.localsearch.com,,https://www.yellowpages.com/prairie-village-ks/attorneys,Prairie Village,KS,Johnson,(913) 341-9595,,General,8014 State Line Rd,,Kansas City,2,
SLW Enterprises,,,https://directory-kard.kscourts.gov/Home/Details?regNum=16401,Overland Park,KS,Johnson,913-220-5029,,General,5731 Marty St,66202,Kansas City,2,
Kansas Courts,,,https://directory-kard.kscourts.gov/Home/Details?regNum=23603,Olathe,KS,Johnson,913-715-5380,,General,150 W Santa Fe,66061,Kansas City,2,
Johnson County,,,https://directory-kard.kscourts.gov/Home/Details?regNum=23623,Olathe,KS,Johnson,913-715-1850,,General,111 S Cherry St Ste 3200,66061,Kansas City,2,
Tommy Beeler,,,https://directory-kard.kscourts.gov/Home/Details?regNum=25010,Overland Park,KS,Johnson,816-977-9118,,General,5624 W 92nd Pl,66207,Kansas City,2,
Richard L. Berry,,,https://directory-kard.kscourts.gov/Home/Details?regNum=9528,Overland Park,KS,Johnson,913-645-5659,,General,10245 Nieman Rd,66214,Kansas City,2,
"Zarda, Kathleen, ATTY",http://zardakathleenatty.localsearch.com,,https://www.yellowpages.com/merriam-ks/attorneys,Merriam,KS,Johnson,(913) 384-0370,,General,8600 Shawnee Mission Pkwy,,Kansas City,2,
Kansas Speeding Ticket Attorney,http://www.kansasexpungement.com,,https://www.yellowpages.com/merriam-ks/attorneys,Merriam,KS,Johnson,(913) 732-3014,,General,5117 Lowell St,,Kansas City,2,
Leffel Russell C,http://yellowpages.com/overland-park-ks/mip/kelly-law-firm-656899,,https://www.yellowpages.com/merriam-ks/attorneys,Merriam,KS,Johnson,(913) 362-9727,,General,7315 E Frontage Rd Ste 109,,Kansas City,2,
"Long, Harlan L",http://longharlanl.localsearch.com,,https://www.yellowpages.com/mission-ks/attorneys,Mission,KS,Johnson,(913) 432-7570,,General,5401 W 58th Ter,,Kansas City,2,
"Lindsay, John",http://lindsayjohnks.localsearch.com,,https://www.yellowpages.com/mission-ks/attorneys,Mission,KS,Johnson,(913) 871-1331,,General,5427 Johnson Dr,,Kansas City,2,
Betts John C,http://kofccureofars.org,,https://www.yellowpages.com/mission-ks/attorneys,Mission,KS,Johnson,(913) 362-9700,,General,5920 Nall Ave,,Kansas City,2,
"Winthrop, Edward L",http://winthropedwardl.localsearch.com,,https://www.yellowpages.com/mission-ks/attorneys,Mission,KS,Johnson,(913) 432-1826,,General,5800 Foxridge Dr,,Kansas City,2,
Farchmindicus P C,http://farchmindicuspc.localsearch.com,,https://www.yellowpages.com/mission-ks/attorneys,Mission,KS,Johnson,(816) 931-1984,,General,6299 Nall Ave,,Kansas City,2,
Morgan Terry,http://yellowpages.com/mission-ks/mip/the-goldworks-inc-454036544,,https://www.yellowpages.com/mission-ks/attorneys,Mission,KS,Johnson,(913) 677-4410,,General,6811 Shawnee Mission Pkwy Ste 210,,Kansas City,2,
Robert A Kumin PC,http://reed-walker.com,,https://www.yellowpages.com/mission-ks/attorneys,Mission,KS,Johnson,(913) 432-1826,,General,6901 Shawnee Mission Pkwy,,Kansas City,2,
"Vasos, Donald W, ATTY",http://vasosdonaldwatty.localsearch.com,,https://www.yellowpages.com/mission-ks/attorneys,Mission,KS,Johnson,(913) 432-1038,,General,6650 Dearborn Dr,,Kansas City,2,
Mission Personal Injury Lawyer,http://yellowpages.com/shawnee-mission-ks/mip/law-office-of-michael-a-millett-p-a-6622233,,https://www.yellowpages.com/mission-ks/attorneys,Mission,KS,Johnson,(913) 335-3478,,General,7508 Shawnee Mission Pkwy,,Kansas City,2,
Clark Roger,http://clarkrogerks.localsearch.com,,https://www.yellowpages.com/mission-ks/attorneys,Mission,KS,Johnson,(913) 432-6239,,General,5306 Goodman Ln,,Kansas City,2,
"Hetley, Geoff",http://hetleygeoff.localsearch.com,,https://www.yellowpages.com/mission-ks/attorneys,Mission,KS,Johnson,(913) 384-1851,,General,8015 Shawnee Mission Pkwy,,Kansas City,2,
Friend Cooper,http://friendcooper.localsearch.com,,https://www.yellowpages.com/mission-ks/attorneys,Mission,KS,Johnson,(913) 387-2065,,General,1901 W 47th Pl,,Kansas City,2,
Boulton Jonathan T Atty,http://boultonjonathantatty.localsearch.com,,https://www.yellowpages.com/mission-ks/attorneys,Mission,KS,Johnson,(913) 432-0660,,General,,,Kansas City,2,
Professional Advisory Svc,http://professionaladvisorysvc.localsearch.com,,https://www.yellowpages.com/mission-ks/attorneys,Mission,KS,Johnson,(913) 236-7779,,General,6405 Metcalf Ave,,Kansas City,2,
Silks Louis A Jr,http://silkslouisajr.localsearch.com,,https://www.yellowpages.com/mission-ks/attorneys,Mission,KS,Johnson,(913) 384-1400,,General,8600 Shawnee Mission Pkwy,,Kansas City,2,
Lyons Kevin M,http://lyonskevinm.localsearch.com,,https://www.yellowpages.com/mission-ks/attorneys,Mission,KS,Johnson,(913) 362-7300,,General,6145 Grandview St,,Kansas City,2,
Special Olympics Kc Metro,http://specialolympics.org,,https://www.yellowpages.com/mission-ks/attorneys,Mission,KS,Johnson,(913) 789-0330,,General,1 Lee Dr,,Kansas City,2,
Steven Jay Block,,,https://directory-kard.kscourts.gov/Home/Details?regNum=12728,Overland Park,KS,Johnson,913-406-5272,,General,12535 Flint,66213,Kansas City,2,
Assured Trust Company,,,https://directory-kard.kscourts.gov/Home/Details?regNum=17177,Overland Park,KS,Johnson,913-521-9200,,General,10975 Grandview Dr Ste 502,66210,Kansas City,2,
Millsap and Singer,,,https://directory-kard.kscourts.gov/Home/Details?regNum=22114,Shawnee,KS,Johnson,636-537-0110,,General,8900 Indian Creek Pkwy,66210,Kansas City,2,
Jeffery R Brewer PA,,,https://directory-kard.kscourts.gov/Home/Details?regNum=11030,Olathe,KS,Johnson,913-274-8008,,General,PO Box 3139,66063,Kansas City,2,
Environmental Protection Agency,,,https://directory-kard.kscourts.gov/Home/Details?regNum=26840,Lenexa,KS,Johnson,913-551-7043,,General,11201 Renner Blvd,66219,Kansas City,2,
Builder Designs,,,https://directory-kard.kscourts.gov/Home/Details?regNum=27887,Olathe,KS,Johnson,913-393-3367,,General,125 S Kansas Ave,66061,Kansas City,2,
DH Pace,,,https://directory-kard.kscourts.gov/Home/Details?regNum=24274,Olathe,KS,Johnson,913-406-5855,,General,1901 E 119th St,66061,Kansas City,2,
Todd Bysfield,,,https://directory-kard.kscourts.gov/Home/Details?regNum=16676,Lenexa,KS,Johnson,913-269-0393,,General,14917 W 85th Ter,66215,Kansas City,2,
Gordon Rees Scully Mansukhani,,,https://directory-kard.kscourts.gov/Home/Details?regNum=28269,Overland Park,KS,Johnson,562-618-6453,,General,15345 Larsen St,66221,Kansas City,2,
Eileen Heble,,,https://directory-kard.kscourts.gov/Home/Details?regNum=15679,Olathe,KS,Johnson,913-486-4755,,General,11739 S Sumac St,66061,Kansas City,2,
The Andersons Inc,,,https://directory-kard.kscourts.gov/Home/Details?regNum=27269,Overland Park,KS,Johnson,913-521-6175,,General,11350 Switzer Rd Ste 300,66210,Kansas City,2,
David H. Neighbor,,,https://directory-kard.kscourts.gov/Home/Details?regNum=6694,Fairway,KS,Johnson,913-381-4455,,General,3617 Shawnee Mission Pkwy,66205,Kansas City,2,
Timothy M. O'Brien,,,https://directory-kard.kscourts.gov/Home/Details?regNum=11750,Overland Park,KS,Johnson,913-338-4064,,General,11512 Hemlock St,66210,Kansas City,2,
Kansas Municipal Energy Agency,,,https://directory-kard.kscourts.gov/Home/Details?regNum=23297,Overland Park,KS,Johnson,913-374-1365,,General,6300 W 95th St,66212,Kansas City,2,
Euronet Worldwide,,,https://directory-kard.kscourts.gov/Home/Details?regNum=25620,Leawood,KS,Johnson,913-327-4262,,General,11400 Tomahawk Creek Pkwy Ste 300,66211,Kansas City,2,
Hannah Mark A,http://markahannahattorney.localsearch.com,,https://www.yellowpages.com/spring-hill-ks/attorneys,Spring Hill,KS,Johnson,(785) 592-3550,,General,108 S Webster St,,Kansas City,2,
Beasley PC,https://beasleypc.wordpress.com,,https://www.yellowpages.com/spring-hill-ks/attorneys,Spring Hill,KS,Johnson,(913) 592-9050,,General,19720 W 199th St,,Kansas City,2,
Liv Katrina Westbrook,http://livkatrinawestbrook.localsearch.com,,https://www.yellowpages.com/spring-hill-ks/attorneys,Spring Hill,KS,Johnson,(913) 461-4242,,General,,,Kansas City,2,
Sam H Shelton Attorney,http://samhsheltonattorney.localsearch.com,,https://www.yellowpages.com/spring-hill-ks/attorneys,Spring Hill,KS,Johnson,(785) 242-1113,,General,,,Kansas City,2,
Carnahan Richard A,http://richardacarnahanattorney.localsearch.com,,https://www.yellowpages.com/de-soto-ks/attorneys,De Soto,KS,Johnson,(913) 583-3326,,General,33135 W 83rd St,,Kansas City,2,
Johnson County Government,,,https://directory-kard.kscourts.gov/Home/Details?regNum=24798,Olathe,KS,Johnson,913-715-1851,,General,111 S Cherry Ste 3200,66061,Kansas City,2,
Emerald Prairie Health,,,https://directory-kard.kscourts.gov/Home/Details?regNum=23876,Lenexa,KS,Johnson,913-238-2887,,General,9652 Loiret Blvd,66219,Kansas City,2,
Optiv Security,,,https://directory-kard.kscourts.gov/Home/Details?regNum=17947,Overland Park,KS,Johnson,816-701-3347,,General,5100 W 115th Pl,66211,Kansas City,2,
Fisher Broyles,,,https://directory-kard.kscourts.gov/Home/Details?regNum=25295,Overland Park,KS,Johnson,816-392-1087,,General,7500 College Blvd 5th Fl,66210,Kansas City,2,
"LNG Enterprises, LLC",,,https://directory-kard.kscourts.gov/Home/Details?regNum=22406,Leawood,KS,Johnson,913-676-8014,,General,5251 W 116th Pl Ste 300,66211,Kansas City,2,
Midwife Partners,,,https://directory-kard.kscourts.gov/Home/Details?regNum=15494,Overland Park,KS,Johnson,913-544-2560,,General,"7199 W 98th Ter, Ste 142",66212,Kansas City,2,
Team Green,http://teamgreenks.localsearch.com,,https://www.yellowpages.com/roeland-park-ks/attorneys,Roeland Park,KS,Johnson,(913) 491-8326,,General,4960 Roe Blvd,,Kansas City,2,
"Kolich, Zachary A, ATTY",https://www.workcompkc.com,,https://www.yellowpages.com/fairway-ks/attorneys,Fairway,KS,Johnson,(913) 362-5400,,General,4400 Shawnee Mission Pkwy,,Kansas City,2,
"Johnson, Amy L",http://yellowpages.com/mission-ks/mip/pat-titterington-dds-470207212,,https://www.yellowpages.com/fairway-ks/attorneys,Fairway,KS,Johnson,(913) 262-1886,,General,4330 Shawnee Mission Pkwy,,Kansas City,2,
Wallace Michael R,http://wallacekolichattorneysatlaw.localsearch.com,,https://www.yellowpages.com/fairway-ks/attorneys,Fairway,KS,Johnson,(913) 362-5400,,General,4400 Shawnee Mission Pkwy,,Kansas City,2,
Hilary M. Lewis,,,https://directory-kard.kscourts.gov/Home/Details?regNum=24895,Leawood,KS,Johnson,816-258-2959,,General,12504 Aberdeen Rd,66209,Kansas City,2,
Flint Development,,,https://directory-kard.kscourts.gov/Home/Details?regNum=22984,Prairie Village,KS,Johnson,816-729-6362,,General,3515 W 75th St Ste 103,66208,Kansas City,2,
"Royal Blue Capital, LLC",,,https://directory-kard.kscourts.gov/Home/Details?regNum=18323,Overland Park,KS,Johnson,913-220-1263,,General,8826 Santa Fe Dr Ste 110,66212,Kansas City,2,
WHC Worldwide LLC,,,https://directory-kard.kscourts.gov/Home/Details?regNum=20994,Leawood,KS,Johnson,913-515-6748,,General,4951 W 134th St Ste 100,66224,Kansas City,2,
Matthew R. OConnor,,,https://directory-kard.kscourts.gov/Home/Details?regNum=18916,Fairway,KS,Johnson,913-526-5239,,General,4613 W. 60th,66205,Kansas City,2,
"Anthony J. Orrick, Esq",,,https://directory-kard.kscourts.gov/Home/Details?regNum=23157,Overland Park,KS,Johnson,785-550-8642,,General,10305 W 170th Pl,66221,Kansas City,2,
Thermo Fisher Scientific,,,https://directory-kard.kscourts.gov/Home/Details?regNum=29139,Lenexa,KS,Johnson,913-940-0825,,General,12076 Santa Fe Trail Dr,66215,Kansas City,2,
"Martin, Michael S",http://www.whitsittlaw.com,,https://www.yellowpages.com/westwood-ks/attorneys,Westwood,KS,Johnson,(913) 362-8560,,General,4800 Rainbow Blvd,,Kansas City,2,
"Luther, Jack E, ATTY",http://lutherjackeatty.localsearch.com,,https://www.yellowpages.com/westwood-ks/attorneys,Westwood,KS,Johnson,(913) 236-9949,,General,4800 Belinder Ct,,Kansas City,2,
"Reuter, Ronald S",http://reuterronalds.localsearch.com,,https://www.yellowpages.com/westwood-ks/attorneys,Westwood,KS,Johnson,(913) 362-8560,,General,4800 Rainbow Blvd,,Kansas City,2,
"Whitsitt, Michael E",https://www.whitsittlaw.com/payment.html,,https://www.yellowpages.com/westwood-ks/attorneys,Westwood,KS,Johnson,(913) 362-8560,,General,4800 Rainbow Blvd,,Kansas City,2,
Murphy Phillip M,http://www.phillipmurphylaw.com,,https://www.yellowpages.com/westwood-ks/attorneys,Westwood,KS,Johnson,(913) 262-2000,,General,4800 Rainbow Blvd Ste 4,,Kansas City,2,
Lockton Companies,,,https://directory-kard.kscourts.gov/Home/Details?regNum=24597,Leawood,KS,Johnson,785-691-6441,,General,10409 Mohawk Ln,66206,Kansas City,2,
James Scherzer,,,https://directory-kard.kscourts.gov/Home/Details?regNum=11886,Overland Park,KS,Johnson,816-483-2689,,General,"6555 W 75th St, Apt 113",66204,Kansas City,2,
McIntyre Schnieders,,,https://directory-kard.kscourts.gov/Home/Details?regNum=22434,Overland Park,KS,Johnson,913-302-9576,,General,"6731 W 121st St, Ste 201",66209,Kansas City,2,
Daniel C. Schulte,,,https://directory-kard.kscourts.gov/Home/Details?regNum=15583,Leawood,KS,Johnson,913-827-3860,,General,10408 Howe Lane,66206,Kansas City,2,
Colgate-Palmolive Company,,,https://directory-kard.kscourts.gov/Home/Details?regNum=29012,Overland Park,KS,Johnson,785-289-6143,,General,6180 Sprint Pkwy,66211,Kansas City,2,
"Stevens Doffing, LLC",,,https://directory-kard.kscourts.gov/Home/Details?regNum=29369,Overland Park,KS,Johnson,620-640-5549,,General,8400 W 110th St Ste 325,66210,Kansas City,2,
Babcock Power,,,https://directory-kard.kscourts.gov/Home/Details?regNum=23072,Overland Park,KS,Johnson,816-534-5211,,General,7285 W 132nd St,66223,Kansas City,2,
Marsh McLennan Agency,,,https://directory-kard.kscourts.gov/Home/Details?regNum=19317,Leawood,KS,Johnson,913-906-8825,,General,4300 W 133rd St,66209,Kansas City,2,
Woodford Sathappan McGee Co. LPA,,,https://directory-kard.kscourts.gov/Home/Details?regNum=16744,Lenexa,KS,Johnson,913-359-6009,,General,"8735 Rosehill Rd, Ste 140",66215,Kansas City,2,
J. Scott Gordon,,,https://directory-kard.kscourts.gov/Home/Details?regNum=16627,Overland Park,KS,Johnson,913-269-6712,,General,"4001 W 105th St, 344",66207,Kansas City,2,
Leonard W. Jurden,,,https://directory-kard.kscourts.gov/Home/Details?regNum=14491,Prairie Village,KS,Johnson,913-961-9309,,General,77 Le Mans Ct,66208,Kansas City,2,
Marion L. Stern,,https://www.google.com/maps/search/?api=1&query=Marion%20L.%20Stern%20Overland%20Park%20KS,https://lawyers.findlaw.com/personal-injury-plaintiff/kansas/overland-park/,Overland Park,KS,Johnson,,,Personal Injury | Family Law | Business Law | Probate | Trusts,"9225 Indian Creek Parkway , Suite 1170",,Kansas City,,
Katherine Chouinard,,https://www.google.com/maps/search/?api=1&query=Katherine%20Chouinard%20Overland%20Park%20KS,https://lawyers.findlaw.com/personal-injury-plaintiff/kansas/overland-park/,Overland Park,KS,Johnson,,,Personal Injury | Insurance,9260 Glenwood St,,Kansas City,,
James M. Crabtree,,https://www.google.com/maps/search/?api=1&query=James%20M.%20Crabtree%20Overland%20Park%20KS,https://lawyers.findlaw.com/personal-injury-plaintiff/kansas/overland-park/,Overland Park,KS,Johnson,,,Personal Injury,4460 W 107th St.,,Kansas City,,
Brette Hart,,https://www.google.com/maps/search/?api=1&query=Brette%20Hart%20Overland%20Park%20KS,https://lawyers.findlaw.com/personal-injury-plaintiff/kansas/overland-park/,Overland Park,KS,Johnson,,,Personal Injury,9260 Glenwood St,,Kansas City,,
Bradley Akins,,https://www.google.com/maps/search/?api=1&query=Bradley%20Akins%20Overland%20Park%20KS,https://lawyers.findlaw.com/personal-injury-plaintiff/kansas/overland-park/,Overland Park,KS,Johnson,,,Personal Injury | Insurance | Civil Rights,9260 Glenwood St,,Kansas City,,
Paeten Denning,,https://www.google.com/maps/search/?api=1&query=Paeten%20Denning%20Overland%20Park%20KS,https://lawyers.findlaw.com/personal-injury-plaintiff/kansas/overland-park/,Overland Park,KS,Johnson,,,Personal Injury | Medical Malpractice | Civil Rights,"8900 Indian Creek Parkway, Suite 210",,Kansas City,,
Matthew Greenberg,,https://www.google.com/maps/search/?api=1&query=Matthew%20Greenberg%20Overland%20Park%20KS,https://lawyers.findlaw.com/personal-injury-plaintiff/kansas/overland-park/,Overland Park,KS,Johnson,,,Personal Injury | Insurance,9260 Glenwood St,,Kansas City,,
Barbara E. Hecht,,https://www.google.com/maps/search/?api=1&query=Barbara%20E.%20Hecht%20Overland%20Park%20KS,https://lawyers.findlaw.com/family-law/kansas/overland-park/,Overland Park,KS,Johnson,,,Family Law | Business Law | DUI/DWI | Divorce | Child Custody | Traffic Violations | Trusts | Wills,3425 West 95th Street,,Kansas City,,
James M. Brun Esquire,,https://www.google.com/maps/search/?api=1&query=James%20M.%20Brun%20Esquire%20Overland%20Park%20KS,https://lawyers.findlaw.com/family-law/kansas/overland-park/,Overland Park,KS,Johnson,,,Family Law | DUI/DWI | Traffic Violations,"7211 W 98th Terrace, Suite 140",,Kansas City,,
Melissa Kelly Schroeder,,https://www.google.com/maps/search/?api=1&query=Melissa%20Kelly%20Schroeder%20Lenexa%20KS,https://lawyers.findlaw.com/family-law/kansas/lenexa/,Lenexa,KS,Johnson,,,Family Law | Divorce | Child Custody,"11900 W. 87th St. Pkwy., Suite 250",,Kansas City,,
A. Scott Waddell,,https://www.google.com/maps/search/?api=1&query=A.%20Scott%20Waddell%20Overland%20Park%20KS,https://lawyers.findlaw.com/business-commercial-law/kansas/overland-park/,Overland Park,KS,Johnson,,,Business Law | Consumer Protection,"9200 Indian Creek Parkway, Suite 430, Corporate Woods Building 9",,Kansas City,,
Paul Snyder,,https://www.google.com/maps/search/?api=1&query=Paul%20Snyder%20Overland%20Park%20KS,https://lawyers.findlaw.com/business-commercial-law/kansas/overland-park/,Overland Park,KS,Johnson,,,Business Law,"10955 Lowell Ave., Suite 710",,Kansas City,,
Karen Snyder,,https://www.google.com/maps/search/?api=1&query=Karen%20Snyder%20Overland%20Park%20KS,https://lawyers.findlaw.com/business-commercial-law/kansas/overland-park/,Overland Park,KS,Johnson,,,Business Law | Consumer Protection,"10955 Lowell Ave., Suite 710",,Kansas City,,
Mick Lerner,,https://www.google.com/maps/search/?api=1&query=Mick%20Lerner%20Leawood%20KS,https://lawyers.findlaw.com/business-commercial-law/kansas/leawood/,Leawood,KS,Johnson,,,Business Law | Divorce | Probate | Child Custody,"5280 W. 115th Place, Suite 115",,Kansas City,,
Scott C. Gyllenborg,,https://www.google.com/maps/search/?api=1&query=Scott%20C.%20Gyllenborg%20Overland%20Park%20KS,https://lawyers.findlaw.com/dui-dwi/kansas/overland-park/,Overland Park,KS,Johnson,,,DUI/DWI,"7450 W. 130th Street, Suite 310",,Kansas City,,
Christopher T. Brown,,https://www.google.com/maps/search/?api=1&query=Christopher%20T.%20Brown%20Overland%20Park%20KS,https://lawyers.findlaw.com/dui-dwi/kansas/overland-park/,Overland Park,KS,Johnson,,,DUI/DWI,"7450 W. 130th Street, Suite 310",,Kansas City,,
RW Mozingo II,,https://www.google.com/maps/search/?api=1&query=RW%20Mozingo%20II%20Olathe%20KS,https://lawyers.findlaw.com/dui-dwi/kansas/olathe/,Olathe,KS,Johnson,,,DUI/DWI | Traffic Violations,"115 E. Park Street, Suite C",,Kansas City,,
Melanie A. Haynes,,https://www.google.com/maps/search/?api=1&query=Melanie%20A.%20Haynes%20Prairie%20Village%20KS,https://lawyers.findlaw.com/divorce/kansas/prairie-village/,Prairie Village,KS,Johnson,,,Divorce | Child Custody,"5301 W. 75th Street, Suite 100",,Kansas City,,
Jennifer Louise Hagg,,https://www.google.com/maps/search/?api=1&query=Jennifer%20Louise%20Hagg%20Prairie%20Village%20KS,https://lawyers.findlaw.com/divorce/kansas/prairie-village/,Prairie Village,KS,Johnson,,,Divorce | Child Custody,"5301 W. 75th Street, Suite 100",,Kansas City,,
Lynn Bayes-Weiner,,https://www.google.com/maps/search/?api=1&query=Lynn%20Bayes-Weiner%20Overland%20Park%20KS,https://lawyers.findlaw.com/elder-law/kansas/overland-park/,Overland Park,KS,Johnson,,,Elder Law,"10955 Lowell, Suite 710",,Kansas City,,
S. Lynn Bayes-Weiner,,https://www.google.com/maps/search/?api=1&query=S.%20Lynn%20Bayes-Weiner%20Overland%20Park%20KS,https://lawyers.findlaw.com/elder-law/kansas/overland-park/,Overland Park,KS,Johnson,,,Elder Law | Probate | Trusts | Wills,"10955 Lowell, Suite 710",,Kansas City,,
Loulya Alabed,,https://www.google.com/maps/search/?api=1&query=Loulya%20Alabed%20Overland%20Park%20KS,https://lawyers.findlaw.com/insurance-law/kansas/overland-park/,Overland Park,KS,Johnson,,,Insurance,9260 Glenwood St,,Kansas City,,
Emily Yessen,,https://www.google.com/maps/search/?api=1&query=Emily%20Yessen%20Overland%20Park%20KS,https://lawyers.findlaw.com/insurance-law/kansas/overland-park/,Overland Park,KS,Johnson,,,Insurance | Civil Rights,9260 Glenwood St,,Kansas City,,
Kristen Shelley-Mattox,,https://www.google.com/maps/search/?api=1&query=Kristen%20Shelley-Mattox%20Shawnee%20KS,https://lawyers.findlaw.com/probate-estate-administration/kansas/shawnee/,Shawnee,KS,Johnson,,,Probate | Trusts | Wills,"11125 Johnson Drive, Ste. A",,Kansas City,,
H. Reed Walker,,https://www.google.com/maps/search/?api=1&query=H.%20Reed%20Walker%20Overland%20Park%20KS,https://lawyers.findlaw.com/custody-visitation/kansas/overland-park/,Overland Park,KS,Johnson,,,Child Custody,"Suite 207 | Cloverleaf Office Park Building 2, 6901 Shawnee Mission Parkway",,Kansas City,,
Eric A. Morrison,,https://www.google.com/maps/search/?api=1&query=Eric%20A.%20Morrison%20Prairie%20Village%20KS,https://lawyers.findlaw.com/custody-visitation/kansas/prairie-village/,Prairie Village,KS,Johnson,,,Child Custody,"5301 W. 75th Street, Suite 200",,Kansas City,,
Vincent M. Cox,,,https://lawyers.findlaw.com/personal-injury-plaintiff/kansas/overland-park/,Overland Park,KS,Johnson,,,Personal Injury,3200 SW Huntoon Street,,Kansas City,5,
James G. Flaherty,,,https://lawyers.findlaw.com/personal-injury-plaintiff/kansas/overland-park/,Overland Park,KS,Johnson,,,Personal Injury,"216 S. Hickory , P.O. Box 17",,Kansas City,5,
R. Scott Ryburn,,,https://lawyers.findlaw.com/personal-injury-plaintiff/kansas/overland-park/,Overland Park,KS,Johnson,,,Personal Injury,"216 S. Hickory , P.O. Box 17",,Kansas City,5,
John L. Richeson,,,https://lawyers.findlaw.com/personal-injury-plaintiff/kansas/overland-park/,Overland Park,KS,Johnson,,,Personal Injury,"216 S. Hickory , P.O. Box 17",,Kansas City,5,
Keith A. Brock,,,https://lawyers.findlaw.com/personal-injury-plaintiff/kansas/overland-park/,Overland Park,KS,Johnson,,,Personal Injury,"216 S. Hickory , P.O. Box 17",,Kansas City,5,
James P. Colgan,,,https://lawyers.findlaw.com/personal-injury-plaintiff/kansas/overland-park/,Overland Park,KS,Johnson,,,Personal Injury,"11006 Parallel Parkway, Suite 202 Country Club Bank Building",,Kansas City,5,
Joseph A. DeWoskin,,,https://lawyers.findlaw.com/personal-injury-plaintiff/kansas/overland-park/,Overland Park,KS,Johnson,,,Personal Injury,"827 Armstrong Ave., Ste. 203",,Kansas City,5,
Chadler E. Colgan,,,https://lawyers.findlaw.com/personal-injury-plaintiff/kansas/overland-park/,Overland Park,KS,Johnson,,,Personal Injury,"11006 Parallel Parkway, Suite 202 Country Club Bank Building",,Kansas City,5,
"Reed Walker, PA",,,https://lawyers.findlaw.com/personal-injury-plaintiff/kansas/olathe/,Olathe,KS,Johnson,,,Personal Injury,"Suite 700 │ Commerce Plaza I, 7300 West 110th Street",,Kansas City,5,
Thomas G. Lemon,,,https://lawyers.findlaw.com/personal-injury-plaintiff/kansas/olathe/,Olathe,KS,Johnson,,,Personal Injury,3200 SW Huntoon Street,,Kansas City,5,
Jeffrey F. Dasenbrock,,,https://lawyers.findlaw.com/personal-injury-plaintiff/kansas/shawnee/,Shawnee,KS,Johnson,,,Personal Injury,131 S. Pearl Street,,Kansas City,5,
Sam Schulte,,,https://lawyers.findlaw.com/personal-injury-plaintiff/kansas/edgerton/,Edgerton,KS,Johnson,,,Personal Injury,"801 E. Douglas Avenue, 2nd Floor",,Kansas City,5,
G. Andrew Marino,,,https://lawyers.findlaw.com/personal-injury-plaintiff/kansas/edgerton/,Edgerton,KS,Johnson,,,Personal Injury,"301 North Main, Suite 1300",,Kansas City,5,
Coleman Younger,,,https://lawyers.findlaw.com/personal-injury-plaintiff/kansas/edgerton/,Edgerton,KS,Johnson,,,Personal Injury,"515 S Main St., Suite 107",,Kansas City,5,
John Gibson,,,https://lawyers.findlaw.com/personal-injury-plaintiff/kansas/edgerton/,Edgerton,KS,Johnson,,,Personal Injury,"301 North Main, Suite 1300",,Kansas City,5,
Joshua D. Luttrell,,,https://lawyers.findlaw.com/family-law/kansas/overland-park/,Overland Park,KS,Johnson,,,Family Law,1610 SW Topeka Boulevard,,Kansas City,5,
Joseph P. Huerter,,,https://lawyers.findlaw.com/family-law/kansas/overland-park/,Overland Park,KS,Johnson,,,Family Law,1610 SW Topeka Boulevard,,Kansas City,5,
James B Biggs,,,https://lawyers.findlaw.com/family-law/kansas/overland-park/,Overland Park,KS,Johnson,,,Family Law,3200 SW Huntoon Street,,Kansas City,5,
J. Joseph Weber,,,https://lawyers.findlaw.com/family-law/kansas/edgerton/,Edgerton,KS,Johnson,,,Family Law,"727 N. Waco Avenue, Suite 585",,Kansas City,5,
Richard A. Samaniego,,,https://lawyers.findlaw.com/family-law/kansas/edgerton/,Edgerton,KS,Johnson,,,Family Law,"301 North Main, Suite 1300",,Kansas City,5,
George R. Gomez,,,https://lawyers.findlaw.com/criminal-law/kansas/overland-park/,Overland Park,KS,Johnson,,,Criminal Defense,1610 SW Topeka Boulevard,,Kansas City,5,
Dan Monnat,,,https://lawyers.findlaw.com/criminal-law/kansas/edgerton/,Edgerton,KS,Johnson,,,Criminal Defense,"200 West Douglas, Suite 830, Olive W. Garvey Building",,Kansas City,5,
Eli O'Brien,,,https://lawyers.findlaw.com/criminal-law/kansas/edgerton/,Edgerton,KS,Johnson,,,Criminal Defense,"200 West Douglas, Suite 830, Olive W. Garvey Building",,Kansas City,5,
Braxton Eck,,,https://lawyers.findlaw.com/criminal-law/kansas/edgerton/,Edgerton,KS,Johnson,,,Criminal Defense,"200 West Douglas, Suite 830, Olive W. Garvey Building",,Kansas City,5,
Stan Spurrier,,,https://lawyers.findlaw.com/criminal-law/kansas/edgerton/,Edgerton,KS,Johnson,,,Criminal Defense,"200 West Douglas, Suite 830, Olive W. Garvey Building",,Kansas City,5,
Stephen W. Cavanaugh,,,https://lawyers.findlaw.com/estate-planning/kansas/overland-park/,Overland Park,KS,Johnson,,,Estate Planning,3200 SW Huntoon Street,,Kansas City,4,
Michelle M. Watson,,,https://lawyers.findlaw.com/estate-planning/kansas/edgerton/,Edgerton,KS,Johnson,,,Estate Planning,"301 North Main, Suite 1300",,Kansas City,4,
Shannon L. Holmberg,,,https://lawyers.findlaw.com/estate-planning/kansas/edgerton/,Edgerton,KS,Johnson,,,Estate Planning,"301 North Main, Suite 1300",,Kansas City,4,
Kennyhertz Perry,,,https://lawyers.findlaw.com/business-commercial-law/kansas/overland-park/,Overland Park,KS,Johnson,,,Business Law,"2000 Shawnee Mission Pkwy, Ste. 210",,Kansas City,3,
Jeff Donoho,,,https://lawyers.findlaw.com/business-commercial-law/kansas/overland-park/,Overland Park,KS,Johnson,,,Business Law,"2000 Shawnee Mission Pkwy, Ste. 210",,Kansas City,3,
John Kennyhertz,,,https://lawyers.findlaw.com/business-commercial-law/kansas/overland-park/,Overland Park,KS,Johnson,,,Business Law,"2000 Shawnee Mission Pkwy, Ste. 210",,Kansas City,3,
Lawrence L. Tenopir,,,https://lawyers.findlaw.com/business-commercial-law/kansas/overland-park/,Overland Park,KS,Johnson,,,Business Law,1610 SW Topeka Boulevard,,Kansas City,3,
Mit S. Winter,,,https://lawyers.findlaw.com/business-commercial-law/kansas/overland-park/,Overland Park,KS,Johnson,,,Business Law,"2000 Shawnee Mission Pkwy, Ste. 210",,Kansas City,3,
Kenneth H. Jack,,,https://lawyers.findlaw.com/business-commercial-law/kansas/edgerton/,Edgerton,KS,Johnson,,,Business Law,2121 West Maple,,Kansas City,3,
Gibson Watson Marino LLC,,,https://lawyers.findlaw.com/bankruptcy-law/kansas/overland-park/,Overland Park,KS,Johnson,,,Bankruptcy,"301 North Main, Suite 1300",,Kansas City,4,
Kelly Premer Chavez,,,https://lawyers.findlaw.com/bankruptcy-law/kansas/overland-park/,Overland Park,KS,Johnson,,,Bankruptcy,412 N. Washington Ave.,,Kansas City,4,
Sarah L. Newell,,,https://lawyers.findlaw.com/bankruptcy-law/kansas/overland-park/,Overland Park,KS,Johnson,,,Bankruptcy,"301 North Main, Suite 1300",,Kansas City,4,
Razmi Tahirkheli,,,https://lawyers.findlaw.com/bankruptcy-law/kansas/overland-park/,Overland Park,KS,Johnson,,,Bankruptcy,412 N. Washington Ave.,,Kansas City,4,
Ann K. Colgan,,,https://lawyers.findlaw.com/divorce/kansas/overland-park/,Overland Park,KS,Johnson,,,Divorce,"11006 Parallel Parkway, Suite 202 Country Club Bank Building",,Kansas City,5,
Thomas H. Sachse,,,https://lawyers.findlaw.com/divorce/kansas/olathe/,Olathe,KS,Johnson,,,Divorce,"216 S. Hickory , P.O. Box 17",,Kansas City,5,
Melinda G. Young,,,https://lawyers.findlaw.com/medical-malpractice/kansas/overland-park/,Overland Park,KS,Johnson,,,Medical Malpractice,1 E. 30th Ave.,,Kansas City,2,
Justen Phelps,,,https://lawyers.findlaw.com/medical-malpractice/kansas/olathe/,Olathe,KS,Johnson,,,Medical Malpractice,"301 North Main, Suite 1300",,Kansas City,2,
Kenneth Jack,,,https://lawyers.findlaw.com/elder-law/kansas/overland-park/,Overland Park,KS,Johnson,,,Elder Law,2121 West Maple,,Kansas City,2,
Julie M. Haas,,,https://lawyers.findlaw.com/elder-law/kansas/overland-park/,Overland Park,KS,Johnson,,,Elder Law,"420 S. Jackson, Suite 100",,Kansas City,2,
Gordon B. Stull,,,https://lawyers.findlaw.com/trusts/kansas/overland-park/,Overland Park,KS,Johnson,,,Trusts,"420 S. Jackson, Suite 100",,Kansas City,2,
Lara Blake Bors,,,https://lawyers.findlaw.com/trusts/kansas/olathe/,Olathe,KS,Johnson,,,Trusts,118 West Pine,,Kansas City,2,
"Pawtuckett Investments, LLC",,,https://directory-kard.kscourts.gov/Home/Details?regNum=18071,Lenexa,KS,Johnson,512-565-5122,,General,8141 Woodland Dr,66220,Kansas City,2,
Gates Shields PA,,,https://directory-kard.kscourts.gov/Home/Details?regNum=8266,Overland Park,KS,Johnson,913-661-0222,,General,10990 Quivira Ste 200,66210,Kansas City,2,
Rolf Snyder,,,https://directory-kard.kscourts.gov/Home/Details?regNum=21969,Leawood,KS,Johnson,913-642-5134,,General,"8014 State Line Rd, Ste 203",66208,Kansas City,2,
Michelle Friel,,,https://directory-kard.kscourts.gov/Home/Details?regNum=16351,Lenexa,KS,Johnson,913-963-3543,,General,8450 Summit St,66215,Kansas City,2,
Old Glory Management Co LLC,,,https://directory-kard.kscourts.gov/Home/Details?regNum=15502,Overland Park,KS,Johnson,913-488-0907,,General,14001 Outlook St,66223,Kansas City,2,
Huhtamaki Inc,,,https://directory-kard.kscourts.gov/Home/Details?regNum=23035,De Soto,KS,Johnson,913-583-8877,,General,9201 Packaging Dr,66018,Kansas City,2,
Commerce Trust,,,https://directory-kard.kscourts.gov/Home/Details?regNum=17403,Lenexa,KS,Johnson,816-234-2554,,General,8700 Monrovia,66215,Kansas City,2,
KCN Companies,,,https://directory-kard.kscourts.gov/Home/Details?regNum=21525,Prairie Village,KS,Johnson,816-392-4177,,General,8201 Mission Rd Ste 200,66208,Kansas City,2,
Jeremiah Jones,,,https://directory-kard.kscourts.gov/Home/Details?regNum=21163,Lenexa,KS,Johnson,913-360-9969,,General,8054 Monrovia St,66215,Kansas City,2,
Richard P. Klein,,,https://directory-kard.kscourts.gov/Home/Details?regNum=24708,Lenexa,KS,Johnson,913-488-8233,,General,15621 W 87th St Pkwy #351,66219,Kansas City,2,
Lee Schwalb LLC,,,https://directory-kard.kscourts.gov/Home/Details?regNum=10277,Overland Park,KS,Johnson,913-601-7708,,General,6731 W 121st Ste 421,66209,Kansas City,2,
Great Plains Developments LLC,,,https://directory-kard.kscourts.gov/Home/Details?regNum=11684,Fairway,KS,Johnson,913-384-2900,,General,4400 Shawnee Mission Pkwy Ste 202,66205,Kansas City,2,
John L Lentell JD MBA LLC,,,https://directory-kard.kscourts.gov/Home/Details?regNum=16824,Overland Park,KS,Johnson,913-400-2032,,General,10975 Benson Dr Ste 370,66210,Kansas City,2,
Global Aerospace Inc.,,,https://directory-kard.kscourts.gov/Home/Details?regNum=10806,Overland Park,KS,Johnson,913-323-0164,,General,"7400 W 110 St, Ste 500",66210,Kansas City,2,
Merker Mediation LLC,,,https://directory-kard.kscourts.gov/Home/Details?regNum=7405,Overland Park,KS,Johnson,913-283-8002,,General,7007 College Blvd Ste 430,66211,Kansas City,2,
Jerry J. Miller,,,https://directory-kard.kscourts.gov/Home/Details?regNum=6364,Leawood,KS,Johnson,913-219-4498,,General,5205 W 116th St,66211,Kansas City,2,
Valley Hope Association,,,https://directory-kard.kscourts.gov/Home/Details?regNum=30585,Overland Park,KS,Johnson,913-787-2363,,General,10955 Granada Ln,66211,Kansas City,2,
Littler Mendelson PC,,,https://directory-kard.kscourts.gov/Home/Details?regNum=27428,Prairie Village,KS,Johnson,913-343-9795,,General,7247 Belinder Ave,66208,Kansas City,2,
Epiq Systems,,,https://directory-kard.kscourts.gov/Home/Details?regNum=28564,Overland Park,KS,Johnson,913-621-9447,,General,11880 College Blvd Ste 200,66210,Kansas City,2,
Steven C. Montgomery Mediation,,,https://directory-kard.kscourts.gov/Home/Details?regNum=10282,Overland Park,KS,Johnson,913-283-7003,,General,7007 College Blvd Ste 430,66211,Kansas City,2,
Morgan Stanley,,,https://directory-kard.kscourts.gov/Home/Details?regNum=17287,Leawood,KS,Johnson,913-402-5215,,General,11161 Overbrook Rd Ste 225,66211,Kansas City,2,
Clayton Thomas LLC,,,https://directory-kard.kscourts.gov/Home/Details?regNum=19729,Overland Park,KS,Johnson,913-608-5225,,General,7111 W 151st St Ste 285,66223,Kansas City,2,
"Katherine C Opie Attorney, LLC",,,https://directory-kard.kscourts.gov/Home/Details?regNum=14624,Olathe,KS,Johnson,913-302-5451,,General,10343 S Highland Cir,66061,Kansas City,2,
ACLU of Kansas,,,https://directory-kard.kscourts.gov/Home/Details?regNum=25856,Overland Park,KS,Johnson,913-490-4107,,General,PO Box 13048,66282,Kansas City,2,
National Secured Title,,,https://directory-kard.kscourts.gov/Home/Details?regNum=18698,Fairway,KS,Johnson,816-398-4377,,General,"4400 Shawnee Mission Pkwy, Ste 102",66205,Kansas City,2,
Activision Blizzard,,,https://directory-kard.kscourts.gov/Home/Details?regNum=24245,Leawood,KS,Johnson,913-488-2702,,General,3315 W 91st St,66206,Kansas City,2,
Monaco Sanders,,,https://directory-kard.kscourts.gov/Home/Details?regNum=19488,Leawood,KS,Johnson,816-523-2400,,General,"8700 State Line Rd, Ste 110",66206,Kansas City,2,
Price Family Holdings,,,https://directory-kard.kscourts.gov/Home/Details?regNum=30524,Overland Park,KS,Johnson,913-563-4163,,General,"12721 Metcalf Ave, Ste 200",66213,Kansas City,2,
"Watco Companies, LLC",,,https://directory-kard.kscourts.gov/Home/Details?regNum=21044,Overland Park,KS,Johnson,913-284-3589,,General,8000 W 110th St Ste 200,66210,Kansas City,2,
Mid-State Aerospace Inc,,,https://directory-kard.kscourts.gov/Home/Details?regNum=19047,Olathe,KS,Johnson,913-948-9720,,General,710 N. Lindenwood Dr,66062,Kansas City,2,
Rose Design Build,,,https://directory-kard.kscourts.gov/Home/Details?regNum=14158,Lenexa,KS,Johnson,913-782-0777,,General,15311 W 109th St,66219,Kansas City,2,
Susan Kulp Stolle,,,https://directory-kard.kscourts.gov/Home/Details?regNum=11430,Prairie Village,KS,Johnson,913-558-2908,,General,8420 Linden Ln,66207,Kansas City,2,
Huhtamaki Americas,,,https://directory-kard.kscourts.gov/Home/Details?regNum=17476,De Soto,KS,Johnson,913-583-8635,,General,9201 Packaging Dr,66018,Kansas City,2,
Stewart Title Guaranty Company,,,https://directory-kard.kscourts.gov/Home/Details?regNum=15091,Overland Park,KS,Johnson,913-825-5172,,General,10509 W 89th Ter,66214,Kansas City,2,
"Stage Right Performing Arts, LLC",,,https://directory-kard.kscourts.gov/Home/Details?regNum=24377,Lenexa,KS,Johnson,913-735-7870,,General,10664 Widmer Rd,66215,Kansas City,2,
Rally House,,,https://directory-kard.kscourts.gov/Home/Details?regNum=21275,Lenexa,KS,Johnson,913-340-7765,,General,9750 Quivira Rd,66215,Kansas City,2,
The Hartford,,,https://directory-kard.kscourts.gov/Home/Details?regNum=14988,Lenexa,KS,Johnson,480-365-2444,,General,14126 W 83rd St,66215,Kansas City,2,
Almighty Tow Service LLC,,,https://directory-kard.kscourts.gov/Home/Details?regNum=31132,Overland Park,KS,Johnson,913-362-8697,,General,11410 W 89th St,66214,Kansas City,2,
Lumen Technologies,,,https://directory-kard.kscourts.gov/Home/Details?regNum=18781,Overland Park,KS,Johnson,913-884-1070,,General,10520 Walmer St,66212,Kansas City,2,
Travelers Indemnity Co,,,https://directory-kard.kscourts.gov/Home/Details?regNum=26707,Overland Park,KS,Johnson,913-402-3814,,General,7465 W 132nd St Ste 400,66213,Kansas City,2,
Suzanne Hinton,,,https://directory-kard.kscourts.gov/Home/Details?regNum=12118,Prairie Village,KS,Johnson,816-520-0917,,General,3009 W 72nd St,66208,Kansas City,2,
Tammy Horn LLC,,,https://directory-kard.kscourts.gov/Home/Details?regNum=15418,Overland Park,KS,Johnson,816-914-3207,,General,"10313 W 140th St, The Carriage House",66221,Kansas City,2,
"KBP Brands, LLC",,,https://directory-kard.kscourts.gov/Home/Details?regNum=22772,Leawood,KS,Johnson,913-382-4715,,General,11141 Overbrook Rd Ste 400,66211,Kansas City,2,
Ethan Roth,,,https://directory-kard.kscourts.gov/Home/Details?regNum=29306,Leawood,KS,Johnson,603-988-3007,,General,4940 W 130th Ter,66209,Kansas City,2,
David G. Smith,,,https://directory-kard.kscourts.gov/Home/Details?regNum=25638,Roeland Park,KS,Johnson,913-220-5407,,General,5730 Roeland Dr,66205,Kansas City,2,
R. Bruce Kips,,,https://directory-kard.kscourts.gov/Home/Details?regNum=11584,Shawnee,KS,Johnson,913-962-9800,,General,"6333 Long Ave, Ste 380",66216,Kansas City,2,
Legacy Advisory Limited Company,,,https://directory-kard.kscourts.gov/Home/Details?regNum=26322,Overland Park,KS,Johnson,913-815-6840,,General,"10561 Barkley, Ste 610",66212,Kansas City,2,
Stan Wilkins,,,https://directory-kard.kscourts.gov/Home/Details?regNum=7725,Overland Park,KS,Johnson,816-863-3651,,General,8818 W 131 Pl,66213,Kansas City,2,
Mary Mulloy,,,https://directory-kard.kscourts.gov/Home/Details?regNum=13559,Overland Park,KS,Johnson,302-784-5386,,General,12132 Grant St,66213,Kansas City,2,
The Demps Law Firm,https://dempslaw.com/attorney,,,De Soto,KS,Johnson,,info@dempslaw.com,Criminal Defense,,,Kansas City,5,
Bray Law Office,https://www.mbraylaw.com,,,De Soto,KS,Johnson,913-768-2350,,Estate Planning,"6201 College Blvd., Ste 350",,Kansas City,4,
"O'Brien Law Firm, LLC",https://obrienfirm.com/contact,,,De Soto,KS,Johnson,662-672-7619,kevin@obrienfirm.com,Estate Planning,,,Kansas City,2,
"Izquierdo Law Firm, P.A.",https://www.izlegal.com,,,De Soto,KS,Johnson,305-707-7345,,Criminal Defense,000 Restitution to Full Dismissal: How We Turned Around,,Kansas City,5,3
"Law Office of Ray Kowalczewski, P.A. for Kansas (KS) and Missouri",https://www.rayslawoffice.com,,,De Soto,KS,Johnson,913-888-4037,,Estate Planning,"6405 Metcalf Avenue, Suite 507",66202,Kansas City,4,
Legal Violence,,,,De Soto,KS,Johnson,230-655-4121,subscriptions@press.uchicago.edu,Immigration,200 interviews conducted between 1998 and 2009 with immigrants in,,Kansas City,2,
National Veterans Legal Services Program,https://nvlsp.org,,,De Soto,KS,Johnson,(202) 265-8305,cavc.intake@nvlsp.org,Workers' Compensation,25 NVLSP Issues Updated FAQ for Navy and Marine Corps Veterans Who Have Received Decisions from the Springs v. Del,,Kansas City,5,43
The Bell Law Firm,https://jbelllawfirm.com,,,Edgerton,KS,Johnson,,jerry.bell@creativeplanning.com,General,,,Kansas City,4,
"Attorney Charlie J. Harris, Jr.",https://sbhlaw.com/harris,,,Fairway,KS,Johnson,816-756-0700,charlie@sbhlaw.com,Employment Law,000 employees – to honor the responsibility of ensuring,,Kansas City,3,
Attorney Family First Law,https://familyfirstlawkc.com,,,Fairway,KS,Johnson,816-701-9221,office@ffl-kc.com,Family Law,2025 Family First Law - All Rights Reserved. #,,Kansas City,4,
Attorney Fox Gary Law,https://foxgary.com,,,Fairway,KS,Johnson,816-895-8702,info@fglglaw.com,Workers' Compensation,"8301 State Line Rd, Suite 105",,Kansas City,5,
Attorney Roberts Law,https://www.robertslawkc.com,,,Fairway,KS,Johnson,816-381-9380,info@robertslawkc.com,DUI,,,Kansas City,5,
Attorneys of WB Law of Kansas City,https://www.wblawkc.com/attorneys,,,Fairway,KS,Johnson,(816) 373-2755,roger@wblawkc.com,Medical Malpractice,"1981 graduate of Westminster College and received his law degree, with",,Kansas City,5,
Cross Law Firm,https://www.crosslawfirm.us,,,Fairway,KS,Johnson,(844) 466-5297,lcross@cross-lawfirm.com,Medical Malpractice,5 Billion Settlement against Pacific Gas & Electric (PG&E). This settlement,,Kansas City,5,
"Tieman, Spencer, and Hicks",https://tshlaw.com/family-law,,,Fairway,KS,Johnson,816-338-7644,info@tshhlaw.com,Family Law,200 people in different locations. Lee has counseled,,Kansas City,4,8
Gustafson Law Firm – Kansas City Personal Injury Attorney,https://gustafsonlawkc.com,,,Fairway,KS,Johnson,816-960-7121,craig@gustafsonlawkc.com,Personal Injury,0_CGustafson_0439-600x900.jpg) #,,Kansas City,5,
Kansas City Attorney Kenneth L. Jamison,https://jamisonlawfirmkc.com,,,Fairway,KS,Johnson,816-200-7436,kenjamison@kljamisonlaw.com,Family Law,17 W Kansas St Liberty,,Kansas City,4,4
Karl Johnson law office,http://karlgjohnsonlawoffice.com,,,Fairway,KS,Johnson,(913) 262-1886,,General,4330 Shawnee Mission Pkwy,66205,Kansas City,4,
Keefe Family Law Firm,https://keefefamilylaw.com,,,Fairway,KS,Johnson,816-974-0689,kkeefe@keefefamilylaw.com,Family Law,"3500 NE Ralph Powell Road, Lee",,Kansas City,4,
"Keenan & Bhatia, LLC",https://keenanbhatia.com,,,Fairway,KS,Johnson,816-327-2273,hello@rfuenzalida.com,Workers' Compensation,"20Picture%202020.jpg/:/cr=t:0%25,l",,Kansas City,5,
Krause & Kinsman Law Firm,https://krauseandkinsman.com,,,Fairway,KS,Johnson,816-200-2900,info@krauseandkinsman.com,Bankruptcy,"50 states, we",,Kansas City,2,6
Law Office of Courtney B. Waits,https://waitslawfirm.cliogrow.com,,,Fairway,KS,Johnson,816-283-3337,courtney@waits-law.com,Family Law,2010 Missouri and Kansas Rising Star in KC Magazine and as an Up and Coming,,Kansas City,4,2
Law Office of Mike Reneau LLC,https://www.mikereneau.com,,,Fairway,KS,Johnson,816-434-6200,mreneau@reneaulawoffice.com,Personal Injury,,,Kansas City,4,
Law Offices of Misti Cerra LLC,https://www.attorneymcerra.com,,,Fairway,KS,Johnson,816-806-3060,attorneymcerra@gmail.com,Immigration,"1828 SWIFT ST., SUITE",,Kansas City,2,
Law Offices of Peter Jouras,https://www.jouraslaw.com,,,Fairway,KS,Johnson,913-677-1999,lawoffice@jouraslaw.com,Personal Injury,4330 Shawnee Mission Pkwy,66205,Kansas City,5,5
Johnston Law Firm,https://johnstonlawkc.com/lawyer-profiles,,,Fairway,KS,Johnson,816-787-0310,,Criminal Defense,"30 cases to verdict in which clients were charged with criminal offenses including murder in the first degree, murder",,Kansas City,5,
"Martsching Law Firm, LLC",https://www.martschinglaw.com,,,Fairway,KS,Johnson,816-832-2555,,Family Law,1538179217_EstatePlanning.jpg)\\,,Kansas City,4,
Sandage Law LLC,https://sandagelaw.com,,,Fairway,KS,Johnson,816-753-0800,info@sandagelaw.com,Criminal Defense,,,Kansas City,5,
"Shapiro & Kreisman, LLC",,https://www.google.com/maps/place/?q=place_id:ChIJbUNz0WTuwIcRZgCQcBtlnEI,,Fairway,KS,Johnson,(913) 831-3000,,Criminal Defense,4220 Shawnee Mission Pkwy #418B,66205,Kansas City,5,
"The Dickson Law Firm, LLC - Kansas City",https://kcworkcomplawyer.com,,,Fairway,KS,Johnson,816-914-9478,Andy@KCWorkCompLawyer.com,Workers' Compensation,2025 LawLawyerTemplate - All Rights Reserved. Powered,,Kansas City,5,
"Tim Mudd, Attorney & Counselor-At-Law",https://muddlawfirm.biz,,,Fairway,KS,Johnson,816-541-3045,,Personal Injury,,,Kansas City,5,3
"LifePlan Legal, LLC",,https://www.google.com/maps/place/?q=place_id:ChIJOWEszYWkwIcRflQQ6CvHO0A,,Gardner,KS,Johnson,(913) 703-4357,,Criminal Defense,29609 W 185th St,66030,Kansas City,5,
"Stockton & Kandt, LLC",https://www.stocktonlaw.com/,https://www.google.com/maps/place/?q=place_id:ChIJtTh6VGWjwIcR8jsm2hli9vg,,Gardner,KS,Johnson,(913) 856-2828,carrie@stocktonlaw.com,Personal Injury,952 E Lincoln Ln,66030,Kansas City,5,
The Law Office of Mark D Lewis,http://www.criminallawingardnerks.com/,https://www.google.com/maps/place/?q=place_id:ChIJtx3Q_m-jwIcRiTP2XukaHZw,,Gardner,KS,Johnson,(913) 856-6600,,Criminal Defense,212 E Main St,66030,Kansas City,5,3
"Timothy T. Gardner, Jr. - Thrun Law",https://www.thrunlaw.com/content/timothy-t-gardner-jr,,,Gardner,KS,Johnson,517-374-8833,tgardner@thrunlaw.com,Employment Law,,,Kansas City,3,
"Vega Law Offices, LLC",http://www.vegalaw.com,https://www.google.com/maps/place/?q=place_id:ChIJP2MhspyjwIcR4hndn-vTeME,,Gardner,KS,Johnson,(913) 856-7596,,General,510 W Main St,66030,Kansas City,4,
"William Gardner, K.C. - Pitblado Law",https://www.pitblado.com/our-people/william-s-gardner,,,Gardner,KS,Johnson,204-956-3560,gardner@pitblado.com,Workers' Compensation,"1994 Pitblado Lectures, The",,Kansas City,4,2
Arnett Law LC,https://www.arnettlaw.com/,https://www.google.com/maps/place/?q=place_id:ChIJu2uJQhzCwIcRzDspY2m-I1c,,Leawood,KS,Johnson,(913) 393-4429,jim@arnettlaw.com,Personal Injury,4901 W 136th St,66224,Kansas City,5,1
Bath & Edmonds,http://www.bathedmonds.com/,https://www.google.com/maps/place/?q=place_id:ChIJyzGBP3HswIcRSg50al0m8a4,,Leawood,KS,Johnson,(913) 652-9800,tom@bathedmonds.com,Criminal Defense,4000 W 114th St Suite 210,66211,Kansas City,5,
"Berger Estate & Elder Law, PA",https://www.berger-lawfirm.com/,https://www.google.com/maps/place/?q=place_id:ChIJcyV88CbqwIcRrqzW9qYKQdU,,Leawood,KS,Johnson,(913) 491-6332,info@berger-lawfirm.com,Family Law,11233 Nall Ave,66211,Kansas City,4,4
Brady & Associates,https://chambers.com/all-lawyers-usa-5,,,Leawood,KS,Johnson,913-696-0925,info@lawyerguide.com,Employment Law,2118 W 120th St,66209,Kansas City,3,1
Business Law Group,https://kcbusinesslawgroup.com/,https://www.google.com/maps/place/?q=place_id:ChIJMVxEpB3CwIcROCSDtUbSVas,,Leawood,KS,Johnson,(913) 225-8215,,Employment Law,4901 W 136th St #220,66224,Kansas City,3,3
Cloon Law Firm,http://lawyerserviceskansascityks.com,,,Leawood,KS,Johnson,(913) 624-9051,,General,11150 Overbrook Rd Ste 350,66211,Kansas City,4,1
Commercial Law Group,http://commerciallawgroup.net,,,Leawood,KS,Johnson,(913) 345-8855,,General,4901 College Blvd,66211,Kansas City,4,
Cranmer Law Firm,http://www.cranmerlaw.com,,,Leawood,KS,Johnson,(913) 387-3185,,General,11115 Ash St,66211,Kansas City,4,
DRZ Law,https://www.drzlawfirm.com/?utm_source=Google&utm_medium=GMB&utm_campaign=drzlawfirm&utm_id=DRZ+Law+Firm,https://www.google.com/maps/place/?q=place_id:ChIJjW-3Cd7owIcRJ9yl-jGmO-w,,Leawood,KS,Johnson,(913) 214-8606,,Personal Injury,8700 State Line Rd suite 305,66206,Kansas City,5,
Davis Ketchmark McCreight & Ivers  Law practice,http://www.personalinjurylawkansascity.com,,,Leawood,KS,Johnson,(913) 381-7900,,General,11161 Overbrook Rd,66211,Kansas City,4,
Debra Halluer Law Office,https://www.hallauerlawoffice.com/,https://www.google.com/maps/place/?q=place_id:ChIJB6uMIIbpwIcRgTIoQvzYF9s,,Leawood,KS,Johnson,(913) 345-0000,info@lawyerguide.com,Estate Planning,4707 College Blvd,66211,Kansas City,2,
"Douglas J. Patterson, Attorney at Law",,,,Leawood,KS,Johnson,913-526-3880,,Real Estate Law,12716 Linden St,66209,Kansas City,2,1
"Epstein Law Firm Kansas City, Johnson County",http://epsteinlawfirmkc.com/,https://www.google.com/maps/place/?q=place_id:ChIJi65XMBrCwIcRhhQcxQn21hU,,Leawood,KS,Johnson,(913) 396-5123,info@epsteinlawfirmkc.com,Real Estate,4630 W 137th St #103,66224,Kansas City,2,
Heritage Law LLP,https://www.heritagelawkc.com/,https://www.google.com/maps/place/?q=place_id:ChIJW0f6Q03pwIcR7iKJ4r-yqPE,,Leawood,KS,Johnson,(913) 359-9513,admin@heritagelawkc.com,Estate Planning,8900 State Line Rd Ste #330,66206,Kansas City,2,
Hasty Law Firm LLC.,https://www.hastylaw.com,,,Leawood,KS,Johnson,(816) 283-3535,,General,8700 State Line Rd Ste 115,66206,Kansas City,4,
Holland Injury Law,https://www.stlinjury.lawyer/?npcmp=dir:local:5085061:63105,,,Leawood,KS,Johnson,(816) 897-5647,,General,5300 College Blvd,66211,Kansas City,4,
Jay T Grodsky Attorney At Law,http://www.jaygrodskykc.com,,,Leawood,KS,Johnson,(913) 232-2513,,General,11115 Ash St,66211,Kansas City,4,
Jean W Wise Law Offices,http://www.kcfamilylaw.com,,,Leawood,KS,Johnson,(913) 345-9473,,General,4005 W 110th Ter,66211,Kansas City,4,
Jenkins Legal LLC,https://jenkinslegalkc.com,,,Leawood,KS,Johnson,913-815-0084,micah@micahrich.com,Personal Injury,4000 W 114th St,66211,Kansas City,5,1
KC Legacy Law,http://www.kclegacylaw.com/,https://www.google.com/maps/place/?q=place_id:ChIJLfV_jySVwIcR_ka--v_uwoU,,Leawood,KS,Johnson,(913) 228-3144,filler@godaddy.com,Estate Planning,5440 W 110th St,66211,Kansas City,2,1
Ketchmark & McCreight PC,http://www.kansascitylawoffice.com/,,,Leawood,KS,Johnson,913-266-4500,,Personal Injury,"11161 Overbrook Rd, Ste 210",66221,Kansas City,5,5
Kincaid Business & Entrepreneurial Law LLC,https://kincaidlawkc.com/,https://www.google.com/maps/place/?q=place_id:ChIJ7yoUOiDqwIcRE-goajJVcsU,,Leawood,KS,Johnson,(913) 735-7707,admin@kincaidlawkc.com,Employment Law,5251 W 116th Pl Ste 200,66211,Kansas City,3,1
LRC Law Landis Rath & Cobb,https://lrclaw.com,,,Leawood,KS,Johnson,(302) 467-4400,brown@lrclaw.com,Bankruptcy,100MM_ _For work on the Sale of Contract Pharmaceuticals Limited_,,Kansas City,2,
Law Firm of Kevin Stuart Cavanaugh,https://www.cavlaw.com/,https://www.google.com/maps/place/?q=place_id:ChIJHWphGLnrwIcRPEDia7Fzupo,,Leawood,KS,Johnson,(913) 624-9547,,Family Law,4707 College Blvd Ste 208,66211,Kansas City,4,2
"Law Office Of Daniel E. Stuart, P.A.",http://stuartlaw.net/,https://www.google.com/maps/place/?q=place_id:ChIJ5V5hTE_pwIcREybLxU7m3SU,,Leawood,KS,Johnson,(913) 379-3300,dan@stuartlaw.net,Personal Injury,4707 College Blvd Ste 208,66211,Kansas City,5,4
Law Office of Kevin E. Dellett,https://dellettlaw.net/,https://www.google.com/maps/place/?q=place_id:ChIJcYuOnN7BwIcRdKbifo13OcE,,Leawood,KS,Johnson,(913) 897-0897,kevin@dellettlaw.com,Criminal Defense,4630 W 137th St #200,66224,Kansas City,5,3
Law Office of Leslie Kulick LLC,,,,Leawood,KS,Johnson,913-481-7927,,Business Law,11117 Juniper Dr,66211,Kansas City,2,1
Law Offices Of Bruce J. Clark,,,,Leawood,KS,Johnson,785-224-3431,,Real Estate Law,"3401 College Blvd, Ste 220",66211,Kansas City,2,1
Law Offices Of Cohen Mcneile & Pappas P.C.,http://www.cmplaw.net,,https://www.martindale.com/by-location/kansas-lawyers/,Leawood,KS,Johnson,(913) 738-2825,info@phwjlaw.com,Civil Litigation,4601 College Blvd Ste 200,66211,Kansas City,3,
Leverage Law Group LLC,https://www.leveragelaw.com,,,Leawood,KS,Johnson,913-469-4009,,Family Law,"4501 College Blvd, Suite 280",66211,Kansas City,4,14
Martin Law Group,https://www.olathe-lawyer.com/practice-areas/family-law/?utm_source=google&utm_medium=organic&utm_campaign=GBP_Leawood,https://www.google.com/maps/place/?q=place_id:ChIJ3TuVpFXrwIcR5bmWAJ1Cf00,,Leawood,KS,Johnson,(913) 764-9700,jw@kc-attorney.com,Personal Injury,11551 Ash St #205,66211,Kansas City,5,2
McConnell & McMahon,,https://www.google.com/maps/place/?q=place_id:ChIJUexupnPswIcRtYl1nKXXffg,,Leawood,KS,Johnson,(913) 888-2680,,Family Law,4707 College Blvd Ste 208,66211,Kansas City,4,
"Monaco, Sanders, Racine, Powell & Reidy, LC",http://www.lawyerskc.net/,https://www.google.com/maps/place/?q=place_id:ChIJl7bJ7WLowIcRKl7XRnFZ5XA,,Leawood,KS,Johnson,(816) 523-2400,,Personal Injury,8700 State Line Rd #110,66206,Kansas City,5,4
Norris Keplinger Hicks & Welder LLC,http://www.nkfirm.com,,,Leawood,KS,Johnson,913-663-2000,,Business Law,"11551 Ash St, Ste 200",66211,Kansas City,2,6
Phillips & Thomas LLC,https://phillipsandthomas.com/,https://www.google.com/maps/place/?q=place_id:ChIJiZBq4N_rwIcRTFDGi958mBw,,Leawood,KS,Johnson,(913) 385-9900,,Criminal Defense,5251 W 116th Pl suite 200,66211,Kansas City,5,2
Preuss Foster Law,https://pflaw.com/?utm_source=google&utm_medium=gbp,https://www.google.com/maps/place/?q=place_id:ChIJ63B9n57pwIcRx4-mlfXy1r8,,Leawood,KS,Johnson,(816) 307-2788,info@pflaw.com,Personal Injury,11141 Overbrook Rd #104,66211,Kansas City,5,
Protzman Law Firm,https://www.protzmanlaw.com/?npcmp=dir:local:4939779:66211,,,Leawood,KS,Johnson,(844) 437-8381,,Intellectual Property,4001 W 114th St Ste 110,66211,Kansas City,1,
"Richard S. Wetzler, Attorney",,,,Leawood,KS,Johnson,913-706-7521,,Family Law,3000 W 121st St,66209,Kansas City,4,1
Rittmaster Law Office,http://rittmasterlaw.com,,,Leawood,KS,Johnson,(913) 341-4529,,Tax Law,5350 College Blvd,66211,Kansas City,2,
"Rouse Frets White Goss Gentile Rhodes, P.C.",https://rousepc.com/,https://www.google.com/maps/place/?q=place_id:ChIJHYZzNyDqwIcRQcbKZKxaAjg,,Leawood,KS,Johnson,(913) 387-1600,logo-secondary-rfw-color@2x.png,Business Law,5250 W 116th Pl #400,66211,Kansas City,2,4
Rubin Law Firm LLC,https://www.rubinlaw.com/,,,Leawood,KS,Johnson,816-589-2677,email@rubinlaw.com,Estate Planning,3105 W. 132nd St,66209,Kansas City,2,1
Seck & Associates,http://www.seckassociates.com/,https://www.google.com/maps/place/?q=place_id:ChIJK03EDtzBwIcR2HiVGR8aGzk,,Leawood,KS,Johnson,(913) 815-8481,sseck@seckassociates.com,Estate Planning,3401 College Blvd Ste. 220,66211,Kansas City,2,3
"Sheldon Bernstein Attorney At Law, LLC",http://sheldonbernsteinlaw.com,,,Leawood,KS,Johnson,(816) 444-7280,,General,4707 College Blvd.,66211,Kansas City,4,
"Stephen G. Bolton, Attorney",,,,Leawood,KS,Johnson,913-396-3919,,Business Law,11111 Nall Ste 205,66211,Kansas City,2,1
The Damore Law Firm,http://www.damorelawfirm.com,,,Leawood,KS,Johnson,(913) 652-3377,,General,5330 College Blvd,66211,Kansas City,4,
The Eastman Law Firm,https://theeastmanlawfirm.com/,https://www.google.com/maps/place/?q=place_id:ChIJ__-7vG6VwIcRQnCuslAE4AI,,Leawood,KS,Johnson,(913) 908-9113,gary@theeastmanlawfirm.com,Family Law,4901 W 136th St Ste. 240,66224,Kansas City,4,
The Epstein Law Firm LLC,https://www.epsteinlawfirmkc1.com,,,Leawood,KS,Johnson,913-396-5123,info@epsteinlawfirmkc.com,Business Law,4630 W 137th St Ste 103,66224,Kansas City,2,1
"The Law Office of Colby L. Rieke, L.L.C.",https://riekelaw.com,,,Leawood,KS,Johnson,(913) 322-7727,,General,5330 College Blvd,66211,Kansas City,4,
The Law Office of Joe Ramboldt LLC,https://www.kclawyer.net/?y_source=1_MTIyMjA3MzItNzE1LWxvY2F0aW9uLndlYnNpdGU%3D,https://www.google.com/maps/place/?q=place_id:ChIJ3z_j4pXewIcR5FpiaeItSvg,,Leawood,KS,Johnson,(816) 522-5902,,Personal Injury,8700 State Line Rd #115,66206,Kansas City,5,
The Law Offices of Charles R. Green,http://www.kansascityduilawfirm.com/?utm_source=GMB&utm_medium=organic&utm_campaign=leawood,https://www.google.com/maps/place/?q=place_id:ChIJD4Q3oqfpwIcR4oIOBR3nO3Y,,Leawood,KS,Johnson,(913) 383-3311,charlesrgreen@hotmail.com,Personal Injury,2309 W 104th Terrace,66206,Kansas City,5,4
The Lerner Law Firm PA,,,,Leawood,KS,Johnson,913-530-6490,your@email.com,Family Law,"5280 W. 115th Place, Ste 115",66211,Kansas City,4,1
"The Owens Law Firm, L.L.C.",http://www.owens-lawfirm.com,,,Leawood,KS,Johnson,(913) 387-5503,,General,11115 Ash St,66211,Kansas City,4,
The Perkin Law Firm LC,https://www.perkinlawkc.com,,,Leawood,KS,Johnson,913-220-3872,,Personal Injury,11709 Roe Ave Ste D185,66211,Kansas City,5,1
"The Reynolds Law Firm, LLC",https://www.whrlawfirm.com,,https://www.martindale.com/by-location/kansas-lawyers/,Leawood,KS,Johnson,,,Family Law,,,Kansas City,4,
The Worstell Law Firm,https://www.worstellfirm.com/,,,Leawood,KS,Johnson,913-354-5662,,Family Law,10601 Mission Rd Ste 250,66206,Kansas City,4,1
"Barbara E. Hecht, P.C.",https://www.barbarahecht.com,,,Lenexa,KS,Johnson,(913) 766-5793,akbar.baig@thomsonreuters.com,Criminal Defense,3425 West 95th Street,,Kansas City,5,
Bloom Legal Advisors,https://bloomlegaladvisors.com/,https://www.google.com/maps/place/?q=place_id:ChIJjSudNceVwIcRIB8UQetfpKs,,Lenexa,KS,Johnson,(913) 954-5151,hello@bloomlegalkc.com,Family Law,8700 Monrovia #310,66215,Kansas City,4,
BridgeBuilder Tax + Legal Services,http://www.bbtaxlaw.com/,https://www.google.com/maps/place/?q=place_id:ChIJUU03ZrmUwIcR0KAfRbtWYFs,,Lenexa,KS,Johnson,(913) 492-6008,,Estate Planning,9325 Pflumm Rd,66215,Kansas City,2,1
Burlis Lawson Group,http://www.burlislawson.com,,,Lenexa,KS,Johnson,(913) 599-2210,,General,8861 Long St,66215,Kansas City,4,
Carl E. Cornwell Attorney At Law,https://www.carlcornwell.com,,,Lenexa,KS,Johnson,(913) 712-0459,,Criminal Defense,"142 North Cherry Street, Suite 100",,Kansas City,5,
Crabtree Law Offices,https://www.jimcrabtreelaw.com,,,Lenexa,KS,Johnson,(913) 708-8582,,Personal Injury,13420 Santa Fe Trail Dr,66215,Kansas City,5,
"Dickson & Pope, PA",http://dicksonandpope.com,,,Lenexa,KS,Johnson,913-387-5510,,Personal Injury,19518 West 100th Terrace,66220,Kansas City,5,
EDELMAN & THOMPSON Law Firm,https://edelmanthompson.com/kansas-city-personal-injury-lawyers/,https://www.google.com/maps/place/?q=place_id:ChIJHUYqWquUwIcR1V_Xh4nmVj8,,Lenexa,KS,Johnson,(913) 599-1800,estrautman@etkclaw.com,Personal Injury,8700 Monrovia #310,66215,Kansas City,5,
Girard Immigration Law LLC,https://girardimmigration.com/,https://www.google.com/maps/place/?q=place_id:ChIJyykLzg2VwIcRBHh3LF6cqp8,,Lenexa,KS,Johnson,(913) 210-0939,info@girardimmigration.com,Immigration,12345 W 95th St Suite #200,66215,Kansas City,2,1
Goodenow Law,http://www.goodenowlaw.com/contact.html,,,Lenexa,KS,Johnson,(913) 648-9994,,General,8650 Candlelight Ln,66215,Kansas City,4,
Hamilton Law Firm LLC,https://www.lenexalaw.com/,https://www.google.com/maps/place/?q=place_id:ChIJd5rWu7uUwIcR6_VyJe52w1U,,Lenexa,KS,Johnson,(913) 647-7512,patrick@lenexalaw.com,Personal Injury,8700 Monrovia #310,66215,Kansas City,5,1
Hinkle Law Firm LLC,http://www.hinklaw.com/,https://www.google.com/maps/place/?q=place_id:ChIJHcFAL-LqwIcRXqoNH1zD7Sw,,Lenexa,KS,Johnson,(913) 345-9205,enamee@hinklaw.com,Personal Injury,8711 Penrose Ln #400,66219,Kansas City,5,9
"Hodges Law Firm, CHTD.",http://www.hodgeslawfirm.com/,https://www.google.com/maps/place/?q=place_id:ChIJaWmPubuUwIcR71BpQEBi8mM,,Lenexa,KS,Johnson,(913) 888-7100,mikehodges@hodgeslawfirm.com,Personal Injury,13420 Santa Fe Trail Dr,66215,Kansas City,5,
James W. Lusk Law Office,https://www.jameslusk.com,,,Lenexa,KS,Johnson,(913) 599-5373,,Family Law,8725 Rosehill Rd Ste 105,66215,Kansas City,4,3
Kansas DUI Attorney Reviews - Repsight,,,,Lenexa,KS,Johnson,,emailsupport@repsight.com,DUI,,,Kansas City,5,
"Kathy L. Armstrong, Attorney at Law",,,,Lenexa,KS,Johnson,913-481-3888,,Family Law,"Commerce Bank Building, 8700 Monrovia St Ste 310",66215-3500,Kansas City,4,1
Kelly Law Firm,http://www.thekellylawfirm.com/,https://www.google.com/maps/place/?q=place_id:ChIJ_8c8NYfrwIcRZB-ZOMMjMw0,,Lenexa,KS,Johnson,(913) 451-1119,,Family Law,11900 W 87th St Pkwy #250,66215,Kansas City,4,
Laura K Simpson Law Office,http://www.divorcelawyerolathe.com,https://www.google.com/maps/place/?q=place_id:ChIJjQGhYKuUwIcRNYIKm-Dxbg0,,Lenexa,KS,Johnson,(913) 534-0810,,General,13612 W 75th Terrace,66215,Kansas City,4,
Law Office of Jon Clayton,http://www.jonclaytonlaw.com,,,Lenexa,KS,Johnson,(913) 708-8590,jc@ihelpkc.com,General,13420 Santa Fe Trail Dr,66215,Kansas City,4,
Law Office of Judith Hedrick,http://www.hedrickdivorcelaw.com/,https://www.google.com/maps/place/?q=place_id:ChIJbdFIvKiUwIcR4Tdeak8QDis,,Lenexa,KS,Johnson,(913) 492-8888,,General,13030 W 87th St Pkwy #101,66215,Kansas City,4,1
"Law Office of Steven R. Rebein, LC",,https://www.google.com/maps/place/?q=place_id:ChIJIcXUY4GUwIcR862B4A8Wy7k,,Lenexa,KS,Johnson,(913) 888-4800,,Criminal Defense,8700 Monrovia #310,66215,Kansas City,5,
"Law Office of Tracey D. Johnson, LLC",https://www.traceyjohnsonlaw.com,https://www.google.com/maps/place/?q=place_id:ChIJbVuF7oCUwIcR7GWUfKBkvbQ,,Lenexa,KS,Johnson,(913) 499-0422,,General,12760 W 87th St Pkwy #108,66215,Kansas City,4,
Lg Hoodenpyle Law Office LLC,https://www.lglawoffice.com/,,,Lenexa,KS,Johnson,913-406-4090,,Personal Injury,15621 W 87th St Pkwy #132,66219,Kansas City,5,1
Lickteig Law Firm,https://lickteiglawfirm.com/,,,Lenexa,KS,Johnson,913-894-1090,ted@lickteiglaw.com,Workers' Compensation,12760 W 87th Street Pkwy,66215,Kansas City,5,2
Mann Law Firm P.A.,https://mannlawfirmkc.com,,,Lenexa,KS,Johnson,(913) 730-6266,,General,8700 Monrovia St Ste 310,66215,Kansas City,4,
"Michael R. Lawless, P.A.",http://kcworkcompattorney.com,,,Lenexa,KS,Johnson,(913) 681-5566,271e9fa3230b4eec94b02bf95780f5f2@sentry.wixpress.com,Personal Injury,13420 Santa Fe Trail Dr,66215,Kansas City,5,
"Patton & Dean, LLC",https://www.pattondean.com/?utm_source=GBPlisting&utm_medium=organic&utm_campaign=lenexa,https://www.google.com/maps/place/?q=place_id:ChIJyRz7camUwIcRbLLNC_RY80g,,Lenexa,KS,Johnson,(913) 203-4786,,Bankruptcy,8643 Hauser Ct #235,66215,Kansas City,2,1
"Patton and Patton, Lenexa",https://joepatton.com/lenexa-car-accident-lawyers/,https://www.google.com/maps/place/?q=place_id:ChIJk-yJRrWUwIcR7krwEdXIwk8,,Lenexa,KS,Johnson,(913) 228-1440,pattonandpatton@gmail.com,Personal Injury,8839 Long St,66215,Kansas City,5,
"Summers & Johnson, P.C.",https://summersandjohnson.com/,,https://www.martindale.com/by-location/kansas-lawyers/,Lenexa,KS,Johnson,816-640-4925,firm@summersandjohnson.com,Personal Injury,,,Kansas City,5,
"The Hanna Law Firm, LLC. ""The Wills, Trusts, and Probate Firm of Kansas""",http://www.hannalaw.attorney/,https://www.google.com/maps/place/?q=place_id:ChIJAQCwYKuUwIcRAlBPC9yRJBc,,Lenexa,KS,Johnson,(913) 647-7515,,Estate Planning,8700 Monrovia,66215,Kansas City,2,
The Law Office of Michael J. Joshi,http://joshilaw.com/,https://www.google.com/maps/place/?q=place_id:ChIJHUYqWquUwIcRXS6A9bgyaIs,,Lenexa,KS,Johnson,(913) 227-0100,,Personal Injury,,66215,Kansas City,5,3
The Law Offices of Valerie L. Moore,https://www.vintonmoorelaw.com/,,,Lenexa,KS,Johnson,(913) 317-8999,,Family Law,15700 College Blvd,66219,Kansas City,4,
The Repp Law Firm,http://www.therepplawfirm.com/,https://www.google.com/maps/place/?q=place_id:ChIJzVDYuNKVwIcRM-LFeqNrQj0,,Lenexa,KS,Johnson,(913) 667-0885,70330e0c-9266-441d-aaee-58b812c9a0a4@forward.levitate.ai,Personal Injury,8700 Monrovia #310,66215,Kansas City,5,
WSM Law Kansas,https://www.wsm-law.com/kansas-city-family-lawyer/?utm_source=google&utm_medium=organic&utm_campaign=gmb_local_growthlab,https://www.google.com/maps/place/?q=place_id:ChIJUVb8x6DrwIcRhnAY1318n6w,,Lenexa,KS,Johnson,(913) 430-8837,,Family Law,8735 Rosehill Rd #140,66215,Kansas City,4,
"Zentner Law, P.A.",https://zentnerlaw.com,,,Lenexa,KS,Johnson,913-800-9529,general@zentnerlaw.com,Criminal Defense,PO Box 15387,66285-5387,Kansas City,5,1
"Donald F. McDonald, Jr. Attorney at Law",https://donaldlawoffice.com/,,,Merriam,KS,Johnson,816-694-6664,info@donaldlawoffice.com,Estate Planning,"8500 Shawnee Mission Pkwy, Ste L22",66202,Kansas City,2,1
John Ivan Law Office,http://www.johnivanlaw.com,https://www.google.com/maps/place/?q=place_id:ChIJy6jJi1XswIcReT2QblG6f7g,,Merriam,KS,Johnson,(913) 384-0370,,General,8600 Shawnee Mission Pkwy #308,66202,Kansas City,4,
Shreefer Law Firm,https://shreeferlaw.com/contact-1,https://www.google.com/maps/place/?q=place_id:ChIJAQAwhRztwIcRw8ljuPvH_Qw,,Merriam,KS,Johnson,(913) 999-4526,karina@shreeferlaw.com,Civil Litigation,5820 Knox Ave,66203,Kansas City,3,
"The Dodig Law Firm, LLC",https://dodiglaw.com,,,Merriam,KS,Johnson,816-434-5313,dodig@dodiglaw.com,Employment Law,1993 working at a prominent Midwest law firm. Michael moved his practice to his,,Kansas City,3,
About - The Law Office,https://attorneyisabel.com/about,,,Mission,KS,Johnson,(913) 777-4313,info@ipalawfirm.com,Immigration,50 States #,,Kansas City,2,
"At Paths Law Firm, we believe that peace of mind comes from",,,,Mission,KS,Johnson,816-524-7999,,Estate Planning,,,Kansas City,2,
"Bogart Immigration Law, LLC",http://bogartimmigrationlaw.com,,,Mission,KS,Johnson,(913) 831-4241,,General,5509 Foxridge Dr,66202,Kansas City,4,
Complete Legal,https://completelegal.us/,https://www.google.com/maps/place/?q=place_id:ChIJr0vL817twIcRlnyyAU_6J7U,,Mission,KS,Johnson,(888) 885-9909,,General,5909 Martway St,66202,Kansas City,4,1
Crockett Law Group,https://crockettlawgroup.com,,,Mission,KS,Johnson,800-900-9393,info@crockettlawgroup.com,Personal Injury,7 START NOW CALIFORNIA,,Kansas City,5,
"Garcia Immigration Law Firm, LLC",https://garciaimmigrationlaw.com/,https://www.google.com/maps/place/?q=place_id:ChIJ0eamWU7ltwkRd5YjHmIWBtY,,Mission,KS,Johnson,(913) 281-5000,,Immigration,6950 Squibb Rd #200,66202,Kansas City,2,
Grant Glenn Law Office,https://grantlaw.com/,,,Mission,KS,Johnson,785-217-0117,,Criminal Defense,5214 W 60th Ter,66205,Kansas City,5,1
James R. Orr Attorney at Law,https://www.jorrlaw.com/,https://www.google.com/maps/place/?q=place_id:ChIJu0F0RkjuwIcRKZgyF6-RjJQ,https://www.martindale.com/by-location/kansas-lawyers/,Mission,KS,Johnson,(913) 262-7710,,Family Law,4800 Rainbow Blvd #200,66205,Kansas City,4,1
Kristin H. Ruth • Smith Debnam Law,https://www.smithdebnamlaw.com/lawyers/kristin-h-ruth,,,Mission,KS,Johnson,919-250-2111,kruth@smithdebnamlaw.com,Family Law,4601 Six Forks Road \\,,Kansas City,4,2
Law Office of Raymond Rico,http://ricolawkc.com/,https://www.google.com/maps/place/?q=place_id:ChIJoxT5UELtwIcR4F2mVCsb1ng,,Mission,KS,Johnson,(913) 202-4830,raymond@ricolawkc.com,Immigration,6950 Squibb Rd #200,66202,Kansas City,2,
Mark & Burkhead,http://markandburkhead.com/,https://www.google.com/maps/place/?q=place_id:ChIJey-CtTXswIcRHQc_a10fmfo,,Mission,KS,Johnson,(913) 677-1010,,Personal Injury,6700 Squibb Rd #103,66202,Kansas City,5,5
McConwell Law Offices,,https://www.google.com/maps/place/?q=place_id:ChIJx9TYXc3twIcReDaU9-QFre8,,Mission,KS,Johnson,(913) 262-0605,,Criminal Defense,5201 Johnson Dr Ste 300,66205,Kansas City,5,2
Mitchelson & Mitchelson,,https://www.google.com/maps/place/?q=place_id:ChIJReS6Ys3twIcRMyuTgd1J7Ik,,Mission,KS,Johnson,(913) 432-2300,,Criminal Defense,6005 Johnson Dr,66202,Kansas City,5,
"Mogenson & Branson, LLC",http://mbkclaw.com/,https://www.google.com/maps/place/?q=place_id:ChIJw4zl5LftwIcRFV2fK4qtwnE,,Mission,KS,Johnson,(913) 371-3333,,Personal Injury,5501 Foxridge Dr,66202,Kansas City,5,2
Pingel Family Law,https://www.kansascityfamilylaw.com/,https://www.google.com/maps/place/?q=place_id:ChIJ247QFCvtwIcRvc6TmB1doIE,,Mission,KS,Johnson,(816) 208-8130,,Family Law,6118 Johnson Dr,66202,Kansas City,4,2
Potts Law Firm,http://www.potts-law.com/attorneys/timothy-sifers,,,Mission,KS,Johnson,888-902-6245,pottsintake@potts-law.com,Personal Injury,1901 W 47th Pl,66205,Kansas City,5,
"Shank & Heinemann, LLC",https://www.shankheinemann.com/,https://www.google.com/maps/place/?q=place_id:ChIJX6NU1k3uwIcRwPOrZ4KspcY,,Mission,KS,Johnson,(816) 471-0909,kendra@shanklawfirm.com,Personal Injury,1968 Shawnee Mission Pkwy #100,66205,Kansas City,5,3
Solorio & Avila Law Firm LLC,https://www.salawkc.com/,,,Mission,KS,Johnson,913-831-7300,,Immigration,5400 W 58th Terr,66205,Kansas City,2,2
Stone Law Office,https://www.stonedefense.com/?npcmp=dir:local:1437989:66202,https://www.google.com/maps/place/?q=place_id:ChIJPRBV5cjxwIcRcuv3DTVUBew,,Mission,KS,Johnson,(913) 229-9209,,Criminal Defense,6405 Metcalf Ave Ste 420,66202,Kansas City,5,
The JW Law Firm,https://thejwlawfirm.com,,,Mission,KS,Johnson,,info@thejwlawfirm.com,Immigration,23lx8ct0Q),,Kansas City,2,
Westphal Law Office,http://www.westphallaw.com,,,Mission,KS,Johnson,(913) 322-3992,,General,5909 Martway St,66202,Kansas City,4,
"Foley & Foley, PC",https://foleylawpractice.com/practice-capabilities,,,Mission,KS,Johnson,(508) 548-4888,mike@foleylawpractice.com,Employment Law,,,Kansas City,3,3
Attorney Janus Law,https://janus.law,,,Mission Hills,KS,Johnson,818-672-1778,larry@janus.law,Bankruptcy,"2019 study, 51",,Kansas City,4,
"Experience - Stopperan Law, LLC",https://www.stopperanlaw.com/experience,,,Mission Hills,KS,Johnson,,inquiry@stopperanlaw.com,Estate Planning,,,Kansas City,4,
"Mobile Notary, Power of Attorney, Lenexa, Shawnee, Leawood",https://www.smobilenotary.com/power-of-attorney-ks,,,Mission Hills,KS,Johnson,913-232-1377,sybil@smobilenotary.com,Estate Planning,"7500 College Blvd, Overland",66210,Kansas City,2,
Our Team - Michelle Goff Law,https://www.michellegofflaw.com/our-team,,,Mission Hills,KS,Johnson,(719) 424-3321,michelle@michellegofflaw.com,Family Law,,,Kansas City,4,2
Kennyhertz Perry Attorneys at Law,http://www.kennyhertzperry.com/,https://www.google.com/maps/place/?q=place_id:ChIJ52LlGLzuwIcRIrPT4rg1OHQ,,Mission Woods,KS,Johnson,(816) 527-9447,chloe@kennyhertzperry.com,Business Law,2000 Shawnee Mission Pkwy Ste. 210,66205,Kansas City,2,12
"Amy R Mitchell, Attorney at Law",https://centralkansascf.org/author/ckcfashley/page/2,,,Olathe,KS,Johnson,913-782-2720,angie@centralkansascf.org,Criminal Defense,100 E. Park St Ste 208,66061,Kansas City,5,1
"Arehart & Ernzen, LLC",,,,Olathe,KS,Johnson,913-782-8274,arehartelaw@gmail.com,Criminal Defense,303 E Poplar,66061,Kansas City,5,2
Boothe Walsh Law & Mediation,https://boothewalsh.com/,https://www.google.com/maps/place/?q=place_id:ChIJrZs4Jfq9wIcR2aIGTOBdLtM,,Olathe,KS,Johnson,(913) 890-4790,,Family Law,130 N Cherry St Ste 101,66061,Kansas City,4,1
"Bridget Schell, The Schell Law Firm, L.L.C.",http://theschelllawfirm.com/,,,Olathe,KS,Johnson,(913) 948-9560,,Family Law,105 E Park St,66061,Kansas City,4,
"Brunkhorst Law, LLC",https://www.brunkhorstlaw.com,,,Olathe,KS,Johnson,913-568-0190,office@brunkhorstlaw.com,DUI,"110 N. Cherry St, Suite 110",66061,Kansas City,5,1
Burns Law,https://www.burnslawkc.com,,,Olathe,KS,Johnson,(913) 481-5379,,Real Estate,430 E Santa Fe St,66061,Kansas City,2,
CDL Legal LLC,http://www.cdllegal.com/,https://www.google.com/maps/place/?q=place_id:ChIJl3HmhZKRwIcRGHlZRXWFmiM,,Olathe,KS,Johnson,(913) 738-4836,,General,15633 S Mahaffie St,66062,Kansas City,4,
Carter Law Offices,http://www.carterlaw.org,,https://www.martindale.com/by-location/kansas-lawyers/,Olathe,KS,Johnson,816-462-4821,,Personal Injury,,,Kansas City,5,2
Chowins Law Firm,http://chowins.com,,,Olathe,KS,Johnson,(913) 735-3285,,General,118 N Cherry St,66061,Kansas City,4,
Darrell Smith Law,http://www.darrellsmithlaw.com,,,Olathe,KS,Johnson,(913) 397-6333,,General,102 S Cherry St Ste 4,66061,Kansas City,4,
"Davis Legal KC, LLC",https://jeffdavislawfirm.com/,,,Olathe,KS,Johnson,913-290-5890,,Personal Injury,115 E Park St Ste C,66061,Kansas City,5,1
Duma Law Offices,https://www.dumalawoffices.com/,https://www.google.com/maps/place/?q=place_id:ChIJO3EwP_m9wIcRgr3zwa-sfT8,https://www.martindale.com/by-location/kansas-lawyers/,Olathe,KS,Johnson,(913) 782-7072,jeff@salinaksattorney.com,Criminal Defense,303 E Poplar St,66061,Kansas City,5,1
Fidelity National Title Group,https://www.fidelitylawfirm.com/,,,Olathe,KS,Johnson,913-375-4076,,General,1255 North Parker St,66061,Kansas City,4,1
Gary L Sloan Law Offices,http://www.bankruptcyattorneysolathe.com,,,Olathe,KS,Johnson,(913) 829-2200,,General,222 S Cherry St,66061,Kansas City,4,
Hetley Law Firm P A,https://www.hetleylaw.com,,,Olathe,KS,Johnson,(913) 780-1007,ghetley@hetleylaw.com,Business Law,103 E Park St,66061,Kansas City,2,
"Holmes Law Office, LLC",http://www.holmeslawofficellc.net,,,Olathe,KS,Johnson,(913) 815-8271,,General,115 S Kansas Ave,66061,Kansas City,4,
Hottman Law Firm,http://www.theduiclinic.com/,https://www.google.com/maps/place/?q=place_id:ChIJv9wJJvq9wIcRFkvQuLqcZjk,,Olathe,KS,Johnson,(913) 262-4444,chenowith52@gmail.com,DUI,130 N Cherry St Ste 105,66061,Kansas City,5,
"Juris Law & Mediation, LLC",http://www.juriskc.com/,https://www.google.com/maps/place/?q=place_id:ChIJPQcH6fq9wIcRt8bhomQxYIQ,,Olathe,KS,Johnson,(913) 764-8844,,General,430 E Santa Fe St,66061,Kansas City,4,
"Kelli Cooper, Attorney at Law - Johnson County Divorce Lawyer",http://www.kellicooperlaw.com/,https://www.google.com/maps/place/?q=place_id:ChIJETY-iPm9wIcRGz9QyGK43Zs,,Olathe,KS,Johnson,(913) 254-7600,,Family Law,142 N Cherry St,66061,Kansas City,4,
"Kenney Law Firm, LLC",http://www.kenneylaw.net,,,Olathe,KS,Johnson,(913) 890-2078,,General,142 N Cherry St,66061,Kansas City,4,
L Donald Huelson Attorney at Law,http://www.huelsonlawfirm.com/,https://www.google.com/maps/place/?q=place_id:ChIJVTyTe0Yhd0ARD4EGsQ8ADH0,,Olathe,KS,Johnson,(913) 254-1400,info@huelsonlawfirm.com,Bankruptcy,16007 S Brookfield St,66062,Kansas City,2,
Lagemann Law LLC,,,,Olathe,KS,Johnson,913-745-9339,lagemann@gmail.com,Criminal Defense,"119 N Parker, Ste 200",66061,Kansas City,5,1
"Langston Law, Chartered",http://langstonlaw.net,,,Olathe,KS,Johnson,(913) 341-8530,,General,115 E Park St,66061,Kansas City,4,
Law Offices of Pettlon & Ginie,https://www.pettlonlaw.com/,https://www.google.com/maps/place/?q=place_id:ChIJ4ZzBnfC9wIcR1lfXwA9OhOU,,Olathe,KS,Johnson,(913) 393-2100,ryan@pettlonlaw.com,Personal Injury,111 S Kansas Ave,66061,Kansas City,5,1
Law Office of Charles J. Andres,https://andreslawfirm.com,,,Olathe,KS,Johnson,913-782-8298,charlesjandres@cs.com,Estate Planning,130 N Cherry Ste 103,66061,Kansas City,2,1
"Law Office of Heath A. Stuart, Chartered",http://www.hstuartlaw.com/,https://www.google.com/maps/place/?q=place_id:ChIJeyfiAobpwIcRp2xUxwxg6Ag,,Olathe,KS,Johnson,(913) 225-8116,heath@hstuartlaw.com,Criminal Defense,105 E Park St,66061,Kansas City,5,
Law Office of Lauren Conard Young LLC,http://www.lcylawoffice.com/,https://www.google.com/maps/place/?q=place_id:ChIJqcRrXPq9wIcRZaL7j_vTrec,,Olathe,KS,Johnson,(913) 227-9336,lcy@lcylawoffice.com,Family Law,110 S Cherry St #103,66061,Kansas City,4,
Law Office of Richard A Carnahan,https://www.olathelaw.com/?utm_source=google-local&utm_medium=organic&utm_campaign=646,https://www.google.com/maps/place/?q=place_id:ChIJO3EwP_m9wIcRU55fxIQ2okA,,Olathe,KS,Johnson,(913) 782-5500,,Personal Injury,303 E Poplar St,66061,Kansas City,5,
"Law Office of Sarah F. Hill, LLC",https://www.hilllawkc.com/,https://www.google.com/maps/place/?q=place_id:ChIJISi6t3-9wIcRkO0F7GwA5wY,,Olathe,KS,Johnson,(913) 232-2445,sarah@hilllawkc.com,Criminal Defense,142 N Cherry St Suite 200,66061,Kansas City,5,1
Law Office of William C. Votypka,https://www.gwtfirm.com/,https://www.google.com/maps/place/?q=place_id:ChIJZ0RIRvq9wIcRmFHW0ueWzu0,,Olathe,KS,Johnson,(913) 948-6682,editor@kansan.com,Personal Injury,105 E Park St,66061,Kansas City,5,1
Law Offices of Don Smith,,,,Olathe,KS,Johnson,913-829-2255,office@manningandsmith.net,Criminal Defense,310 N Cherry St,66061,Kansas City,5,1
Mary Ellen Rose Law,http://maryellenroselaw.com,,,Olathe,KS,Johnson,(913) 381-6400,,General,130 N Cherry St,66061,Kansas City,4,
McDonald Law Firm LLC,https://mcdonald.law/,,,Olathe,KS,Johnson,816-510-1084,dave@riveralawoffice.com,Criminal Defense,100 E Park St #8,66061,Kansas City,5,1
"Michael C. Hunter, Attorney at Law, LLC",https://kccounselor.com/,https://www.google.com/maps/place/?q=place_id:ChIJldtFSPq9wIcRu1QC17V5Xx0,,Olathe,KS,Johnson,(913) 732-3234,mhunter@kccounselor.com,Criminal Defense,115 E Park St Ste c,66061,Kansas City,5,1
Michael Page Jr. Atty At Law,http://www.landonlawllc.com/,https://www.google.com/maps/place/?q=place_id:ChIJaXqiRvq9wIcRB85m8JcjKb0,,Olathe,KS,Johnson,(913) 355-1202,jessica@sokolofflawfirm.com,Personal Injury,142 N Cherry St,66061,Kansas City,5,1
Michael Page Law Firm,http://www.olathekslawoffices.com/child_custody_law.html,https://www.google.com/maps/place/?q=place_id:ChIJbW2NSPq9wIcRSCcyZminwyU,,Olathe,KS,Johnson,(913) 232-1554,,General,115 E Park St Ste c,66061,Kansas City,4,
Moore Law Center,https://www.kslegalhelp.com,,,Olathe,KS,Johnson,913-782-7075,,Bankruptcy,"110 S. Cherry St, #103",66061,Kansas City,2,1
Morrison Law Firm,https://www.paulmorrisonlaw.com/,https://www.google.com/maps/place/?q=place_id:ChIJv9wJJvq9wIcRMlQRBmAQInw,,Olathe,KS,Johnson,(913) 780-6666,,Personal Injury,130 N Cherry St #103,66061,Kansas City,5,5
My Child Advocate – A Child and Family Law Center,http://www.mychildadvocate.com,,,Olathe,KS,Johnson,(913) 829-8838,autumn@mychildadvocate.com,Family Law,313 N Chestnut St,66061,Kansas City,4,
"Nigro Law Firm, LLC",http://www.nigrolawfirm.com,,https://www.martindale.com/by-location/kansas-lawyers/,Olathe,KS,Johnson,816-705-2320,office@nigrolawfirm.com,Personal Injury,,,Kansas City,5,
Pottroff & Karlin LLC,http://www.pottroff.com,,https://www.martindale.com/by-location/kansas-lawyers/,Olathe,KS,Johnson,785-789-5483,,Personal Injury,,,Kansas City,5,
Quinn Law Associates,http://www.quinn.law,,,Olathe,KS,Johnson,(913) 712-8122,,General,115 E Park St,66061,Kansas City,4,
Randy MC Calla Law Offices,http://www.mccallalaw.com,,,Olathe,KS,Johnson,(913) 390-1555,,General,142 N Cherry St,66061,Kansas City,4,
Riebli Law LLC,https://rieblilaw.com/,,,Olathe,KS,Johnson,913-351-1880,,Criminal Defense,"100 E. Park St, Ste 210",66061,Kansas City,5,2
"Rivera Law, LLC",https://riveralawoffice.com/,https://www.google.com/maps/place/?q=place_id:ChIJvyvmsvu9wIcRqPq8d1A7jeQ,,Olathe,KS,Johnson,(913) 210-0844,vinnie@riveralawoffice.com,Criminal Defense,100 E Park St #8,66061,Kansas City,5,1
Schoenig Law Firm LLC,http://www.schoeniglawfirm.com,,,Olathe,KS,Johnson,(913) 712-9750,,General,111 S Kansas Ave,66061,Kansas City,4,
"Skinner Law, LLC",https://skinner-law.com/,,,Olathe,KS,Johnson,913-839-3073,,Bankruptcy,"100 E Park St, Ste 205",66061,Kansas City,2,1
Spencer Law Firm,http://www.spencerlawkc.com,,,Olathe,KS,Johnson,(913) 397-0800,,Criminal Defense,114 N Cherry St,66061,Kansas City,5,
Stanley Law,http://www.stanleylawkc.com/,https://www.google.com/maps/place/?q=place_id:ChIJvdzoKGm_wIcRfL1I2JdkERc,,Olathe,KS,Johnson,(913) 270-9949,,Family Law,14105 S Mur-Len Rd,66062,Kansas City,4,
The Bachman Law Firm,https://www.bachmanlawkc.com,,,Olathe,KS,Johnson,913-583-0400,,Business Law,12730 S Pflumm Rd,66062,Kansas City,2,
The Bigus Law Offices,http://www.biguslawdui.com,,,Olathe,KS,Johnson,(913) 815-3609,,General,110 S Cherry St,66061,Kansas City,4,
The Law Office of John Harvell,https://www.harvellaw.com/,https://www.google.com/maps/place/?q=place_id:ChIJQUz55_q9wIcRFkxqX51UJTs,,Olathe,KS,Johnson,(888) 879-7087,,DUI,108 E Cedar St,66061,Kansas City,5,
The Law Office of Patrick Lewis,http://www.thekansasdefender.com,,,Olathe,KS,Johnson,(913) 558-3961,info@secondmedia.com,Criminal Defense,104 E Poplar St,66061,Kansas City,5,
The Law Office of Robert E. McRorey,https://www.olathe-attorney.com,https://www.google.com/maps/place/?q=place_id:ChIJDVGoxeq9wIcRtPHRctA1zOI,,Olathe,KS,Johnson,(913) 780-4200,,General,108 E Cedar St,66061,Kansas City,4,
The Law Office of Zach V. Thomas,http://www.zvtlaw.com,,,Olathe,KS,Johnson,(913) 755-9585,,Personal Injury,104 E Poplar St,66061,Kansas City,5,3
The Law Offices of Tel Parrett,https://www.telparrettlaw.com,,,Olathe,KS,Johnson,(913) 285-8884,,Criminal Defense,110 S Cherry St Ste 203,66061,Kansas City,5,
"The Mozingo Law Firm, LLC",https://www.rwmozingolaw.com/?npcmp=dir:local:4989175:66061,https://www.google.com/maps/place/?q=place_id:ChIJ8TzaOfq9wIcRX_CM51hsn18,,Olathe,KS,Johnson,(913) 732-4903,re@mozingolawfirm.com,Criminal Defense,115 E Park St Ste c,66061,Kansas City,5,
The Pickering Law Firm P A,http://pickeringlawfirm.com,,,Olathe,KS,Johnson,(913) 647-9019,cfp@pickeringlawfirm.com,Employment Law,130 N Cherry St,66061,Kansas City,3,
The Sokoloff Law Firm LLC,https://sokolofflawfirm.com/,https://www.google.com/maps/place/?q=place_id:ChIJAQAwiPm9wIcRTkSx3qe4ySc,,Olathe,KS,Johnson,(913) 963-1794,,Criminal Defense,142 N Cherry St,66061,Kansas City,5,
The Webb Law Center,https://thewebblawcenter.com/,,,Olathe,KS,Johnson,913-948-6680,christian@thewebblawcenter.com,Personal Injury,111 S Kansas Ave,66061,Kansas City,5,1
WM Law Olathe Office,http://kansascitybankruptcy.com/,https://www.google.com/maps/place/?q=place_id:ChIJcwbVaw6VwIcRWiv3qS9O5Os,,Olathe,KS,Johnson,(913) 422-0909,,Bankruptcy,15095 W 116th St,66062,Kansas City,2,
"Wallentine Injury Law, LLC",https://www.kc-attorney.com/?utm_source=GBP_Olathe&utm_medium=Organic&utm_campaign=Google_Business_Profile,https://www.google.com/maps/place/?q=place_id:ChIJv9wJJvq9wIcR-0rBick6Shs,,Olathe,KS,Johnson,(913) 934-6333,,Personal Injury,130 N Cherry St Ste 100,66061,Kansas City,5,3
"Adam & McGrevey, PA",https://www.adammcgrevey.com/,,,Overland Park,KS,Johnson,913-647-0670,,Medical Malpractice,10851 Mastin Ste 1055,66210,Kansas City,5,4
"Affinity Legal KC, LLC",https://www.affinitylegalkc.com/,,,Overland Park,KS,Johnson,913-222-5200,,Estate Planning,13220 Metcalf Ave,66213,Kansas City,2,1
Angela Keck Law Offices LLC,https://angelakecklaw.com/about,,,Overland Park,KS,Johnson,913-782-9720,achievingjustice@gmail.com,Criminal Defense,8101 College Blvd Ste 100,66210,Kansas City,5,1
"Baig Law Office, LLC",https://www.baiglaw.com/,,,Overland Park,KS,Johnson,913-428-9219,,Personal Injury,"7500 W 151st St, Ste 24362",66223,Kansas City,5,1
"Barbara P. Allen, Attorney At Law",https://barbaralaw.com,,,Overland Park,KS,Johnson,913-568-7544,103026.lead.10327@leads.leadrouter.com,Real Estate,"9218 Metcalf, Ste 171",66212,Kansas City,2,1
Barbera & Watkins LLC,http://www.bwaerolaw.com,,,Overland Park,KS,Johnson,913-677-3800,jbarbera@bwaerolaw.com,DUI,6701 W. 64th St Ste 315,66202,Kansas City,5,3
Barnds Law LLC,https://barndslaw.com/?utm_source=Google&utm_medium=organic&utm_campaign=GBP,https://www.google.com/maps/place/?q=place_id:ChIJEX6jzeKVwIcRByaGuJsT-y0,,Overland Park,KS,Johnson,(913) 270-0505,johnkernslaw@gmail.com,DUI,7400 College Blvd #100,66210,Kansas City,5,1
"Bassin, Young & Barjenbruch, LLC",https://bassinlawfirm.com/,,,Overland Park,KS,Johnson,913-322-4300,sjb@bassinlawfirm.com,Social Security Disability,8826 Santa Fe Drive Ste. 209,66212,Kansas City,1,3
"Beam-Ward Kruse Wilson & Fletes, LLC",http://www.bkwflaw.com/,https://www.google.com/maps/place/?q=place_id:ChIJYWEzwVfqwIcRAiVkVJzoZjo,,Overland Park,KS,Johnson,(913) 339-6888,jfletes@bkwflaw.com,General,8645 College Blvd #250,66210,Kansas City,4,4
Berman & Rabin PA,https://www.bermanrabin.com,,https://www.martindale.com/by-location/kansas-lawyers/,Overland Park,KS,Johnson,913-530-8412,605a7baede844d278b89dc95ae0a9123@sentry-next.wixpress.com,Tax Law,15280 Metcalf,66223,Kansas City,1,4
"Besse Law Office, PA",https://www.besselawfirm.com,,,Overland Park,KS,Johnson,913-341-0005,trent@besselawfirm.com,Personal Injury,"7199 W. 98th Terr, Ste 140",66212,Kansas City,5,1
Biesterveld & Crook Injury Attorneys,https://www.bctrialattorneys.com/,https://www.google.com/maps/place/?q=place_id:ChIJW7YcNvq9wIcRS_HdCioTfag,,Overland Park,KS,Johnson,(913) 353-5870,,Personal Injury,8801 Ballentine St Ste 300,66214,Kansas City,5,3
"Biesterveld & Crook, LLC",,,,Overland Park,KS,Johnson,913-353-5870,,Personal Injury,"8801 Ballentine St, Ste 300",66214,Kansas City,5,2
Blake & Uhlig PA,https://blake-uhlig.com/,https://www.google.com/maps/place/?q=place_id:ChIJxSzdpG3xwIcRazLC1_jKNk4,,Overland Park,KS,Johnson,(913) 321-8884,,Family Law,6803 W 64th St Ste 300,66202,Kansas City,4,17
Bordeau & Noulles LLC,https://www.umkc.edu/news/posts/2023/january/how-to-get-the-most-our-of-law-school-compete.html,,,Overland Park,KS,Johnson,913-432-9994,judy@kcvisa.com,DUI,6701 W 64th St Ste 320,66202,Kansas City,4,3
Branham Law Firm,http://www.branhamlawfirm.com,,,Overland Park,KS,Johnson,913-648-5793,,Family Law,P.O. Box 11567,66207,Kansas City,4,1
Brittingham Law PA,https://www.brittinghamlaw.com/,,,Overland Park,KS,Johnson,785-330-5090,,Criminal Defense,PO Box 23368,66283,Kansas City,5,1
"Brooker Law, LLC",https://www.brookerlawkc.com/,,,Overland Park,KS,Johnson,816-916-6375,matt@brookerlawkc.com,Personal Injury,"8101 College Blvd, Ste 100",66210,Kansas City,5,1
"Caldwell & Moll, L.C.",https://cfg.law/,,,Overland Park,KS,Johnson,913-322-6316,,Personal Injury,13200 Metcalf Ave Ste 110,66213,Kansas City,5,2
Callahan Law Firm,https://www.callahanlawkc.com,,,Overland Park,KS,Johnson,(816) 822-4041,,Estate Planning,6801 W 107th St Ste 108,66212,Kansas City,2,5
Chartrand Legal Management,https://www.chartrandlegal.com/,,,Overland Park,KS,Johnson,913-768-4700,Laura@chartrandlaw.com,Social Security Disability,11937 W 119th St #212,66213,Kansas City,1,1
Cooper Law LLC,https://www.billycooperlaw.com/,,,Overland Park,KS,Johnson,913-534-4600,info@billycooperlaw.com,Personal Injury,PO Box 23244,66283,Kansas City,5,1
Coppaken Law Firm,https://www.coppakenlaw.com/?utm_source=google-local&utm_medium=organic&utm_campaign=632,https://www.google.com/maps/place/?q=place_id:ChIJkeNwd7PrwIcRlHygKpQE9eI,,Overland Park,KS,Johnson,(913) 802-2130,,Business Law,10484 Marty St,66210,Kansas City,2,4
Crawford Law Firm,http://www.overlandparkfamilylaw.com,,,Overland Park,KS,Johnson,(913) 213-0333,,Intellectual Property,7300 W 110th St,66210,Kansas City,1,
Cross Law Firm,http://www.cross-lawfirm.com,,,Overland Park,KS,Johnson,(816) 454-5297,lcross@gmolaw.com,Personal Injury,8001 Conser St,66204,Kansas City,5,
"DDurbin Law, LLC",https://www.ddurbinlaw.com/,,,Overland Park,KS,Johnson,913-940-9023,,Estate Planning,9404 Reeds Rd Ste 2,66207,Kansas City,2,1
"David C. Kirk, Attorney At Law",https://davidlaw.com/,,,Overland Park,KS,Johnson,913-940-7600,info@davidlaw.com,Personal Injury,P.O. Box 13304,66282,Kansas City,5,1
Davis Business Law,https://davisbusinesslaw.com/law-office-locations/kansas-city-66210/,https://www.google.com/maps/place/?q=place_id:ChIJqXc7fSbrwIcR2OiMrlDm1SA,,Overland Park,KS,Johnson,(913) 354-2056,office@davisbusinesslaw.com,Business Law,11050 Roe Ave Ste 212,66210,Kansas City,2,2
"Denning Law Firm, LLC",https://www.denninglawfirm.com/,,,Overland Park,KS,Johnson,816-702-8400,media@denning.editor.legalfit.com,Personal Injury,8900 Indian Creek Pkwy Ste 210,66210,Kansas City,5,2
Dixon Szczucinski Law Firm,https://www.dixonszczucinskilawfirm.com,,,Overland Park,KS,Johnson,913-451-1919,susan@susanslawfirm.com,Family Law,P.O.  Box 23429,66283-0429,Kansas City,4,1
Don Peterson Law LLC,https://www.donpetersonlawyer.com,,,Overland Park,KS,Johnson,913-322-0322,,Personal Injury,"10955 Lowell, Suite 710",66210,Kansas City,5,2
"Driskell & Schlicher Immigration Law, LLC",https://driskelllawfirm.com/,,,Overland Park,KS,Johnson,913-722-3400,,Criminal Defense,7030 W 107th St Ste 110,66212,Kansas City,5,2
Drumm & King LLC,https://drummking.com/,,,Overland Park,KS,Johnson,913-215-9237,eben@eyebytes.com,Real Estate,8101 College Blvd Ste 100,66210,Kansas City,2,2
Duggan Shadwick Doerr & Kurlbaum LLC,http://www.dsdklaw.com/attorney/john-duggan,,,Overland Park,KS,Johnson,913-498-3536,interactive@smallbusinessmiracles.com,Personal Injury,"9101 W 110th St, Ste 200",66210,Kansas City,5,1
Edmunds Law Office LLC,https://edmundslaw.com/,,,Overland Park,KS,Johnson,913-669-3000,fritz@edmundslaw.com,Business Law,11715 W 101st St,66214,Kansas City,2,1
"Erker Law Firm, P.A.",https://www.erkerlaw.com,,,Overland Park,KS,Johnson,(913) 829-2500,ryan@erkerlaw.com,Criminal Defense,7211 W 98th Ter Ste 140,66212,Kansas City,5,
Estate Plan - Legacy Law Centers,https://www.legacylawcenters.com/category/estate-plan,,,Overland Park,KS,Johnson,223-644-0259,,Estate Planning,"80s and onwards, if",,Kansas City,2,2
Evans & Dixon LLC,https://www.evans-dixon.com/,,,Overland Park,KS,Johnson,913-701-6810,contact@evans-dixon.com,Workers' Compensation,"10851 Mastin Blvd, Ste 900",66210,Kansas City,5,8
First & Fourteenth PLLC,https://first-fourteenth.com/,,,Overland Park,KS,Johnson,816-600-0604,,Civil Litigation,6400 Glenwood St Ste 201,66202,Kansas City,3,1
Flick Law Firm,http://www.flicklawfirm.com,,,Overland Park,KS,Johnson,(913) 648-7000,contact@flicktruckaccidentlaw.com,Personal Injury,7500 College Blvd Ste 526,66210,Kansas City,5,1
Forbes Law Group LLC,https://www.forbeslawgroup.com/,,,Overland Park,KS,Johnson,913-341-8600,contactus@forbeslawgroup.com,Employment Law,12900 Metcalf Ste 210,66213,Kansas City,3,3
Foulston Siefkin LLP,https://www.foulston.com/,https://www.google.com/maps/place/?q=place_id:ChIJyVxA1P3qwIcRZP2o7P5cj80,,Overland Park,KS,Johnson,(913) 498-2100,aschulte@foulston.com,Employment Law,7500 College Blvd Ste 1400,66210,Kansas City,3,7
Foundry Law Group,https://foundrylawgroup.com/,,,Overland Park,KS,Johnson,785-764-1663,info@foundrylawgroup.com,Intellectual Property,11520 W 119th St,66213,Kansas City,1,1
Garrison Law Office,https://www.garrisonlegal.com/,,,Overland Park,KS,Johnson,888-329-4774,18d2f96d279149989b95faf0a4b41882@sentry-next.wixpress.com,Personal Injury,12022 Blue Valley Pkwy #582,66213,Kansas City,5,1
Gaughan & Connealy,http://www.midwestestateplan.com/,https://www.google.com/maps/place/?q=place_id:ChIJReDLFYXpwIcR3sJ7Dr3V0vQ,,Overland Park,KS,Johnson,(913) 262-2000,info@midwestestateplan.com,Estate Planning,4400 College Blvd #190,66211,Kansas City,2,2
"Goodwin Law, LLC",https://goodwinlawfirm.org,,,Overland Park,KS,Johnson,913-447-7897,info@goodwinlawfirm.org,Personal Injury,"Commerce Plaza I, 7th Floor, 7300 W. 110th St",66210,Kansas City,5,1
Gould Law Offices,https://content.next.westlaw.com/Document/Id7c3f8c4567411d9bf30d7fdf51b6bd4/View/FullText.html?transitionType=Default&contextData=(sc.Default),,,Overland Park,KS,Johnson,913-599-5192,,Personal Injury,"6750 W. 93rd St, Ste 230",66212,Kansas City,5,1
"Goza & Honnold, LLC - Car Accident & Personal Injury Lawyers",https://gohonlaw.com/?utm_campaign=gmb,,,Overland Park,KS,Johnson,(913) 451-3433,info@gohonlaw.com,Personal Injury,9500 Nall Ave #400,66207,Kansas City,5,2
"Graber & Johnson Law Group, LLC",https://graberjohnson.com/,,,Overland Park,KS,Johnson,913-386-3180,info@graberjohnson.com,Estate Planning,14400 Metcalf Ave,66223,Kansas City,2,1
GroverLawKC,https://groverlawkc.com/,https://www.google.com/maps/place/?q=place_id:ChIJufNSDZTswIcR53aH-f-pIIw,,Overland Park,KS,Johnson,(913) 432-1000,,Personal Injury,7221 W 79th St Ste 100,66204,Kansas City,5,3
Gyllenborg & Brown PA,https://www.gyllenborg.com,,,Overland Park,KS,Johnson,913-782-1400,contactus@lawbamba.com,Criminal Defense,7450 W 130th St Ste 310,66213-2684,Kansas City,5,2
"Hagen Law Offices, LLC",,,,Overland Park,KS,Johnson,913-236-9696,info@lawyerguide.com,Criminal Defense,8655 College Blvd,66210,Kansas City,5,1
Harken Law Firm LLC,https://harkenlaw.com,,,Overland Park,KS,Johnson,913-645-7253,robert@harkenlaw.com,Employment Law,12433 Antioch Rd #25603,66213,Kansas City,3,1
"Hart Law Company, P.C.",https://www.hartlawcompany.com/,,https://www.martindale.com/by-location/kansas-lawyers/,Overland Park,KS,Johnson,913-363-9525,hartlawco@aol.com,Estate Planning,,,Kansas City,2,
Harvest Law KC,https://harvestlawkc.com/,https://www.google.com/maps/place/?q=place_id:ChIJCzOQkF_BwIcRcqXWjLXZSz0,,Overland Park,KS,Johnson,(913) 851-4880,kyle.krull@harvestlawkc.com,Family Law,5209 W 164th St,66085,Kansas City,4,
Heartland Estate Law LLC,https://heartlandestatelaw.com/,,,Overland Park,KS,Johnson,913-663-3159,,Estate Planning,"10955 Lowell Ave, Ste 512",66210,Kansas City,2,2
"Henderson Legal Defense, LLC",https://hldfirm.com/,https://www.google.com/maps/place/?q=place_id:ChIJy2xSOvq9wIcRzn5wvW0dYlI,,Overland Park,KS,Johnson,(913) 782-4030,fwinston@ku.edu,Criminal Defense,7400 W 130th St Ste 340,66213,Kansas City,5,2
Hennessy & Roach PC,https://www.hennessyroach.com/,,,Overland Park,KS,Johnson,913-221-0740,newfile@hennessyroach.com,Workers' Compensation,"10801 Mastin Blvd, Ste 120",66210,Kansas City,5,3
Hodges Law Firm Chtd,https://hodges-law-firm.com/,,,Overland Park,KS,Johnson,913-888-7100,info@hodges-law-firm.com,Personal Injury,4460 W 107th,66207,Kansas City,5,1
Hollis Law Firm - Personal Injury & Accident Attorneys,https://hollislawfirm.com/?utm_source=google&utm_medium=organic&utm_campaign=gmb,https://www.google.com/maps/place/?q=place_id:ChIJiRRUGmDpwIcRRaf5jfeM8AQ,,Overland Park,KS,Johnson,(866) 337-0618,chosen-sprite@2x.png,Personal Injury,8101 College Blvd Ste 260,66210,Kansas City,5,
Hovey Williams LLP,https://www.hoveywilliams.com/attorney/kenzie-m-lawrence,,,Overland Park,KS,Johnson,913-647-9050,klawrence@hoveywilliams.com,Business Law,"10801 Mastin Blvd, Suite 1000",66210,Kansas City,4,20
Hyland Law Firm,https://www.hylandkc.com,,,Overland Park,KS,Johnson,(913) 498-1911,charlie@hylandkc.com,Personal Injury,7300 W 110th St Ste 930,66210,Kansas City,5,4
James Brun Law LLC,https://www.jamesbrunlaw.com/,,,Overland Park,KS,Johnson,913-826-6229,,Criminal Defense,"7211 W. 98th Terr, Ste 140",66212,Kansas City,5,1
"JoCo Legal, P.A.",https://www.jocolegal.com/,,,Overland Park,KS,Johnson,913-322-7200,,Personal Injury,9401 Indian Creek Pkwy Ste 600,66210,Kansas City,5,3
Johnson Law KC LLC,http://www.johnsonlawkc.com,,,Overland Park,KS,Johnson,913-707-9220,steve@johnsonlawkc.com,Bankruptcy,P.O. Box 25281,66225-5281,Kansas City,2,1
Joseph Hollander & Craft LLC,https://josephhollander.com/overland-park/?utm_source=google&utm_medium=organic&utm_campaign=gbp-listing,,https://www.martindale.com/by-location/kansas-lawyers/,Overland Park,KS,Johnson,(913) 379-2056,jeff@salinaksattorney.com,Personal Injury,10104 W 105th St,66212,Kansas City,5,5
"Judy Simon, Attorney at Law",http://www.judysimon.com,,,Overland Park,KS,Johnson,(913) 491-1100,,General,4400 W 109th St Ste 111,66211,Kansas City,4,
KC Elder Law,http://www.kcelderlaw.com/,https://www.google.com/maps/place/?q=place_id:ChIJ4Wt2G_zqwIcRlJ3_PS7zBaA,,Overland Park,KS,Johnson,(913) 338-5713,contact@kcelderlaw.com,Medical Malpractice,9200 Glenwood St Ste 102,66212,Kansas City,5,3
KC Traffic Lawyer Law Office of Timothy R. Tompkins,https://www.kctrafficlawyer.com,,,Overland Park,KS,Johnson,913-707-4357,timtomp@yahoo.com,Criminal Defense,7180 W. 107th St Ste 22,66212,Kansas City,5,1
Kansas City Accident Injury Attorneys,https://www.kansascityaccidentinjuryattorneys.com,,https://www.martindale.com/by-location/kansas-lawyers/,Overland Park,KS,Johnson,816-605-6779,,Personal Injury,,,Kansas City,5,18
Kansas Legal Group,https://www.kansaslegalgroup.com/,https://www.google.com/maps/place/?q=place_id:ChIJ0Xfhb9rrwIcRoJO348BQm0s,,Overland Park,KS,Johnson,(913) 565-4533,info@kansaslegalgroup.com,Family Law,9300 W 110th St #645,66210,Kansas City,4,3
Kembell Woods & Martinsen LLP,http://www.kwm-law.com/aaron-kirkland.php,,,Overland Park,KS,Johnson,913-469-0900,,Estate Planning,5901 College Blvd Ste 280,66211,Kansas City,2,6
Kevin McManus Law,https://www.kevinmcmanuslaw.com/overland-park-ks/personal-injury-lawyer/?utm_source=google&utm_medium=organic&utm_campaign=gbp-listing-overland-park,https://www.google.com/maps/place/?q=place_id:ChIJCW9T3JbBwIcROfqeCHtQ4lk,,Overland Park,KS,Johnson,(816) 837-4584,,Personal Injury,7500 College Blvd Ste 559,66210,Kansas City,5,
Kirschbaum & Nowotny LLC,https://www.knimmigrationlaw.com/,,,Overland Park,KS,Johnson,913-621-3030,info@knimmigrationlaw.com,Immigration,PO Box 13311,66282,Kansas City,2,3
Kitchin Law Firm,https://kitchinlawfirm.com/,https://www.google.com/maps/place/?q=place_id:ChIJcYKGpkfrwIcRI3WEv4_KeaY,,Overland Park,KS,Johnson,(913) 558-6739,,General,8101 College Blvd #100,66210,Kansas City,4,
"Kraft Law Firm, PC",http://attorneyofficeoverlandparkks.com,,,Overland Park,KS,Johnson,(913) 851-1414,,General,7011 W 121st St Ste 101,66209,Kansas City,4,
"Kreamer Arney Wait & Bottaro, L.C.",https://hrkklaw.com/,https://www.google.com/maps/place/?q=place_id:ChIJv9wJJvq9wIcR3tTzR4Yz-64,,Overland Park,KS,Johnson,(913) 782-2350,,Personal Injury,7121 W 79th St,66204,Kansas City,5,
Law Office Of Allen M. Hickey,https://allenhickey.com/index.html,,,Overland Park,KS,Johnson,316-371-3008,amh@allenhickey.com,Bankruptcy,PO Box 13208,66282,Kansas City,2,1
Law Office Of Jordan Schwartz PA,https://www.lawofficeofjordanschwartz.com/,,,Overland Park,KS,Johnson,913-642-4529,,General,"10955 Lowell Ave, Ste 425",66210,Kansas City,4,1
Law Office Of Teresa M. Meagher,https://ai.law.law,,,Overland Park,KS,Johnson,913-649-1747,law@law.law,Family Law,"32 Corporate Woods, 9225 Indian Creek Pkwy, Ste 1070",66210,Kansas City,4,1
"Law Office of Max Gordon, P.C.",https://www.maxgordonlaw.com,,,Overland Park,KS,Johnson,913-385-2600,,Estate Planning,"7199 West 98th Terr, Suite 140",66212,Kansas City,2,1
"Law Office of Michael A. Millett, P.A.",https://www.duiattorneyks.com/,https://www.google.com/maps/place/?q=place_id:ChIJz5JZdnTswIcRYoipGoLJj8M,,Overland Park,KS,Johnson,(913) 648-3733,millett.law@sbcglobal.net,General,7925 Floyd St,66204,Kansas City,4,1
Law Office of Sarah Sypher LLC,http://www.sypherlaw.com,,,Overland Park,KS,Johnson,913-451-8833,,Bankruptcy,7300 W 110th St #700,66210,Kansas City,2,1
Law Office of Thomas H. Brill,,,,Overland Park,KS,Johnson,913-677-2004,inquiries@ddvmlaw.com,Personal Injury,"8045 Metcalf Ave, Ste 266",66204,Kansas City,5,1
"Law Office of Tom Wagstaff, Jr., LLC",https://www.thewagstafflawfirm.com/?utm_source=GMB&utm_medium=organic&utm_campaign=kansascity,https://www.google.com/maps/place/?q=place_id:ChIJucEei8LtwIcRaOvU8D18Gzc,,Overland Park,KS,Johnson,(816) 708-0524,,Personal Injury,6811 Shawnee Mission Pkwy #314,66202,Kansas City,5,2
Law Office of William D. Mize,http://shetlarlawfirm.com,,,Overland Park,KS,Johnson,913-648-3220,office@steinwartlaw.com,Personal Injury,8000 Foster,66204-3699,Kansas City,5,1
Law Offices of Timothy J. Murphy LLC,https://murphy-lawoffice.com,,,Overland Park,KS,Johnson,913-871-9800,chladekconsulting@gmail.com,Criminal Defense,5440 W 110th St Ste 300,66211,Kansas City,5,1
"Lawson Law Office, LLC",http://www.lawsonlawllc.com,,,Overland Park,KS,Johnson,(913) 432-9922,chris.lawson@lawsonlawllc.com,Family Law,6750 Antioch Rd Ste 301,66204,Kansas City,4,
Legal Services for Prisoners,,,,Overland Park,KS,Johnson,785-640-6574,skessler5@cox.net,Criminal Defense,PO Box 12438,66282,Kansas City,5,1
"Leiker Law Office, P.A.",https://www.kcfamilylawyer.com/?utm_source=google-local&utm_medium=organic&utm_campaign=2328,https://www.google.com/maps/place/?q=place_id:ChIJNWOXDvvqwIcRxbao2viQRHw,https://www.martindale.com/by-location/kansas-lawyers/,Overland Park,KS,Johnson,(913) 357-7300,,Family Law,Cloverleaf Building 3,66202,Kansas City,4,2
Leininger Law Office,https://www.colganlaw.com/jefferson,,,Overland Park,KS,Johnson,913-648-7070,brian@leininger-law.com,Personal Injury,"11225 College Blvd, Ste 110",66210,Kansas City,5,1
Levy Craig Law Firm,https://www.levycraig.com/,,,Overland Park,KS,Johnson,816-454-7474,,Family Law,"8101 College Blvd, Ste. 100",66210,Kansas City,4,1
Lyle Law LLC,http://www.lylelawllc.com/,https://www.google.com/maps/place/?q=place_id:ChIJ98jtzyK-wIcRWwR3F0n3QeU,,Overland Park,KS,Johnson,(913) 225-6463,,General,7199 W 98th Terrace Ste 160,66212,Kansas City,4,2
"MSB Law, LC",http://www.msblawkc.com/,https://www.google.com/maps/place/?q=place_id:ChIJBVqffgbAwIcRtlwmKXXyqdE,,Overland Park,KS,Johnson,(913) 839-2808,info@msblawkc.com,Personal Injury,11814 W 135th St,66210,Kansas City,5,4
Manning & Smith,https://www.manningandsmith.com/,,https://www.martindale.com/by-location/kansas-lawyers/,Overland Park,KS,Johnson,(913) 353-3348,office@manningandsmith.net,Criminal Defense,,,Kansas City,5,
Martin Pringle Attorneys at Law,https://www.martinpringle.com/,https://www.google.com/maps/place/?q=place_id:ChIJk1qUcOfqwIcRMSmY37XVSuY,,Overland Park,KS,Johnson,(913) 491-5500,,Personal Injury,9401 Indian Creek Pkwy #1150,66210,Kansas City,5,2
Matteuzzi Law,http://www.ma2zlaw.com/,https://www.google.com/maps/place/?q=place_id:ChIJ6cxB17PpwIcRRQwLW6bId8g,https://www.martindale.com/by-location/kansas-lawyers/,Overland Park,KS,Johnson,(913) 253-2500,mmatteuzzi@ma2zlaw.com,Personal Injury,10111 W 105th St,66210,Kansas City,5,3
Mauer Law Firm P.A.,https://www.mauerlawfirm.com,,,Overland Park,KS,Johnson,816-759-3300,,Criminal Defense,"11030 Granada Ln, Ste 150",66211,Kansas City,5,3
McClasky Law and Mediation LLC,,,,Overland Park,KS,Johnson,913-242-7522,,Family Law,9393 W 110th St Ste 150,66210,Kansas City,4,1
McLane Law Firm,http://lawyeroverlandparkks.com,,,Overland Park,KS,Johnson,(913) 624-3449,,General,10551 Barkley St Ste 507,66212,Kansas City,4,
"Megan L. Harrington, Attorney at Law",,,,Overland Park,KS,Johnson,913-526-6499,megan@mharringtonlaw.com,Criminal Defense,"7221 W. 79th St, Ste 209",66204,Kansas City,5,1
Merrill Law Firm,https://www.merrillfirm.com/overland-park-criminal-defense-lawyer/,,https://www.martindale.com/by-location/kansas-lawyers/,Overland Park,KS,Johnson,(913) 530-2625,,Criminal Defense,"7211 W. 98th Terrace, Building 4, Suite 140",66212,Kansas City,5,1
Millsap & Singer LLC,http://www.msfirm.com,,https://www.martindale.com/by-location/kansas-lawyers/,Overland Park,KS,Johnson,636-537-0110,,Social Security Disability,8900 Indian Creek Pkwy,66210,Kansas City,1,1
Morgan Law Firm,https://www.forthepeople.com/office-locations/kansas/wichita/,,,Overland Park,KS,Johnson,913-749-6974,contact@forthepeople.com,Personal Injury,9500 Nall Ave #400,66207,Kansas City,5,2
Neighbors Law Office,http://www.overlandparkduifirm.com/,https://www.google.com/maps/place/?q=place_id:ChIJ6SQ7y3PswIcRPNG1Mn7uAPU,,Overland Park,KS,Johnson,(913) 648-3360,,Criminal Defense,10100 W 87th St #109,66210,Kansas City,5,1
Nelson & Yarnell,https://nelsonyarnell.com/,,,Overland Park,KS,Johnson,913-312-2500,info@kansas-divorce.com,Family Law,11020 King St Ste 300,66210,Kansas City,4,2
Oliver & Reichel PA,http://www.orlaw-firm.com,,https://www.martindale.com/by-location/kansas-lawyers/,Overland Park,KS,Johnson,(913) 374-7758,nir@orlawyers.net,Personal Injury,"11020 King St, Ste 215",66210,Kansas City,5,2
OnCall.Law LLC,https://www.gigstadlaw.com/,https://www.google.com/maps/place/?q=place_id:ChIJE1sTO3HswIcRQSm1Rcqto28,,Overland Park,KS,Johnson,(913) 735-9529,robert@gigstadlaw.com,Personal Injury,8000 Foster St,66204,Kansas City,5,1
"Ong Law Firm, PA",https://onglawfirm.com,,,Overland Park,KS,Johnson,913-451-4990,info@onglawfirm.com,Estate Planning,"6201 College Blvd, Ste 350",66211-2430,Kansas City,4,1
Osman & Smay,https://workerwagerights.com/,,,Overland Park,KS,Johnson,913-667-9243,,Employment Law,7111 W 151 St Ste 316,66223,Kansas City,3,2
PARKSCLEVENGER LLC,https://www.pcfamilylaw.com/,,https://www.martindale.com/by-location/kansas-lawyers/,Overland Park,KS,Johnson,913-951-4545,katherine@pcfamilylaw.com,Family Law,"7285 W 132nd St, Ste 180",66213,Kansas City,4,2
Pace Law Firm,https://overlandparkimmigrationlaw.com/,https://www.google.com/maps/place/?q=place_id:ChIJVVVVVWzxwIcR7KtjHIRbxjI,,Overland Park,KS,Johnson,(913) 213-0473,,Immigration,6811 Shawnee Mission Pkwy #100,66202,Kansas City,2,
Pappas Hayden Westberg & Jackson PC,https://www.mahaneypappaslaw.com/reports/pappas-law.cfm/,,,Overland Park,KS,Johnson,913-491-4050,cpappas@lawofficemp.com,Personal Injury,"7500 W 110th St, Suite 110",66210,Kansas City,5,7
Parisi Law Firm,http://www.parisilawfirm.com,,,Overland Park,KS,Johnson,913-548-0066,jparisi@parisilawfirm.com,Personal Injury,5251 W 116th Pl Ste 200,66211,Kansas City,5,1
Parman & Easterday,https://www.easterdaykc.com/?utm_source=google&utm_medium=gbp&utm_campaign=overlandpark,https://www.google.com/maps/place/?q=place_id:ChIJV56xUizqwIcR1lrmtip-vqU,,Overland Park,KS,Johnson,(913) 308-6370,,Estate Planning,10740 Nall Ave Ste 160,66210,Kansas City,2,3
"Parmele Law Firm, PC",https://parmelelawfirm.com/overland-park/,,,Overland Park,KS,Johnson,(816) 531-3330,,General,"7300 W 110th Street, Suite 700",66210,Kansas City,4,1
"Parnell Law Office, LLC",https://www.parnelllawoffice.com/,,https://www.martindale.com/by-location/kansas-lawyers/,Overland Park,KS,Johnson,785-592-7368,,Estate Planning,,,Kansas City,2,
"Paul D. Cramm, Chtd.",https://www.crammlawfirm.com,,,Overland Park,KS,Johnson,913-322-3265,,Criminal Defense,"7450 W 130th St, Ste 305",66213,Kansas City,5,1
Payne & Jones Chartered,https://www.paynejones.com/,https://www.google.com/maps/place/?q=place_id:ChIJfdRKUNfqwIcRe0DCY_x1MrI,https://www.martindale.com/by-location/kansas-lawyers/,Overland Park,KS,Johnson,(913) 469-4100,605a7baede844d278b89dc95ae0a9123@sentry-next.wixpress.com,Family Law,King 2 Building,66210,Kansas City,4,7
Pearson Bollman Law,https://pearsonbollmanlaw.com/locations/overland-park/?utm_source=gbp&utm_medium=organic&utm_campaign=gbp-listing&utm_content=opks,https://www.google.com/maps/place/?q=place_id:ChIJWxDADdTrwIcRsHdO7fc1_1M,,Overland Park,KS,Johnson,(913) 804-2710,info@pearsonbollmanlaw.com,Estate Planning,7201 W 129th St,66213,Kansas City,2,
Pharma Legal Services LLC,https://lifesciencelegal.com/our-people,,,Overland Park,KS,Johnson,816-255-5624,lbeck@lifesciencelegal.com,General,12247 Ash St,66209,Kansas City,4,1
Pittenger Law Group LLC,https://www.pittengerlawgroup.com/,,,Overland Park,KS,Johnson,913-323-4595,bpittenger@pittengerlawgroup.com,Bankruptcy,"6900 College Blvd, Ste 325",66211,Kansas City,2,1
"Power Law Group, P.A.",http://www.power-lawgroup.com/,https://www.google.com/maps/place/?q=place_id:ChIJE1sTO3HswIcR3VxgEbUBJes,,Overland Park,KS,Johnson,(913) 944-4169,,Personal Injury,8000 Foster St,66204,Kansas City,5,
Property Law Firm,http://www.propertylawfirm.com,,,Overland Park,KS,Johnson,(913) 663-1300,,Real Estate,4630 W 137th St,66224,Kansas City,2,
Ralls Law Firm,http://divorcekc.com,,,Overland Park,KS,Johnson,(913) 236-7260,,General,6811 Shawnee Mission Pkwy Ste 306 Bldg 1,66202,Kansas City,4,
"Rasmussen Law, LLC",http://www.rasmussenlawkc.com,,,Overland Park,KS,Johnson,(913) 871-2188,corey@rasmussenlawkc.com,Estate Planning,10955 Lowell Ave Ste 820,66210,Kansas City,2,1
"Richard T. Bryant & Associates, P.C.",http://www.richardbryantlaw.com,,https://www.martindale.com/by-location/kansas-lawyers/,Overland Park,KS,Johnson,913-395-2761,,Criminal Defense,,,Kansas City,5,
Rosenak Family Law & Mediation PA,https://www.rosenaklaw.com/,,,Overland Park,KS,Johnson,913-593-5264,alan@rosenaklaw.com,Personal Injury,"Deer Creek Woods, 7381 W 133rd St Ste 200",66213,Kansas City,5,1
Rundberg Law LLC,https://www.rundberglaw.com/,,,Overland Park,KS,Johnson,913-735-4133,rundberglaw@gmail.com,Family Law,11020 King St Ste 300,66210,Kansas City,4,1
"Sage Law, LLP",http://www.sage.law/,https://www.google.com/maps/place/?q=place_id:ChIJtbpkd-3BwIcRrqjWUZjJ0l0,,Overland Park,KS,Johnson,(913) 341-7800,info@sage.law,Family Law,12980 Metcalf Ave #500,66210,Kansas City,4,4
Sanders Warren & Russell LLP,https://www.attorneystevesanders.com/,,,Overland Park,KS,Johnson,913-234-6110,info@sanders.law,Personal Injury,"11225 College Blvd, Ste 450",66210,Kansas City,5,31
"Sarah Carmody Law, LLC",https://sarahcarmodylaw.com,,https://lawyers.justia.com/lawyer/sarah-carmody-1657536,Overland Park,KS,Johnson,913-257-3110,sarah@sarahcarmodylaw.com,Personal Injury,"8600 W. 110th St, Ste 210",66210,Kansas City,5,2
"Schroeder Larsen Law, PA",https://www.schroederlarsenlaw.com/,,,Overland Park,KS,Johnson,816-550-0644,info@schroederlarsenlaw.com,Estate Planning,"8101 College Blvd, Ste 100",66210,Kansas City,2,1
"Securitas Financial Law, LLC",https://www.securitas.law,,,Overland Park,KS,Johnson,816-527-9207,,Business Law,4101 W. 101st Terrace,66207,Kansas City,2,1
Shapiro Law Office PA,http://www.tonyshapirolaw.com,,https://www.martindale.com/by-location/kansas-lawyers/,Overland Park,KS,Johnson,(913) 521-8714,tony@tonyshapirolaw.com,Medical Malpractice,8826 Santa Fe Dr Ste 110,66212,Kansas City,5,1
"Shelton Law Office, PA",https://www.sheltonlawoffice.com/,,,Overland Park,KS,Johnson,913-341-3001,,Personal Injury,"7500 College, Ste 760",66210,Kansas City,5,1
Shepherd Elder Law Group LLC,http://www.shepherdelderlaw.com,,,Overland Park,KS,Johnson,913-333-3533,john@doe.com,Estate Planning,10975 Grandview Dr Ste 501,66210,Kansas City,2,5
Snyder Law Firm LLC,https://www.snyderlawfirmllc.com/,https://www.google.com/maps/place/?q=place_id:ChIJH5Iw-YzpwIcRRhJb6u0n-O4,,Overland Park,KS,Johnson,(913) 685-3900,,Family Law,10955 Lowell Ave #710,66210,Kansas City,4,2
"Stange Law Firm, PC",https://www.stangelawfirm.com/?utm_campaign=gmb,https://www.google.com/maps/place/?q=place_id:ChIJyRtN_kvqwIcRHYrRTzOgA4k,,Overland Park,KS,Johnson,(855) 213-9537,,Family Law,7300 W 110th St #560,66210,Kansas City,4,1
Stanziola Estate Law LLC,https://stanziolalawoffice.com/,,,Overland Park,KS,Johnson,913-563-7350,,Criminal Defense,10801 Mastin Blvd Ste 370,66210,Kansas City,5,1
"Stern & Mauck, LLC",https://smlawkc.com/?utm_source=google-local&utm_medium=organic&utm_campaign=3633,https://www.google.com/maps/place/?q=place_id:ChIJpevCkRnrwIcR6mvcTdO7grM,,Overland Park,KS,Johnson,(913) 674-5222,,Personal Injury,9225 Indian Creek Pkwy Ste 1170,66210,Kansas City,5,4
Sullivan Mediation & Arbitration,https://sullivanlawfirm.com,,,Overland Park,KS,Johnson,816-309-6840,,Personal Injury,6409 W 92nd St,66212,Kansas City,5,1
Sutton Law Office PA,https://www.suttonlaw.com/,,,Overland Park,KS,Johnson,913-385-0444,,Estate Planning,7211 W. 98th Terr Ste. 140,66212,Kansas City,4,1
"Swartz Law, LLC",https://kansascity.tswartzlaw.com/,,,Overland Park,KS,Johnson,816-444-8900,,Family Law,"12022 Blue Valley Pkwy, Ste 505",66213,Kansas City,4,1
THE LAW OFFICE OF ERICA R. WILLIAMS,http://www.lawofficeofericawilliams.com/,https://www.google.com/maps/place/?q=place_id:ChIJea9U28qPwIcRdSFDRJEL0ZA,,Overland Park,KS,Johnson,(913) 745-6009,Erica@williamslaw-office.com,Family Law,5400 W 110th St Ste 3069,66211,Kansas City,4,
Tax Solutions Law Firm,https://kctaxsolutions.com,,,Overland Park,KS,Johnson,(913) 491-4357,,Estate Planning,8826 Santa Fe Dr,66212,Kansas City,2,5
Taylor Siemens Elliott Creedy & Lyle P.C.,https://www.mtselaw.com,,https://www.martindale.com/by-location/kansas-lawyers/,Overland Park,KS,Johnson,816-396-7258,,General,,,Kansas City,4,
"The Bostwick Law Firm, LLC",,,,Overland Park,KS,Johnson,913-340-4187,copyright@scribd.com,Criminal Defense,"9393 W 110th St, Bld 51, Ste 500",66210,Kansas City,5,1
The Bright Family Law Center LLC,https://thebrightfamilylawcenter.com/,,,Overland Park,KS,Johnson,913-239-9966,,Family Law,14221 Metcalf Ave Ste 210,66223,Kansas City,4,5
The Cook Law Firm LLC,https://www.thecooklawfirm.com/,,,Overland Park,KS,Johnson,913-815-6000,cooklaw2@aol.com,Personal Injury,"6201 College Blvd, Ste 350",66211,Kansas City,5,1
The Dorsch Law Firm,http://www.dorschlawfirm.com/,https://www.google.com/maps/place/?q=place_id:ChIJ3XeoO2bAwIcRp0sevvDlpAE,,Overland Park,KS,Johnson,(913) 685-9190,dan@dorschlawfirm.com,Estate Planning,10615 W 148th St,66210,Kansas City,2,3
The Hill Law Firm PC,https://www.thehilllawfirm.com/,,,Overland Park,KS,Johnson,913-381-1500,,General,"7500 College Blvd, Ste 500",66210,Kansas City,4,1
"The Hill Law Firm, P.C.",https://www.hilllawfirm.com/,https://www.google.com/maps/place/?q=place_id:ChIJ32nK4TfqwIcRfPWKS0el34s,,Overland Park,KS,Johnson,(913) 381-1500,elizabeth@hilllawfirm.com,Family Law,7500 College Blvd suite 500,66210,Kansas City,4,
The Justis Law Firm,https://www.justislawfirm.com,,,Overland Park,KS,Johnson,(913) 955-3710,,General,10955 Lowell Ave,66210,Kansas City,4,
The Katz Law Firm,http://rkatzlaw.com,,,Overland Park,KS,Johnson,(913) 312-5040,rkatz@rkatzlaw.com,DUI,7227 Metcalf Ave,66204,Kansas City,5,1
The Law Firm of Steven Johnson,http://stevenjohnsonattorney.com,,,Overland Park,KS,Johnson,(913) 244-6576,,General,11936 W 119th St Ste 161,66213,Kansas City,4,
The Law Office of James L. Spies,https://aggressivecriminallaw.com/,https://www.google.com/maps/place/?q=place_id:ChIJA6Mw8nHxwIcRz6Jd3gJvj5Q,,Overland Park,KS,Johnson,(913) 371-9595,lawofficejls@gmail.com,Criminal Defense,6405 Metcalf Ave Suite 323,66202,Kansas City,5,
The Law Office of Stacey J. Lett & Associates,https://www.lettickandlettick.com,,,Overland Park,KS,Johnson,(913) 402-6069,sharon@letticklaw.com,Personal Injury,14105 Overbrook Rd,66224,Kansas City,5,
"The Law Offices of Ronald P. Wood, LLC",https://www.ronaldwoodlaw.com/,https://www.google.com/maps/place/?q=place_id:ChIJdcgrOX7Q0wQR7lr1OhB31DU,,Overland Park,KS,Johnson,(913) 663-4446,legal1@clydeandwood.com,Family Law,11225 College Blvd #110,66210,Kansas City,4,1
"The Mathews Group, LC",http://www.mathewsgrouponline.com/,https://www.google.com/maps/place/?q=place_id:ChIJB6uMIIbpwIcRHjIzinfktzM,,Overland Park,KS,Johnson,(913) 660-0664,,Family Law,7600 W 110th St Ste 210,66210,Kansas City,4,2
The Mdivani Law Firm,http://www.uslegalimmigration.com,,,Overland Park,KS,Johnson,(913) 317-6200,MMdivani@uslegalimmigration.com,DUI,7007 College Blvd Ste 460,66211,Kansas City,5,
The Ronan Law Firm,https://www.theronanlawfirm.com,,,Overland Park,KS,Johnson,(913) 652-9937,scr@theronanlawfirm.com,Personal Injury,10740 Nall Avenue Ste 160,66211,Kansas City,5,1
"The Smalley Law Firm, LLC",http://www.thesmalleylawfirm.com/,https://www.google.com/maps/place/?q=place_id:ChIJZTP5OzjqwIcROMiShoZjbXo,,Overland Park,KS,Johnson,(913) 601-3549,cary@thesmalleylawfirm.com,Personal Injury,7015 College Blvd Ste 375,66211,Kansas City,5,1
"Thilges Bernhardt & Isaacs, LLC",https://www.tandblawfirm.com/,,,Overland Park,KS,Johnson,913-491-4400,,Family Law,"9300 W 110th St, Ste 500",66210,Kansas City,4,4
"Thomas & Bayes-Weiner, LLC",http://www.jtpalaw.com/,https://www.google.com/maps/place/?q=place_id:ChIJVVXF_VHqwIcRwplY5EK-a2E,https://www.martindale.com/by-location/kansas-lawyers/,Overland Park,KS,Johnson,(913) 270-2406,jthomas@jtpalaw.com,Personal Injury,10955 Lowell Ave #710,66210,Kansas City,5,2
Titus Law Trial Attorneys,http://www.tituslawkc.com/,https://www.google.com/maps/place/?q=place_id:ChIJC4B9xXLrwIcRfkgssDvgI-k,,Overland Park,KS,Johnson,(913) 243-1426,,Personal Injury,7304 W 129th St #190,66213,Kansas City,5,3
"Townsend Law, LLC",https://www.townsendlawkc.com/?utm_source=google-local&utm_medium=organic&utm_campaign=4211,https://www.google.com/maps/place/?q=place_id:ChIJRzs_dF7wwIcRjWGhA9_ZoH4,,Overland Park,KS,Johnson,(833) 869-6529,,Personal Injury,5440 W 110th St Ste 300,66211,Kansas City,5,1
Waddell Law Firm LLC,https://www.aswlawfirm.com/?npcmp=dir:local:4650600:66210,https://www.google.com/maps/place/?q=place_id:ChIJNYCTDkHwwIcRTBBOCsXw_i8,,Overland Park,KS,Johnson,(816) 399-5510,,Personal Injury,Building 9,66210,Kansas City,5,1
Walsh Law LLC,https://walshlaw.com/,,,Overland Park,KS,Johnson,913-735-9127,admin@walshlaw.com,Estate Planning,"7015 College Blvd, Ste 375",66211,Kansas City,2,1
Wellman Law LLC,https://www.wellmanlaw.com/,,,Overland Park,KS,Johnson,913-608-3648,,Bankruptcy,8000 Foster St,66204,Kansas City,2,1
Whitsitt Fields Family Law Attorneys,https://whitsittfields.com.,,https://www.martindale.com/by-location/kansas-lawyers/,Overland Park,KS,Johnson,913-382-5984,contact@whitsittfields.com,Family Law,,,Kansas City,4,
Wiesner & Frackowiak LC,http://www.wflaw.net,,,Overland Park,KS,Johnson,913-642-2240,genoffice@wflaw.net,Bankruptcy,6750 W 93rd St Ste 220,66212-1465,Kansas City,2,2
"Woner, Reeder & Girard, P.A.",http://www.wrglaw.com,,https://www.martindale.com/by-location/kansas-lawyers/,Overland Park,KS,Johnson,785-940-5012,1eeb89147c984dc6bc3ffafd9e6cd089@sentry.wixpress.com,Estate Planning,,,Kansas City,2,2
Wright Law Firm,https://www.wrightlaw.com/,,,Overland Park,KS,Johnson,913-710-9885,mail@wrightlaw.com,Social Security Disability,4460 W 107th St,66207,Kansas City,1,1
Wright Law Firm LC,http://pwrightlaw.com/,https://www.google.com/maps/place/?q=place_id:ChIJTa9hLoeUwIcRmQzlBpOuWDk,,Overland Park,KS,Johnson,(913) 710-9885,philip@pwrightlaw.com,Family Law,4460 W 107th St,66207,Kansas City,4,
wallace saunders law firm,http://www.wallacesaunders.com,,,Overland Park,KS,Johnson,(913) 888-1000,,Personal Injury,10111 W 87th St,66212,Kansas City,5,7
"About - JMK Law, LLC",https://www.jmklaw.com/about,,,Prairie Village,KS,Johnson,(913) 558-8409,jeff@freeseandgoss.com,Medical Malpractice,,,Kansas City,5,
Brous Law LLC,https://brouslaw.com/,,,Prairie Village,KS,Johnson,913-209-8596,cbrous@brouslaw.com,Medical Malpractice,"3965 W. 83rd St, #115",66208,Kansas City,5,2
Dreiling Law,https://www.dreilinglaw.com/,https://www.google.com/maps/place/?q=place_id:ChIJfcWIzvfvwIcRdt-IwMgwpaA,,Prairie Village,KS,Johnson,(913) 209-3272,mdreiling@dreilinglaw.com,Family Law,2516 W 79th St,66208,Kansas City,4,
Halbrook Law Firm,http://www.halbrookwoodlaw.com/,https://www.google.com/maps/place/?q=place_id:ChIJCTQJ6bjuwIcRWwN8vBPKMVw,,Prairie Village,KS,Johnson,(913) 529-1188,aoates@halbrookwoodlaw.com,Personal Injury,3500 W 75th St #300,66208,Kansas City,5,9
Haynes Law Firm LLC,https://www.hayneslawfirmllc.com/?npcmp=dir:local:4878726:66211,https://www.google.com/maps/place/?q=place_id:ChIJdfMSWijqwIcRtvyipPa5JDQ,,Prairie Village,KS,Johnson,(913) 451-4529,,Family Law,,66208,Kansas City,4,4
"Herbster Law Firm, LLC",https://www.herbsterlawfirm.com/,,,Prairie Village,KS,Johnson,913-752-9956,judd@herbsterlaw.com,Criminal Defense,PO Box 8588,66208,Kansas City,5,1
Hunter Law Group,https://hunterlawgrouppa.com/?utm_source=google-local&utm_medium=organic&utm_campaign=4276,https://www.google.com/maps/place/?q=place_id:ChIJfz7I1CfqwIcREl143vXSQr0,,Prairie Village,KS,Johnson,(913) 320-3830,,Business Law,3515 W 75th St Ste 202,66208,Kansas City,2,2
Jaspers Law LLC,https://jasperslaw.com/,https://www.google.com/maps/place/?q=place_id:ChIJN5mnRPDvwIcRWU4tsVIT_WQ,,Prairie Village,KS,Johnson,(913) 359-8448,,Employment Law,1900 W 75th St,66208,Kansas City,3,
Kelley Law Firm,https://www.yourestateplan-kc.com/,https://www.google.com/maps/place/?q=place_id:ChIJ7wEVB-DrwIcRUD7rKft2o00,,Prairie Village,KS,Johnson,(913) 335-0022,info@yourestateplan-kc.com,Estate Planning,,66207,Kansas City,2,1
KraftNeeld,http://www.erickraftlaw.com/,https://www.google.com/maps/place/?q=place_id:ChIJs62BsPm9wIcRk8VGJeWJskI,,Prairie Village,KS,Johnson,(913) 764-5044,info@kraftneeld.com,Business Law,1900 W 75th St #220,66208,Kansas City,2,
McInnes Law LLC,http://www.mcinnes-law.com/,https://www.google.com/maps/place/?q=place_id:ChIJbfsYJHvuwIcRrqt6qdMbB34,,Prairie Village,KS,Johnson,(913) 220-2488,,General,1900 W 75th St #220,66208,Kansas City,4,2
Morrison & Dersch LLC,https://www.morrisonlawkc.com/,https://www.google.com/maps/place/?q=place_id:ChIJJU4fSSjqwIcR-_mOGHDI_xU,,Prairie Village,KS,Johnson,(913) 232-2480,paul@paulmorrisonlaw.com,Personal Injury,5301 West 75th Street suite 200,66208,Kansas City,5,2
"Ralph F. Munyan Attorney At Law, LLC",https://www.munyanlaw.com/,https://www.google.com/maps/place/?q=place_id:ChIJ52LlGLzuwIcRGKnUQlkvQFQ,,Prairie Village,KS,Johnson,(913) 232-3228,ralph@ralphmunyan.com,Personal Injury,7301 Mission Rd 244 M,66208,Kansas City,5,1
Ralph Lewis Law Office,https://a-better-place.com/d-i/?utm_content=lewis-ralph-e-ii-attorney-i208477,https://www.google.com/maps/place/?q=place_id:ChIJz0rb7WdVwIcRC4BLuMRJOlo,,Prairie Village,KS,Johnson,(913) 381-8361,,Social Security Disability,4121 W 83rd St,66208,Kansas City,2,
Ricket Law Firm,https://ricketlaw.com/?utm_campaign=gmb,https://www.google.com/maps/place/?q=place_id:ChIJ60mIx87vwIcRGobJcOFtBAU,,Prairie Village,KS,Johnson,(913) 456-5566,dswayne@advantageattorneymarketing.com,Personal Injury,5000 W 95th St Ste 310,66207,Kansas City,5,2
Sakoulas Law,http://sakoulaslaw.com/,https://www.google.com/maps/place/?q=place_id:ChIJTwMjqdbuwIcRtK1z3eflfYg,,Prairie Village,KS,Johnson,(816) 474-9300,steve@sakoulaslaw.com,Criminal Defense,7830 State Line Rd,66208,Kansas City,5,2
Sharp Law LLP,https://sharplawllp.com/,https://www.google.com/maps/place/?q=place_id:ChIJT6JpdCHvwIcRQ_2BWe3Mj_A,,Prairie Village,KS,Johnson,(913) 901-0505,alex@sharpbarton.com,Social Security Disability,4820 W 75th St,66208,Kansas City,1,15
Siegel Tax Law,http://www.kscitytaxlawyer.com,,,Prairie Village,KS,Johnson,(913) 735-4829,jeff@siegeltaxlaw.com,Estate Planning,3965 W 83rd St #337,66208,Kansas City,2,1
Stafford Law LLC,https://www.staffordassoc.com,,,Prairie Village,KS,Johnson,(913) 648-9225,,General,4200 Somerset Dr Ste 237,66208,Kansas City,4,
"The Counts Law Firm, LLC",http://www.countslawkc.com/,https://www.google.com/maps/place/?q=place_id:ChIJueskBMHvwIcRXd-gtPEO0t8,,Prairie Village,KS,Johnson,(816) 753-0900,info@countslawkc.com,Estate Planning,4200 Somerset Dr #200,66208,Kansas City,4,5
Waldeck & Patterson,http://www.waldeckpatterson.com/,https://www.google.com/maps/place/?q=place_id:ChIJBTbXbmDpwIcRv2qpjrUljWQ,,Prairie Village,KS,Johnson,(913) 749-0300,,General,5000 W 95th St,66207,Kansas City,4,3
Walsh Law Practice Areas,https://www.walshlawkc.com/areas-of-practice,,,Prairie Village,KS,Johnson,(913) 735-9127,david@walshlawkc.com,Estate Planning,"253 mergers and acquisitions according to the Kansas City Business Journal, shattering",,Kansas City,2,2
Zellmer Law Firm LLC,http://zellmerlawfirm.com/,https://www.google.com/maps/place/?q=place_id:ChIJiziZurHpwIcRLPHSxX2SNDc,,Prairie Village,KS,Johnson,(913) 213-5400,info@zellmerlawfirm.com,Family Law,4200 Somerset Dr #208,66208,Kansas City,4,1
"Barnett Law Firm, Chtd.",http://www.barnett-law.com/,https://www.google.com/maps/place/?q=place_id:ChIJe6Mw8nHxwIcR0dCrotyuYdI,,Roeland Park,KS,Johnson,(913) 281-3500,,Personal Injury,5460 Buena Vista St Ste 206,66205,Kansas City,5,
"Feriante & Bell, LLC",https://feriantebell.com/,https://www.google.com/maps/place/?q=place_id:ChIJ9dpk49RkcGIREBschKoHe_E,,Roeland Park,KS,Johnson,(913) 303-1563,info@feriantebell.com,Criminal Defense,4900 Johnson Dr,66205,Kansas City,5,1
Harris Law Office LLC,https://harrislawfirm.com/,,,Roeland Park,KS,Johnson,913-677-1500,anthony@growththeorymarketing.com,Personal Injury,4900 Johnson Dr,66205,Kansas City,5,2
"The Law Offices of Marcos A. Barbosa, LLC",http://mablawkc.com,,,Roeland Park,KS,Johnson,(816) 499-8800,info@mablawkc.com,Business Law,4707 Roe Pkwy,66205,Kansas City,2,
Bales ADR Services LLC,https://bales.law/,,,Shawnee,KS,Johnson,913-638-6556,admin@bales.law,Bankruptcy,14717 W 50th St,66216,Kansas City,2,1
Chapin Law Firm,http://www.estatelawks.com/,https://www.google.com/maps/place/?q=place_id:ChIJkSPI4SXtwIcRUoty-qMayao,,Shawnee,KS,Johnson,(913) 385-0600,,Estate Planning,11125 Johnson Dr Ste. A,66203,Kansas City,2,
"Dennis M. Clyde Personal Injury Law, LLC",http://clydeinjurylaw.com,,,Shawnee,KS,Johnson,913-214-1411,,Personal Injury,6428 Vista Dr,66218,Kansas City,5,1
Evans & Mullinix,https://emlawkc.com/,,https://www.martindale.com/by-location/kansas-lawyers/,Shawnee,KS,Johnson,(913) 962-8700,,Personal Injury,7225 Renner Rd #200,66217,Kansas City,5,12
"Gamble Law, LLC",,https://www.google.com/maps/place/?q=place_id:ChIJVUoi_IrwwIcRP-fVFbJUT0g,,Shawnee,KS,Johnson,(816) 321-2163,,Criminal Defense,12400 W 62nd Terrace Ste H,66203,Kansas City,5,1
Hoppock Law Firm LLC,http://www.hoppocklawfirm.com/,https://www.google.com/maps/place/?q=place_id:ChIJCViikdbqwIcRkLr1m80Z3F4,,Shawnee,KS,Johnson,(913) 267-5511,frontdesk@hoppocklawfirm.com,General,5949 Nieman Rd,66203,Kansas City,4,1
Jenkins Law,http://www.jenkinslawoffice.com/,https://www.google.com/maps/place/?q=place_id:ChIJRTmJx87vwIcRZWwF8SWBu24,,Shawnee,KS,Johnson,(913) 747-4878,,General,13814 W 48th St,66203,Kansas City,4,
Kevin L Bennett Law Offices,http://bbw-law.com/,https://www.google.com/maps/place/?q=place_id:ChIJU3MTdybtwIcRiaY5ax0SjdY,,Shawnee,KS,Johnson,(913) 948-7900,kbennett@bbw-law.com,Personal Injury,11125 Johnson Dr,66203,Kansas City,5,
Lamfers & Associates LC,https://lamferslaw.com,,,Shawnee,KS,Johnson,913-962-8200,,Estate Planning,11658 W 75th St Ste B,66214,Kansas City,2,1
Law Office of Daniel Martinez,https://111things.com/law/attorney-law-office-of-daniel-martinez-12404-w-62nd-terrace-shawnee-ks-66216-3/,https://www.google.com/maps/place/?q=place_id:ChIJLaYLfNbswIcRg-kz0IBeFV0,,Shawnee,KS,Johnson,(913) 962-1555,,Social Security Disability,12404 W 62nd Terrace,66203,Kansas City,2,
Rae Nicholson Law LLC,http://www.raenicholsonlaw.com/,https://www.google.com/maps/place/?q=place_id:ChIJLegbnVztwIcRsPg76SBzxiA,,Shawnee,KS,Johnson,(913) 717-7043,rae@raenicholsonlaw.com,Family Law,11658 W 75th St,66203,Kansas City,4,1
"SRC Law Group, LLC",https://srclawgroup.com/,https://www.google.com/maps/place/?q=place_id:ChIJIVVABPu9wIcRcUSUQZu5KQU,,Shawnee,KS,Johnson,(913) 948-9311,70330e0c-9266-441d-aaee-58b812c9a0a4@forward.levitate.ai,Personal Injury,21636 Midland Dr,66203,Kansas City,5,3
"Scherich Family Law, PC",http://www.scherichfamilylaw.com/,https://www.google.com/maps/place/?q=place_id:ChIJqYzlFNjzwIcRAdSzGnwX9cs,,Shawnee,KS,Johnson,(913) 220-2002,info@scherichfamilylaw.com,Family Law,12616 W 62nd Terrace #116a,66203,Kansas City,4,2
Smith Law Group,https://www.look4lawyer.com/attorneys/kansas/smith-law-group-1395527,https://www.google.com/maps/place/?q=place_id:ChIJOQ_8KiLtwIcRlaxjVr1hmKw,,Shawnee,KS,Johnson,(913) 248-9100,,Personal Injury,10620 Johnson Dr #100,66203,Kansas City,5,12
The Bolton Law Firm LLC,https://www.andrewboltonlaw.com,,,Shawnee,KS,Johnson,913-428-0821,abolton@andrewboltonlaw.com,Estate Planning,11658 W 75th St Ste C,66214,Kansas City,2,1
Zigtema Law Office LC,http://www.zigtemalaw.com/,https://www.google.com/maps/place/?q=place_id:ChIJY-3usMqUwIcRSI6HicoYV6k,,Shawnee,KS,Johnson,(913) 647-7567,info@zigtemalaw.com,Criminal Defense,11660 W 75th St,66203,Kansas City,5,1
Zimmerman & Doering PA,https://zimmermananddoering.com/,https://www.google.com/maps/place/?q=place_id:ChIJCwPsKyTtwIcRb_3qmGxfKtc,,Shawnee,KS,Johnson,(913) 268-8877,,Estate Planning,5819 Nieman Rd,66203,Kansas City,2,3
Maples & Fontenot LLP,http://maplesfontenot.com/id3.html,,,Spring Hill,KS,Johnson,,maplex@bellsouth.net,DUI,1972 graduate of the University of Alabama School of Law where he was a student Research & Writing,,Kansas City,5,
Free Book Order Form - Brijbag Law,https://brijbaglaw.com/free-book-order-form,,,Spring Hill,KS,Johnson,352-358-5880,,Personal Injury,2CityState / Province / RegionZIP / Postal Code Shipping,,Kansas City,5,3
"Johnson Law Firm, PC Personal Injury and Family Law",https://www.seanjohnlaw.com,,,Spring Hill,KS,Johnson,509-325-4887,,Personal Injury,"1 month ago Courtney, Isabeau",,Kansas City,5,
Anderson & Associates,https://mokslaw.com/,https://www.google.com/maps/place/?q=place_id:ChIJ20P1JsXvwIcRT86G637aNG0,,Westwood,KS,Johnson,(816) 931-2207,info@mokslaw.com,Estate Planning,1901 W 47th Pl,66205,Kansas City,2,6
Bennett Law,https://bennettlawkc.net/,https://www.google.com/maps/place/?q=place_id:ChIJu0F0RkjuwIcRubVHSBrICVI,,Westwood,KS,Johnson,(913) 345-0008,,Personal Injury,4800 Rainbow Blvd #200,66205,Kansas City,5,
Cross Law Firm,http://www.gmolaw.com/,https://www.google.com/maps/place/?q=place_id:ChIJHYdSZEHvwIcRyHWXyG2cU5Y,,Westwood,KS,Johnson,(913) 236-5297,lcross@gmolaw.com,Personal Injury,4800 Rainbow Blvd #200,66205,Kansas City,5,
Kyner Law PC,http://www.kynerlaw.com/,https://www.google.com/maps/place/?q=place_id:ChIJu0F0RkjuwIcRTlVUOe52TQM,,Westwood,KS,Johnson,(913) 491-3200,,General,4800 Rainbow Blvd #200,66205,Kansas City,4,
Law Offices of Dale E. Bennett,http://legalattorneywestwood.com,,,Westwood,KS,Johnson,(913) 213-0397,,General,4800 Rainbow Blvd #200,66205,Kansas City,4,1
"Law offices of Steven Ediger , LLC",https://www.fostercareinjurylawyerkc.com/,https://www.google.com/maps/place/?q=place_id:ChIJpzc6ie_vwIcR4eFBJ5p8zb8,,Westwood,KS,Johnson,(913) 608-5844,,Personal Injury,4800 Rainbow Blvd,66205,Kansas City,5,3
Mike Martin Law Office,http://www.mikemartinlaw.com/,https://www.google.com/maps/place/?q=place_id:ChIJu0F0RkjuwIcR0KhxZZYnNl0,,Westwood,KS,Johnson,(913) 362-8560,info@mikemartinlaw.com,Family Law,4800 Rainbow Blvd,66205,Kansas City,4,
Sexton & Shelor,http://www.mikesextonlaw.com/,https://www.google.com/maps/place/?q=place_id:ChIJZzTA3EnswIcR--BU4YPz6fI,,Westwood,KS,Johnson,(913) 789-7477,,General,4800 Rainbow Blvd,66205,Kansas City,4,1
The Brown Law Firm,https://thebrownlawfirm.com/,,,Westwood,KS,Johnson,816-283-3100,info@thebrownlawfirm.com,Employment Law,"4800 Rainbow Blvd, Ste 200",66205,Kansas City,3,1
Walter Brown Law Firm,https://walterbrownlaw.com/,https://www.google.com/maps/place/?q=place_id:ChIJSwn3IwDvwIcRVupDMeFEFA8,,Westwood,KS,Johnson,(816) 718-4108,walter@walterbrownlaw.com,Employment Law,4800 Rainbow Blvd #250,66205,Kansas City,3,1
Jason C.M. McClasky,,,https://www.avvo.com/all-lawyers/ks/overland_park.html,Overland Park,KS,Johnson,(913) 242-7522,,General,"40 Corporate Woods, Ste. 2209401 Indian Creek Parkway",66210,Kansas City,2,
"Richard W. Martin, Jr.",http://www.kansascitypersonalinjurylawfirm.com/,,https://lawyers.justia.com/lawyer/richard-w-martin-jr-916035,Olathe,KS,Johnson,(913) 764-9700,,General,130 North Cherry Street #201,66061,Kansas City,2,
"Bobby L., Jr. Brown",,,https://lawyers.justia.com/lawyer/bobby-l-jr-brown-920156,Overland Park,KS,Johnson,(913) 491-3000,,General,9401 Indian Creek Pkwy,66210,Kansas City,2,
"L. J., Jr. Buckner",,,https://lawyers.justia.com/lawyer/l-j-jr-buckner-917935,Overland Park,KS,Johnson,(913) 451-6752,,General,9393 W 110th St,66210,Kansas City,2,
"John C., Jr. Nettels",,,https://lawyers.justia.com/lawyer/john-c-jr-nettels-918770,Overland Park,KS,Johnson,(913) 451-8600,,General,10975 Benson St,66210,Kansas City,2,
"Harold W., Jr. Mitts",,,https://lawyers.justia.com/lawyer/harold-w-jr-mitts-920705,Overland Park,KS,Johnson,(913) 469-0101,,General,10955 Lowell Ave,66210,Kansas City,2,
"Robert F., Jr. Rowe",,,https://lawyers.justia.com/lawyer/robert-f-jr-rowe-917233,Overland Park,KS,Johnson,(913) 652-9797,,General,8675 W 96th St,66212,Kansas City,2,
"Stephen K., Jr. Lambright",,,https://lawyers.justia.com/lawyer/stephen-k-jr-lambright-918370,Overland Park,KS,Johnson,,,General,7400 College Blvd,66210,Kansas City,2,
"William H., Jr. Sanders",,,https://lawyers.justia.com/lawyer/william-h-jr-sanders-916163,Overland Park,KS,Johnson,(913) 234-6100,,General,9401 Indian Creek Pkwy,66210,Kansas City,2,
"Robert L., Jr. Kennedy",,,https://lawyers.justia.com/lawyer/robert-l-jr-kennedy-918139,Overland Park,KS,Johnson,(913) 383-6050,,General,5370 W 95th St,66207,Kansas City,2,
"William P., Jr. Coates",,,https://lawyers.justia.com/lawyer/william-p-jr-coates-922934,Overland Park,KS,Johnson,(913) 381-4000,,General,6804 W 107th St,66212,Kansas City,2,
"Paul, Jr. Hasty",,,https://lawyers.justia.com/lawyer/paul-jr-hasty-920415,Overland Park,KS,Johnson,(913) 888-1000,,General,10111 W 87th St,66212,Kansas City,2,
"Edward E., II Embree",,,https://lawyers.justia.com/lawyer/edward-e-ii-embree-920303,Overland Park,KS,Johnson,(913) 814-8900,,General,4707 W 135th St,66224,Kansas City,2,
"John, Jr. Gilliford",,,https://lawyers.justia.com/lawyer/john-jr-gilliford-919370,Overland Park,KS,Johnson,(913) 385-1777,,General,10975 Benson St,66210,Kansas City,2,
"Norman I., Jr. Reichel",,,https://lawyers.justia.com/lawyer/norman-i-jr-reichel-919559,Overland Park,KS,Johnson,(913) 498-8814,,General,11020 King St,66210,Kansas City,2,
"James G., Jr. Butler",,,https://lawyers.justia.com/lawyer/james-g-jr-butler-918812,Overland Park,KS,Johnson,(913) 888-1000,,General,10111 W 87th St,66212,Kansas City,2,
"Donald F., Jr. McDonald",,,https://lawyers.justia.com/lawyer/donald-f-jr-mcdonald-918920,Overland Park,KS,Johnson,,,General,10210 Granada Ln,66207,Kansas City,2,
"Frank B., Jr. Flink",,,https://lawyers.justia.com/lawyer/frank-b-jr-flink-920435,Overland Park,KS,Johnson,(913) 648-1280,,General,8347 Fontana St,66207,Kansas City,2,
"Thomas E., Jr. Rice",,,https://lawyers.justia.com/lawyer/thomas-e-jr-rice-920532,Overland Park,KS,Johnson,(913) 451-6752,,General,9393 W 110th St,66210,Kansas City,2,
"Jacob F., Jr. May",,,https://lawyers.justia.com/lawyer/jacob-f-jr-may-920563,Overland Park,KS,Johnson,(913) 345-8100,,General,9401 Indian Creek Pkwy,66210,Kansas City,2,
"Lawrence L., III Ferree",,,https://lawyers.justia.com/lawyer/lawrence-l-iii-ferree-918643,Overland Park,KS,Johnson,(913) 381-8180,,General,9300 Metcalf Ave,66212,Kansas City,2,
"Edward T., II McNally",,,https://lawyers.justia.com/lawyer/edward-t-ii-mcnally-923193,Overland Park,KS,Johnson,(913) 661-2839,,General,7400 College Blvd,66210,Kansas City,2,
EMILY J.O. SULLIVAN,,,https://lawyers.justia.com/lawyer/emily-j-o-sullivan-855169,Leawood,KS,Johnson,(913) 359-9513,,General,8900 STATE LINE RD,66206,Kansas City,2,
"Thomas A., Jr. Robinett",,,https://lawyers.justia.com/lawyer/thomas-a-jr-robinett-918744,Leawood,KS,Johnson,(913) 906-6219,,General,11400 Tomahawk Creek Pkwy,66211,Kansas City,2,
"John, Jr. Anderson",,,https://lawyers.justia.com/lawyer/john-jr-anderson-922489,Leawood,KS,Johnson,(913) 663-7707,,General,6363 College Blvd,66211,Kansas City,2,
"Joseph S., Jr. Davis",,,https://lawyers.justia.com/lawyer/joseph-s-jr-davis-917732,Leawood,KS,Johnson,(913) 782-2350,,General,8904 Wenonga Rd,66206,Kansas City,2,
"Michael, Jr. Yakimo",,,https://lawyers.justia.com/lawyer/michael-jr-yakimo-922271,Leawood,KS,Johnson,(913) 339-9666,,General,4400 College Blvd,66211,Kansas City,2,
"Jimmy E., Jr. Allen",,,https://lawyers.justia.com/lawyer/jimmy-e-jr-allen-924011,Leawood,KS,Johnson,,,General,11300 Tomahawk Creek Pkwy,66211,Kansas City,2,
"Jerre F., Jr. Hersh",,,https://lawyers.justia.com/lawyer/jerre-f-jr-hersh-921215,Leawood,KS,Johnson,(913) 642-6261,,General,3004 W 91st St,66206,Kansas City,2,
"Fred J., Jr. Logan",,,https://lawyers.justia.com/lawyer/fred-j-jr-logan-923830,Leawood,KS,Johnson,(913) 381-1121,,General,8340 Mission Rd,66206,Kansas City,2,
"Lucien P., Jr. Gabrick",,,https://lawyers.justia.com/lawyer/lucien-p-jr-gabrick-923849,Olathe,KS,Johnson,(913) 764-1661,,General,26400 W Cedar Niles Cir,66061,Kansas City,2,
"William O., Jr. Isenhour",,,https://lawyers.justia.com/lawyer/william-o-jr-isenhour-924185,Olathe,KS,Johnson,(913) 715-3910,,General,100 N Kansas Ave,66061,Kansas City,2,
"Michael P., Jr. Dreiling",,,https://lawyers.justia.com/lawyer/michael-p-jr-dreiling-922684,Olathe,KS,Johnson,(913) 764-5010,,General,108 E Poplar St,66061,Kansas City,2,
"Bob L., Jr. Thomas",,,https://lawyers.justia.com/lawyer/bob-l-jr-thomas-916964,Olathe,KS,Johnson,(913) 768-1700,,General,100 E Park St,66061,Kansas City,2,
"John P., II Gerstle",,,https://lawyers.justia.com/lawyer/john-p-ii-gerstle-919555,Olathe,KS,Johnson,(913) 888-4844,,General,130 N Cherry St,66061,Kansas City,2,
"Frank H., Jr. Jenkins",,,https://lawyers.justia.com/lawyer/frank-h-jr-jenkins-918254,Olathe,KS,Johnson,(913) 782-0422,,General,105 S Kansas Ave,66061,Kansas City,2,
"Lloyd D., Jr. Huelson",,,https://lawyers.justia.com/lawyer/lloyd-d-jr-huelson-916264,Olathe,KS,Johnson,(913) 254-1400,,General,15204 S Blackbob Rd,66062,Kansas City,2,
"Silas W., III Longan",,,https://lawyers.justia.com/lawyer/silas-w-iii-longan-916019,Olathe,KS,Johnson,(913) 491-4050,,General,113 S Kansas Ave,66061,Kansas City,2,
"William F., Jr. Bradley",,,https://lawyers.justia.com/lawyer/william-f-jr-bradley-920787,Olathe,KS,Johnson,(913) 498-3468,,General,10540 S Ridgeview Rd,66061,Kansas City,2,
"Robert D., Jr. Harris",,,https://lawyers.justia.com/lawyer/robert-d-jr-harris-923518,Olathe,KS,Johnson,,,General,15601 W 124th Terrace,66062,Kansas City,2,
"James W., Jr. Supica",,,https://lawyers.justia.com/lawyer/james-w-jr-supica-921958,Lenexa,KS,Johnson,(913) 492-3001,,General,9300 Renner Blvd,66219,Kansas City,2,
"Robert J., III Rayburn",,,https://lawyers.justia.com/lawyer/robert-j-iii-rayburn-916097,Overland Park,KS,Johnson,(913) 685-7911,,General,9003 W 140th St,66221,Kansas City,2,
"Raymond A., Jr. Kowalczewski",,,https://lawyers.justia.com/lawyer/raymond-a-jr-kowalczewski-917699,Lenexa,KS,Johnson,(913) 310-9455,,General,11256 Strang Line Rd,66215,Kansas City,2,
"Thomas M., III Mullinix",,,https://lawyers.justia.com/lawyer/thomas-m-iii-mullinix-923960,Shawnee,KS,Johnson,(913) 962-8700,,General,7225 Renner Rd,66217,Kansas City,2,
"Louis E., III Estingoy",,,https://lawyers.justia.com/lawyer/louis-e-iii-estingoy-918040,Overland Park,KS,Johnson,(913) 685-8291,,General,13005 Earnshaw St,66213,Kansas City,2,
"Wayne B., III Chapin",,,https://lawyers.justia.com/lawyer/wayne-b-iii-chapin-923012,Shawnee,KS,Johnson,(913) 385-0600,,General,11212 Johnson Dr,66203,Kansas City,2,
"Steve A., Jr. Matalone",,,https://lawyers.justia.com/lawyer/steve-a-jr-matalone-917140,Shawnee,KS,Johnson,(913) 624-4123,,General,6816 Alden St,66216,Kansas City,2,
"Michael A., Jr. Smoots",,,https://lawyers.justia.com/lawyer/michael-a-jr-smoots-918847,Shawnee,KS,Johnson,,,General,22121 W 58th St,66226,Kansas City,2,
"John J., Jr. Zoellner",,,https://lawyers.justia.com/lawyer/john-j-jr-zoellner-920174,Lenexa,KS,Johnson,(913) 684-0465,,General,27351 W 87th St,66227,Kansas City,2,
"James P., Jr. Hawkins",,,https://lawyers.justia.com/lawyer/james-p-jr-hawkins-920044,Lenexa,KS,Johnson,(913) 967-3078,,General,14816 Rhodes Cir,66215,Kansas City,2,
"Gilbert P., III Bourk",,,https://lawyers.justia.com/lawyer/gilbert-p-iii-bourk-921536,Overland Park,KS,Johnson,,,General,11880 College Blvd,66210,Kansas City,2,
"Fritz, Jr. Edmunds",,,https://lawyers.justia.com/lawyer/fritz-jr-edmunds-920956,Overland Park,KS,Johnson,,,General,10990 Quivira Rd,66210,Kansas City,2,
"Frank C., Jr. Koranda",,,https://lawyers.justia.com/lawyer/frank-c-jr-koranda-919146,Mission,KS,Johnson,,,General,4939 Booth Ave,66205,Kansas City,2,
"Larry W., III Winn",,,https://lawyers.justia.com/lawyer/larry-w-iii-winn-923472,Leawood,KS,Johnson,(913) 451-8788,,General,6201 College Blvd,66211,Kansas City,2,
"Glen G., Jr. Beal",,,https://lawyers.justia.com/lawyer/glen-g-jr-beal-916824,Leawood,KS,Johnson,(913) 387-3180,,General,11115 Ash St,66211,Kansas City,2,
"John M., Jr. Graham",,,https://lawyers.justia.com/lawyer/john-m-jr-graham-921093,Leawood,KS,Johnson,,,General,6800 College Blvd,66211,Kansas City,2,
"Charles E., III Fowler",,,https://lawyers.justia.com/lawyer/charles-e-iii-fowler-918081,Leawood,KS,Johnson,(913) 498-2800,,General,6740 W 121st St,66209,Kansas City,2,
"Conrad, Jr. Miller",,,https://lawyers.justia.com/lawyer/conrad-jr-miller-919597,Leawood,KS,Johnson,(913) 768-8500,,General,6900 College Blvd,66211,Kansas City,2,
"Larry E., Jr. Franklin",,,https://lawyers.justia.com/lawyer/larry-e-jr-franklin-919721,Leawood,KS,Johnson,,,General,4600 W 121st St,66209,Kansas City,2,
"Durant S., III Abernathy",,,https://lawyers.justia.com/lawyer/durant-s-iii-abernathy-921196,Leawood,KS,Johnson,,,General,13100 High Dr,66209,Kansas City,2,
"William F., Jr. Martin",,,https://lawyers.justia.com/lawyer/william-f-jr-martin-916042,Leawood,KS,Johnson,(913) 696-6106,,General,10990 Roe Ave,66211,Kansas City,2,
"Thomas F., III McGraw",,,https://lawyers.justia.com/lawyer/thomas-f-iii-mcgraw-917135,Leawood,KS,Johnson,(913) 469-6000,,General,4400 W 109th St,66211,Kansas City,2,
"Harold A., II Benson",,,https://lawyers.justia.com/lawyer/harold-a-ii-benson-921782,Leawood,KS,Johnson,(913) 341-8428,,General,8224 Ensley Ln,66206,Kansas City,2,
"Frank A., Jr. Caro",,,https://lawyers.justia.com/lawyer/frank-a-jr-caro-918635,Leawood,KS,Johnson,(913) 451-8788,,General,6201 College Blvd,66211,Kansas City,2,
"John S., Jr. Larigan",,,https://lawyers.justia.com/lawyer/john-s-jr-larigan-924286,Prairie Village,KS,Johnson,(816) 753-1000,,General,4210 W 69th St,66208,Kansas City,2,
"Jack M., Jr. Beal",,,https://lawyers.justia.com/lawyer/jack-m-jr-beal-916825,Prairie Village,KS,Johnson,,,General,6748 Granada Rd,66208,Kansas City,2,
"Charles S., Jr. Joss",,,https://lawyers.justia.com/lawyer/charles-s-jr-joss-918418,Prairie Village,KS,Johnson,(913) 722-1955,,General,3965 W 83rd St,66208,Kansas City,2,
"Ralph E., II Lewis",,,https://lawyers.justia.com/lawyer/ralph-e-ii-lewis-923497,Prairie Village,KS,Johnson,,,General,8109 Granada Rd,66208,Kansas City,2,
"Melville W., III Perry",,,https://lawyers.justia.com/lawyer/melville-w-iii-perry-918972,Prairie Village,KS,Johnson,(913) 626-4900,,General,3965 W 83rd St,66208,Kansas City,2,
"John J., III Williams",,,https://lawyers.justia.com/lawyer/john-j-iii-williams-919273,Prairie Village,KS,Johnson,(913) 362-9135,,General,5314 W 69th St,66208,Kansas City,2,
"Jerome S., Jr. Koehler",,,https://lawyers.justia.com/lawyer/jerome-s-jr-koehler-920832,Prairie Village,KS,Johnson,(913) 362-8863,,General,5410 State Line Rd,66208,Kansas City,2,
"Lawrence, Jr. Gepford",,,https://lawyers.justia.com/lawyer/lawrence-jr-gepford-917939,Prairie Village,KS,Johnson,,,General,8010 State Line Rd,66208,Kansas City,2,
"Emil C., Jr. Anderson",,,https://lawyers.justia.com/lawyer/emil-c-jr-anderson-924138,Prairie Village,KS,Johnson,(913) 432-1900,,General,6117 Mission Dr,66208,Kansas City,2,
"Donald D., II Friend",,,https://lawyers.justia.com/lawyer/donald-d-ii-friend-922085,Mission,KS,Johnson,(913) 387-2065,,General,1901 W 47th Pl,66205,Kansas City,2,
"Walter J., Jr. Kennedy",,,https://lawyers.justia.com/lawyer/walter-j-jr-kennedy-918140,Mission,KS,Johnson,(913) 371-3838,,General,5125 Roe Blvd,66205,Kansas City,2,
"Edward A., Jr. McConwell",,,https://lawyers.justia.com/lawyer/edward-a-jr-mcconwell-917453,Mission,KS,Johnson,(913) 262-0605,,General,5925 Beverly St,66202,Kansas City,2,
"Donald C., III Bollard",,,https://lawyers.justia.com/lawyer/donald-c-iii-bollard-921104,Overland Park,KS,Johnson,(913) 648-6312,,General,4107 W 102nd St,66207,Kansas City,2,
"Henry J., Jr. Gunnels",,,https://lawyers.justia.com/lawyer/henry-j-jr-gunnels-922049,Mission,KS,Johnson,(913) 262-2748,,General,5445 Chadwick St,66205,Kansas City,2,
"George J., III Thomas",,,https://lawyers.justia.com/lawyer/george-j-iii-thomas-916967,Overland Park,KS,Johnson,(913) 385-9900,,General,5250 W 94th Terrace,66207,Kansas City,2,
"John W., Sr. Gilliford",,,https://lawyers.justia.com/lawyer/john-w-sr-gilliford-919369,Mission,KS,Johnson,,,General,6341 Hadley St,66202,Kansas City,2,
"Teodoro, Jr. Garcia",,,https://lawyers.justia.com/lawyer/teodoro-jr-garcia-922459,Mission,KS,Johnson,(913) 813-7300,,General,5400 W 58th Terrace,66205,Kansas City,2,
"Tamatane, Jr. Aga",,,https://lawyers.justia.com/lawyer/tamatane-jr-aga-919155,Overland Park,KS,Johnson,(913) 782-1977,,General,9201 W 131st Terrace,66213,Kansas City,2,
"Zane L., Jr. Todd",,,https://lawyers.justia.com/lawyer/zane-l-jr-todd-921449,Overland Park,KS,Johnson,(913) 254-9241,,General,13416 W 142nd St,66221,Kansas City,2,
Johnson County Legal Department,,,https://directory-kard.kscourts.gov/Home/Details?regNum=26474,Olathe,KS,Johnson,913-715-1869,,General,"111 S Cherry St, Ste 3200",66061,Kansas City,2,
Bridge Builder Tax + Legal Serv.,,,https://directory-kard.kscourts.gov/Home/Details?regNum=12032,Lenexa,KS,Johnson,913-956-3963,,General,9325 Pflumm Rd,66215,Kansas City,2,
Goza & Honnold LLC,,,https://directory-kard.kscourts.gov/Home/Details?regNum=27840,Overland Park,KS,Johnson,913-451-3433,,General,"9500 Nall Ave, Ste 400",66207,Kansas City,2,
Law Offices of Ann E. Alexander LLC,,,https://directory-kard.kscourts.gov/Home/Details?regNum=13554,Leawood,KS,Johnson,913-220-4215,,General,9718 Overbrook Rd,66206,Kansas City,2,
Garmin Intl Inc. (Attn: Legal Dept),,,https://directory-kard.kscourts.gov/Home/Details?regNum=24770,Olathe,KS,Johnson,913-440-5933,,General,1200 E. 151st St,66062,Kansas City,2,
"AIG Claims, Inc.",,,https://directory-kard.kscourts.gov/Home/Details?regNum=25189,Lenexa,KS,Johnson,913-490-8986,,General,11250 Corporate Ave Ste 210,66219,Kansas City,2,
"Allison Law Firm, L.L.C.",,,https://directory-kard.kscourts.gov/Home/Details?regNum=11997,Overland Park,KS,Johnson,913-271-2699,,General,7809 W 98th Ter,66212,Kansas City,2,
Andersen & Associates,,,https://directory-kard.kscourts.gov/Home/Details?regNum=12834,Overland Park,KS,Johnson,913-685-7000,,General,"7465 W. 132nd St, Ste 100",66213,Kansas City,2,
"Quanta Services, Inc.",,,https://directory-kard.kscourts.gov/Home/Details?regNum=20944,Prairie Village,KS,Johnson,913-488-0482,,General,4410 Homestead Dr,66208,Kansas City,2,
"Anderson Law, LLC DBA Anderson & Associates",,,https://directory-kard.kscourts.gov/Home/Details?regNum=21871,Westwood,KS,Johnson,816-931-2207,,General,1901 W. 47th Pl Ste 300,66205,Kansas City,2,
Law Office of Michael D. Anderson,,,https://directory-kard.kscourts.gov/Home/Details?regNum=13588,Olathe,KS,Johnson,913-522-4730,,General,PO Box 201,66051,Kansas City,2,
Law Office of Robert A. Andrews,,,https://directory-kard.kscourts.gov/Home/Details?regNum=9198,Overland Park,KS,Johnson,913-914-1288,,General,"8101 College Blvd, Ste 100",66210,Kansas City,2,
Spencer Fane LLP,,,https://directory-kard.kscourts.gov/Home/Details?regNum=15112,Overland Park,KS,Johnson,913-327-5115,,General,6201 College Blvd Ste 500,66211,Kansas City,2,
Mdivani Corporate Immigration Law Firm,,,https://directory-kard.kscourts.gov/Home/Details?regNum=26701,Overland Park,KS,Johnson,913-317-6200,,General,7007 College Blvd Ste 460,66211,Kansas City,2,
Law Office of Terri Z. Austenfeld,,,https://directory-kard.kscourts.gov/Home/Details?regNum=12710,Olathe,KS,Johnson,913-449-0204,,General,1614 S Lakestone Dr,66061,Kansas City,2,
Austin Law PA,,,https://directory-kard.kscourts.gov/Home/Details?regNum=13575,Overland Park,KS,Johnson,913-963-4721,,General,13725 Metcalf Ste 305,66223,Kansas City,2,
"Genprex, Inc.",,,https://directory-kard.kscourts.gov/Home/Details?regNum=26513,Leawood,KS,Johnson,512-615-5110,,General,2900 W 146th St,66224,Kansas City,2,
AvAz LLC,,,https://directory-kard.kscourts.gov/Home/Details?regNum=30625,Leawood,KS,Johnson,913-449-8292,,General,4741 W 151st Ter,66224,Kansas City,2,
"Fisher Patterson Sayler & Smith, LLP",,,https://directory-kard.kscourts.gov/Home/Details?regNum=27858,Overland Park,KS,Johnson,913-339-6757,,General,"9393 W 110th St Ste 300 Corporate Woods, Bldg 51",66210,Kansas City,2,
Baker & Baker PA,,,https://directory-kard.kscourts.gov/Home/Details?regNum=13525,Overland Park,KS,Johnson,913-568-6778,,General,7832 W 139th Ter,66223,Kansas City,2,
Hoffmeister & Doherty LLC,,,https://directory-kard.kscourts.gov/Home/Details?regNum=16556,Overland Park,KS,Johnson,913-653-8000,,General,8880 W 151st St Ste 100,66221,Kansas City,2,
"Rouse Frets White, P.C.",,,https://directory-kard.kscourts.gov/Home/Details?regNum=30313,Leawood,KS,Johnson,913-387-1600,,General,5250 W 116th Pl Ste 400,66211,Kansas City,2,
The Barber Law Firm LLC,,,https://directory-kard.kscourts.gov/Home/Details?regNum=10646,Overland Park,KS,Johnson,816-898-5147,,General,10206 Conser St,66212,Kansas City,2,
"Barbieri & Associates, L.C.",,,https://directory-kard.kscourts.gov/Home/Details?regNum=9794,Shawnee,KS,Johnson,913-890-7043,,General,7225 Renner Rd Ste 200,66217,Kansas City,2,
The Law Offices of Marcos A. Barbosa LLC,,,https://directory-kard.kscourts.gov/Home/Details?regNum=22015,Mission,KS,Johnson,816-499-8800,,General,4800 Lamar Ave. Ste 201A,66202,Kansas City,2,
"Signature Will & Trust, LLC",,,https://directory-kard.kscourts.gov/Home/Details?regNum=19918,Overland Park,KS,Johnson,816-797-2620,,General,6801 W 107th St,66212,Kansas City,2,
Barry Law LLC,,,https://directory-kard.kscourts.gov/Home/Details?regNum=18274,Overland Park,KS,Johnson,913-336-1600,,General,10975 Benson Dr Ste 310,66210,Kansas City,2,
"Michael J. Bartee, P.A.",,,https://directory-kard.kscourts.gov/Home/Details?regNum=13363,Olathe,KS,Johnson,913-782-1000,,General,"100 East Park, Ste 204",66061,Kansas City,2,
"Beckman Law, LLC",,,https://directory-kard.kscourts.gov/Home/Details?regNum=22478,Prairie Village,KS,Johnson,816-512-9360,,General,7515 Nall Ave,66208,Kansas City,2,
Bernard & Assoc. Attorneys At Law,,,https://directory-kard.kscourts.gov/Home/Details?regNum=26142,Leawood,KS,Johnson,913-481-5405,,General,12731 Glenfield,66209,Kansas City,2,
WM Law,,,https://directory-kard.kscourts.gov/Home/Details?regNum=28110,Olathe,KS,Johnson,913-422-0909,,General,15095 W 116th St,66062,Kansas City,2,
"SelectQuote, Inc.",,,https://directory-kard.kscourts.gov/Home/Details?regNum=20958,Overland Park,KS,Johnson,913-221-6651,,General,6800 W 115th Ave Ste 2511,66211,Kansas City,2,
Endeavor Law Firm LLC,,,https://directory-kard.kscourts.gov/Home/Details?regNum=18974,Overland Park,KS,Johnson,913-253-2209,,General,"10955 Lowell Ave, Ste 600",66210,Kansas City,2,
Law Office of P. John Brady LLC,,,https://directory-kard.kscourts.gov/Home/Details?regNum=11855,Overland Park,KS,Johnson,913-219-9491,,General,13852 Hemlock St,66223,Kansas City,2,
Christopher M Brennan Atty At Law,,,https://directory-kard.kscourts.gov/Home/Details?regNum=20608,Overland Park,KS,Johnson,913-269-5062,,General,7221 W 79th St,66204,Kansas City,2,
"Bruchman Law Firm, LLC",,,https://directory-kard.kscourts.gov/Home/Details?regNum=21702,Overland Park,KS,Johnson,913-579-8885,,General,PO Box 7564,66207,Kansas City,2,
"Mark A. Buchanan, Attorney at Law",,,https://directory-kard.kscourts.gov/Home/Details?regNum=13110,Fairway,KS,Johnson,816-510-1532,,General,5324 Chadwick Rd,66205,Kansas City,2,
Calderon Law LLC,,,https://directory-kard.kscourts.gov/Home/Details?regNum=23502,Prairie Village,KS,Johnson,913-788-6550,,General,9617 Belinder Rd.,66206,Kansas City,2,
Law Office Of Aldo P. Caller,,,https://directory-kard.kscourts.gov/Home/Details?regNum=13808,Overland Park,KS,Johnson,913-648-3220,,General,8000 Foster St,66204,Kansas City,2,
The Probate Law Center,,,https://directory-kard.kscourts.gov/Home/Details?regNum=31274,Prairie Village,KS,Johnson,816-673-3223,,General,"5000 W. 95th St, Ste 310",66207,Kansas City,2,
Hollis Law Firm,,,https://directory-kard.kscourts.gov/Home/Details?regNum=24927,Overland Park,KS,Johnson,913-385-5400,,General,"8101 College Blvd, Ste 260",66210,Kansas City,2,
Law Office Of Donald D. Cameron Clark,,,https://directory-kard.kscourts.gov/Home/Details?regNum=16175,Lenexa,KS,Johnson,913-481-5969,,General,7830 Allman Rd,66217,Kansas City,2,
BW Design Group,,,https://directory-kard.kscourts.gov/Home/Details?regNum=27894,Overland Park,KS,Johnson,913-575-0395,,General,"9300 W. 110th St, Ste 250",66210,Kansas City,2,
Kellenberger Law,,,https://directory-kard.kscourts.gov/Home/Details?regNum=29634,Overland Park,KS,Johnson,913-242-2578,,General,6900 College Blvd Ste 440,66210,Kansas City,2,
I Help Help KC Law Firm / Law Office of Jon Clayton,,,https://directory-kard.kscourts.gov/Home/Details?regNum=24152,Overland Park,KS,Johnson,913-888-7100,,General,4460 107th St,66207,Kansas City,2,
Law Office Of Risa Conard Kauk LLC,,,https://directory-kard.kscourts.gov/Home/Details?regNum=27717,Olathe,KS,Johnson,913-908-3490,,General,"110 S Cherry St, Ste 103",66061,Kansas City,2,
The Praesidium Law Firm,,,https://directory-kard.kscourts.gov/Home/Details?regNum=27097,Overland Park,KS,Johnson,913-234-4490,,General,"7300 W 110th St, Ste 700",66210,Kansas City,2,
"Law Office of J. Philip Crawford, LLC",,,https://directory-kard.kscourts.gov/Home/Details?regNum=15756,Shawnee,KS,Johnson,913-909-6034,,General,21418 W 48th St,66218,Kansas City,2,
Cuevas Law Firm PA,,,https://directory-kard.kscourts.gov/Home/Details?regNum=21658,Overland Park,KS,Johnson,913-948-1700,,General,PO Box 226 11750 W 135th St,66221,Kansas City,2,
"Berger Estate & Elder Law, P.A.",,,https://directory-kard.kscourts.gov/Home/Details?regNum=23923,Leawood,KS,Johnson,913-491-6332,,General,"11233 Nall Ave, Ste 140",66211,Kansas City,2,
"Clark H. Davis, Attorney At Law",,,https://directory-kard.kscourts.gov/Home/Details?regNum=10429,Olathe,KS,Johnson,913-221-4435,,General,303 E Poplar,66061,Kansas City,2,
Gunster Yoakley & Stewart PA,,,https://directory-kard.kscourts.gov/Home/Details?regNum=29322,Lenexa,KS,Johnson,913-787-3231,,General,9194 Barth Rd,66227,Kansas City,2,
"Harrity & Harrity, LLP",,,https://directory-kard.kscourts.gov/Home/Details?regNum=26531,Olathe,KS,Johnson,571-432-0800,,General,20139 W 107th Ter,66061,Kansas City,2,
Wendy Marvin Law Office LLC,,,https://directory-kard.kscourts.gov/Home/Details?regNum=31017,Leawood,KS,Johnson,913-747-4031,,General,"6731 W 121st St, Ste 223",66209,Kansas City,2,
"Arcare, Inc.",,,https://directory-kard.kscourts.gov/Home/Details?regNum=20855,Overland Park,KS,Johnson,913-648-0233,,General,PO Box 12890,66282,Kansas City,2,
Dunbar Law KC LLC,,,https://directory-kard.kscourts.gov/Home/Details?regNum=26849,Overland Park,KS,Johnson,913-735-6484,,General,"7500 College Blvd, 5th Floor",66210,Kansas City,2,
Johnson County Legal Dept,,,https://directory-kard.kscourts.gov/Home/Details?regNum=13851,Olathe,KS,Johnson,913-715-1900,,General,111 S. Cherry Ste 3200,66061,Kansas City,2,
Parman & Associates,,,https://directory-kard.kscourts.gov/Home/Details?regNum=8623,Overland Park,KS,Johnson,913-385-9400,,General,"10740 Nall, Ste 160",66211,Kansas City,2,
"Rachelle Eichenwald, Attorney at Law",,,https://directory-kard.kscourts.gov/Home/Details?regNum=17624,Overland Park,KS,Johnson,913-406-0172,,General,PO Box 26213,66225,Kansas City,2,
"Martsching Law Firm, LLC",,,https://www.yellowpages.com/overland-park-ks/attorneys,Overland Park,KS,Johnson,(816) 760-2094,,General,,,Kansas City,2,
Clyde & Wood LLC,http://www.clydeandwood.com,,https://www.yellowpages.com/overland-park-ks/attorneys,Overland Park,KS,Johnson,(913) 663-4446,,General,11225 College Blvd Ste 110,,Kansas City,2,
Kelly Law Firm,https://www.thekellylawfirm.com/about,,https://www.yellowpages.com/overland-park-ks/attorneys,Overland Park,KS,Johnson,(913) 451-1119,,General,8417 Santa Fe Dr,,Kansas City,2,
Matteuzzi & Brooker,http://www.ma2zlaw.com,,https://www.yellowpages.com/overland-park-ks/attorneys,Overland Park,KS,Johnson,(913) 307-0642,,General,10111 W 105th St,,Kansas City,2,
Shook Hardy & Bacon LLP,http://shookhardybaconllpks.localsearch.com,,https://www.yellowpages.com/overland-park-ks/attorneys,Overland Park,KS,Johnson,(913) 897-2837,,General,12851 Foster St,,Kansas City,2,
Legal Aid Legal Services Corp,http://www.legalaidlegalservices.org,,https://www.yellowpages.com/overland-park-ks/attorneys,Overland Park,KS,Johnson,(844) 330-7981,,General,,,Kansas City,2,
Gigstad Law Office,https://www.gigstadlaw.com,,https://www.yellowpages.com/overland-park-ks/attorneys,Overland Park,KS,Johnson,(913) 735-9529,,General,8000 Foster St,,Kansas City,2,
"Shamberg, Johnson & Bergman, CHTD",https://www.sjblaw.com/overland-park-personal-injury-lawyer,,https://www.yellowpages.com/overland-park-ks/attorneys,Overland Park,KS,Johnson,(816) 542-5999,,General,7300 W 110th St Ste 700,,Kansas City,2,
Law Offices Of Karen H Weber,http://www.elderlawkc.com,,https://www.yellowpages.com/overland-park-ks/attorneys,Overland Park,KS,Johnson,(913) 661-0550,,General,8645 College Blvd,,Kansas City,2,
Cordell & Cordell - Overland Park,http://www.cordellcordell.com/offices/kansas/overland-park,,https://www.yellowpages.com/overland-park-ks/attorneys,Overland Park,KS,Johnson,(913) 469-5999,,General,11225 College Blvd Ste 490,,Kansas City,2,
Rick Davis Legal,http://rickdavislegal.com,,https://www.yellowpages.com/overland-park-ks/attorneys,Overland Park,KS,Johnson,(913) 210-1847,,General,8826 Santa Fe Dr,,Kansas City,2,
"Fleske Law, LLC",http://www.defendingkc.com,,https://www.yellowpages.com/overland-park-ks/attorneys,Overland Park,KS,Johnson,(913) 549-0992,,General,8000 Foster St,,Kansas City,2,
"Harvey & Caldwell, PA",http://www.harveyandcaldwell.com,,https://www.yellowpages.com/overland-park-ks/attorneys,Overland Park,KS,Johnson,(913) 451-4400,,General,12980 Metcalf Ave Ste 305,,Kansas City,2,
Traffic Lawyers of Kopecky Law PA,http://trafficlawyersofkopeckylawpa.localsearch.com,,https://www.yellowpages.com/overland-park-ks/attorneys,Overland Park,KS,Johnson,(877) 892-5965,,General,7111 W 98th Ter Ste 150,,Kansas City,2,
"Wallace Saunders, P.C.",https://wallacesaunders.com,,https://www.yellowpages.com/overland-park-ks/attorneys,Overland Park,KS,Johnson,(913) 888-1000,,General,10111 W 87th St,,Kansas City,2,
Jeffers Law Office,http://www.jefferslawoffice.com,,https://www.yellowpages.com/overland-park-ks/attorneys,Overland Park,KS,Johnson,(913) 385-5297,,General,8000 Foster St,,Kansas City,2,
Sokolove Law,https://www.sokolovelaw.com/locations/kansas,,https://www.yellowpages.com/overland-park-ks/attorneys,Overland Park,KS,Johnson,(913) 327-5580,,General,9270 Glenwood St Ste C,,Kansas City,2,
Rokusek Stein Law,https://srclawgroup.com,,https://www.yellowpages.com/overland-park-ks/attorneys,Overland Park,KS,Johnson,(913) 948-9311,,General,6201 W 95th St Ste 270,,Kansas City,2,
"Law Offices of Peter A. Jouras, Jr.",http://www.jouraslaw.com,,https://www.yellowpages.com/overland-park-ks/attorneys,Overland Park,KS,Johnson,(913) 677-1999,,General,"10500 Barkley St, Suite 205",,Kansas City,2,
"Simpson, Logback, Lynch, Norris P.A.",https://slln.com,,https://www.yellowpages.com/overland-park-ks/attorneys,Overland Park,KS,Johnson,(913) 342-2500,,General,7400 W 110th St,,Kansas City,2,
Schwartz Jordan Law Office,http://www.lawofficeofjordanschwartz.com,,https://www.yellowpages.com/overland-park-ks/attorneys,Overland Park,KS,Johnson,(913) 642-4529,,General,10955 Lowell Ave Ste 630,,Kansas City,2,
The Christopher Scott Law Office,https://scottlawkc.com,,https://www.yellowpages.com/overland-park-ks/attorneys,Overland Park,KS,Johnson,(913) 706-2547,,General,7300 W 110th St,,Kansas City,2,
Joco Legal,https://www.jocolegal.com,,https://www.yellowpages.com/overland-park-ks/attorneys,Overland Park,KS,Johnson,(913) 423-5218,,General,9401 Indian Creek Pkwy Ste 600,,Kansas City,2,
Kalberg Law office,https://www.kalberglaw.com,,https://www.yellowpages.com/overland-park-ks/attorneys,Overland Park,KS,Johnson,(913) 825-6670,,General,7500 College Blvd Fl 5,,Kansas City,2,
Flick Truck Accident Law,https://www.flicktruckaccidentlaw.com,,https://www.yellowpages.com/overland-park-ks/attorneys,Overland Park,KS,Johnson,(913) 648-7000,,General,7500 College Blvd Ste 526,,Kansas City,2,
Stolte Law,https://www.stoltelawllc.com,,https://www.yellowpages.com/overland-park-ks/attorneys,Overland Park,KS,Johnson,(913) 575-8823,,General,6900 College Blvd,,Kansas City,2,
"Miller & Terry, Attorneys at Law",http://www.millerandterrylaw.com,,https://www.yellowpages.com/overland-park-ks/attorneys,Overland Park,KS,Johnson,(913) 624-9646,,General,"9393 W. 110th St., Suite 500, PMB #5039",,Kansas City,2,
Gates Shields & Ferguson PA,https://www.gatesshields.com,,https://www.yellowpages.com/overland-park-ks/attorneys,Overland Park,KS,Johnson,(913) 661-0222,,General,10990 Quivira Rd,,Kansas City,2,
"Gates Shields, P.A.",https://www.gatesshields.com,,https://www.yellowpages.com/overland-park-ks/attorneys,Overland Park,KS,Johnson,(913) 728-5858,,General,10990 Quivira Rd Ste 200,,Kansas City,2,
Vitale Law Firm,https://vitalelawkansas.com,,https://www.yellowpages.com/overland-park-ks/attorneys,Overland Park,KS,Johnson,(913) 733-0358,,General,7301 W 129th St Ste 160,,Kansas City,2,
Luder & Weist,https://www.lwlawkc.com/contact,,https://www.yellowpages.com/overland-park-ks/attorneys,Overland Park,KS,Johnson,(913) 491-9300,,General,7400 W 132nd St,,Kansas City,2,
"Kansas Collaborative Divorce - Alan W. Rosenak,  Attorney",http://kansascollaborativedivorcealanwrosenakattorney.localsearch.com,,https://www.yellowpages.com/overland-park-ks/attorneys,Overland Park,KS,Johnson,(913) 956-6635,,General,7381 W 133rd St Ste 218,,Kansas City,2,
The Law Firm of Gregory A. Moore,http://thelawfirmofgregoryamoore.localsearch.com,,https://www.yellowpages.com/overland-park-ks/attorneys,Overland Park,KS,Johnson,(913) 956-1323,,General,7381 W 133rd St,,Kansas City,2,
Stanfield Law Office,https://stanfieldlawoffice.com,,https://www.yellowpages.com/overland-park-ks/attorneys,Overland Park,KS,Johnson,(913) 647-7566,,General,"6240 West 135th Street, Suite 200",,Kansas City,2,
Lauren Fields Attorney at Law,https://www.rothdavies.com/firm-overview/meet-team/lauren-fields,,https://www.yellowpages.com/overland-park-ks/attorneys,Overland Park,KS,Johnson,(913) 689-3122,,General,6240 W 135th St,,Kansas City,2,
The Law Office of Lauren Patterson,http://thelawofficeoflaurenpatterson.localsearch.com,,https://www.yellowpages.com/overland-park-ks/attorneys,Overland Park,KS,Johnson,(913) 402-6069,,General,14105 Overbrook Rd Ste B,,Kansas City,2,
Grover Law Firm,https://groverlawkc.com,,https://www.yellowpages.com/overland-park-ks/attorneys,Overland Park,KS,Johnson,(913) 766-2330,,General,7221 W 79th St,,Kansas City,2,
"Jackson Law Firm, P.A.",http://jacksonlawfirmpa.localsearch.com,,https://www.yellowpages.com/overland-park-ks/attorneys,Overland Park,KS,Johnson,(913) 515-7369,,General,9270 Glenwood St,,Kansas City,2,
"Miller Law Firm of Kansas , PA",http://mlfks.com,,https://www.yellowpages.com/overland-park-ks/attorneys,Overland Park,KS,Johnson,(913) 912-7070,,General,9270 Glenwood St Ste C,,Kansas City,2,
Lamfers & Associates LC,https://www.lamferslaw.com/contact,,https://www.yellowpages.com/overland-park-ks/attorneys,Overland Park,KS,Johnson,(913) 962-8200,,General,11658 W 75th St,,Kansas City,2,
Law Office of Jon Clayton,https://www.jonclaytonlaw.com,,https://www.yellowpages.com/overland-park-ks/attorneys,Overland Park,KS,Johnson,(913) 708-8590,,General,4460 W 107th St,,Kansas City,2,
"SouthLaw, P.C.",https://www.southlaw.com,,https://www.yellowpages.com/overland-park-ks/attorneys,Overland Park,KS,Johnson,(316) 684-7733,,General,13160 Foster St,,Kansas City,2,
"Arehart & Ernzen, P.A.",http://areharternzenpa.localsearch.com,,https://www.yellowpages.com/overland-park-ks/attorneys,Overland Park,KS,Johnson,(913) 402-0008,,General,,,Kansas City,2,
Norton Hubbard Ruzicka Kreamer & Kincaid,http://www.hrkklaw.com,,https://www.yellowpages.com/olathe-ks/attorneys,Olathe,KS,Johnson,(913) 782-2350,,General,130 N Cherry St,,Kansas City,2,
Martin & Wallentine,https://olathe-lawyer.com,,https://www.yellowpages.com/olathe-ks/attorneys,Olathe,KS,Johnson,(913) 232-2518,,General,130 N Cherry St,,Kansas City,2,
Garretson & Toth,https://www.gwtfirm.com,,https://www.yellowpages.com/olathe-ks/attorneys,Olathe,KS,Johnson,(913) 948-6682,,General,105 E Park St,,Kansas City,2,
Hall Law Office LLC,http://www.hallandgisilaw.com,,https://www.yellowpages.com/olathe-ks/attorneys,Olathe,KS,Johnson,(913) 782-4470,,General,103 N Chestnut St,,Kansas City,2,
Hetley Law Firm,https://www.hetleylaw.com,,https://www.yellowpages.com/olathe-ks/attorneys,Olathe,KS,Johnson,(913) 780-1007,,General,201 E Loula St Ste 209,,Kansas City,2,
Roberson Law,https://www.robersonlegal.com,,https://www.yellowpages.com/olathe-ks/attorneys,Olathe,KS,Johnson,(913) 221-0848,,General,105 E Park St,,Kansas City,2,
Lyle Law LLC,http://www.lylelawllc.com,,https://www.yellowpages.com/olathe-ks/attorneys,Olathe,KS,Johnson,(913) 225-6463,,General,1715 E Cedar St Ste 111,,Kansas City,2,
Bretz Injury Law,https://www.byinjurylaw.com/olathe-lawyer,,https://www.yellowpages.com/olathe-ks/attorneys,Olathe,KS,Johnson,(913) 399-1904,,General,2111 E Crossroads Ln,,Kansas City,2,
The Law Offices of Jeremiah Johnson,https://jocotraffic.com/overland_park_trafficspeeding_attorney,,https://www.yellowpages.com/olathe-ks/attorneys,Olathe,KS,Johnson,(913) 764-5010,,General,104 E Poplar St,,Kansas City,2,
Coppaken Law Firm,http://www.coppakenlaw.com,,https://www.yellowpages.com/olathe-ks/attorneys,Olathe,KS,Johnson,(913) 802-2130,,General,,,Kansas City,2,
A.W Schultz,http://awschultz.com,,https://www.yellowpages.com/shawnee-ks/attorneys,Shawnee,KS,Johnson,(913) 307-0399,,General,6861 Martindale Rd,,Kansas City,2,
"Walden & Pfannenstiel, LLC - Kansas City Bankruptcy Attorneys",http://wplawpractice.com,,https://www.yellowpages.com/lenexa-ks/attorneys,Lenexa,KS,Johnson,(913) 438-1112,,General,11900 W 87th Street Pkwy,,Kansas City,2,
The Cromeens Law Firm P,https://thecromeenslawfirm.com,,https://www.yellowpages.com/lenexa-ks/attorneys,Lenexa,KS,Johnson,(913) 395-0865,,General,12345 W 95th St,,Kansas City,2,
Vinton Moore Attorneys at Law,https://www.vintonmoorelaw.com/contact,,https://www.yellowpages.com/lenexa-ks/attorneys,Lenexa,KS,Johnson,(913) 317-8999,,General,15700 College Blvd,,Kansas City,2,
"Bond Schoeneck & King, PLLC",,,https://directory-kard.kscourts.gov/Home/Details?regNum=15755,Overland Park,KS,Johnson,913-234-4400,,General,"7500 College Blvd, Ste 910",66210,Kansas City,2,
"Walsh & Fahey, LLC",,,https://directory-kard.kscourts.gov/Home/Details?regNum=26730,Leawood,KS,Johnson,913-370-9990,,General,"4707 College Blvd, Ste 208",66221,Kansas City,2,
"Wiedner & McAuliffe, Ltd.",,,https://directory-kard.kscourts.gov/Home/Details?regNum=30992,Overland Park,KS,Johnson,816-381-8411,,General,"7007 College Blvd, Ste 400",66211,Kansas City,2,
"Flanagan & Associates, LLC",,,https://directory-kard.kscourts.gov/Home/Details?regNum=13895,Overland Park,KS,Johnson,913-269-8280,,General,14005 Outlook St,66223,Kansas City,2,
"Converge, Inc.",,,https://directory-kard.kscourts.gov/Home/Details?regNum=31007,Olathe,KS,Johnson,646-612-7799,,General,12243 S. Gallery,66062,Kansas City,2,
"Martin, Pringle, Oliver, Wallace and Bauer, L.L.P.",,,https://directory-kard.kscourts.gov/Home/Details?regNum=27275,Overland Park,KS,Johnson,913-491-5500,,General,"9401 Indian Creek Pkwy, Bldg 40, Ste 1150",66210,Kansas City,2,
"BLAKE & UHLIG, P.A.",,,https://directory-kard.kscourts.gov/Home/Details?regNum=29428,Overland Park,KS,Johnson,913-321-8884,,General,Cloverleaf Office Park 6803 W 64th St Ste 300,66202,Kansas City,2,
Lewis & Rice LLC,,,https://directory-kard.kscourts.gov/Home/Details?regNum=27296,Lenexa,KS,Johnson,913-648-6333,,General,12701 W 87th St Pkwy Ste 200,66215,Kansas City,2,
"Frank P. Gilman, P.A.",,,https://directory-kard.kscourts.gov/Home/Details?regNum=14618,Overland Park,KS,Johnson,913-381-5280,,General,"10100 W 87th St, Ste 303",66212,Kansas City,2,
Girard Immigration Law LLC,,,https://directory-kard.kscourts.gov/Home/Details?regNum=25934,Overland Park,KS,Johnson,913-210-0939,,General,"6330 Lamar Ave, Ste 220",66202,Kansas City,2,
Gizaw Law LLC,,,https://directory-kard.kscourts.gov/Home/Details?regNum=27350,Olathe,KS,Johnson,913-749-3366,,General,115 E Park Ste C,66061,Kansas City,2,
Law Office of Peter R. Glasser,,,https://directory-kard.kscourts.gov/Home/Details?regNum=22285,Overland Park,KS,Johnson,913-351-2251,,General,PO Box 27054,66225,Kansas City,2,
"Social Justice Law Collective, Pl",,,https://directory-kard.kscourts.gov/Home/Details?regNum=25889,Overland Park,KS,Johnson,913-213-3064,,General,"6709 W 119th St, Ste 198",66209,Kansas City,2,
"Hennessy & Roach, P.C.",,,https://directory-kard.kscourts.gov/Home/Details?regNum=29404,Overland Park,KS,Johnson,913-284-0435,,General,10801 Mastin St. Ste 120,66210,Kansas City,2,
Gonzalez Law LLC,,,https://directory-kard.kscourts.gov/Home/Details?regNum=21762,Shawnee,KS,Johnson,913-717-7908,,General,"12480 W 62nd Ter, Ste 103",66216,Kansas City,2,
"Lenin V. Guerra, LLC Attorney at Law",,,https://directory-kard.kscourts.gov/Home/Details?regNum=19481,Olathe,KS,Johnson,913-782-2202,,General,108 E Cedar,66061,Kansas City,2,
Opterra Energy Services LLC,,,https://directory-kard.kscourts.gov/Home/Details?regNum=15383,Overland Park,KS,Johnson,913-225-7109,,General,"12980 Foster St, Ste 400",66223,Kansas City,2,
Hadel & Associates,,,https://directory-kard.kscourts.gov/Home/Details?regNum=15200,Leawood,KS,Johnson,816-561-4111,,General,11005 Catalina St,66211,Kansas City,2,
"Creative Planning Legal, P.A.",,,https://directory-kard.kscourts.gov/Home/Details?regNum=27488,Overland Park,KS,Johnson,316-213-1345,,General,5454 W 110th St,66211,Kansas City,2,
"Martin, Pringle, Oliver, Wallace & Bauer, LLP",,,https://directory-kard.kscourts.gov/Home/Details?regNum=17509,Overland Park,KS,Johnson,913-491-5500,,General,"9401 Indian Creek Pkwy, Bldg 40, Ste 1150",66210,Kansas City,2,
DRZ Law LLC,,,https://directory-kard.kscourts.gov/Home/Details?regNum=16452,Overland Park,KS,Johnson,816-213-5740,,General,13817 Craig St,66223,Kansas City,2,
Hallauer Law Office LLC,,,https://directory-kard.kscourts.gov/Home/Details?regNum=14786,Leawood,KS,Johnson,913-345-0000,,General,4707 College Blvd Suite 105,66211,Kansas City,2,
"George D. Halper, Attorney at Law",,,https://directory-kard.kscourts.gov/Home/Details?regNum=14736,Overland Park,KS,Johnson,913-708-2860,,General,5600 W. 87th St,66207,Kansas City,2,
"Burk-Hammond Law, LLC",,,https://directory-kard.kscourts.gov/Home/Details?regNum=27791,Olathe,KS,Johnson,913-318-3444,,General,308 W Elm,66061,Kansas City,2,
"The Hanna Law Firm, LLC",,,https://directory-kard.kscourts.gov/Home/Details?regNum=14435,Lenexa,KS,Johnson,913-647-7515,,General,"8700 Monrovia St, Ste 310",66215,Kansas City,2,
Law Office Of Karl R. Hansen,,,https://directory-kard.kscourts.gov/Home/Details?regNum=18232,Overland Park,KS,Johnson,816-225-9799,,General,6103 W. 153rd St.,66223,Kansas City,2,
Hanson Law Firm LLC,,,https://directory-kard.kscourts.gov/Home/Details?regNum=21776,Mission,KS,Johnson,913-948-6848,,General,"6005 Johnson Drive, Suite C",66202,Kansas City,2,
Harden Law,,,https://directory-kard.kscourts.gov/Home/Details?regNum=30607,Shawnee,KS,Johnson,573-639-7615,,General,22500 W. 75th St,66227,Kansas City,2,
"Harding Law Firm, LLC",,,https://directory-kard.kscourts.gov/Home/Details?regNum=24277,Olathe,KS,Johnson,913-795-2285,,General,P.O. Box 2854,66062,Kansas City,2,
David Hardy Attorney At Law,,,https://directory-kard.kscourts.gov/Home/Details?regNum=24241,Overland Park,KS,Johnson,913-963-9588,,General,16521 Blue Jacket St,66221,Kansas City,2,
"John E. Harvell, Pa.",,,https://directory-kard.kscourts.gov/Home/Details?regNum=14178,Olathe,KS,Johnson,913-339-9919,,General,108 East Cedar,66061,Kansas City,2,
Law Office of Bryan M. Hastert,,,https://directory-kard.kscourts.gov/Home/Details?regNum=15093,Overland Park,KS,Johnson,785-418-1330,,General,7112 Nall Ave,66208,Kansas City,2,
Haupt Law P.C.,,,https://directory-kard.kscourts.gov/Home/Details?regNum=28216,Overland Park,KS,Johnson,913-498-9390,,General,"Corporate Woods, Ste 500 9393 W 110th St",66210,Kansas City,2,
"Cerris, Inc.",,,https://directory-kard.kscourts.gov/Home/Details?regNum=27521,Overland Park,KS,Johnson,913-469-0101,,General,7801 W 110th St,66210,Kansas City,2,
Freeman Holdings Group,,,https://directory-kard.kscourts.gov/Home/Details?regNum=22700,Overland Park,KS,Johnson,913-951-5636,,General,16221 Foster St,66085,Kansas City,2,
Kansas Legal Services,,,https://directory-kard.kscourts.gov/Home/Details?regNum=14914,Overland Park,KS,Johnson,816-668-4912,,General,"10500 Barkley St, Ste 108",66212,Kansas City,2,
"C. Albert Herdoiza, Attorney at Law",,,https://directory-kard.kscourts.gov/Home/Details?regNum=10607,Overland Park,KS,Johnson,913-432-4484,,General,PO Box 24067,66283,Kansas City,2,
"American Multi-Cinema, Inc.",,,https://directory-kard.kscourts.gov/Home/Details?regNum=15751,Leawood,KS,Johnson,913-213-2295,,General,11500 Ash St,66211,Kansas City,2,
KN Law Group,,,https://directory-kard.kscourts.gov/Home/Details?regNum=30162,Olathe,KS,Johnson,913-303-0639,,General,"15050 W 138th St, Unit 4493​",66063,Kansas City,2,
"Larry C. Hoffman, Attorney at Law, Chtd",,,https://directory-kard.kscourts.gov/Home/Details?regNum=13784,Prairie Village,KS,Johnson,913-345-1800,,General,6917 Tomahawk Rd PO Box 8008,66208,Kansas City,2,
"D.H. Pace Company, Inc.",,,https://directory-kard.kscourts.gov/Home/Details?regNum=28163,Olathe,KS,Johnson,913-386-8194,,General,1901 E. 119th St,66061,Kansas City,2,
Blackridge LLC,,,https://directory-kard.kscourts.gov/Home/Details?regNum=27395,Overland Park,KS,Johnson,913-955-3388,,General,"9500 Nall Ave, Ste 400",66207,Kansas City,2,
Schoonover & Moriarty LLC,,,https://directory-kard.kscourts.gov/Home/Details?regNum=31122,Olathe,KS,Johnson,913-354-2630,,General,"130 N Cherry St, Ste 300",66061,Kansas City,2,
KC Legacy Law,,,https://directory-kard.kscourts.gov/Home/Details?regNum=17605,Overland Park,KS,Johnson,913-717-5951,,General,"5440 W 110th St, Suite 300",66211,Kansas City,2,
Jakobe Law Firm LLC,,,https://directory-kard.kscourts.gov/Home/Details?regNum=15107,Leawood,KS,Johnson,816-510-4258,,General,4901 W 136th St,66224,Kansas City,2,
Baker Sterchi Cowden & Rice LLC,,,https://directory-kard.kscourts.gov/Home/Details?regNum=14287,Overland Park,KS,Johnson,913-451-6752,,General,9393 W 110th St Ste 500,66210,Kansas City,2,
"Mary Ann Kancel, Attorney LLC",,,https://directory-kard.kscourts.gov/Home/Details?regNum=12159,Overland Park,KS,Johnson,913-568-8996,,General,"8645 College Blvd, Ste 210",66210,Kansas City,2,
"Jerome M. Kaplan, Law Office PA",,,https://directory-kard.kscourts.gov/Home/Details?regNum=10268,Overland Park,KS,Johnson,913-674-9848,,General,6840 W 105th St,66212,Kansas City,2,
K3 Capital LLC,,,https://directory-kard.kscourts.gov/Home/Details?regNum=27490,Overland Park,KS,Johnson,913-209-2263,,General,12309 Glenwood St,66209,Kansas City,2,
Property Tax Advisory Group,,,https://directory-kard.kscourts.gov/Home/Details?regNum=30560,Overland Park,KS,Johnson,913-312-9475,,General,"11350 Switzer Rd, Ste 120",66210,Kansas City,2,
"Darren K. Kearns, Attorney At Law PA",,,https://directory-kard.kscourts.gov/Home/Details?regNum=16783,Overland Park,KS,Johnson,913-385-1500,,General,"12980 Metcalf Ave, Suite 500-E (to meet clients)",66213,Kansas City,2,
"Keating Law, LLC",,,https://directory-kard.kscourts.gov/Home/Details?regNum=25501,Gardner,KS,Johnson,785-393-7465,,General,PO Box 181 18325 S Gardner Rd,66030,Kansas City,2,
"Kincaid Law KC, LLC",,,https://directory-kard.kscourts.gov/Home/Details?regNum=25542,Leawood,KS,Johnson,913-735-7707,,General,5251 W 116th Pl Ste 200,66211,Kansas City,2,
Buckeye Risk Services,,,https://directory-kard.kscourts.gov/Home/Details?regNum=15890,Overland Park,KS,Johnson,913-909-7447,,General,"7400 W 132nd St, Ste 200",66213,Kansas City,2,
"Krantz Enterprises, Inc.",,,https://directory-kard.kscourts.gov/Home/Details?regNum=11553,Overland Park,KS,Johnson,913-851-2500,,General,"10800 Farley, Suite 380",66210,Kansas City,2,
"Kurlbaum Rinne Law Firm, LLC",,,https://directory-kard.kscourts.gov/Home/Details?regNum=18678,Overland Park,KS,Johnson,913-334-5444,,General,9101 W 110th St Ste 200,66210,Kansas City,2,
Lathrop GPM LLP,,,https://directory-kard.kscourts.gov/Home/Details?regNum=16542,Overland Park,KS,Johnson,913-451-5126,,General,"7300 W 110th St, Ste 150",66210,Kansas City,2,
"Trinity Animation, Inc",,,https://directory-kard.kscourts.gov/Home/Details?regNum=10309,Overland Park,KS,Johnson,913-232-9003,,General,"7111 W 151st St, Ste 272",66210,Kansas City,2,
Ruth Landau Vano Attorney At Law,,,https://directory-kard.kscourts.gov/Home/Details?regNum=12786,Overland Park,KS,Johnson,913-338-5831,,General,P.O. Box 25846,66225,Kansas City,2,
KC Advisory Services,,,https://directory-kard.kscourts.gov/Home/Details?regNum=20985,Overland Park,KS,Johnson,913-484-3316,,General,10575 Foster St,66212,Kansas City,2,
"Kathryn U. Lask, J.D.",,,https://directory-kard.kscourts.gov/Home/Details?regNum=15625,Shawnee,KS,Johnson,816-679-9809,,General,20720 W 47th St,66218,Kansas City,2,
Law Office Of Brandon M. Laster,,,https://directory-kard.kscourts.gov/Home/Details?regNum=23976,Olathe,KS,Johnson,816-529-3835,,General,142 N Cherry St,66061,Kansas City,2,
Law Office Of Michael W. Laster,,,https://directory-kard.kscourts.gov/Home/Details?regNum=9996,Shawnee,KS,Johnson,913-220-9595,,General,"6620 Hedge Lane Ter, #106",66226,Kansas City,2,
"RS, LLC",,,https://directory-kard.kscourts.gov/Home/Details?regNum=22059,Overland Park,KS,Johnson,816-520-7421,,General,"10895 Grandview Dr, Ste 100",66210,Kansas City,2,
Logan Logan & Watson LC,,,https://directory-kard.kscourts.gov/Home/Details?regNum=25031,Prairie Village,KS,Johnson,913-381-1121,,General,"8340 Mission Rd, Ste 106",66206,Kansas City,2,
"Elizabeth G. Loggia, Esq.",,,https://directory-kard.kscourts.gov/Home/Details?regNum=30575,Overland Park,KS,Johnson,301-325-6990,,General,13753 Monrovia St,66221,Kansas City,2,
Law Office Of Michael W. Lucansky,,,https://directory-kard.kscourts.gov/Home/Details?regNum=14087,Overland Park,KS,Johnson,913-469-8188,,General,10955 Lowell Ste 440,66210,Kansas City,2,
Law Office of Zachary L. Luea,,,https://directory-kard.kscourts.gov/Home/Details?regNum=21693,Overland Park,KS,Johnson,785-969-8093,,General,6019 West 85 Terr,66207,Kansas City,2,
Machicao Law LLC,,,https://directory-kard.kscourts.gov/Home/Details?regNum=17022,Overland Park,KS,Johnson,913-312-5604,,General,"6731 W. 121st St, Ste 219",66209,Kansas City,2,
Hennessy & Gondring PA,,,https://directory-kard.kscourts.gov/Home/Details?regNum=22831,Overland Park,KS,Johnson,913-671-7099,,General,8101 College Blvd Ste 100,66210,Kansas City,2,
Maffitt Law Office,,,https://directory-kard.kscourts.gov/Home/Details?regNum=16956,Overland Park,KS,Johnson,913-681-2535,,General,14244 Slater St,66221,Kansas City,2,
Mainland Valuation Services,,,https://directory-kard.kscourts.gov/Home/Details?regNum=13319,Lenexa,KS,Johnson,913-248-1700,,General,"8643 Hauser Court, Ste 235",66215,Kansas City,2,
"Halbrook Wood, P.C.",,,https://directory-kard.kscourts.gov/Home/Details?regNum=29485,Prairie Village,KS,Johnson,913-601-3915,,General,3500 W 75th St Ste 300,66208,Kansas City,2,
Marney Law LLC,,,https://directory-kard.kscourts.gov/Home/Details?regNum=17818,Mission,KS,Johnson,816-896-0633,,General,6101 Lamar Ave,66202,Kansas City,2,
"Erise IP, P.A.",,,https://directory-kard.kscourts.gov/Home/Details?regNum=21784,Overland Park,KS,Johnson,913-777-5600,,General,"7015 College Blvd, Ste 700",66211,Kansas City,2,
Marsh Law Firm LLC,,,https://directory-kard.kscourts.gov/Home/Details?regNum=20709,Leawood,KS,Johnson,816-813-1255,,General,"4707 College Blvd, Ste 214",66211,Kansas City,2,
Counsel Group LLC,,,https://directory-kard.kscourts.gov/Home/Details?regNum=13126,Overland Park,KS,Johnson,816-595-8602,,General,9290 Glenwood St,66212,Kansas City,2,
"The Marshall Law Office, LLC",,,https://directory-kard.kscourts.gov/Home/Details?regNum=26771,Overland Park,KS,Johnson,913-951-8395,,General,"10975 Benson Dr, Ste 500",66210,Kansas City,2,
"Speer & Holliday, LLP",,,https://directory-kard.kscourts.gov/Home/Details?regNum=9403,Olathe,KS,Johnson,913-782-1000,,General,"100 E. Park, Ste 204",66061,Kansas City,2,
Law Office of Francis G. Martin,,,https://directory-kard.kscourts.gov/Home/Details?regNum=9787,Lenexa,KS,Johnson,913-515-2608,,General,7808 Noland Rd,66216,Kansas City,2,
Martin Law Office,,,https://directory-kard.kscourts.gov/Home/Details?regNum=12525,Westwood,KS,Johnson,913-270-6600,,General,"4800 Rainbow Blvd, #100",66205,Kansas City,2,
The Law Offices Of Daniel J. Martinez,,,https://directory-kard.kscourts.gov/Home/Details?regNum=22374,Shawnee,KS,Johnson,913-962-1555,,General,12404 W 62nd Terrace,66216,Kansas City,2,
"Marting Law, LLC",,,https://directory-kard.kscourts.gov/Home/Details?regNum=25716,Olathe,KS,Johnson,913-735-0066,,General,24218 W 109th Ter,66061,Kansas City,2,
Mason Law Firm LLC,,,https://directory-kard.kscourts.gov/Home/Details?regNum=18361,Olathe,KS,Johnson,913-390-3130,,General,13505 S Murlen #105-252,66062,Kansas City,2,
Law Office of Vanita Massey,,,https://directory-kard.kscourts.gov/Home/Details?regNum=16819,Overland Park,KS,Johnson,913-492-1822,,General,11184 Antioch Rd Ste 276,66210,Kansas City,2,
Law Office Of Gary Mathews,,,https://directory-kard.kscourts.gov/Home/Details?regNum=9567,Fairway,KS,Johnson,913-904-6202,,General,5623 Suwanee Rd,66205,Kansas City,2,
The Mayer Group,,,https://directory-kard.kscourts.gov/Home/Details?regNum=21477,Overland Park,KS,Johnson,855-254-1221,,General,51 Corporate Woods #5062 9393 W 110th St Ste 500,66210,Kansas City,2,
"Bruce D. Mayfield, Chtd.",,,https://directory-kard.kscourts.gov/Home/Details?regNum=12898,Overland Park,KS,Johnson,913-649-8404,,General,"8010 Conser St, Ste 4556",66204,Kansas City,2,
Mayfield Law LLC,,,https://directory-kard.kscourts.gov/Home/Details?regNum=27509,Overland Park,KS,Johnson,913-563-5700,,General,10100 W 87th St Ste 303,66212,Kansas City,2,
Law Offices Of Randy R. McCalla,,,https://directory-kard.kscourts.gov/Home/Details?regNum=15239,Olathe,KS,Johnson,913-390-1555,,General,142 N. Cherry St,66061,Kansas City,2,
Kay L. McCarthy Law & Mediation LLC,,,https://directory-kard.kscourts.gov/Home/Details?regNum=12988,Overland Park,KS,Johnson,913-283-7003,,General,"7007 College Blvd, Ste 430",66211,Kansas City,2,
McCartney Law Office LLC,,,https://directory-kard.kscourts.gov/Home/Details?regNum=17162,Overland Park,KS,Johnson,816-830-7959,,General,"7500 College Blvd, 5th Flr",66210,Kansas City,2,
Legacy Group,,,https://directory-kard.kscourts.gov/Home/Details?regNum=16938,Prairie Village,KS,Johnson,816-728-0466,,General,4200 Somerset Dr Ste 201,66208,Kansas City,2,
Family Law Solutions LLC,,,https://directory-kard.kscourts.gov/Home/Details?regNum=17972,Overland Park,KS,Johnson,816-665-5223,,General,10000 Hemlock Dr Ste 100,66212,Kansas City,2,
The McGrath Law Firm,,,https://directory-kard.kscourts.gov/Home/Details?regNum=14230,Overland Park,KS,Johnson,816-835-8635,,General,5305 W 104th St,66207,Kansas City,2,
Mullins & McMillan PA,,,https://directory-kard.kscourts.gov/Home/Details?regNum=15950,Lenexa,KS,Johnson,913-529-4910,,General,12760 W 87th Street Pkwy Ste 107,66215,Kansas City,2,
"McPeak Immigration Law, LLC",,,https://directory-kard.kscourts.gov/Home/Details?regNum=26007,Overland Park,KS,Johnson,816-228-2249,,General,8101 College Blvd Ste 100,66210,Kansas City,2,
McRae Law LLC,,,https://directory-kard.kscourts.gov/Home/Details?regNum=29970,Overland Park,KS,Johnson,913-326-6836,,General,8407 Glenwood St,66212,Kansas City,2,
Moncayo Legal LLC,,,https://directory-kard.kscourts.gov/Home/Details?regNum=26391,Olathe,KS,Johnson,913-295-9299,,General,12755 S. Mur-Len Rd Ste B6,66062,Kansas City,2,
JMSFirm,,,https://directory-kard.kscourts.gov/Home/Details?regNum=28868,Leawood,KS,Johnson,913-239-2327,,General,4747 W 135th St Ste 350,66224,Kansas City,2,
"Thales USA, Inc.",,,https://directory-kard.kscourts.gov/Home/Details?regNum=17055,Overland Park,KS,Johnson,913-422-2621,,General,10950 El Monte St Ste 110,66211,Kansas City,2,
Legacy Guardian Law Firm (c/o Emma Nakakuki),,,https://directory-kard.kscourts.gov/Home/Details?regNum=27443,Lenexa,KS,Johnson,913-563-8800,,General,"25515 W 95th Ln, Unit 803",66227,Kansas City,2,
Law Office of Thomas E. Nanney,,,https://directory-kard.kscourts.gov/Home/Details?regNum=19761,Leawood,KS,Johnson,816-401-0047,,General,2217 W 120th St,66209,Kansas City,2,
Elizabeth Drill Nay Law Office LLC,,,https://directory-kard.kscourts.gov/Home/Details?regNum=11884,Leawood,KS,Johnson,816-506-3195,,General,9133 High Dr,66206,Kansas City,2,
A2O Law LLC,,,https://directory-kard.kscourts.gov/Home/Details?regNum=20960,Overland Park,KS,Johnson,913-579-9448,,General,"6731 W 121st St, Ste 220",66209,Kansas City,2,
"Tricia Nibarger, Attorney at Law",,,https://directory-kard.kscourts.gov/Home/Details?regNum=26064,Overland Park,KS,Johnson,913-732-8232,,General,16408 Oakmont St,66221,Kansas City,2,
CSO Law LLC,,,https://directory-kard.kscourts.gov/Home/Details?regNum=30995,Leawood,KS,Johnson,816-384-0043,,General,4509 W. 140th St,66224,Kansas City,2,
Pace Law Firm LLC,,,https://directory-kard.kscourts.gov/Home/Details?regNum=13431,Mission,KS,Johnson,913-722-2371,,General,P.O. Box 1131,66222,Kansas City,2,
"Bruchman Law Firm, LLC",,,https://directory-kard.kscourts.gov/Home/Details?regNum=21701,Leawood,KS,Johnson,816-585-9487,,General,3512 W. 129th St,66209,Kansas City,2,
"Parelkar Immigration Law, LLC",,,https://directory-kard.kscourts.gov/Home/Details?regNum=26065,Overland Park,KS,Johnson,870-489-2884,,General,9618 W 116th St,66210,Kansas City,2,
Parker & Parker LLC,,,https://directory-kard.kscourts.gov/Home/Details?regNum=23654,Overland Park,KS,Johnson,316-209-6591,,General,"8826 Santa Fe Dr, Ste 190",66212,Kansas City,2,
"Patricia J. Parker, Attorney at Law",,,https://directory-kard.kscourts.gov/Home/Details?regNum=10413,Overland Park,KS,Johnson,316-684-6308,,General,7200 W 127th St #1623,66213,Kansas City,2,
"AgriSompo North America, Inc.",,,https://directory-kard.kscourts.gov/Home/Details?regNum=21841,Lenexa,KS,Johnson,913-333-4334,,General,8655 Penrose Ln Ste 200,66219,Kansas City,2,
Penland Law PA,,,https://directory-kard.kscourts.gov/Home/Details?regNum=26802,Overland Park,KS,Johnson,913-602-6202,,General,6405 Metcalf Ave Ste 323,66202,Kansas City,2,
"Marcia L. Montgomery, P.A.",http://www.marciamontgomerylaw.com,,https://www.yellowpages.com/overland-park-ks/attorneys,Overland Park,KS,Johnson,(913) 451-1710,,General,10875 Benson Dr Ste 120,,Kansas City,2,
Tompkins Attorney Tim at Law,https://www.kctrafficlawyer.com/sitemap,,https://www.yellowpages.com/overland-park-ks/attorneys,Overland Park,KS,Johnson,(913) 707-4357,,General,9401 W 87th Ter,,Kansas City,2,
Sarah J Schlich Law Office,http://sarahjschlichlawoffice.localsearch.com,,https://www.yellowpages.com/overland-park-ks/attorneys,Overland Park,KS,Johnson,(913) 722-3400,,General,9303 W 75th St,,Kansas City,2,
"Gilmore, Lori L, ATY",http://gilmorelorilaty.localsearch.com,,https://www.yellowpages.com/overland-park-ks/attorneys,Overland Park,KS,Johnson,(913) 661-0303,,General,7199 W 98th Ter,,Kansas City,2,
"McGraw III, Thomas F, ATTY",http://yellowpages.com/prairie-village-ks/mip/hollis-law-firm-10875452,,https://www.yellowpages.com/overland-park-ks/attorneys,Overland Park,KS,Johnson,(913) 469-6000,,General,4400 W 109th St,,Kansas City,2,
Bigus Law Office,http://biguslawoffice.localsearch.com,,https://www.yellowpages.com/overland-park-ks/attorneys,Overland Park,KS,Johnson,(913) 888-4520,,General,8008 Floyd St Ste 100,,Kansas City,2,
Laster & Laster Attorney Fax,http://lasterlasterattorneyfax.localsearch.com,,https://www.yellowpages.com/overland-park-ks/attorneys,Overland Park,KS,Johnson,(913) 341-2996,,General,8000 Foster St,,Kansas City,2,
Kessler Law Offices PA,https://www.elabogadofelipe.com/spanishmobile/contacto.html,,https://www.yellowpages.com/overland-park-ks/attorneys,Overland Park,KS,Johnson,(913) 789-7300,,General,8000 Foster St,,Kansas City,2,
"Neighbor, David, ATY",http://neighbordavidaty.localsearch.com,,https://www.yellowpages.com/overland-park-ks/attorneys,Overland Park,KS,Johnson,(913) 381-4455,,General,7134 W 80th St,,Kansas City,2,
"Mayfield, Bruce D, ATY",http://mayfieldbrucedaty.localsearch.com,,https://www.yellowpages.com/overland-park-ks/attorneys,Overland Park,KS,Johnson,(913) 649-8404,,General,7944 Santa Fe Dr,,Kansas City,2,
Patrick M Dewitt Law,http://patrickmdewittlaw.localsearch.com,,https://www.yellowpages.com/overland-park-ks/attorneys,Overland Park,KS,Johnson,(913) 563-5700,,General,7944 Santa Fe Dr,,Kansas City,2,
Chris Brennan Law Office,http://chrisbrennanlawoffice.localsearch.com,,https://www.yellowpages.com/overland-park-ks/attorneys,Overland Park,KS,Johnson,(913) 268-7700,,General,7930 Santa Fe Dr,,Kansas City,2,
"Harrington, Megan L, ATY",https://mharringtonlaw.com,,https://www.yellowpages.com/overland-park-ks/attorneys,Overland Park,KS,Johnson,(913) 526-6499,,General,7930 Santa Fe Dr,,Kansas City,2,
John Taylor Law Offices,https://johntaylorlc.com,,https://www.yellowpages.com/overland-park-ks/attorneys,Overland Park,KS,Johnson,(913) 387-3188,,General,7121 W 79th St,,Kansas City,2,
Law Office of Sarah J Schlicher,http://lawofficeofsarahjschlicher.localsearch.com,,https://www.yellowpages.com/overland-park-ks/attorneys,Overland Park,KS,Johnson,(913) 722-3400,,General,8119 Robinson St,,Kansas City,2,
Dugan Law Offices,http://duganlawoffices.localsearch.com,,https://www.yellowpages.com/overland-park-ks/attorneys,Overland Park,KS,Johnson,(913) 322-3528,,General,7001 W 79th St,,Kansas City,2,
Law Offices Of Smith Coonrod,http://lawofficesofsmithcoonrod.localsearch.com,,https://www.yellowpages.com/overland-park-ks/attorneys,Overland Park,KS,Johnson,(913) 894-1686,,General,7001 W 79th St,,Kansas City,2,
Law Office Of George A Barton PC,http://yellowpages.com/overland-park-ks/mip/kelly-law-firm-656899,,https://www.yellowpages.com/overland-park-ks/attorneys,Overland Park,KS,Johnson,(913) 563-6255,,General,7227 Metcalf Ave,,Kansas City,2,
McConnell & McMahon,http://mcconnellmcmahon459582356.localsearch.com,,https://www.yellowpages.com/overland-park-ks/attorneys,Overland Park,KS,Johnson,(913) 888-2680,,General,7201 Metcalf Ave,,Kansas City,2,
Shapiro & McMullen PA,https://tonyshapirolaw.com,,https://www.yellowpages.com/overland-park-ks/attorneys,Overland Park,KS,Johnson,(913) 491-1120,,General,8826 Santa Fe Dr,,Kansas City,2,
Bordeau Judy Immigration Law,https://www.kcvisa.com,,https://www.yellowpages.com/overland-park-ks/attorneys,Overland Park,KS,Johnson,(913) 432-9994,,General,9303 W 75th St,,Kansas City,2,
John J Cruciani Attorney at Law,http://johnjcrucianiattorneyatlaw.localsearch.com,,https://www.yellowpages.com/overland-park-ks/attorneys,Overland Park,KS,Johnson,(913) 648-0600,,General,9260 Glenwood St,,Kansas City,2,
Carl R Clark Attorney at Law,http://carlrclarkattorneyatlawks.localsearch.com,,https://www.yellowpages.com/overland-park-ks/attorneys,Overland Park,KS,Johnson,(913) 648-0600,,General,9260 Glenwood St,,Kansas City,2,
Lentz & Clark PA,http://robertabergerattorneyatlaw.localsearch.com,,https://www.yellowpages.com/overland-park-ks/attorneys,Overland Park,KS,Johnson,(913) 648-0600,,General,9260 Glenwood St,,Kansas City,2,
Shuttleworth Law Firm,http://shuttleworthlawfirm.localsearch.com,,https://www.yellowpages.com/overland-park-ks/attorneys,Overland Park,KS,Johnson,(913) 322-7575,,General,6750 W 93rd St,,Kansas City,2,
Dwyer & Dykes,http://dwyerdykes.localsearch.com,,https://www.yellowpages.com/overland-park-ks/attorneys,Overland Park,KS,Johnson,(913) 383-3131,,General,6750 W 93rd St,,Kansas City,2,
Baker & Blum Pa,http://bakerblumpa.localsearch.com,,https://www.yellowpages.com/overland-park-ks/attorneys,Overland Park,KS,Johnson,(913) 341-0303,,General,6750 W 93rd St Ste 110,,Kansas City,2,
"Perry, Kent T, ATY",https://www.ktplaw.com,,https://www.yellowpages.com/overland-park-ks/attorneys,Overland Park,KS,Johnson,(913) 498-1700,,General,6750 W 93rd St,,Kansas City,2,
Mullins & McMillian PA,http://mullinsmcmillianpa.localsearch.com,,https://www.yellowpages.com/overland-park-ks/attorneys,Overland Park,KS,Johnson,(913) 529-4910,,General,9290 Glenwood St,,Kansas City,2,
"Cavanaugh, Kevin S, ATY",http://cavanaughkevinsaty.localsearch.com,,https://www.yellowpages.com/overland-park-ks/attorneys,Overland Park,KS,Johnson,(913) 290-0938,,General,9312 Craig Dr,,Kansas City,2,
"Stoever, Henry M, ATY",http://stoeverhenrymaty.localsearch.com,,https://www.yellowpages.com/overland-park-ks/attorneys,Overland Park,KS,Johnson,(913) 375-0045,,General,7133 W 95th St,,Kansas City,2,
"Van Beber, Eric A",http://wallacesaunders.com,,https://www.yellowpages.com/overland-park-ks/attorneys,Overland Park,KS,Johnson,(913) 888-1000,,General,10111 W 87th St,,Kansas City,2,
"Weakley, Kevin D, ATY",http://weakleykevindaty.localsearch.com,,https://www.yellowpages.com/overland-park-ks/attorneys,Overland Park,KS,Johnson,(913) 888-1000,,General,10111 W 87th St,,Kansas City,2,
"Maurin IV, J Paul",http://maurinivjpaul.localsearch.com,,https://www.yellowpages.com/overland-park-ks/attorneys,Overland Park,KS,Johnson,(913) 888-1000,,General,10111 W 87th St,,Kansas City,2,
Wallace Saunders Austin Brown & Enochs Chartered Attys,http://www.wsabe.com,,https://www.yellowpages.com/overland-park-ks/attorneys,Overland Park,KS,Johnson,(913) 888-1000,,General,10111 W 87th St,,Kansas City,2,
Moore & Associates,http://www.mooreandassociateskc.com,,https://www.yellowpages.com/olathe-ks/attorneys,Olathe,KS,Johnson,(913) 742-8700,,General,430 E Santa Fe St,,Kansas City,2,
Huelson Law Firm,http://www.huelsonlawfirm.com/contact_us,,https://www.yellowpages.com/olathe-ks/attorneys,Olathe,KS,Johnson,(913) 254-1400,,General,16007 S Brookfield St,,Kansas City,2,
The Law Firm of Cornwell & Cornwell,http://thelawfirmofcornwellcornwell.localsearch.com,,https://www.yellowpages.com/olathe-ks/attorneys,Olathe,KS,Johnson,(513) 631-1268,,General,201 E Loula St,,Kansas City,2,
The Hardee Law Firm,http://thehardeelawfirm.localsearch.com,,https://www.yellowpages.com/olathe-ks/attorneys,Olathe,KS,Johnson,(913) 549-4790,,General,110 S Cherry St,,Kansas City,2,
Jenab Law Firm,http://jenablawfirm.localsearch.com,,https://www.yellowpages.com/olathe-ks/attorneys,Olathe,KS,Johnson,(913) 390-5023,,General,110 S Cherry St,,Kansas City,2,
Moore Law Office,http://www.ksbankruptcyhelp.com,,https://www.yellowpages.com/olathe-ks/attorneys,Olathe,KS,Johnson,(913) 485-3410,,General,110 S Cherry St,,Kansas City,2,
Page Law,http://pagelawks.localsearch.com,,https://www.yellowpages.com/olathe-ks/attorneys,Olathe,KS,Johnson,(913) 717-0890,,General,115 E Park St,,Kansas City,2,
Saathoff Law Office,http://saathofflawofficeks.localsearch.com,,https://www.yellowpages.com/olathe-ks/attorneys,Olathe,KS,Johnson,(913) 747-6180,,General,108 E Cedar St,,Kansas City,2,
"Peer, Adam, ATY",https://adampeerlaw.com,,https://www.yellowpages.com/olathe-ks/attorneys,Olathe,KS,Johnson,(913) 553-4222,,General,108 E Cedar St,,Kansas City,2,
Todd Zane Atty At Law,http://toddzaneattyatlaw.localsearch.com,,https://www.yellowpages.com/olathe-ks/attorneys,Olathe,KS,Johnson,(913) 254-9241,,General,100 S Cherry St,,Kansas City,2,
Law Office of Katie McClaflin,http://lawofficeofkatiemcclaflin.localsearch.com,,https://www.yellowpages.com/olathe-ks/attorneys,Olathe,KS,Johnson,(913) 951-4900,,General,100 E Park St,,Kansas City,2,
Law Office of Claudia Daw,http://lawofficeofclaudiadaw.localsearch.com,,https://www.yellowpages.com/olathe-ks/attorneys,Olathe,KS,Johnson,(913) 712-8043,,General,100 E Park St Ste 207,,Kansas City,2,
"Nicholson, Dasenbrock & Hartley, Lc Attorneys at Law",http://www.kslegalcounsel.com,,https://www.yellowpages.com/olathe-ks/attorneys,Olathe,KS,Johnson,(913) 294-4512,,General,100 E Park St Ste 207,,Kansas City,2,
Boyd Kenter Thomas & Parrish,http://boydkenterthomasparrishks.localsearch.com,,https://www.yellowpages.com/olathe-ks/attorneys,Olathe,KS,Johnson,(816) 895-1982,,General,100 E Park St Ste 204,,Kansas City,2,
Sara Carmody Law,http://saracarmodylawks.localsearch.com,,https://www.yellowpages.com/olathe-ks/attorneys,Olathe,KS,Johnson,(913) 747-9600,,General,110 N Cherry St,,Kansas City,2,
Copley Law,http://yellowpages.com/olathe-ks/mip/adams-cross-llc-10375192,,https://www.yellowpages.com/olathe-ks/attorneys,Olathe,KS,Johnson,(913) 732-2555,,General,110 N Cherry St Ste 210,,Kansas City,2,
Larry Lennemann Law Office,http://larrylennemannlawoffice.localsearch.com,,https://www.yellowpages.com/olathe-ks/attorneys,Olathe,KS,Johnson,(913) 951-5499,,General,114 N Cherry St,,Kansas City,2,
"Hannah, Mark, ATY",http://yellowpages.com/olathe-ks/mip/hannah-mark-a-7898246,,https://www.yellowpages.com/olathe-ks/attorneys,Olathe,KS,Johnson,(913) 782-7477,,General,130 N Cherry St,,Kansas City,2,
"Eichenwald, Rachelle Attorney at Law",http://eichenwaldrachelleattorneyatlaw.localsearch.com,,https://www.yellowpages.com/olathe-ks/attorneys,Olathe,KS,Johnson,(913) 897-0055,,General,130 N Cherry St,,Kansas City,2,
The Bolton Law Firm,http://www.andrewboltonlaw.com,,https://www.yellowpages.com/olathe-ks/attorneys,Olathe,KS,Johnson,(913) 647-9019,,General,130 N Cherry St,,Kansas City,2,
Martin Law Group,https://olathe-lawyer.com,,https://www.yellowpages.com/olathe-ks/attorneys,Olathe,KS,Johnson,(913) 764-9700,,General,130 N Cherry St Ste 103,,Kansas City,2,
McCalla Randy Law Offices,http://www.mccallalaw.com,,https://www.yellowpages.com/olathe-ks/attorneys,Olathe,KS,Johnson,(913) 390-1555,,General,142 N Cherry St,,Kansas City,2,
William P Turner Law Office,http://www.williampturner.com,,https://www.yellowpages.com/olathe-ks/attorneys,Olathe,KS,Johnson,(913) 649-4700,,General,226 S Kansas Ave Ste 102,,Kansas City,2,
Schoening Law Firm,http://schoeninglawfirm.localsearch.com,,https://www.yellowpages.com/olathe-ks/attorneys,Olathe,KS,Johnson,(913) 712-9750,,General,111 S Kansas Ave,,Kansas City,2,
"Gyllenborg & Dunn, P.A.",http://gyllenborgdunnpa.localsearch.com,,https://www.yellowpages.com/olathe-ks/attorneys,Olathe,KS,Johnson,(913) 782-1400,,General,111 S Kansas Ave,,Kansas City,2,
"Billam & Henderson, LLC",http://www.billamhenderson.com,,https://www.yellowpages.com/olathe-ks/attorneys,Olathe,KS,Johnson,(913) 782-4030,,General,108 E. Poplar St. Suite B,,Kansas City,2,
Pickering Law Firm,http://pickeringlawfirmks.localsearch.com,,https://www.yellowpages.com/olathe-ks/attorneys,Olathe,KS,Johnson,(913) 647-9019,,General,601 N Cherry St,,Kansas City,2,
Dickerson Law Group,http://dickersonlawgroupks.localsearch.com,,https://www.yellowpages.com/olathe-ks/attorneys,Olathe,KS,Johnson,(913) 393-2933,,General,1580 S Mahaffie Cir,,Kansas City,2,
The Curotto David Law Office,http://thecurottodavidlawoffice.localsearch.com,,https://www.yellowpages.com/olathe-ks/attorneys,Olathe,KS,Johnson,(913) 780-2200,,General,14201 S Mur Len Rd Ste 101,,Kansas City,2,
Gregory D. Bangs Law Office,https://www.bangslegal.com,,https://www.yellowpages.com/olathe-ks/attorneys,Olathe,KS,Johnson,(913) 345-4100,,General,601 N Mur Len Rd,,Kansas City,2,
Grear Law PA,http://grearlawpa.localsearch.com,,https://www.yellowpages.com/olathe-ks/attorneys,Olathe,KS,Johnson,(913) 764-1513,,General,1968 E Osage Cir,,Kansas City,2,
Jetstream Aviation Law PA,https://jetstreamlaw.com/privacy-policy,,https://www.yellowpages.com/olathe-ks/attorneys,Olathe,KS,Johnson,(913) 777-4538,,General,1832 E 153rd Cir,,Kansas City,2,
Arnett Law Lc,http://arnettlawlcks.localsearch.com,,https://www.yellowpages.com/olathe-ks/attorneys,Olathe,KS,Johnson,(913) 393-4429,,General,13480 S Arapaho Dr,,Kansas City,2,
"Donham, John C, ATY",http://donhamjohncaty.localsearch.com,,https://www.yellowpages.com/olathe-ks/attorneys,Olathe,KS,Johnson,(913) 764-3012,,General,18258 W 157th Ter,,Kansas City,2,
Hult Law Offices,http://hultlawoffices.localsearch.com,,https://www.yellowpages.com/olathe-ks/attorneys,Olathe,KS,Johnson,(913) 712-0982,,General,15244 S Mullen St,,Kansas City,2,
Law Office Of Steven J Borel,http://www.borelfirm.com,,https://www.yellowpages.com/olathe-ks/attorneys,Olathe,KS,Johnson,(913) 782-2400,,General,13745 W 141st Ter,,Kansas City,2,
Law Office of Spencer C Shield,https://shieldofjustice.net/contact-information,,https://www.yellowpages.com/olathe-ks/attorneys,Olathe,KS,Johnson,(913) 393-2080,,General,12714 S Rene St,,Kansas City,2,
"Shields, Aspencer, ATY",https://shieldofjustice.net,,https://www.yellowpages.com/olathe-ks/attorneys,Olathe,KS,Johnson,(816) 421-0800,,General,12710 S Pflumm Rd,,Kansas City,2,
Fowles Law Offices,http://fowleslawoffices.localsearch.com,,https://www.yellowpages.com/olathe-ks/attorneys,Olathe,KS,Johnson,(913) 782-1100,,General,,,Kansas City,2,
Manning & Smith,https://www.manningandsmith.com,,https://www.yellowpages.com/olathe-ks/attorneys,Olathe,KS,Johnson,(913) 829-2255,,General,218 N Chestnut St,,Kansas City,2,
Stewart & Moore,http://stewartmoore.localsearch.com,,https://www.yellowpages.com/olathe-ks/attorneys,Olathe,KS,Johnson,(913) 829-1881,,General,121 E Park St,,Kansas City,2,
Olathe Legal Clinic,http://olathelegalclinic.localsearch.com,,https://www.yellowpages.com/olathe-ks/attorneys,Olathe,KS,Johnson,(913) 829-4151,,General,110 S Cherry St,,Kansas City,2,
"Jenab & McCauley, LLP",http://jenabmccauleyllp.localsearch.com,,https://www.yellowpages.com/olathe-ks/attorneys,Olathe,KS,Johnson,(913) 390-5023,,General,110 S Cherry St Ste 200,,Kansas City,2,
Biesterveld & Crook,http://www.bctrialattorneys.com,,https://www.yellowpages.com/olathe-ks/attorneys,Olathe,KS,Johnson,(913) 353-5870,,General,115 E Park St Ste B,,Kansas City,2,
Bartee Law,http://barteelaw.localsearch.com,,https://www.yellowpages.com/olathe-ks/attorneys,Olathe,KS,Johnson,(913) 782-1000,,General,100 E Park St,,Kansas City,2,
Hinkle & Eichholz,http://yellowpages.com/olathe-ks/mip/hinkle-eichholz-550171474,,https://www.yellowpages.com/olathe-ks/attorneys,Olathe,KS,Johnson,(913) 764-8000,,General,130 N Cherry St,,Kansas City,2,
Vokins,https://vokinslaw.com,,https://www.yellowpages.com/olathe-ks/attorneys,Olathe,KS,Johnson,(913) 254-7600,,General,142 N Cherry St,,Kansas City,2,
Pettlon Trey & Associates,http://treypettlon.com,,https://www.yellowpages.com/olathe-ks/attorneys,Olathe,KS,Johnson,(913) 393-2600,,General,111 S Kansas Ave,,Kansas City,2,
Dreiling Law,http://www.dreilinglaw.com,,https://www.yellowpages.com/olathe-ks/attorneys,Olathe,KS,Johnson,(913) 764-5010,,General,104 E Poplar St,,Kansas City,2,
Arnold Law Firm,http://www.arnoldkeck.com,,https://www.yellowpages.com/olathe-ks/attorneys,Olathe,KS,Johnson,(913) 764-8500,,General,525 E Kansas City Rd,,Kansas City,2,
Mhk Attorneys,http://yellowpages.com/olathe-ks/mip/adams-cross-llc-10375192,,https://www.yellowpages.com/olathe-ks/attorneys,Olathe,KS,Johnson,(570) 242-1714,,General,609 W Dennis Ave,,Kansas City,2,
Divorce & Family Attorney,http://divorcefamilyattorneyks.localsearch.com,,https://www.yellowpages.com/olathe-ks/attorneys,Olathe,KS,Johnson,(913) 489-3688,,General,211 N Rawhide Dr,,Kansas City,2,
Borel & Associates Atty,http://www.borelfirm.com,,https://www.yellowpages.com/olathe-ks/attorneys,Olathe,KS,Johnson,(913) 782-1490,,General,1580 S Mahaffie St,,Kansas City,2,
Chartrand Legal Management Inc,http://chartrandlegalmanagementinc.localsearch.com,,https://www.yellowpages.com/olathe-ks/attorneys,Olathe,KS,Johnson,(913) 768-4700,,General,12921 W 151st St,,Kansas City,2,
Law Office of Tim Piatchek,,,https://directory-kard.kscourts.gov/Home/Details?regNum=15830,Overland Park,KS,Johnson,913-735-0419,,General,12433 Antioch Rd #25021,66225,Kansas City,2,
"Rouse Frets White Goss, P.C.",,,https://directory-kard.kscourts.gov/Home/Details?regNum=22794,Leawood,KS,Johnson,913-387-1600,,General,"5250 W 116th Pl, Ste 400",66211,Kansas City,2,
The Law Office Of Jerry D. Rank LLC,,,https://directory-kard.kscourts.gov/Home/Details?regNum=17149,Overland Park,KS,Johnson,913-283-4443,,General,"11750 W 135th St, Ste 192",66221,Kansas City,2,
"Gary D Rappard, Attorney At Law",,,https://directory-kard.kscourts.gov/Home/Details?regNum=10953,Overland Park,KS,Johnson,913-888-9700,,General,"10561 Barkley St, Ste 620",66212,Kansas City,2,
MDP Services LLC,,,https://directory-kard.kscourts.gov/Home/Details?regNum=17102,Overland Park,KS,Johnson,816-215-5567,,General,10851 Mastin St Ste 1000,66210,Kansas City,2,
"Patricia S. Raysik, Atty at Law",,,https://directory-kard.kscourts.gov/Home/Details?regNum=17058,Leawood,KS,Johnson,925-984-8534,,General,9714 Cherokee Lane,66206,Kansas City,2,
Meadowlark Trust and Estate Law LLC,,,https://directory-kard.kscourts.gov/Home/Details?regNum=25380,Olathe,KS,Johnson,913-995-9455,,General,2111 E Crossroads Lane Ste 203J,66062,Kansas City,2,
JMS Legal LLC,,,https://directory-kard.kscourts.gov/Home/Details?regNum=24541,Leawood,KS,Johnson,913-239-2327,,General,4747 W 135th St Ste 350,66224,Kansas City,2,
Salmon Legal Solutions,,,https://directory-kard.kscourts.gov/Home/Details?regNum=20606,Overland Park,KS,Johnson,913-320-0727,,General,"8101 College Blvd., Ste 100, #1004",66210,Kansas City,2,
Olathe City Attorney's Office,,,https://directory-kard.kscourts.gov/Home/Details?regNum=26418,Olathe,KS,Johnson,913-971-7734,,General,100 E Santa Fe St,66061,Kansas City,2,
"Monaco Sanders Racine Powell & Reidy, LLC",,,https://directory-kard.kscourts.gov/Home/Details?regNum=17467,Leawood,KS,Johnson,816-523-2400,,General,"8700 State Line Rd, Ste 110",66206,Kansas City,2,
Sanderson Law Office,,,https://directory-kard.kscourts.gov/Home/Details?regNum=13716,Leawood,KS,Johnson,913-669-8153,,General,9730 Sagamore Rd,66206,Kansas City,2,
"The Law Office of Ronald E. Sandhaus, LLC",,,https://directory-kard.kscourts.gov/Home/Details?regNum=20666,Leawood,KS,Johnson,913-906-0010,,General,5174 W 114th Pl,66211,Kansas City,2,
Lassiter Law and Justice LLC,,,https://directory-kard.kscourts.gov/Home/Details?regNum=21371,Overland Park,KS,Johnson,913-386-7893,,General,7111 W 151st St #142,66223,Kansas City,2,
"Scanlan Law Firm, LLC",,,https://directory-kard.kscourts.gov/Home/Details?regNum=19112,Overland Park,KS,Johnson,913-348-4990,,General,10975 Benson Dr Ste 370,66210,Kansas City,2,
"Schaffer & Associates, Chtd",,,https://directory-kard.kscourts.gov/Home/Details?regNum=20221,Overland Park,KS,Johnson,913-345-0100,,General,"10561 Barkley St, Ste 620",66212,Kansas City,2,
"Paula L. Schwach, Esq.",,,https://directory-kard.kscourts.gov/Home/Details?regNum=14310,Fairway,KS,Johnson,913-710-8432,,General,3942 Shawnee Mission Pkwy,66205,Kansas City,2,
Shelley Chapin Law LLC dba KS Estate & Elder Law,,,https://directory-kard.kscourts.gov/Home/Details?regNum=20443,Shawnee,KS,Johnson,913-385-0600,,General,11125 Johnson Dr,66203,Kansas City,2,
"James R. Shetlar Law Office, P.A.",,,https://directory-kard.kscourts.gov/Home/Details?regNum=8322,Overland Park,KS,Johnson,913-648-3220,,General,8000 Foster St,66204,Kansas City,2,
O'Hanlon Skomal Giancana & Arnold,,,https://directory-kard.kscourts.gov/Home/Details?regNum=24769,Leawood,KS,Johnson,913-464-4007,,General,4501 College Blvd Ste 280,66211,Kansas City,2,
Stalter Legal Services LLC,,,https://directory-kard.kscourts.gov/Home/Details?regNum=12855,Prairie Village,KS,Johnson,913-378-9920,,General,"5350 W. 94th Terr, Ste 202",66207,Kansas City,2,
Rees Kincaid & Stanfield,,,https://directory-kard.kscourts.gov/Home/Details?regNum=18826,Overland Park,KS,Johnson,913-827-3729,,General,6240 W 135th St Ste 100,66223,Kansas City,2,
City of Olathe - City Attorney's Office,,,https://directory-kard.kscourts.gov/Home/Details?regNum=26406,Olathe,KS,Johnson,913-971-8726,,General,100 E Santa Fe St,66061,Kansas City,2,
Joel Stark Attorney At Law,,,https://directory-kard.kscourts.gov/Home/Details?regNum=29110,Overland Park,KS,Johnson,254-974-2004,,General,9748 W 115th St,66210,Kansas City,2,
"Steinwart Law Office, LLC",,,https://directory-kard.kscourts.gov/Home/Details?regNum=24817,Overland Park,KS,Johnson,913-648-3220,,General,8000 Foster,66204,Kansas City,2,
"Hunter Law Group, P.A.",,,https://directory-kard.kscourts.gov/Home/Details?regNum=29821,Prairie Village,KS,Johnson,913-320-3830,,General,3515 W 75th St Ste 202,66208,Kansas City,2,
"Stranathan Law, PLLC",,,https://directory-kard.kscourts.gov/Home/Details?regNum=18158,Leawood,KS,Johnson,913-706-5605,,General,4901 W 136th St,66224,Kansas City,2,
Law Office Of Dwight Sutherland Jr,,,https://directory-kard.kscourts.gov/Home/Details?regNum=12755,Westwood,KS,Johnson,913-362-8560,,General,4800 Rainbow Ste 100,66205,Kansas City,2,
"Tafreshi Law, LLC",,,https://directory-kard.kscourts.gov/Home/Details?regNum=25510,Olathe,KS,Johnson,913-735-4215,,General,PO Box 2844,66063,Kansas City,2,
Logan & Jenkins LLC,http://loganjenkinsllc.localsearch.com,,https://www.yellowpages.com/shawnee-ks/attorneys,Shawnee,KS,Johnson,(913) 268-9393,,General,11005 W 60th St Ste 320,,Kansas City,2,
"Martinez, Daniel J, ATY",http://martinezdanieljaty.localsearch.com,,https://www.yellowpages.com/shawnee-ks/attorneys,Shawnee,KS,Johnson,(913) 962-1555,,General,11800 Shawnee Mission Pkwy,,Kansas City,2,
"Lowe, Jon K, ATY",http://jlowe.com,,https://www.yellowpages.com/shawnee-ks/attorneys,Shawnee,KS,Johnson,(913) 432-0863,,General,10020 W 52nd St,,Kansas City,2,
Rainey & Rainey Attys,http://raineyraineyattysks.localsearch.com,,https://www.yellowpages.com/shawnee-ks/attorneys,Shawnee,KS,Johnson,(913) 962-8800,,General,11202 Johnson Dr,,Kansas City,2,
Bennett Bodine & Waters PA,http://bbw-law.com,,https://www.yellowpages.com/shawnee-ks/attorneys,Shawnee,KS,Johnson,(913) 631-2727,,General,11125 Johnson Dr,,Kansas City,2,
Logan Law Firm,http://loganlawfirm.localsearch.com,,https://www.yellowpages.com/shawnee-ks/attorneys,Shawnee,KS,Johnson,(913) 268-9392,,General,11005 W 60th St,,Kansas City,2,
Law Offices of Chris Brennan,http://lawofficesofchrisbrennan.localsearch.com,,https://www.yellowpages.com/shawnee-ks/attorneys,Shawnee,KS,Johnson,(913) 269-5062,,General,6100 Nieman Rd Ste 105,,Kansas City,2,
Kate Zigtema Law Office,https://zigtemalaw.com,,https://www.yellowpages.com/shawnee-ks/attorneys,Shawnee,KS,Johnson,(913) 647-7567,,General,11660 W 75th St,,Kansas City,2,
Hardee Law Office,http://hardeelawoffice.localsearch.com,,https://www.yellowpages.com/shawnee-ks/attorneys,Shawnee,KS,Johnson,(913) 549-4790,,General,7415 Cottonwood Dr,,Kansas City,2,
Jetlaw Group,https://jetlaw.com,,https://www.yellowpages.com/shawnee-ks/attorneys,Shawnee,KS,Johnson,(913) 338-1700,,General,21628 Midland Dr,,Kansas City,2,
Law Office Of Michael L. Bennett,http://lawofficeofmichaellbennett.localsearch.com,,https://www.yellowpages.com/shawnee-ks/attorneys,Shawnee,KS,Johnson,(913) 221-2326,,General,PO Box 860144,,Kansas City,2,
Rainey & Rainey,http://raineyrainey.localsearch.com,,https://www.yellowpages.com/shawnee-ks/attorneys,Shawnee,KS,Johnson,(913) 962-8800,,General,5707 Constance St,,Kansas City,2,
Gould Law Offices Chtd,http://gouldlawofficeschtd.localsearch.com,,https://www.yellowpages.com/lenexa-ks/attorneys,Lenexa,KS,Johnson,(913) 599-5192,,General,9728 Rosehill Rd,,Kansas City,2,
James R Schurman & Associates,http://jamesrschurmanassociates.localsearch.com,,https://www.yellowpages.com/lenexa-ks/attorneys,Lenexa,KS,Johnson,(913) 322-4300,,General,9630 Monrovia St,,Kansas City,2,
Meise Coen & Rumley,http://meisecoenrumley.localsearch.com,,https://www.yellowpages.com/lenexa-ks/attorneys,Lenexa,KS,Johnson,(913) 438-7765,,General,13420 Santa Fe Trail Dr,,Kansas City,2,
Hodges Michael L Attorney At Law,http://hodgesmichaellattorneyatlaw.localsearch.com,,https://www.yellowpages.com/lenexa-ks/attorneys,Lenexa,KS,Johnson,(913) 888-7100,,General,13420 Santa Fe Trail Dr,,Kansas City,2,
Maughan & Maughan LC,http://maughanmaughanlc450862533.localsearch.com,,https://www.yellowpages.com/lenexa-ks/attorneys,Lenexa,KS,Johnson,(913) 647-7567,,General,8700 Monrovia St Ste 310,,Kansas City,2,
Pascale Henn Business Law Advisors,http://pascalehennbusinesslawadvisors.localsearch.com,,https://www.yellowpages.com/lenexa-ks/attorneys,Lenexa,KS,Johnson,(913) 370-7360,,General,8700 Monrovia St Ste 310,,Kansas City,2,
Rees Kincaid & Stanfield Law,https://www.rklawoffice.com,,https://www.yellowpages.com/lenexa-ks/attorneys,Lenexa,KS,Johnson,(913) 647-7566,,General,8700 Monrovia St,,Kansas City,2,
Wilson Law,http://wilsonlawks.localsearch.com,,https://www.yellowpages.com/lenexa-ks/attorneys,Lenexa,KS,Johnson,(913) 339-9876,,General,11083 Hauser St,,Kansas City,2,
David W Hughes Law,http://davidwhugheslaw.com,,https://www.yellowpages.com/lenexa-ks/attorneys,Lenexa,KS,Johnson,(913) 385-7122,,General,8233 Park St,,Kansas City,2,
"Provance, William, ATY",http://provancewilliamaty.localsearch.com,,https://www.yellowpages.com/lenexa-ks/attorneys,Lenexa,KS,Johnson,(913) 888-8972,,General,8102 Haskins St,,Kansas City,2,
Cold Fire Law Enforcement,http://yellowpages.com/lenexa-ks/mip/cold-fire-law-enforcement-5402591,,https://www.yellowpages.com/lenexa-ks/attorneys,Lenexa,KS,Johnson,(913) 888-3800,,General,9640 Loiret Blvd,,Kansas City,2,
Wasserman Scott & Associates,http://yellowpages.com/shawnee-mission-ks/mip/midwest-physicians-454754794,,https://www.yellowpages.com/lenexa-ks/attorneys,Lenexa,KS,Johnson,(913) 438-4636,,General,8889 Bourgade St,,Kansas City,2,
Accord Cox & Company,http://accordcoxcompany.localsearch.com,,https://www.yellowpages.com/lenexa-ks/attorneys,Lenexa,KS,Johnson,(913) 541-1993,,General,15700 College Blvd,,Kansas City,2,
Law Offices Of Steven D Horak,http://lawofficesofstevendhorak.localsearch.com,,https://www.yellowpages.com/lenexa-ks/attorneys,Lenexa,KS,Johnson,(913) 381-6515,,General,500 Rogers Rd,,Kansas City,2,
"Massey, Vanita, ATY",http://masseyvanitaaty.localsearch.com,,https://www.yellowpages.com/lenexa-ks/attorneys,Lenexa,KS,Johnson,(913) 492-1822,,General,,,Kansas City,2,
Patton & Patton Law Offices,http://joepatton.com,,https://www.yellowpages.com/lenexa-ks/attorneys,Lenexa,KS,Johnson,(913) 228-3882,,General,12345 W 95th St,,Kansas City,2,
Lawless & Sperry,http://www.kcworkcompattorney.com,,https://www.yellowpages.com/lenexa-ks/attorneys,Lenexa,KS,Johnson,(913) 681-5566,,General,13420 Santa Fe Trail Dr,,Kansas City,2,
The Law Offices of Garrett & Coons,http://thelawofficesofgarrettcoons525834631.localsearch.com,,https://www.yellowpages.com/lenexa-ks/attorneys,Lenexa,KS,Johnson,(913) 543-3230,,General,12760 W 87th Street Pkwy Ste 108,,Kansas City,2,
Mullins & McMillian PA,http://mullinsmcmillanpaks.localsearch.com,,https://www.yellowpages.com/lenexa-ks/attorneys,Lenexa,KS,Johnson,(913) 529-4910,,General,12760 W 87th Street Pkwy Ste 110,,Kansas City,2,
Grimes & Rebein,https://www.grimesandrebein.com/contact-us,,https://www.yellowpages.com/lenexa-ks/attorneys,Lenexa,KS,Johnson,(913) 888-4800,,General,15301 W 87th Street Pkwy,,Kansas City,2,
"McAulay Jr, F Lawrence",http://rklawoffice.com,,https://www.yellowpages.com/lenexa-ks/attorneys,Lenexa,KS,Johnson,(913) 541-1100,,General,8730 Bourgade St,,Kansas City,2,
Rees & Kincaid,http://reeskincaidks.localsearch.com,,https://www.yellowpages.com/lenexa-ks/attorneys,Lenexa,KS,Johnson,(913) 888-9696,,General,8730 Bourgade St Ste 100,,Kansas City,2,
87th St Pkwy Prof ADM Co Inc,http://87thstpkwyprofadmcoinc.localsearch.com,,https://www.yellowpages.com/lenexa-ks/attorneys,Lenexa,KS,Johnson,(913) 438-2760,,General,15700 College Blvd Ste 200,,Kansas City,2,
"BRT-Law, LLC",,,https://directory-kard.kscourts.gov/Home/Details?regNum=30525,Overland Park,KS,Johnson,816-588-6688,,General,12305 Bradshaw St,66213,Kansas City,2,
"Paul K. Thoma, Esq.",,,https://directory-kard.kscourts.gov/Home/Details?regNum=16145,Overland Park,KS,Johnson,913-492-7800,,General,9216 Bond St,66214,Kansas City,2,
Gregg H. Thomas Attorney at Law,,,https://directory-kard.kscourts.gov/Home/Details?regNum=15954,Overland Park,KS,Johnson,913-385-7213,,General,8000 Foster,66204,Kansas City,2,
Law Offices of Angela Thornton-Millard,,,https://directory-kard.kscourts.gov/Home/Details?regNum=31053,Lenexa,KS,Johnson,913-787-1756,,General,13304 W 80TH TER,66215,Kansas City,2,
WMLaw,,,https://directory-kard.kscourts.gov/Home/Details?regNum=30889,Olathe,KS,Johnson,913-422-0909,,General,15095 W 116th St,66062,Kansas City,2,
"Sustainable Finance Solutions, LLC",,,https://directory-kard.kscourts.gov/Home/Details?regNum=15609,Leawood,KS,Johnson,913-526-4764,,General,12820 Sherwood,66209,Kansas City,2,
"VanBebber Law Firm, LLC",,,https://directory-kard.kscourts.gov/Home/Details?regNum=10214,Leawood,KS,Johnson,913-384-5359,,General,2029 West 95th St,66206,Kansas City,2,
"Cordell Law, LLP",,,https://directory-kard.kscourts.gov/Home/Details?regNum=27982,Overland Park,KS,Johnson,816-827-8561,,General,7500 College Blvd Ste 508,66210,Kansas City,2,
"Nigh Goldenberg Raso & Vaughn, PLLC",,,https://directory-kard.kscourts.gov/Home/Details?regNum=26688,Overland Park,KS,Johnson,913-800-8518,,General,12022 Blue Valley Pkwy Ste 1020,66213,Kansas City,2,
"Jetstream Aviation Law, P.A.",,,https://directory-kard.kscourts.gov/Home/Details?regNum=14117,Olathe,KS,Johnson,913-777-4538,,General,1832 E 153rd Cir,66062,Kansas City,2,
Wagoner Bankruptcy Group PC,,,https://directory-kard.kscourts.gov/Home/Details?regNum=17489,Olathe,KS,Johnson,913-422-0909,,General,15095 W. 116th St,66062,Kansas City,2,
"Walden Legal Solutions, LLC",,,https://directory-kard.kscourts.gov/Home/Details?regNum=21143,Lenexa,KS,Johnson,913-303-1040,,General,"15621 W 87th St Pkwy, #179",66219,Kansas City,2,
John Wassberg Law Office LLC,,,https://directory-kard.kscourts.gov/Home/Details?regNum=22968,Prairie Village,KS,Johnson,913-638-6544,,General,8601 Ash Ln,66207,Kansas City,2,
The Law Office of Matthew Hult,http://thelawofficeofmatthewhultks.localsearch.com,,https://www.yellowpages.com/leawood-ks/attorneys,Leawood,KS,Johnson,(816) 529-4684,,General,5251 W 116th Pl Ste 200,,Kansas City,2,
"Harding, Benny J, ATY",http://www.propertylawfirm.com,,https://www.yellowpages.com/leawood-ks/attorneys,Leawood,KS,Johnson,(913) 396-5104,,General,4630 W 137th St,,Kansas City,2,
"Cardwell & Noyce, PA",http://cardwellnoycepa.localsearch.com,,https://www.yellowpages.com/leawood-ks/attorneys,Leawood,KS,Johnson,(913) 912-1264,,General,,,Kansas City,2,
"Bottaro, Morefield, Kubin & Yocum",http://bottaromorefieldkubinyocum.localsearch.com,,https://www.yellowpages.com/leawood-ks/attorneys,Leawood,KS,Johnson,(913) 948-8200,,General,11300 Tomahawk Creek Pkwy,,Kansas City,2,
Vold & Morris Law Office,http://www.voldmorrislaw.com,,https://www.yellowpages.com/leawood-ks/attorneys,Leawood,KS,Johnson,(913) 696-0001,,General,4701 College Blvd,,Kansas City,2,
Law Office of Daniel E Stewart,http://hstuartlaw.com,,https://www.yellowpages.com/leawood-ks/attorneys,Leawood,KS,Johnson,(913) 338-4501,,General,4707 College Blvd,,Kansas City,2,
Vermillion Law Offices,https://www.vermillionlawoffices.com,,https://www.yellowpages.com/leawood-ks/attorneys,Leawood,KS,Johnson,(913) 322-7732,,General,5330 College Blvd,,Kansas City,2,
Kraft Law Firm,http://kraftlawfirm.net,,https://www.yellowpages.com/leawood-ks/attorneys,Leawood,KS,Johnson,(913) 851-1414,,General,7011 W 121st St,,Kansas City,2,
"Chase, Dan P, ATY",http://chasedanpaty.localsearch.com,,https://www.yellowpages.com/leawood-ks/attorneys,Leawood,KS,Johnson,(913) 381-0874,,General,9229 Lee Blvd,,Kansas City,2,
Chase Law Firm,http://chaselawfirmks.localsearch.com,,https://www.yellowpages.com/leawood-ks/attorneys,Leawood,KS,Johnson,(913) 339-9666,,General,8900 State Line Rd,,Kansas City,2,
"Reed, Aaron Scott, ATY",http://reedaaronscottaty.localsearch.com,,https://www.yellowpages.com/leawood-ks/attorneys,Leawood,KS,Johnson,(913) 549-4700,,General,8900 State Line Rd,,Kansas City,2,
"Derusseau, Mary V, ATY",http://derusseaumaryvaty.localsearch.com,,https://www.yellowpages.com/leawood-ks/attorneys,Leawood,KS,Johnson,(913) 549-4700,,General,8900 State Line Rd,,Kansas City,2,
"Monaco II, Ralph A, ATTY",https://www.lawyerskc.net/attorneys-bio,,https://www.yellowpages.com/leawood-ks/attorneys,Leawood,KS,Johnson,(816) 523-2400,,General,8700 State Line Rd,,Kansas City,2,
"Owens, Steve, ATY",http://yellowpages.com/lees-summit-mo/mip/machinery-parts-midwest-23226260,,https://www.yellowpages.com/leawood-ks/attorneys,Leawood,KS,Johnson,(913) 648-7709,,General,2312 W 96th St,,Kansas City,2,
"Wilson, Peggy, ATY",http://wilsonpeggyaty.localsearch.com,,https://www.yellowpages.com/leawood-ks/attorneys,Leawood,KS,Johnson,(913) 649-6432,,General,8207 Wenonga Rd,,Kansas City,2,
"Eric B. Tanner, J.D.",http://ericbtannerjd.localsearch.com,,https://www.yellowpages.com/leawood-ks/attorneys,Leawood,KS,Johnson,(816) 509-8590,,General,9728 Lee Blvd,,Kansas City,2,
"Bioff, Allan L, ATY",http://bioffallanlaty.localsearch.com,,https://www.yellowpages.com/leawood-ks/attorneys,Leawood,KS,Johnson,(913) 649-1439,,General,9816 Lee Cir,,Kansas City,2,
Arensberg Law Offices PA,http://arensberglawofficespa.localsearch.com,,https://www.yellowpages.com/leawood-ks/attorneys,Leawood,KS,Johnson,(913) 346-4700,,General,10300 Howe Ln,,Kansas City,2,
Miller Law,http://millerlaw.localsearch.com,,https://www.yellowpages.com/leawood-ks/attorneys,Leawood,KS,Johnson,(913) 217-7137,,General,4400 W 109th St,,Kansas City,2,
Mallouk Law Firm,https://creativeplanning.com,,https://www.yellowpages.com/leawood-ks/attorneys,Leawood,KS,Johnson,(913) 696-0500,,General,3400 College Blvd,,Kansas City,2,
Barrister Group,http://barristergroup.localsearch.com,,https://www.yellowpages.com/leawood-ks/attorneys,Leawood,KS,Johnson,(913) 385-1777,,General,3400 College Blvd,,Kansas City,2,
"Zellmer, Kimberly S, ATY",https://www.zellmerlawfirm.com,,https://www.yellowpages.com/leawood-ks/attorneys,Leawood,KS,Johnson,(913) 236-6868,,General,11150 Overbrook Rd,,Kansas City,2,
"Zellmer Law Firm, LLC",http://zellmerlawfirm.com,,https://www.yellowpages.com/leawood-ks/attorneys,Leawood,KS,Johnson,(913) 236-6868,,General,11150 Overbrook Rd Ste 250,,Kansas City,2,
"Bartimus Frickleton and Robertson, P.C.",http://www.bflawfirm.com,,https://www.yellowpages.com/leawood-ks/attorneys,Leawood,KS,Johnson,(913) 266-2300,,General,11150 Overbrook Rd Ste 200,,Kansas City,2,
Davis Ketchmark McCreight & Ivers,http://www.citysearch.com/profile/724552990/leawood_ks/davis_ketchmark_mccreight_ivers.html,,https://www.yellowpages.com/leawood-ks/attorneys,Leawood,KS,Johnson,(913) 266-4500,,General,11161 Overbrook Rd,,Kansas City,2,
"Brooker, Matthew J, ATY",http://yellowpages.com/prairie-village-ks/mip/hollis-law-firm-10875452,,https://www.yellowpages.com/leawood-ks/attorneys,Leawood,KS,Johnson,(913) 253-2550,,General,11181 Overbrook Rd,,Kansas City,2,
Chase Law Firm L C,http://usapatlaw.com,,https://www.yellowpages.com/leawood-ks/attorneys,Leawood,KS,Johnson,(913) 339-9666,,General,4400 College Blvd Ste 130,,Kansas City,2,
The Law Office of Phillip M Murphy II,http://www.phillipmurphylaw.com,,https://www.yellowpages.com/leawood-ks/attorneys,Leawood,KS,Johnson,(913) 661-2900,,General,4400 College Blvd Ste 190,,Kansas City,2,
Nygaard Law Firm Pa,http://nygaardlawfirmpa.localsearch.com,,https://www.yellowpages.com/leawood-ks/attorneys,Leawood,KS,Johnson,(913) 469-5544,,General,4501 College Blvd,,Kansas City,2,
Daley & Fey,http://daleyfey.com,,https://www.yellowpages.com/leawood-ks/attorneys,Leawood,KS,Johnson,(913) 948-6300,,General,11300 Tomahawk Creek Pkwy,,Kansas City,2,
Property Tax Law Group,http://ptlg.net,,https://www.yellowpages.com/leawood-ks/attorneys,Leawood,KS,Johnson,(913) 814-8900,,General,11350 Tomahawk Creek Pkwy Ste 100,,Kansas City,2,
Kent T Perry & Co LC,http://kenttperrycolc.localsearch.com,,https://www.yellowpages.com/leawood-ks/attorneys,Leawood,KS,Johnson,(913) 498-1700,,General,4701 College Blvd,,Kansas City,2,
"Flanigan, J Patrick, ATY",http://flaniganjpatrickaty.localsearch.com,,https://www.yellowpages.com/leawood-ks/attorneys,Leawood,KS,Johnson,(913) 322-7777,,General,5330 College Blvd,,Kansas City,2,
Mason Counsel Group,https://masoncounselgroup.com,,https://www.yellowpages.com/leawood-ks/attorneys,Leawood,KS,Johnson,(888) 507-9941,,General,5350 College Blvd,,Kansas City,2,
Reynolds Attorney Dennis at Law,http://reynoldsattorneydennisatlaw.localsearch.com,,https://www.yellowpages.com/leawood-ks/attorneys,Leawood,KS,Johnson,(913) 451-2600,,General,5350 College Blvd Ste 102,,Kansas City,2,
Dunn & Davison,http://dunndavison.localsearch.com,,https://www.yellowpages.com/leawood-ks/attorneys,Leawood,KS,Johnson,(913) 387-3180,,General,11115 Ash St,,Kansas City,2,
Glen Beal Law,http://glenbeallaw.localsearch.com,,https://www.yellowpages.com/leawood-ks/attorneys,Leawood,KS,Johnson,(913) 387-3180,,General,11115 Ash St,,Kansas City,2,
Barker Law Office,http://barkerlawoffice.localsearch.com,,https://www.yellowpages.com/leawood-ks/attorneys,Leawood,KS,Johnson,(913) 387-5506,,General,11115 Ash St,,Kansas City,2,
The Owens Law Firm,https://www.lawyer.com/lara-owens.html,,https://www.yellowpages.com/leawood-ks/attorneys,Leawood,KS,Johnson,(913) 387-5503,,General,11115 Ash St,,Kansas City,2,
Tim Carmody Law,http://timcarmodylaw.localsearch.com,,https://www.yellowpages.com/leawood-ks/attorneys,Leawood,KS,Johnson,(913) 387-5501,,General,11115 Ash St,,Kansas City,2,
"Lara Owens Law,",http://laraowenslaw.localsearch.com,,https://www.yellowpages.com/leawood-ks/attorneys,Leawood,KS,Johnson,(913) 387-5503,,General,11115 Ash St,,Kansas City,2,
Wiedner & McAuliffe,http://wiednermcauliffeks.localsearch.com,,https://www.yellowpages.com/leawood-ks/attorneys,Leawood,KS,Johnson,(816) 761-3915,,General,11460 Tomahawk Creek Pkwy Ste 310,,Kansas City,2,
Snyder Law Firm,http://yellowpages.com/overland-park-ks/mip/roth-davies-llc-5159437,,https://www.yellowpages.com/leawood-ks/attorneys,Leawood,KS,Johnson,(913) 685-3900,,General,11551 Granada St Ste 100,,Kansas City,2,
Kirkland & Woods PC,https://www.kwm-law.com,,https://www.yellowpages.com/leawood-ks/attorneys,Leawood,KS,Johnson,(913) 469-0900,,General,6201 College Blvd,,Kansas City,2,
Law Offices of Kenneth M. Mcrae,http://lawofficesofkennethmmcraeks.localsearch.com,,https://www.yellowpages.com/leawood-ks/attorneys,Leawood,KS,Johnson,(913) 972-4765,,General,11401 Ash St,,Kansas City,2,
Douthit Frets Rouse Gentile & Rhodes Attorneys at Law,http://douthitfretsrousegentilerhodesattorneysatlaw.localsearch.com,,https://www.yellowpages.com/leawood-ks/attorneys,Leawood,KS,Johnson,(913) 387-1600,,General,5250 W 116th Pl,,Kansas City,2,
Leininger Law Offices,http://www.kansas-dui-lawyer.com,,https://www.yellowpages.com/leawood-ks/attorneys,Leawood,KS,Johnson,(913) 648-7070,,General,6900 College Blvd,,Kansas City,2,
Pittenger Law Group,http://pittengerlawgroup.com,,https://www.yellowpages.com/leawood-ks/attorneys,Leawood,KS,Johnson,(913) 323-4595,,General,6900 College Blvd,,Kansas City,2,
Colantuono & Associates,https://www.ksmolaw.com/contact-us,,https://www.yellowpages.com/leawood-ks/attorneys,Leawood,KS,Johnson,(913) 345-2555,,General,7015 College Blvd Ste 375,,Kansas City,2,
Shepherd Edler Law Group,http://shepherdelderlaw.com,,https://www.yellowpages.com/leawood-ks/attorneys,Leawood,KS,Johnson,(816) 737-2771,,General,4901 W 119th St,,Kansas City,2,
Allen Russell Law Office,http://allenrusselllawoffice.localsearch.com,,https://www.yellowpages.com/leawood-ks/attorneys,Leawood,KS,Johnson,(816) 221-0215,,General,12701 Overbrook Rd,,Kansas City,2,
Harvey Law Firm,http://harveylawfirmks.localsearch.com,,https://www.yellowpages.com/leawood-ks/attorneys,Leawood,KS,Johnson,(913) 491-6331,,General,7011 W 121st St,,Kansas City,2,
Fowler Law Firm,http://fowlerlawfirmks.localsearch.com,,https://www.yellowpages.com/leawood-ks/attorneys,Leawood,KS,Johnson,(913) 498-2800,,General,6740 W 121st St Ste 300,,Kansas City,2,
Bernard & Associates,http://bernardassociatesks.localsearch.com,,https://www.yellowpages.com/leawood-ks/attorneys,Leawood,KS,Johnson,(913) 335-1130,,General,12731 Glenfield Rd,,Kansas City,2,
Gentry Law,http://gentrylaw.localsearch.com,,https://www.yellowpages.com/leawood-ks/attorneys,Leawood,KS,Johnson,(816) 226-8454,,General,4421 W 130th St,,Kansas City,2,
Franklin Law Firm,http://franklinlawfirm.localsearch.com,,https://www.yellowpages.com/leawood-ks/attorneys,Leawood,KS,Johnson,(816) 941-2121,,General,13401 Mission Rd,,Kansas City,2,
"Bailey, Robert A, ATY",https://www.baileyandburke.com,,https://www.yellowpages.com/leawood-ks/attorneys,Leawood,KS,Johnson,(913) 239-0975,,General,6905 W 129th Ct,,Kansas City,2,
"Warren, Kellie, ATY",http://propertylawfirm.com,,https://www.yellowpages.com/leawood-ks/attorneys,Leawood,KS,Johnson,(913) 663-1300,,General,4630 W 137th St,,Kansas City,2,
"Burns, Michelle W, ATY",http://propertylawfirm.com,,https://www.yellowpages.com/leawood-ks/attorneys,Leawood,KS,Johnson,(913) 663-1300,,General,4630 W 137th St,,Kansas City,2,
Dickson & Pope PA,http://dicksonandpope.com,,https://www.yellowpages.com/leawood-ks/attorneys,Leawood,KS,Johnson,(785) 233-2015,,General,,,Kansas City,2,
"Dickson & Pope, P.A.",http://www.dicksonandpope.com,,https://www.yellowpages.com/leawood-ks/attorneys,Leawood,KS,Johnson,(913) 387-5510,,General,11115 Ash St,,Kansas City,2,
UPRIGHT LAW  BANKRUPTCY ATTORNEYS,http://uprightlawbankruptcyattorneysks.localsearch.com,,https://www.yellowpages.com/leawood-ks/attorneys,Leawood,KS,Johnson,(913) 305-3134,,General,7015 College Blvd Ste 375,,Kansas City,2,
MidAmerica Adoption and Counseling Services,http://midamericacounseling.com,,https://www.yellowpages.com/leawood-ks/attorneys,Leawood,KS,Johnson,(913) 626-1018,,General,2601 W 121st St,,Kansas City,2,
"Mayer, William A, ATY",http://mayerwilliamaaty.localsearch.com,,https://www.yellowpages.com/leawood-ks/attorneys,Leawood,KS,Johnson,(913) 378-0730,,General,8700 State Line Rd,,Kansas City,2,
"Law Office of Angela Hasty, LLC",http://lawofficeofangelahastyllc.localsearch.com,,https://www.yellowpages.com/leawood-ks/attorneys,Leawood,KS,Johnson,(816) 283-3535,,General,8700 State Line Rd Ste 115,,Kansas City,2,
"Sanderson, Mark Owen, ATY",http://sandersonmarkowenaty.localsearch.com,,https://www.yellowpages.com/leawood-ks/attorneys,Leawood,KS,Johnson,(913) 669-8153,,General,9730 Sagamore Rd,,Kansas City,2,
"Larson, David E, ATY",http://larsondavideatyks.localsearch.com,,https://www.yellowpages.com/leawood-ks/attorneys,Leawood,KS,Johnson,(913) 323-4531,,General,11150 Overbrook Rd,,Kansas City,2,
Larson & Larson PC,http://larsonlarsonpc.localsearch.com,,https://www.yellowpages.com/leawood-ks/attorneys,Leawood,KS,Johnson,(913) 451-2800,,General,11300 Tomahawk Creek Pkwy Ste 310,,Kansas City,2,
Shapiro & Protzman PA,https://tonyshapirolaw.com,,https://www.yellowpages.com/leawood-ks/attorneys,Leawood,KS,Johnson,(913) 491-1120,,General,11460 Tomahawk Creek Pkwy,,Kansas City,2,
South & Associates PC,http://southassociatespcks.localsearch.com,,https://www.yellowpages.com/leawood-ks/attorneys,Leawood,KS,Johnson,(913) 663-7600,,General,6363 College Blvd Ste 100,,Kansas City,2,
McNearney & Associates,http://mcnearneyassociates.localsearch.com,,https://www.yellowpages.com/leawood-ks/attorneys,Leawood,KS,Johnson,(913) 323-4595,,General,6800 College Blvd Ste 400,,Kansas City,2,
Hollis Law Firm,https://hollislawfirm.com,,https://www.yellowpages.com/prairie-village-ks/attorneys,Prairie Village,KS,Johnson,(913) 385-5400,,General,5100 W 95th St,,Kansas City,2,
Waddell Law Firm,https://www.aswlawfirm.com,,https://www.yellowpages.com/prairie-village-ks/attorneys,Prairie Village,KS,Johnson,(816) 399-5510,,General,1900 W 75th St,,Kansas City,2,
Seck & Associates,https://www.seckassociates.com,,https://www.yellowpages.com/prairie-village-ks/attorneys,Prairie Village,KS,Johnson,(913) 815-8481,,General,5000 W 95th St,,Kansas City,2,
"Neal, Linda Mary",http://neallindamaryks.localsearch.com,,https://www.yellowpages.com/prairie-village-ks/attorneys,Prairie Village,KS,Johnson,(913) 345-0006,,General,7807 Chadwick St,,Kansas City,2,
S Woods Law Office,http://swoodslawoffice.localsearch.com,,https://www.yellowpages.com/prairie-village-ks/attorneys,Prairie Village,KS,Johnson,(913) 671-7172,,General,2909 W 74th St,,Kansas City,2,
"Meara Welch Browne, PC",http://mwbpc.com,,https://www.yellowpages.com/prairie-village-ks/attorneys,Prairie Village,KS,Johnson,(816) 561-1400,,General,4121 W 83rd St,,Kansas City,2,
"Keelan Bass, Regina",http://keelanbassregina.localsearch.com,,https://www.yellowpages.com/prairie-village-ks/attorneys,Prairie Village,KS,Johnson,(913) 385-0555,,General,8014 State Line Rd Ste 100,,Kansas City,2,
G Southerland Law Offices,http://gsoutherlandlawoffices.localsearch.com,,https://www.yellowpages.com/prairie-village-ks/attorneys,Prairie Village,KS,Johnson,(913) 381-7700,,General,5250 W 94th Ter,,Kansas City,2,
Koons Law Firm,http://yellowpages.com/overland-park-ks/mip/roth-davies-llc-5159437,,https://www.yellowpages.com/prairie-village-ks/attorneys,Prairie Village,KS,Johnson,(913) 652-3377,,General,5350 W 94th Ter Ste 205,,Kansas City,2,
Stalter Legal Service,http://stalterlegal.com,,https://www.yellowpages.com/prairie-village-ks/attorneys,Prairie Village,KS,Johnson,(913) 378-9920,,General,5350 W 94th Ter,,Kansas City,2,
Zinn Law Firm PA,http://zinnlawfirmpa.localsearch.com,,https://www.yellowpages.com/prairie-village-ks/attorneys,Prairie Village,KS,Johnson,(913) 387-3191,,General,5100 W 95th St,,Kansas City,2,
Gunderson Sharpe & Walke,http://midwest-law.com,,https://www.yellowpages.com/prairie-village-ks/attorneys,Prairie Village,KS,Johnson,(913) 901-0505,,General,5301 W 75th St,,Kansas City,2,
Rm Legal Group,https://www.rmlegalgroup.com,,https://www.yellowpages.com/prairie-village-ks/attorneys,Prairie Village,KS,Johnson,(913) 766-5583,,General,8201 Mission Rd,,Kansas City,2,
Logan Logan & Watson,http://www.loganlaw.com,,https://www.yellowpages.com/prairie-village-ks/attorneys,Prairie Village,KS,Johnson,(913) 381-1121,,General,8340 Mission Rd,,Kansas City,2,
Couch Pierce King & Wharton Chtd,,,https://directory-kard.kscourts.gov/Home/Details?regNum=16228,Overland Park,KS,Johnson,913-451-8430,,General,10975 Benson Ste 370,66210,Kansas City,2,
Whitham Law Firm,,,https://directory-kard.kscourts.gov/Home/Details?regNum=27874,Leawood,KS,Johnson,816-522-3399,,General,"12120 State Line Rd, Box 265",66209,Kansas City,2,
Office Of William H. Griffin,,,https://directory-kard.kscourts.gov/Home/Details?regNum=12868,Overland Park,KS,Johnson,913-677-1311,,General,6310 Lamar Ste 220,66202,Kansas City,2,
Law Office Of Stephen M. Woodsmall,,,https://directory-kard.kscourts.gov/Home/Details?regNum=12461,Prairie Village,KS,Johnson,913-461-9123,,General,8956 Linden Ln,66207,Kansas City,2,
PH Business Law Advisors,,,https://directory-kard.kscourts.gov/Home/Details?regNum=27388,Leawood,KS,Johnson,913-647-7522,,General,8700 Monrovia #310,66209,Kansas City,2,
"Northland Securities, Inc.",,,https://directory-kard.kscourts.gov/Home/Details?regNum=15443,Olathe,KS,Johnson,816-807-2819,,General,20905 W 106th St,66061,Kansas City,2,
Property Tax Law Group,,,https://directory-kard.kscourts.gov/Home/Details?regNum=30211,Overland Park,KS,Johnson,913-814-8900,,General,7400 W 132nd St Ste 160,66213,Kansas City,2,
"The Bell Law Firm, P.A.",,,https://directory-kard.kscourts.gov/Home/Details?regNum=19013,Leawood,KS,Johnson,913-219-4513,,General,13714 Howe Drive  #406,66224,Kansas City,2,
Benge Law Firm,,,https://directory-kard.kscourts.gov/Home/Details?regNum=11243,Leawood,KS,Johnson,913-636-4700,,General,8026 Manor Rd,66206,Kansas City,2,
"Bennett & Bodine, P.A.",,,https://directory-kard.kscourts.gov/Home/Details?regNum=12656,Shawnee,KS,Johnson,913-948-7900,,General,11125 Johnson Dr,66203,Kansas City,2,
"Tenex Security, Inc.",,,https://directory-kard.kscourts.gov/Home/Details?regNum=22632,Overland Park,KS,Johnson,913-314-7223,,General,"9401 Indian Creek Pkwy, Ste #400",66210,Kansas City,2,
Duggan Shadwick Doer & Kurlbaum LLC,,,https://directory-kard.kscourts.gov/Home/Details?regNum=30270,Overland Park,KS,Johnson,913-498-3536,,General,"9101 W. 110th St, Ste 200",66210,Kansas City,2,
Brandom Law Office,http://brandomlawoffice.localsearch.com,,https://www.yellowpages.com/mission-ks/attorneys,Mission,KS,Johnson,(913) 831-8188,,General,5815 Dearborn St,,Kansas City,2,
Barnett Law Firm Chtd,http://www.barnett-law.com,,https://www.yellowpages.com/mission-ks/attorneys,Mission,KS,Johnson,(913) 281-3500,,General,5960 Dearborn St,,Kansas City,2,
"Wallace, Kolich & Slocum, LLC",https://www.workcompkc.com,,https://www.yellowpages.com/mission-ks/attorneys,Mission,KS,Johnson,(913) 362-5400,,General,"8500 Shawnee Mission Pkwy, Suite L6",,Kansas City,2,
McConwell Edward Attorney at Law,http://mcconwell.com,,https://www.yellowpages.com/mission-ks/attorneys,Mission,KS,Johnson,(913) 262-0605,,General,5925 Beverly Ave,,Kansas City,2,
Hennessy Boe & Gondring PA,http://hennessyboegondringpa.localsearch.com,,https://www.yellowpages.com/mission-ks/attorneys,Mission,KS,Johnson,(913) 671-7103,,General,5940 Lamar Ave,,Kansas City,2,
Social Security Disability Legal Advocates Inc,http://socialsecuritydisabilitylegaladvocatesinc.localsearch.com,,https://www.yellowpages.com/mission-ks/attorneys,Mission,KS,Johnson,(913) 262-6555,,General,5700 Broadmoor St Ste 500,,Kansas City,2,
Hottman & Associates,http://hottmanassociates.localsearch.com,,https://www.yellowpages.com/mission-ks/attorneys,Mission,KS,Johnson,(913) 262-4444,,General,5700 Broadmoor St,,Kansas City,2,
Law Office-Christopher R Jones,https://chrisjoneslaw.com,,https://www.yellowpages.com/mission-ks/attorneys,Mission,KS,Johnson,(913) 633-2377,,General,5700 Broadmoor St,,Kansas City,2,
Bordeau Judy Immigration Law,http://bordeaujudyimmigrationlawks.localsearch.com,,https://www.yellowpages.com/mission-ks/attorneys,Mission,KS,Johnson,(913) 432-9994,,General,5799 Broadmoor St Ste 339,,Kansas City,2,
"Ghafoo, Shahzad N, ATY",http://ghafooshahzadnaty.localsearch.com,,https://www.yellowpages.com/mission-ks/attorneys,Mission,KS,Johnson,(913) 671-7569,,General,4821 Horton St,,Kansas City,2,
Complete Legal Services,http://completelegal.us,,https://www.yellowpages.com/mission-ks/attorneys,Mission,KS,Johnson,(913) 297-1730,,General,5909 Martway St,,Kansas City,2,
Moore Law Center,https://www.kslegalhelp.com,,https://www.yellowpages.com/mission-ks/attorneys,Mission,KS,Johnson,(913) 782-7075,,General,5201 Johnson Dr,,Kansas City,2,
Edward A McConwell Law Office,http://mcconwell.com,,https://www.yellowpages.com/mission-ks/attorneys,Mission,KS,Johnson,(913) 262-0605,,General,5201 Johnson Dr,,Kansas City,2,
"McConwell, Laura L, ATY",http://mcconwell.com,,https://www.yellowpages.com/mission-ks/attorneys,Mission,KS,Johnson,(913) 262-0605,,General,5201 Johnson Dr,,Kansas City,2,
Law Offices of George A Barto,https://bartonburrows.com/contact,,https://www.yellowpages.com/mission-ks/attorneys,Mission,KS,Johnson,(816) 300-6250,,General,5201 Johnson Dr,,Kansas City,2,
Rattan Law Firm,http://rattanlawfirm.localsearch.com,,https://www.yellowpages.com/mission-ks/attorneys,Mission,KS,Johnson,(913) 432-0660,,General,7400 Johnson Dr,,Kansas City,2,
Lawson Law Office,http://www.lawsonlawllc.com,,https://www.yellowpages.com/mission-ks/attorneys,Mission,KS,Johnson,(913) 432-9922,,General,7400 Johnson Dr,,Kansas City,2,
Shapiro & Reid,https://www.logs.com/logslegalgroup.html,,https://www.yellowpages.com/mission-ks/attorneys,Mission,KS,Johnson,(913) 831-3000,,General,6811 Shawnee Mission Pkwy,,Kansas City,2,
"Blake & Uhlig, P.A.",https://blake-uhlig.com,,https://www.yellowpages.com/mission-ks/attorneys,Mission,KS,Johnson,(913) 321-8884,,General,6803 W 64th St,,Kansas City,2,
Downing & Haight Law Firm,http://downinghaightlawfirm.localsearch.com,,https://www.yellowpages.com/mission-ks/attorneys,Mission,KS,Johnson,(913) 831-2525,,General,6405 Metcalf Ave,,Kansas City,2,
Ray Kowalczewski Law Office,https://rayslawoffice.com,,https://www.yellowpages.com/mission-ks/attorneys,Mission,KS,Johnson,(913) 310-9455,,General,6405 Metcalf Ave,,Kansas City,2,
Ivan John Attorney at Law,http://ivanjohnattorneyatlaw.localsearch.com,,https://www.yellowpages.com/mission-ks/attorneys,Mission,KS,Johnson,(913) 384-0370,,General,8600 Shawnee Mission Pkwy,,Kansas City,2,
David Christian Attorneys,http://davidchristianattorneys.localsearch.com,,https://www.yellowpages.com/mission-ks/attorneys,Mission,KS,Johnson,(913) 674-8215,,General,PO Box 9120,,Kansas City,2,
Gillette Law Firm,http://gillettelawfirm.localsearch.com,,https://www.yellowpages.com/mission-ks/attorneys,Mission,KS,Johnson,(913) 371-4131,,General,5501 Foxridge Dr,,Kansas City,2,
"Barnett, Kathryn P, ATY",http://barnett-law.com,,https://www.yellowpages.com/mission-ks/attorneys,Mission,KS,Johnson,(913) 281-2350,,General,5960 Dearborn St,,Kansas City,2,
Sexton & Shelor,http://sextonshelor.localsearch.com,,https://www.yellowpages.com/mission-ks/attorneys,Mission,KS,Johnson,(913) 789-7477,,General,6901 Shawnee Mission Pkwy Ste 111,,Kansas City,2,
Knopp Law Office PA,http://knopplawofficepa.localsearch.com,,https://www.yellowpages.com/mission-ks/attorneys,Mission,KS,Johnson,(913) 831-9000,,General,6400 Glenwood St Ste 204,,Kansas City,2,
Levy & Craig,http://www.levycraig.com,,https://www.yellowpages.com/mission-ks/attorneys,Mission,KS,Johnson,(913) 831-6900,,General,6330 Lamar Ave Ste 220,,Kansas City,2,
Bitner Legal LLC,,,https://directory-kard.kscourts.gov/Home/Details?regNum=24431,Olathe,KS,Johnson,913-271-5821,,General,232 S Cherry St,66061,Kansas City,2,
"Boothe Law & Mediation, LLC",,,https://directory-kard.kscourts.gov/Home/Details?regNum=22596,Olathe,KS,Johnson,913-890-4790,,General,130 N. Cherry St Ste 101,66061,Kansas City,2,
"Botts ADR Services, LLC",,,https://directory-kard.kscourts.gov/Home/Details?regNum=26358,Overland Park,KS,Johnson,913-226-7186,,General,9712 W 121st Ter,66213,Kansas City,2,
"PBI Gordon Companies, Inc.",,,https://directory-kard.kscourts.gov/Home/Details?regNum=11055,Shawnee,KS,Johnson,816-460-6319,,General,22701 W 68th Ter,66226,Kansas City,2,
Bower Mediation Solutions LLC,,,https://directory-kard.kscourts.gov/Home/Details?regNum=18451,Overland Park,KS,Johnson,913-283-7003,,General,7007 College Blvd Ste 430,66211,Kansas City,2,
KLB Law LLC,,,https://directory-kard.kscourts.gov/Home/Details?regNum=26935,Shawnee,KS,Johnson,913-600-5656,,General,11658 W 75th St Ste D,66214,Kansas City,2,
"Brenton Law Group, P.A.",,,https://directory-kard.kscourts.gov/Home/Details?regNum=11694,Overland Park,KS,Johnson,913-491-2900,,General,8211 W 129th Ter,66213,Kansas City,2,
Quanta Infrastructure Solutions Group,,,https://directory-kard.kscourts.gov/Home/Details?regNum=19336,Overland Park,KS,Johnson,913-593-0863,,General,7101 College Blvd,66211,Kansas City,2,
Axiom Legal,,,https://directory-kard.kscourts.gov/Home/Details?regNum=18307,Fairway,KS,Johnson,816-260-0267,,General,5924 Cherokee Dr,66205,Kansas City,2,
Bubeck Law LLC,,,https://directory-kard.kscourts.gov/Home/Details?regNum=25449,Overland Park,KS,Johnson,913-340-7206,,General,"5440 W 110th St, Ste 300",66211,Kansas City,2,
Law Office of David M. Buffo,,,https://directory-kard.kscourts.gov/Home/Details?regNum=21399,Overland Park,KS,Johnson,913-825-4663,,General,"7045 College Blvd, Ste 800",66211,Kansas City,2,
"Foley & Mansfield, PLLP",,,https://directory-kard.kscourts.gov/Home/Details?regNum=26170,Overland Park,KS,Johnson,913-232-8800,,General,"10740 Nall Ave, Ste 242",66211,Kansas City,2,
Burns Law LLC,,,https://directory-kard.kscourts.gov/Home/Details?regNum=21167,Leawood,KS,Johnson,913-663-1300,,General,4630 W 137th St,66224,Kansas City,2,
Busch Law LLC,,,https://directory-kard.kscourts.gov/Home/Details?regNum=9641,Overland Park,KS,Johnson,913-451-8383,,General,5425 W. 101st Ter PO Box 7086,66207,Kansas City,2,
The Lead Group,,,https://directory-kard.kscourts.gov/Home/Details?regNum=25860,Leawood,KS,Johnson,913-766-5600,,General,8900 State Line Rd Ste 200,66206,Kansas City,2,
"The Law Office Of Douglas K. DeZube, LLC",,,https://directory-kard.kscourts.gov/Home/Details?regNum=15891,Lenexa,KS,Johnson,913-385-0355,,General,11322 W 79th St,66214,Kansas City,2,
The Law Office of J.D. Dobbins PLLC,,,https://directory-kard.kscourts.gov/Home/Details?regNum=29089,Overland Park,KS,Johnson,913-914-7979,,General,"6750 W 93rd St, Ste 200",66212,Kansas City,2,
Law Office Of Linda C. Krebs,,,https://directory-kard.kscourts.gov/Home/Details?regNum=13137,Overland Park,KS,Johnson,913-302-3318,,General,11120 W 77th Ter,66214,Kansas City,2,
"Reiber Law Office, LLC",,,https://directory-kard.kscourts.gov/Home/Details?regNum=12164,Olathe,KS,Johnson,913-226-6762,,General,11032 S Whitetail Ln,66061,Kansas City,2,
"Roberson Law, LLC",,,https://directory-kard.kscourts.gov/Home/Details?regNum=25574,Overland Park,KS,Johnson,913-747-6488,,General,7415 W 130th St Ste 160,66213,Kansas City,2,
KSA Law LLC,,,https://directory-kard.kscourts.gov/Home/Details?regNum=30567,Prairie Village,KS,Johnson,913-244-3653,,General,7301 Mission Rd Bldg A. Ste 100,66208,Kansas City,2,
Law Office of Pamela W. Brown,,,https://directory-kard.kscourts.gov/Home/Details?regNum=21911,Overland Park,KS,Johnson,816-372-2041,,General,7301 W 133rd St Ste 302,66213,Kansas City,2,
Weber Elder Law Office,,,https://directory-kard.kscourts.gov/Home/Details?regNum=17330,Overland Park,KS,Johnson,913-661-0550,,General,8645 College Blvd Ste 105,66210,Kansas City,2,
"Morton Salt, Inc.",,,https://directory-kard.kscourts.gov/Home/Details?regNum=16528,Overland Park,KS,Johnson,816-214-3896,,General,10955 Lowell Ave,66210,Kansas City,2,
Law Office of Carl L. Christensen,,,https://directory-kard.kscourts.gov/Home/Details?regNum=21142,Overland Park,KS,Johnson,913-777-1343,,General,PO Box 25652,66225,Kansas City,2,
Ellis & Zolotor Law Office,http://www.ellisjudd.com,,https://www.yellowpages.com/spring-hill-ks/attorneys,Spring Hill,KS,Johnson,(913) 592-2029,,General,703 N Webster St,,Kansas City,2,
Holmes Law Office,http://holmeslawofficeks.localsearch.com,,https://www.yellowpages.com/de-soto-ks/attorneys,De Soto,KS,Johnson,(913) 484-8943,,General,8295 Tupelo,,Kansas City,2,
StoryOne Family Office,,,https://directory-kard.kscourts.gov/Home/Details?regNum=22677,Overland Park,KS,Johnson,913-544-0600,,General,7501 College Blvd Ste 120,66210,Kansas City,2,
"Carrot Fertility, Inc.",,,https://directory-kard.kscourts.gov/Home/Details?regNum=27649,Leawood,KS,Johnson,216-392-8528,,General,2908 W 146th St,66224,Kansas City,2,
Cowell Law Firm,,,https://directory-kard.kscourts.gov/Home/Details?regNum=16705,Overland Park,KS,Johnson,913-469-8777,,General,7450 W. 130th St Ste 205,66213,Kansas City,2,
"Axiom, Inc.",,,https://directory-kard.kscourts.gov/Home/Details?regNum=28028,Shawnee,KS,Johnson,913-713-1705,,General,"13851 W 63rd St, Ste 237",66216,Kansas City,2,
"Collins Law Office, LLC",,,https://directory-kard.kscourts.gov/Home/Details?regNum=22675,Olathe,KS,Johnson,913-538-7472,,General,PO Box 4786,66063,Kansas City,2,
"CU Capital Market Solutions, LLC",,,https://directory-kard.kscourts.gov/Home/Details?regNum=14391,Overland Park,KS,Johnson,913-402-2623,,General,"7200 W 132nd St, Ste 240",66213,Kansas City,2,
LawAtWork,,,https://directory-kard.kscourts.gov/Home/Details?regNum=16488,Overland Park,KS,Johnson,913-488-4300,,General,13726 Metcalf Ave #306,66223,Kansas City,2,
Rouse Frets White Goss Gentile Rhodes,,,https://directory-kard.kscourts.gov/Home/Details?regNum=28165,Leawood,KS,Johnson,913-387-1600,,General,"5250 W 116th Pl, Ste 400",66211,Kansas City,2,
Henry R. Cox - Attorney At Law,,,https://directory-kard.kscourts.gov/Home/Details?regNum=11010,Shawnee,KS,Johnson,913-707-0331,,General,7011 Constance St,66216,Kansas City,2,
"Executive Hills Management, Inc.",,,https://directory-kard.kscourts.gov/Home/Details?regNum=18840,Overland Park,KS,Johnson,913-944-8076,,General,5000 College Blvd,66211,Kansas City,2,
Aprio Advisory Group LLC,,,https://directory-kard.kscourts.gov/Home/Details?regNum=20502,Overland Park,KS,Johnson,913-451-1882,,General,"7101 College Blvd, Ste 900",66210,Kansas City,2,
Dedrickson Law Office,,,https://directory-kard.kscourts.gov/Home/Details?regNum=21883,Shawnee,KS,Johnson,913-210-0797,,General,5515 Chouteau,66226,Kansas City,2,
Morrison & Dersch LLC,,,https://directory-kard.kscourts.gov/Home/Details?regNum=20757,Olathe,KS,Johnson,913-780-6666,,General,"130 N Cherry St, Ste 103",66061,Kansas City,2,
"Law Offices of James W. Fletcher, Jr.",,,https://directory-kard.kscourts.gov/Home/Details?regNum=23057,Overland Park,KS,Johnson,913-365-2364,,General,"7300 W. 110th St, 7th Floor",66210,Kansas City,2,
Thomas W Harris Law Office,http://thomaswharrislawoffice.localsearch.com,,https://www.yellowpages.com/roeland-park-ks/attorneys,Roeland Park,KS,Johnson,(913) 677-1500,,General,4900 Johnson Dr,,Kansas City,2,
Drill Law Firm,https://drilllaw.com,,https://www.yellowpages.com/roeland-park-ks/attorneys,Roeland Park,KS,Johnson,(877) 957-1101,,General,5115 Roe Blvd Ste 100,,Kansas City,2,
"Silk, Ben, ATY",http://silkbenaty.localsearch.com,,https://www.yellowpages.com/roeland-park-ks/attorneys,Roeland Park,KS,Johnson,(913) 432-2755,,General,5301 W 50th St,,Kansas City,2,
Vasos Law,http://vasoslaw.localsearch.com,,https://www.yellowpages.com/fairway-ks/attorneys,Fairway,KS,Johnson,(913) 362-4400,,General,4400 Shawnee Mission Pkwy Ste 100,,Kansas City,2,
MannTuckerMuirGordon,https://mtmgfamilylaw.com,,https://www.yellowpages.com/fairway-ks/attorneys,Fairway,KS,Johnson,(913) 534-8099,,General,4400 Shawnee Mission Pkwy,,Kansas City,2,
Muxlow Law Group,http://muxlowlawgroup.localsearch.com,,https://www.yellowpages.com/fairway-ks/attorneys,Fairway,KS,Johnson,(913) 909-8288,,General,5331 Falmouth Rd,,Kansas City,2,
"Wallace, Kolich & Slocum, LLC",,,https://www.yellowpages.com/fairway-ks/attorneys,Fairway,KS,Johnson,(913) 362-5400,,General,8500 Shawnee Mission PKWY Suite L6,,Kansas City,2,
The Hecker Law Group,,,https://directory-kard.kscourts.gov/Home/Details?regNum=26686,Overland Park,KS,Johnson,602-677-1204,,General,16413 Rosehill St,66221,Kansas City,2,
Stretz & Quinn PC,,,https://directory-kard.kscourts.gov/Home/Details?regNum=25503,Overland Park,KS,Johnson,816-888-8455,,General,10551 Barkley St Ste 308,66212,Kansas City,2,
"Kice Comprehensive Legal Solutions, LLC",,,https://directory-kard.kscourts.gov/Home/Details?regNum=28468,Spring Hill,KS,Johnson,913-585-5315,,General,703 N Webster,66083,Kansas City,2,
Jetlaw LLC,,,https://directory-kard.kscourts.gov/Home/Details?regNum=26768,Overland Park,KS,Johnson,202-499-3834,,General,10801 Mastin St Ste 740,66210,Kansas City,2,
Wallace Kolich & Slocum LLC,,,https://directory-kard.kscourts.gov/Home/Details?regNum=21611,Merriam,KS,Johnson,913-362-5400,,General,"8500 Shawnee Mission Pkwy, Ste L6",66202,Kansas City,2,
KBM Law Group LLC,,,https://directory-kard.kscourts.gov/Home/Details?regNum=22542,Overland Park,KS,Johnson,913-907-9114,,General,14301 Connell St,66221,Kansas City,2,
McConwell Law Offices,,,https://directory-kard.kscourts.gov/Home/Details?regNum=6454,Overland Park,KS,Johnson,913-262-0605,,General,8000 Foster,66204,Kansas City,2,
McConwell Law Firm,,,https://directory-kard.kscourts.gov/Home/Details?regNum=17115,Fairway,KS,Johnson,913-220-9235,,General,5918 Windsor Dr,66205,Kansas City,2,
McElhinney Law,,,https://directory-kard.kscourts.gov/Home/Details?regNum=15506,Olathe,KS,Johnson,913-980-5577,,General,12362 S Sagebrush Dr,66061,Kansas City,2,
"Molle Law Firm, LLC",,,https://directory-kard.kscourts.gov/Home/Details?regNum=27543,Prairie Village,KS,Johnson,816-591-8815,,General,"5200 W 94th Ter, Ste 200",66207,Kansas City,2,
"Anderson Law, LLC",,,https://directory-kard.kscourts.gov/Home/Details?regNum=28529,Westwood,KS,Johnson,816-231-9907,,General,1901 W 47th Pl Ste 300,66205,Kansas City,2,
RDD Family Office,,,https://directory-kard.kscourts.gov/Home/Details?regNum=14986,Leawood,KS,Johnson,913-814-3830,,General,4501 W. 135th St.,66224,Kansas City,2,
McKee Law LLC,,,https://directory-kard.kscourts.gov/Home/Details?regNum=20889,Olathe,KS,Johnson,913-768-6400,,General,222 S Cherry St,66061,Kansas City,2,
Rae Nicholson Law LLC,,,https://directory-kard.kscourts.gov/Home/Details?regNum=24173,Overland Park,KS,Johnson,913-717-7043,,General,"51 Corporate Woods, Ste 500 9393 W 110th St",66210,Kansas City,2,
Noyce & Assoc. P.C.,,,https://directory-kard.kscourts.gov/Home/Details?regNum=20870,Leawood,KS,Johnson,913-912-1264,,General,"11111 Nall Ave, Ste 104",66211,Kansas City,2,
Pine Lake Law Firm,,,https://directory-kard.kscourts.gov/Home/Details?regNum=25651,Prairie Village,KS,Johnson,651-214-4074,,General,7301 Mission Rd Ste 244E,66208,Kansas City,2,
Orrick & Erskine LLP,,,https://directory-kard.kscourts.gov/Home/Details?regNum=12511,Overland Park,KS,Johnson,913-888-1777,,General,11900 College Blvd Ste 203,66210,Kansas City,2,
"Of Counsel, Foulston Siefkin, LLP",,,https://directory-kard.kscourts.gov/Home/Details?regNum=8558,Overland Park,KS,Johnson,913-253-2146,,General,"7500 College Blvd, Ste 1400",66210,Kansas City,2,
Timothy V. Pickell Law Offices,,,https://directory-kard.kscourts.gov/Home/Details?regNum=9664,Westwood,KS,Johnson,913-362-8560,,General,4800 Rainbow Blvd #100,66205,Kansas City,2,
The Pickering Law Firm PA,,,https://directory-kard.kscourts.gov/Home/Details?regNum=14272,Overland Park,KS,Johnson,913-647-9019,,General,7121 W 79th St,66204,Kansas City,2,
"Fridgewize, Inc.",,,https://directory-kard.kscourts.gov/Home/Details?regNum=15568,Shawnee,KS,Johnson,816-519-5666,,General,6218 Melrose Ln,66203,Kansas City,2,
Sunflower Law LLC,,,https://directory-kard.kscourts.gov/Home/Details?regNum=22208,Overland Park,KS,Johnson,913-241-0340,,General,"7111 W 151st St, Ste 20",66223,Kansas City,2,
"Outside Inside Counsel, LLC",,,https://directory-kard.kscourts.gov/Home/Details?regNum=18649,Leawood,KS,Johnson,913-568-7299,,General,8406 Ensley Ln,66206,Kansas City,2,
Potts Law Firm,https://potts-law.com,,https://www.yellowpages.com/westwood-ks/attorneys,Westwood,KS,Johnson,(816) 931-2230,,General,1901 W 47th Pl Ste 210,,Kansas City,2,
SJP Law Firm,https://www.sjplawfirm.com,,https://www.yellowpages.com/westwood-ks/attorneys,Westwood,KS,Johnson,(816) 819-3880,,General,1901 W 47th Pl Ste 200,,Kansas City,2,
Breer Law Firm,https://www.breerlawfirm.com/contact,,https://www.yellowpages.com/westwood-ks/attorneys,Westwood,KS,Johnson,(913) 485-9063,,General,2916 W 47th Ter,,Kansas City,2,
Pasco Law Office,http://pascolawoffice.localsearch.com,,https://www.yellowpages.com/westwood-ks/attorneys,Westwood,KS,Johnson,(913) 384-0034,,General,4800 Rainbow Blvd Ste 200,,Kansas City,2,
"Richter Legal Services, LLC",,,https://directory-kard.kscourts.gov/Home/Details?regNum=24157,Overland Park,KS,Johnson,913-496-0700,,General,"7199 W 98th Ter, #120",66212,Kansas City,2,
Savage & Browning,,,https://directory-kard.kscourts.gov/Home/Details?regNum=26133,Overland Park,KS,Johnson,913-385-3131,,General,8676 W 96th St Ste 100,66212,Kansas City,2,
"A.D.Schlup Law, LLC",,,https://directory-kard.kscourts.gov/Home/Details?regNum=25609,Overland Park,KS,Johnson,913-522-1396,,General,10950 W 192nd Pl,66083,Kansas City,2,
Geoffrey Schmidt Attorney at Law,,,https://directory-kard.kscourts.gov/Home/Details?regNum=16067,Overland Park,KS,Johnson,913-648-3220,,General,8000 Foster St,66204,Kansas City,2,
Stockton & Kandt LLC,,,https://directory-kard.kscourts.gov/Home/Details?regNum=30749,Overland Park,KS,Johnson,913-521-2828,,General,"9401 Indian Creek Pkwy, Ste 700",66210,Kansas City,2,
Schowengerdt Law LLC,,,https://directory-kard.kscourts.gov/Home/Details?regNum=23766,Leawood,KS,Johnson,620-228-8980,,General,4745 W 136th St,66224,Kansas City,2,
Schutte Law,,,https://directory-kard.kscourts.gov/Home/Details?regNum=7716,Leawood,KS,Johnson,816-914-3704,,General,4004 W 124th St,66209,Kansas City,2,
"Charles Scott, Attorney at Law",,,https://directory-kard.kscourts.gov/Home/Details?regNum=8573,Shawnee,KS,Johnson,913-396-2818,,General,6031 Albervan St,66216,Kansas City,2,
The Law Office of DL Spence,,,https://directory-kard.kscourts.gov/Home/Details?regNum=17617,Prairie Village,KS,Johnson,816-456-4223,,General,3916 W 68th Ter,66208,Kansas City,2,
"Stip Law, LLC",,,https://directory-kard.kscourts.gov/Home/Details?regNum=21453,Leawood,KS,Johnson,913-747-8462,,General,10516 Manor Rd,66206,Kansas City,2,
Dixon Szczucinski Law Firm,,,https://directory-kard.kscourts.gov/Home/Details?regNum=18050,Olathe,KS,Johnson,913-488-3810,,General,16885 W 161st Ter,66062,Kansas City,2,
"Paul M. Dent, Attorney At Law",,,https://directory-kard.kscourts.gov/Home/Details?regNum=8524,Overland Park,KS,Johnson,913-621-2528,,General,12819 Haskins St,66213,Kansas City,2,
"Hetley Law Firm, P.A.",,,//www.lawyers.com/overland-park/kansas/hetley-law-firm-p-a-2509231-f/,Overland Park,KS,Johnson,,,General,"6900 College Boulevard, Suite 325",66211,Kansas City,2,
"Cordell & Cordell, P.C.",,,//www.lawyers.com/overland-park/kansas/cordell-and-cordell-p-c-300011707-f/,Overland Park,KS,Johnson,,,General,7500 College Blvd.,66210,Kansas City,2,
"Law Offices of H. Reed Walker, P.A.",,,//www.lawyers.com/overland-park/kansas/law-offices-of-h-reed-walker-p-a-1007438-f/,Overland Park,KS,Johnson,,,General,"6901 Shawnee Mission Parkway, Ste. 250",66202,Kansas City,2,
"Matteuzzi Law, P.C.",,,//www.lawyers.com/overland-park/kansas/matteuzzi-law-p-c-3141270-f/,Overland Park,KS,Johnson,,,General,10111 W. 105th Street,66212,Kansas City,2,
"W Law Group, LC",,,//www.lawyers.com/overland-park/kansas/w-law-group-lc-3123077-f/,Overland Park,KS,Johnson,,,General,"6900 College Boulevard, Suite 820",66211,Kansas City,2,
Oliver & Reichel P.A.,,,//www.lawyers.com/overland-park/kansas/oliver-reichel-p-a-3889048-f/,Overland Park,KS,Johnson,,,General,"11020 King Street, Suite 215",66210,Kansas City,2,
Kreamer Kincaid Taylor Lipsman Parks & Arney,,,//www.lawyers.com/overland-park/kansas/kreamer-kincaid-taylor-lipsman-parks-arney-300042939-f/,Overland Park,KS,Johnson,,,Attorneys at Law,7450 W. 130th Street,66213,Kansas City,2,
"Shapiro Law Office, P.A.",,,//www.lawyers.com/overland-park/kansas/shapiro-law-office-p-a-3636766-f/,Overland Park,KS,Johnson,,,General,"8826 Santa Fe Drive, Suite 110",66212,Kansas City,2,
"Berman & Rabin, P.A.",,,//www.lawyers.com/overland-park/kansas/berman-and-rabin-p-a-1008762-f/,Overland Park,KS,Johnson,,,General,15280 Metcalf Avenue,66223,Kansas City,2,
"Harvest Law KC, LC",,,//www.lawyers.com/overland-park/kansas/harvest-law-kc-lc-1009248-f/,Overland Park,KS,Johnson,,,General,5209 W 164th St,66085,Kansas City,2,
"DE Doherty Law Office, LLC",,,https://directory-kard.kscourts.gov/Home/Details?regNum=12761,Overland Park,KS,Johnson,913-338-7182,,General,"7300 W. 110th St, Ste 930",66210,Kansas City,2,
Michael P. Dreiling LLC dba Dreiling Law,,,https://directory-kard.kscourts.gov/Home/Details?regNum=19432,Prairie Village,KS,Johnson,913-764-5011,,General,2516 W 79th St,66208,Kansas City,2,
"GBA Companies Corporate Services, LLC",,,https://directory-kard.kscourts.gov/Home/Details?regNum=27205,Lenexa,KS,Johnson,913-577-8363,,General,9801 Renner Blvd,66219,Kansas City,2,
"Dwyer & Dykes, L.C.",,,https://directory-kard.kscourts.gov/Home/Details?regNum=6562,Overland Park,KS,Johnson,913-383-3131,,General,6750 W 93rd St Ste 230,66212,Kansas City,2,
"The Fridkin Law Firm, LLC",,,https://directory-kard.kscourts.gov/Home/Details?regNum=18625,Shawnee,KS,Johnson,913-248-9100,,General,"10620 Johnson Dr, Ste 100",66203,Kansas City,2,
Friend & Associates LLC,,,https://directory-kard.kscourts.gov/Home/Details?regNum=15549,Prairie Village,KS,Johnson,913-213-5402,,General,4200 Somerset Dr #208,66208,Kansas City,2,
Law Offices of Brian T. Goldstein LLC,,,https://directory-kard.kscourts.gov/Home/Details?regNum=19077,Overland Park,KS,Johnson,913-558-0228,,General,"7500 W. 151st St, #23562",66283,Kansas City,2,
"Hennessy & Gondring, P.A.",,,https://directory-kard.kscourts.gov/Home/Details?regNum=21131,Leawood,KS,Johnson,816-838-9526,,General,10421 Howe Ln,66206,Kansas City,2,
Good & Associates,,,https://directory-kard.kscourts.gov/Home/Details?regNum=25612,Leawood,KS,Johnson,785-480-0186,,General,5004 W 131st St,66209,Kansas City,2,
"Henderson Law, LLC",,,https://directory-kard.kscourts.gov/Home/Details?regNum=20558,Lenexa,KS,Johnson,913-645-0222,,General,8820 Monrovia #15752,66215,Kansas City,2,
Law Office of Steve Hendler,,,https://directory-kard.kscourts.gov/Home/Details?regNum=29899,Leawood,KS,Johnson,913-717-7129,,General,11350 Tomahawk Creek Pkwy Ste 200,66211,Kansas City,2,
Fontg Law Group,,,https://directory-kard.kscourts.gov/Home/Details?regNum=18703,Overland Park,KS,Johnson,816-213-7313,,General,"7309 W 80th St, Ste 320",66206,Kansas City,2,
Funk House Law LLC,,,https://directory-kard.kscourts.gov/Home/Details?regNum=30851,Leawood,KS,Johnson,913-952-7349,,General,13121 Cedar St,66209,Kansas City,2,
Law Office of Teresa Kidd,,,https://directory-kard.kscourts.gov/Home/Details?regNum=12166,Shawnee,KS,Johnson,913-945-0504,,General,4775 Lakecrest Dr,66218,Kansas City,2,
Kevin McManus Law: Overland Park Personal Injury & Accident Lawyers,,https://www.google.com/maps/search/?api=1&query=Kevin%20McManus%20Law%3A%20Overland%20Park%20Personal%20Injury%20%26%20Accident%20Lawyers%20Overland%20Park%20KS,https://lawyers.findlaw.com/personal-injury-plaintiff/kansas/overland-park/,Overland Park,KS,Johnson,,,Personal Injury,"7500 College Blvd, Suite 559",,Kansas City,,
The Lopez Law Group,,https://www.google.com/maps/search/?api=1&query=The%20Lopez%20Law%20Group%20Overland%20Park%20KS,https://lawyers.findlaw.com/personal-injury-plaintiff/kansas/overland-park/,Overland Park,KS,Johnson,,,Personal Injury,"12022 Blue Valley Pkwy, PMB 636",,Kansas City,,
Crabtree Law Office,,https://www.google.com/maps/search/?api=1&query=Crabtree%20Law%20Office%20Overland%20Park%20KS,https://lawyers.findlaw.com/personal-injury-plaintiff/kansas/overland-park/,Overland Park,KS,Johnson,,,Personal Injury | Medical Malpractice,4460 W 107th St.,,Kansas City,,2
Kansas City Accident Injury Attorneys,,https://www.google.com/maps/search/?api=1&query=Kansas%20City%20Accident%20Injury%20Attorneys%20Olathe%20KS,https://lawyers.findlaw.com/personal-injury-plaintiff/kansas/olathe/,Olathe,KS,Johnson,,,Personal Injury | Medical Malpractice,"110 South Cherry Street, Suite 103",,Kansas City,,
Jungle Law,,https://www.google.com/maps/search/?api=1&query=Jungle%20Law%20Olathe%20KS,https://lawyers.findlaw.com/personal-injury-plaintiff/kansas/olathe/,Olathe,KS,Johnson,,,Personal Injury | DUI/DWI,"115 East Park Street, Suite C",,Kansas City,,
"Morrison Law, LLC",,https://www.google.com/maps/search/?api=1&query=Morrison%20Law%2C%20LLC%20Prairie%20Village%20KS,https://lawyers.findlaw.com/personal-injury-plaintiff/kansas/prairie-village/,Prairie Village,KS,Johnson,,,Personal Injury | Divorce,"5301 W. 75th Street, Suite 200",,Kansas City,,
The Henry Law Firm P.A.,,https://www.google.com/maps/search/?api=1&query=The%20Henry%20Law%20Firm%20P.A.%20Overland%20Park%20KS,https://lawyers.findlaw.com/family-law/kansas/overland-park/,Overland Park,KS,Johnson,,,Family Law | Divorce | Child Custody,"9225 Indian Creek Parkway, Suite 1150",,Kansas City,,
"Barbara E. Hecht, P.C.",,https://www.google.com/maps/search/?api=1&query=Barbara%20E.%20Hecht%2C%20P.C.%20Overland%20Park%20KS,https://lawyers.findlaw.com/family-law/kansas/overland-park/,Overland Park,KS,Johnson,,,Family Law | Business Law | DUI/DWI | Divorce | Probate | Child Custody | Traffic Violations | Trusts | Wills,3425 West 95th Street,,Kansas City,,
"Steven D. Henry M.Div., J.D.",,https://www.google.com/maps/search/?api=1&query=Steven%20D.%20Henry%20M.Div.%2C%20J.D.%20Overland%20Park%20KS,https://lawyers.findlaw.com/family-law/kansas/overland-park/,Overland Park,KS,Johnson,,,Family Law,"9225 Indian Creek Parkway, Suite 1150",,Kansas City,,
"Landon Law, LLC",,https://www.google.com/maps/search/?api=1&query=Landon%20Law%2C%20LLC%20Olathe%20KS,https://lawyers.findlaw.com/family-law/kansas/olathe/,Olathe,KS,Johnson,,,Family Law | Divorce | Child Custody,142 N. Cherry St.,,Kansas City,,
"The Kelly Law Firm, L.L.C.",,https://www.google.com/maps/search/?api=1&query=The%20Kelly%20Law%20Firm%2C%20L.L.C.%20Lenexa%20KS,https://lawyers.findlaw.com/family-law/kansas/lenexa/,Lenexa,KS,Johnson,,,Family Law | Divorce | Child Custody,"11900 W. 87th St. Pkwy., Suite 250",,Kansas City,,
Law Office of Richard A. Carnahan,,https://www.google.com/maps/search/?api=1&query=Law%20Office%20of%20Richard%20A.%20Carnahan%20De%20Soto%20KS,https://lawyers.findlaw.com/estate-planning/kansas/de-soto/,De Soto,KS,Johnson,,,Estate Planning | Wills,33041 West 83rd Street,,Kansas City,,
"Bachman Law, LLC",,https://www.google.com/maps/search/?api=1&query=Bachman%20Law%2C%20LLC%20Overland%20Park%20KS,https://lawyers.findlaw.com/business-commercial-law/kansas/overland-park/,Overland Park,KS,Johnson,,,Business Law | Construction,PO Box 23508,,Kansas City,,
"Law Office of James M. Brun, LLC",,https://www.google.com/maps/search/?api=1&query=Law%20Office%20of%20James%20M.%20Brun%2C%20LLC%20Overland%20Park%20KS,https://lawyers.findlaw.com/dui-dwi/kansas/overland-park/,Overland Park,KS,Johnson,,,DUI/DWI,"7211 W 98th Terrace, Suite 140",,Kansas City,,
Holland Injury Law LLC,,,https://lawyers.findlaw.com/personal-injury-plaintiff/kansas/overland-park/,Overland Park,KS,Johnson,,,Personal Injury,5300 College Blvd,,Kansas City,5,
Stone Law Office,,,https://lawyers.findlaw.com/personal-injury-plaintiff/kansas/overland-park/,Overland Park,KS,Johnson,,,Personal Injury,"6405 Metcalf Avenue, Suite 420",,Kansas City,5,
"Joseph A. DeWoskin, P.C.",,,https://lawyers.findlaw.com/personal-injury-plaintiff/kansas/overland-park/,Overland Park,KS,Johnson,,,Personal Injury,"827 Armstrong Ave., Ste. 203",,Kansas City,5,
Colgan Law Firm,,,https://lawyers.findlaw.com/personal-injury-plaintiff/kansas/overland-park/,Overland Park,KS,Johnson,,,Personal Injury,"11006 Parallel Parkway, Suite 202 Country Club Bank Building",,Kansas City,5,
"Tahirkheli & Premer-Chavez Law Office, LLC",,,https://lawyers.findlaw.com/personal-injury-plaintiff/kansas/overland-park/,Overland Park,KS,Johnson,,,Personal Injury,"1021 Massachusetts Ave, Suite 10",,Kansas City,5,
The Law Office of Sally G. Kelsey,,,https://lawyers.findlaw.com/personal-injury-plaintiff/kansas/overland-park/,Overland Park,KS,Johnson,,,Personal Injury,"2601 S. Iowa Street, Suite B",,Kansas City,5,
DM Injury Law,,,https://lawyers.findlaw.com/personal-injury-plaintiff/kansas/overland-park/,Overland Park,KS,Johnson,,,Personal Injury,"534 S. Kansas Ave., Suite 160",,Kansas City,5,
"Cavanaugh, Biggs & Lemon, P.A.",,,https://lawyers.findlaw.com/personal-injury-plaintiff/kansas/overland-park/,Overland Park,KS,Johnson,,,Personal Injury,3200 SW Huntoon Street,,Kansas City,5,
"Stern & Mauck, LLC",,,https://lawyers.findlaw.com/personal-injury-plaintiff/kansas/olathe/,Olathe,KS,Johnson,,,Personal Injury,"9225 Indian Creek Parkway , Suite 1170",,Kansas City,5,
Brooker Law,,,https://lawyers.findlaw.com/personal-injury-plaintiff/kansas/olathe/,Olathe,KS,Johnson,,,Personal Injury,"8101 College Blvd., Suite 100",,Kansas City,5,
Kansas City Accident Injury Attorneys,,,https://lawyers.findlaw.com/personal-injury-plaintiff/kansas/shawnee/,Shawnee,KS,Johnson,,,Personal Injury,"11900 College Blvd, Suite 301",,Kansas City,5,
Mann Wyatt Tanksley Injury Attorneys,,,https://lawyers.findlaw.com/personal-injury-plaintiff/kansas/edgerton/,Edgerton,KS,Johnson,,,Personal Injury,"801 E. Douglas Avenue, 2nd Floor",,Kansas City,5,
The Worstell Law Firm,,,https://lawyers.findlaw.com/family-law/kansas/overland-park/,Overland Park,KS,Johnson,,,Family Law,"10601 Mission Road, Suite 250",,Kansas City,5,
"Dasenbrock Law, LLC",,,https://lawyers.findlaw.com/family-law/kansas/overland-park/,Overland Park,KS,Johnson,,,Family Law,131 S. Pearl Street,,Kansas City,5,
The Law Firm of Tenopir & Huerter,,,https://lawyers.findlaw.com/family-law/kansas/overland-park/,Overland Park,KS,Johnson,,,Family Law,1610 SW Topeka Boulevard,,Kansas City,5,
ParksClevenger LLC,,,https://lawyers.findlaw.com/family-law/kansas/olathe/,Olathe,KS,Johnson,,,Family Law,"7285 W 132nd St., Suite 180",,Kansas City,5,
"Swartz Law, LLC",,,https://lawyers.findlaw.com/family-law/kansas/olathe/,Olathe,KS,Johnson,,,Family Law,"12022 Blue Valley Parkway, Suite 505",,Kansas City,5,
"Stange Law Firm, PC",,,https://lawyers.findlaw.com/family-law/kansas/olathe/,Olathe,KS,Johnson,,,Family Law,"7300 W 110th St, Suite 560",,Kansas City,5,
"Dasenbrock Law, LLC",,,https://lawyers.findlaw.com/family-law/kansas/shawnee/,Shawnee,KS,Johnson,,,Family Law,925 Iowa Street,,Kansas City,5,
Näna Brammer Esq.,,,https://lawyers.findlaw.com/family-law/kansas/gardner/,Gardner,KS,Johnson,,,Family Law,"2024 N. Woodlawn Blvd, Suite 407",,Kansas City,5,
"Weber Law Office, P.A.",,,https://lawyers.findlaw.com/family-law/kansas/edgerton/,Edgerton,KS,Johnson,,,Family Law,"727 N. Waco Avenue, Suite 585",,Kansas City,5,
"The Law Office of Linda Small, Ltd",,,https://lawyers.findlaw.com/family-law/kansas/edgerton/,Edgerton,KS,Johnson,,,Family Law,"727 N. Waco Ave., Suite 150",,Kansas City,5,
"Gyllenborg & Brown, P.A.",,,https://lawyers.findlaw.com/criminal-law/kansas/overland-park/,Overland Park,KS,Johnson,,,Criminal Defense,"7450 W. 130th Street, Suite 310",,Kansas City,5,
Duma Law Offices,,,https://lawyers.findlaw.com/criminal-law/kansas/overland-park/,Overland Park,KS,Johnson,,,Criminal Defense,303 E. Poplar,,Kansas City,5,
"Henderson Legal Defense, LLC",,,https://lawyers.findlaw.com/criminal-law/kansas/olathe/,Olathe,KS,Johnson,,,Criminal Defense,"7400 W. 130th Street, Suite 340",,Kansas City,5,
"Henderson Legal Defense, LLC",,,https://lawyers.findlaw.com/criminal-law/kansas/de-soto/,De Soto,KS,Johnson,,,Criminal Defense,"911 Massachusetts St, Suite B2-1",,Kansas City,5,
"Monnat & Spurrier, Chartered",,,https://lawyers.findlaw.com/criminal-law/kansas/edgerton/,Edgerton,KS,Johnson,,,Criminal Defense,"200 West Douglas, Suite 830, Olive W. Garvey Building",,Kansas City,5,
Law Office of Mark A. Werner,,,https://lawyers.findlaw.com/estate-planning/kansas/overland-park/,Overland Park,KS,Johnson,,,Estate Planning,"201 S. Broadway St, Suite C",,Kansas City,4,
Stull Beverlin Nicolay & Haas LLC,,,https://lawyers.findlaw.com/estate-planning/kansas/overland-park/,Overland Park,KS,Johnson,,,Estate Planning,"420 S. Jackson, Suite 100",,Kansas City,4,
Morgan & Morgan,,,https://lawyers.findlaw.com/medical-malpractice/kansas/overland-park/,Overland Park,KS,Johnson,,,Medical Malpractice,"801 E. Douglas Ave., Suite 262",,Kansas City,2,
Josh V.C. Nicolay,,,https://lawyers.findlaw.com/trusts/kansas/overland-park/,Overland Park,KS,Johnson,,,Trusts,"420 S. Jackson, Suite 100",,Kansas City,2,
Redmond Law Firm LLC,,,https://directory-kard.kscourts.gov/Home/Details?regNum=7307,Overland Park,KS,Johnson,816-804-0200,,General,"13220 Metcalf, Ste 310",66213,Kansas City,2,
Rhodd Law Office,,,https://directory-kard.kscourts.gov/Home/Details?regNum=21786,Overland Park,KS,Johnson,785-256-0529,,General,PO Box 7726,66207,Kansas City,2,
Law Offices Of Stephen G Piland,,,https://directory-kard.kscourts.gov/Home/Details?regNum=25616,Overland Park,KS,Johnson,314-655-9114,,General,7400 College Blvd Ste 550,66210,Kansas City,2,
"Zane L. Todd Jr., Attorney At Law",,,https://directory-kard.kscourts.gov/Home/Details?regNum=16766,Olathe,KS,Johnson,913-254-9241,,General,"110 S Cherry St, Ste 103",66061,Kansas City,2,
Law Office Of Steve Piland,,,https://directory-kard.kscourts.gov/Home/Details?regNum=17560,Overland Park,KS,Johnson,913-401-2808,,General,"7400 W. College Blvd, Ste 550",66210,Kansas City,2,
Wood Law Office LLC,,,https://directory-kard.kscourts.gov/Home/Details?regNum=18060,Leawood,KS,Johnson,913-209-3542,,General,8900 State Line Rd Ste 404,66206,Kansas City,2,
Law Office Of Amy E. Elliott,,,https://directory-kard.kscourts.gov/Home/Details?regNum=20383,Overland Park,KS,Johnson,913-314-9073,,General,P.O. Box 4784,66204,Kansas City,2,
Dawn Elliott Attorney At Law,,,https://directory-kard.kscourts.gov/Home/Details?regNum=19085,Overland Park,KS,Johnson,913-963-2869,,General,5815 W 88th St,66207,Kansas City,2,
Wilbert Funeral Services Inc,,,https://directory-kard.kscourts.gov/Home/Details?regNum=18480,Leawood,KS,Johnson,913-279-0296,,General,3500 College Blvd,66211,Kansas City,2,
Erker Law Firm PA,,,https://directory-kard.kscourts.gov/Home/Details?regNum=23667,Overland Park,KS,Johnson,913-829-2500,,General,7211 W 98th Ter Bldg 4 Ste 140,66212,Kansas City,2,
Euston & Euston LLC,,,https://directory-kard.kscourts.gov/Home/Details?regNum=16768,Leawood,KS,Johnson,913-486-6388,,General,12714 Glenfield Rd,66209,Kansas City,2,
Fey LLC,,,https://directory-kard.kscourts.gov/Home/Details?regNum=15566,Leawood,KS,Johnson,913-948-6301,,General,"11300 Tomahawk Creek Pkwy, Ste 155",66211,Kansas City,2,
Business Law Advisors,,,https://directory-kard.kscourts.gov/Home/Details?regNum=29748,Lenexa,KS,Johnson,913-647-7522,,General,8700 Monrovia St Ste 310,66215,Kansas City,2,
"GBA Companies, Inc.",,,https://directory-kard.kscourts.gov/Home/Details?regNum=27153,Lenexa,KS,Johnson,913-577-8499,,General,"9801 Renner Blvd, Ste 300",66219,Kansas City,2,
Gusewelle & Voss,,,https://directory-kard.kscourts.gov/Home/Details?regNum=18065,Prairie Village,KS,Johnson,816-916-9284,,General,3103 West 71st Terrace,66208,Kansas City,2,
Herron Law Office,,,https://directory-kard.kscourts.gov/Home/Details?regNum=15783,Overland Park,KS,Johnson,913-353-6720,,General,PO Box 23444,66283,Kansas City,2,
"The SLH Group, LLC",,,https://directory-kard.kscourts.gov/Home/Details?regNum=21803,Overland Park,KS,Johnson,913-648-9195,,General,P.O. Box 4539,66204,Kansas City,2,
Hf Law Firm LLC,,,https://directory-kard.kscourts.gov/Home/Details?regNum=20408,Leawood,KS,Johnson,816-739-0107,,General,3101 W 86th St,66206,Kansas City,2,
Dennis L. Horner Law Offices,,,https://directory-kard.kscourts.gov/Home/Details?regNum=8516,Lenexa,KS,Johnson,816-223-3380,,General,8309 Acuff Lane,66215,Kansas City,2,
Business Counsel LLC,,,https://directory-kard.kscourts.gov/Home/Details?regNum=7643,Lenexa,KS,Johnson,913-780-4783,,General,9707 Sunset Cir,66220,Kansas City,2,
McCormick Bloskey & Hughes PA,,,https://directory-kard.kscourts.gov/Home/Details?regNum=21113,Overland Park,KS,Johnson,913-322-4061,,General,"6300 W 143rd St, Ste 140",66223,Kansas City,2,
Littler,,,https://www.bestlawyers.com/lawyers/daniel-b-dan-boatright/135827,Overland Park,KS,Johnson,,,Employment Law - Management,,,Kansas City,3,
"Michael L. Jones, lawyer",,,https://directory-kard.kscourts.gov/Home/Details?regNum=6759,Overland Park,KS,Johnson,316-737-2800,,General,9315 Newton St,66212,Kansas City,2,
PSI Services LLC,,,https://directory-kard.kscourts.gov/Home/Details?regNum=21369,Olathe,KS,Johnson,800-367-1565,,General,18000 W 105th St,66061,Kansas City,2,
"Keplinger Law, LLC",,,https://directory-kard.kscourts.gov/Home/Details?regNum=9562,Leawood,KS,Johnson,913-908-6355,,General,14701 Juniper St,66224,Kansas City,2,
"Koehler Law, LLC",,,https://directory-kard.kscourts.gov/Home/Details?regNum=10285,Overland Park,KS,Johnson,913-638-7760,,General,9404 W 132nd Pl,66213,Kansas City,2,
"Krieger Law Firm, LLC",,,https://directory-kard.kscourts.gov/Home/Details?regNum=18497,Olathe,KS,Johnson,913-782-1000,,General,"100 E. Park St, Suite 204",66061,Kansas City,2,
Legal Search Associates,,,https://directory-kard.kscourts.gov/Home/Details?regNum=19742,Overland Park,KS,Johnson,816-519-0642,,General,4008 W 100th Ter,66207,Kansas City,2,
Luther & Luther,,,https://directory-kard.kscourts.gov/Home/Details?regNum=13912,Westwood,KS,Johnson,913-236-9900,,General,"4800 Rainbow Blvd, #100",66205,Kansas City,2,
Rowdy Meeks Legal Group LLC,,,https://directory-kard.kscourts.gov/Home/Details?regNum=16068,Prairie Village,KS,Johnson,913-766-5587,,General,"8201 Mission Rd, Ste 250",66208,Kansas City,2,
Judy Messenger Attorney at Law,,,https://directory-kard.kscourts.gov/Home/Details?regNum=12631,Overland Park,KS,Johnson,816-898-6875,,General,13132 Reeds St,66209,Kansas City,2,
"Messenger Law Firm, LLC",,,https://directory-kard.kscourts.gov/Home/Details?regNum=21546,Leawood,KS,Johnson,913-207-2418,,General,12515 Delmar,66209,Kansas City,2,
The Law Office of Ryan L. Miller,,,https://directory-kard.kscourts.gov/Home/Details?regNum=29013,Lenexa,KS,Johnson,913-961-6633,,General,PO Box 19603,66285,Kansas City,2,
"Evans & Mullinix, P.A.",,,https://directory-kard.kscourts.gov/Home/Details?regNum=24493,Shawnee,KS,Johnson,913-962-8700,,General,7225 Renner Rd Ste 200,66217,Kansas City,2,
Swanson Martin & Bell LLP,,,https://directory-kard.kscourts.gov/Home/Details?regNum=26578,Prairie Village,KS,Johnson,913-354-0046,,General,7501 Nall Ave,66208,Kansas City,2,
"Moore Law Office, LLC",,,https://directory-kard.kscourts.gov/Home/Details?regNum=20519,Shawnee,KS,Johnson,913-940-5875,,General,5040 Noreston,66226,Kansas City,2,
VM Law,,,https://directory-kard.kscourts.gov/Home/Details?regNum=19849,Lenexa,KS,Johnson,913-317-8999,,General,"15700 College Blvd, Ste 102",66219,Kansas City,2,
"Thomas G. Neff, Attorney",,,https://directory-kard.kscourts.gov/Home/Details?regNum=9680,Lenexa,KS,Johnson,913-788-1525,,General,"9103 Renner, #1213",66219,Kansas City,2,
MCN Law LLC,,,https://directory-kard.kscourts.gov/Home/Details?regNum=27142,Overland Park,KS,Johnson,913-358-5800,,General,"8600 W. 110th St, Ste 214",66210,Kansas City,2,
Nguyen Law Office,,,https://directory-kard.kscourts.gov/Home/Details?regNum=17273,Shawnee,KS,Johnson,913-706-3275,,General,PO Box 860033,66286,Kansas City,2,
Paul Oller Attorney at Law,,,https://directory-kard.kscourts.gov/Home/Details?regNum=12649,Lenexa,KS,Johnson,913-423-5867,,General,"10901 W 84th Ter, Ste 230",66214,Kansas City,2,
Oster Law Firm,,,https://directory-kard.kscourts.gov/Home/Details?regNum=18547,Shawnee,KS,Johnson,913-206-7575,,General,"22052 W 66th St, #192",66226,Kansas City,2,
"Constance C. Owen, Attorney at Law",,,https://directory-kard.kscourts.gov/Home/Details?regNum=13843,Overland Park,KS,Johnson,913-568-3703,,General,12207 Gillette St,66213,Kansas City,2,
"The Law Office Of Adam Peer, LLC",,,https://directory-kard.kscourts.gov/Home/Details?regNum=23805,Olathe,KS,Johnson,913-957-0445,,General,108 E Cedar St,66061,Kansas City,2,
Midwest Law LC,,,https://directory-kard.kscourts.gov/Home/Details?regNum=28775,Overland Park,KS,Johnson,913-717-5455,,General,8000 Foster St,66209,Kansas City,2,
"C. Edward Peterson, Attorney",,,https://directory-kard.kscourts.gov/Home/Details?regNum=11129,Fairway,KS,Johnson,816-365-8724,,General,5522 Aberdeen Rd,66205,Kansas City,2,
DE Peterson Law,,,https://directory-kard.kscourts.gov/Home/Details?regNum=30765,Overland Park,KS,Johnson,913-747-8915,,General,"8101 College Blvd, Ste 100",66210,Kansas City,2,
Law Office of Lori L. Peterson,,,https://directory-kard.kscourts.gov/Home/Details?regNum=13234,Overland Park,KS,Johnson,913-661-0303,,General,12509 Benson St.,66213,Kansas City,2,
"Law Office of Jed Reeg, LLC",,,https://directory-kard.kscourts.gov/Home/Details?regNum=18014,Overland Park,KS,Johnson,816-835-7736,,General,11462 W. 177th Ter,66221,Kansas City,2,
"Edward J. Reitzes, Attorney-at-Law",,,https://directory-kard.kscourts.gov/Home/Details?regNum=11182,Overland Park,KS,Johnson,913-485-4003,,General,12568 W 123rd St,66213,Kansas City,2,
"Stewart, Wald & Smith, LLC",,,https://directory-kard.kscourts.gov/Home/Details?regNum=28303,Prairie Village,KS,Johnson,816-303-1500,,General,3515 W 75th St Ste 201,66208,Kansas City,2,
"Dr. Brian Russell, Attorney at Law",,,https://directory-kard.kscourts.gov/Home/Details?regNum=18837,Lenexa,KS,Johnson,785-423-4234,,General,8800 Penrose Ln #417,66219,Kansas City,2,
Law Office of Michael Sell,,,https://directory-kard.kscourts.gov/Home/Details?regNum=12712,Shawnee,KS,Johnson,913-777-6910,,General,14511 W 58 St,66216,Kansas City,2,
Acacium Group,,,https://directory-kard.kscourts.gov/Home/Details?regNum=22735,Overland Park,KS,Johnson,913-544-5702,,General,9800 Metcalf Ave Ste 400,66212,Kansas City,2,
Law Office Of Allen Skeens,,,https://directory-kard.kscourts.gov/Home/Details?regNum=13815,Lenexa,KS,Johnson,913-484-5342,,General,13931 W 76th Cir,66216,Kansas City,2,
"BCInsourcing, LLC",,,https://directory-kard.kscourts.gov/Home/Details?regNum=25222,Overland Park,KS,Johnson,816-699-0718,,General,"6363 College Blvd, Ste 500",66211,Kansas City,2,
"Alan R. Stetson, Attorney-at-Law",,,https://directory-kard.kscourts.gov/Home/Details?regNum=11924,Overland Park,KS,Johnson,913-226-3397,,General,PO Box 26784,66225,Kansas City,2,
Stilley Law Office LLC,,,https://directory-kard.kscourts.gov/Home/Details?regNum=22408,Shawnee,KS,Johnson,913-515-9196,,General,"7200 Silverheel St, Unit 334",66227,Kansas City,2,
Commercial Law Group PA,,,https://directory-kard.kscourts.gov/Home/Details?regNum=12892,Overland Park,KS,Johnson,913-345-8855,,General,8101 College Blvd Ste 100,66210,Kansas City,2,
Tenpenny Law LLC,,,https://directory-kard.kscourts.gov/Home/Details?regNum=18288,Leawood,KS,Johnson,913-609-4659,,General,"5004 W 131st St, Ste 110",66209,Kansas City,2,
"Terry Law, LLC",,,https://directory-kard.kscourts.gov/Home/Details?regNum=25341,Prairie Village,KS,Johnson,816-536-0796,,General,"4121 W. 83rd St, Ste 107",66208,Kansas City,2,
"BGT, LLC",,,https://directory-kard.kscourts.gov/Home/Details?regNum=11956,Leawood,KS,Johnson,816-520-4348,,General,11603 Mohawk Ln,66211,Kansas City,2,
"The True Law Office, LLC",,,https://directory-kard.kscourts.gov/Home/Details?regNum=16062,Overland Park,KS,Johnson,816-237-8783,,General,9218 Metcalf Ave Ste 103,66212,Kansas City,2,
Barnds Law LLC,,,https://directory-kard.kscourts.gov/Home/Details?regNum=24599,Leawood,KS,Johnson,913-514-0909,,General,"7400 College Blvd, Ste 100",66210,Kansas City,2,
"J. White Law, LLC",,,https://directory-kard.kscourts.gov/Home/Details?regNum=22140,Leawood,KS,Johnson,913-259-4005,,General,13109 Granada Dr,66209,Kansas City,2,
Wiley Law Firm,,,https://directory-kard.kscourts.gov/Home/Details?regNum=12346,Overland Park,KS,Johnson,913-484-5861,,General,7111 W 151st St Ste 105,66223,Kansas City,2,
Responsive Law,,,https://lawyers.justia.com/lawyer/jeffrey-lee-wagoner-1526431,Olathe,KS,Johnson,(913) 422-0909,,General,,,Kansas City,2,
Responsive Law,,,https://lawyers.justia.com/lawyer/dustin-r-crook-1493136,Overland Park,KS,Johnson,(913) 353-5870,,General,,,Kansas City,2,
Responsive Law,,,https://lawyers.justia.com/lawyer/melissa-kelly-923366,Lenexa,KS,Johnson,(913) 451-1119,,General,,,Kansas City,2,
Wirken Law Firm LLC,,,https://directory-kard.kscourts.gov/Home/Details?regNum=20136,Prairie Village,KS,Johnson,816-994-9200,,General,"8010 State Line Rd, Ste 210",66208,Kansas City,2,
"Jean Wise, Attorney at Law",,,https://directory-kard.kscourts.gov/Home/Details?regNum=15258,Leawood,KS,Johnson,913-709-4458,,General,10317 Glenfield St,66206,Kansas City,2,
Chelepis & Associates,,,https://directory-kard.kscourts.gov/Home/Details?regNum=27540,Overland Park,KS,Johnson,913-203-4506,,General,"8695 College Blvd, Ste 200",66210,Kansas City,2,
Hailee Zeller Legal,,,https://directory-kard.kscourts.gov/Home/Details?regNum=28036,Lenexa,KS,Johnson,903-646-2871,,General,11944 W. 95th St #282,66215,Kansas City,2,
"Zentner Law, P.A.",,,https://directory-kard.kscourts.gov/Home/Details?regNum=25044,Overland Park,KS,Johnson,913-800-9529,,General,"8826 Santa Fe Dr, Ste 190",66212,Kansas City,2,
"Everett Fritz, II Esquire",,,https://directory-kard.kscourts.gov/Home/Details?regNum=10235,Overland Park,KS,Johnson,913-967-9209,,General,11683 Rosehill Rd,66210,Kansas City,2,
Wolf & Associates LLC,,,https://directory-kard.kscourts.gov/Home/Details?regNum=25552,Overland Park,KS,Johnson,913-428-9532,,General,4225 W 107th St Unit #11144,66207,Kansas City,2,
Huggins Legal Services LLC,,,https://directory-kard.kscourts.gov/Home/Details?regNum=16789,Mission,KS,Johnson,816-844-7864,,General,5400 Johnson Dr Box 282,66205,Kansas City,2,
Employee & Labor Law Group of Kansas City LLC,,,https://directory-kard.kscourts.gov/Home/Details?regNum=19126,Overland Park,KS,Johnson,913-286-5200,,General,12920 Metcalf Ave Ste 180,66213,Kansas City,2,
Uhlig LLC,,,https://directory-kard.kscourts.gov/Home/Details?regNum=17495,Overland Park,KS,Johnson,913-725-1010,,General,8455 Lenexa Dr,66214,Kansas City,2,
Quality Group of Companies,,,https://directory-kard.kscourts.gov/Home/Details?regNum=18966,Overland Park,KS,Johnson,816-503-1732,,General,12851 Foster St,66213,Kansas City,2,
"Adam & McGrevey, P.A.",,,https://directory-kard.kscourts.gov/Home/Details?regNum=30654,Overland Park,KS,Johnson,913-647-0670,,General,"10851 Mastin St, Ste 1055",66210,Kansas City,2,
"Worthington Employer Solutions, LLC",,,https://directory-kard.kscourts.gov/Home/Details?regNum=20696,Overland Park,KS,Johnson,913-909-2936,,General,12113 Knox St,66213,Kansas City,2,
Law Offices,http://kuhllaw.com,,,Lenexa,KS,Johnson,,,General,11256 Strang Line Rd,66215,Kansas City,4,
W Law Group,https://wlaw.com/,,,Overland Park,KS,Johnson,816-820-1111,Don@WLaw-Group.com,Employment Law,"6900 College Blvd, Ste 820",66211,Kansas City,3,2
"Hill Law Group, P.A.",,,https://directory-kard.kscourts.gov/Home/Details?regNum=28520,Overland Park,KS,Johnson,913-904-6988,,General,6405 Metcalf Ave Ste 316,66202,Kansas City,2,
"Mark Holmstrom, Esq.",,,https://directory-kard.kscourts.gov/Home/Details?regNum=18405,Shawnee,KS,Johnson,913-461-8445,,General,7202 Noland Rd,66216,Kansas City,2,
"Telisa L. Hoskins, Attorney at Law",,,https://directory-kard.kscourts.gov/Home/Details?regNum=17385,Overland Park,KS,Johnson,913-269-2356,,General,8655 College Blvd,66210,Kansas City,2,
The ERISA Law Group,,,https://directory-kard.kscourts.gov/Home/Details?regNum=21482,Lenexa,KS,Johnson,913-647-7552,,General,8700 Monrovia Ste 300,66215,Kansas City,2,
"John E. Johnson, Attorney",,,https://directory-kard.kscourts.gov/Home/Details?regNum=11496,Lenexa,KS,Johnson,913-486-7099,,General,23710 W 88th St,66227,Kansas City,2,
OnCall.Law LLC,,,https://directory-kard.kscourts.gov/Home/Details?regNum=26507,Lenexa,KS,Johnson,816-894-7985,,General,PO Box 14272,66285,Kansas City,2,
"Steven Johnson, Attorney",,,https://directory-kard.kscourts.gov/Home/Details?regNum=18464,Olathe,KS,Johnson,913-244-6576,,General,16418 W 129th St,66062,Kansas City,2,
Law Offices of Albert F Kuhl,,,https://directory-kard.kscourts.gov/Home/Details?regNum=12478,Overland Park,KS,Johnson,913-638-8022,,General,9393 W 110th St Ste 500,66210,Kansas City,2,
Murphy Law,,,https://directory-kard.kscourts.gov/Home/Details?regNum=30690,Overland Park,KS,Johnson,913-600-7913,,General,"10801 Mastin St, Ste 790",66210,Kansas City,2,
"The Smith Law Group, P.C.",,,https://directory-kard.kscourts.gov/Home/Details?regNum=13663,Shawnee,KS,Johnson,913-248-9100,,General,10620 Johnson Dr Ste 100,66203,Kansas City,2,
Strohm Law LLC,,,https://directory-kard.kscourts.gov/Home/Details?regNum=17555,Shawnee,KS,Johnson,913-709-5760,,General,16110 W 56th St,66217,Kansas City,2,
"Tax Favored Benefits, Inc",,,https://directory-kard.kscourts.gov/Home/Details?regNum=15597,Overland Park,KS,Johnson,913-648-5526,,General,"4801 W 110th St, Ste 200",66211,Kansas City,2,
"Family Law - Tieman, Spencer, and Hicks",https://tshlaw.com/family-law,,,Fairway,KS,Johnson,816-338-7644,info@tshhlaw.com,Family Law,200 people in different locations. Lee has counseled,,Kansas City,4,8
Estate Planning - Heritage Law LLP,https://www.heritagelawkc.com/,https://www.google.com/maps/place/?q=place_id:ChIJW0f6Q03pwIcR7iKJ4r-yqPE,,Leawood,KS,Johnson,(913) 359-9513,admin@heritagelawkc.com,Estate Planning,8900 State Line Rd Ste #330,66206,Kansas City,2,
"Mitts Law Firm, LLC",,,https://directory-kard.kscourts.gov/Home/Details?regNum=14264,Leawood,KS,Johnson,913-333-8333,,General,14600 Juniper St,66224,Kansas City,2,
SRTM Law LLC,,,https://directory-kard.kscourts.gov/Home/Details?regNum=20302,Overland Park,KS,Johnson,913-787-0640,,General,11937 W 119th St Ste 163,66213,Kansas City,2,
"Rouse Frets White, P.C. Goss Gentile Rhodes PC",,,https://directory-kard.kscourts.gov/Home/Details?regNum=13398,Leawood,KS,Johnson,913-387-1600,,General,"5250 W 116th Pl, Ste 400",66211,Kansas City,2,
"Titus Law Firm, LLC",,,https://directory-kard.kscourts.gov/Home/Details?regNum=26766,Overland Park,KS,Johnson,913-359-6641,,General,"7304 W 130th St, Ste 190",66213,Kansas City,2,
Law Office Of Jeffrey B. Tonkin,,,https://directory-kard.kscourts.gov/Home/Details?regNum=22404,Leawood,KS,Johnson,816-474-8840,,General,11904 Mohawk Lane,66209,Kansas City,2,
"David R. Tripp Law Firm, LLC",,,https://directory-kard.kscourts.gov/Home/Details?regNum=7290,Leawood,KS,Johnson,913-461-6778,,General,10320 Howe Ln,66206,Kansas City,2,
The Koons Law Firm,,,https://directory-kard.kscourts.gov/Home/Details?regNum=20921,Overland Park,KS,Johnson,913-940-1055,,General,7111 W 151st St #268,66223,Kansas City,2,
"Selective Site Consultants, Inc.",,,https://directory-kard.kscourts.gov/Home/Details?regNum=11381,Overland Park,KS,Johnson,913-438-7700,,General,"7171 W 95th St, Ste 600",66212,Kansas City,2,
"Edwin M Soltz,  Attorney at Law",,,https://directory-kard.kscourts.gov/Home/Details?regNum=13050,Leawood,KS,Johnson,913-341-0303,,General,11709 Roe Ave Ste D 155,66211,Kansas City,2,
"The Law Office of Valerie K. Sprout, LLC",,,https://directory-kard.kscourts.gov/Home/Details?regNum=29920,Overland Park,KS,Johnson,816-226-4114,,General,8101 College Blvd Ste 100,66210,Kansas City,2,
U.S. Environmental Protection Agency,,,https://directory-kard.kscourts.gov/Home/Details?regNum=21403,Lenexa,KS,Johnson,913-551-7821,,General,11201 Renner Blvd,66219,Kansas City,2,
DM Gary Holding Co.,,,https://directory-kard.kscourts.gov/Home/Details?regNum=23465,Overland Park,KS,Johnson,913-335-1105,,General,7500 College Blvd Ste 775,66210,Kansas City,2,
Johnson County Public Defender,,,https://directory-kard.kscourts.gov/Home/Details?regNum=27244,Olathe,KS,Johnson,913-829-8755,,General,115 E Park St Ste A,66061,Kansas City,2,
"City of Overland Park, Kansas",,,https://directory-kard.kscourts.gov/Home/Details?regNum=25158,Overland Park,KS,Johnson,913-895-6087,,General,8500 Santa Fe Dr,66212,Kansas City,2,
T-Mobile,,,https://directory-kard.kscourts.gov/Home/Details?regNum=22844,Overland Park,KS,Johnson,913-315-9252,,General,KSOPHE0302-3A732 6360 Sprint Pkwy,66251,Kansas City,2,
UnitedLex,,,https://directory-kard.kscourts.gov/Home/Details?regNum=24734,Overland Park,KS,Johnson,913-515-1062,,General,11501 Outlook St Ste 450,66211,Kansas City,2,
Stella-Jones Corporation,,,https://directory-kard.kscourts.gov/Home/Details?regNum=24311,Lenexa,KS,Johnson,913-948-9478,,General,15700 College Blvd Ste 300,66219,Kansas City,2,
Johnson County DA'S Office,,,https://directory-kard.kscourts.gov/Home/Details?regNum=26559,Olathe,KS,Johnson,913-715-3086,,General,"150 W Santa Fe St, 3rd Floor",66061,Kansas City,2,
Johnson County District Attorney,,,https://directory-kard.kscourts.gov/Home/Details?regNum=28979,Olathe,KS,Johnson,913-715-3181,,General,150 W Santa Fe St,66061,Kansas City,2,
Armstrong Consulting,,,https://directory-kard.kscourts.gov/Home/Details?regNum=15078,Fairway,KS,Johnson,913-579-5204,,General,5812 Reinhardt Dr,66205,Kansas City,2,
Water Dist. No 1 - Johnson County,,,https://directory-kard.kscourts.gov/Home/Details?regNum=14684,Lenexa,KS,Johnson,913-895-5519,,General,10747 Renner Blvd,66219,Kansas City,2,
Stephen Atha Consulting LLC,,,https://directory-kard.kscourts.gov/Home/Details?regNum=8413,Leawood,KS,Johnson,785-224-8086,,General,5033 W 120th Ter,66209,Kansas City,2,
Garmin International Inc.,,,https://directory-kard.kscourts.gov/Home/Details?regNum=17884,Olathe,KS,Johnson,913-440-2386,,General,1200 East 151st St,66062,Kansas City,2,
"Watco Companies, L.L.C.",,,https://directory-kard.kscourts.gov/Home/Details?regNum=28333,Overland Park,KS,Johnson,620-231-2230,,General,8000 W 110th,66210,Kansas City,2,
"Quality Technology Services, LLC",,,https://directory-kard.kscourts.gov/Home/Details?regNum=24818,Overland Park,KS,Johnson,913-814-9988,,General,6601 College Blvd,66211,Kansas City,2,
Kiewit Corporation,,,https://directory-kard.kscourts.gov/Home/Details?regNum=24474,Lenexa,KS,Johnson,913-953-5797,,General,8900 Renner Blvd,66219,Kansas City,2,
Epiq,,,https://directory-kard.kscourts.gov/Home/Details?regNum=28747,Overland Park,KS,Johnson,417-209-2422,,General,11880 College Blvd Ste 200,66210,Kansas City,2,
US EPA Region 7,,,https://directory-kard.kscourts.gov/Home/Details?regNum=24142,Lenexa,KS,Johnson,913-551-7874,,General,11201 Renner Blvd,66219,Kansas City,2,
QGC,,,https://directory-kard.kscourts.gov/Home/Details?regNum=21340,Overland Park,KS,Johnson,913-312-2490,,General,"12851 Foster St, Suite 100",66213,Kansas City,2,
MetLife Investment Management,,,https://directory-kard.kscourts.gov/Home/Details?regNum=30950,Overland Park,KS,Johnson,913-338-0629,,General,"10801 Mastin St, Ste 700",66210,Kansas City,2,
Ron D. Beal PA,,,https://directory-kard.kscourts.gov/Home/Details?regNum=11635,Lenexa,KS,Johnson,913-940-7607,,General,9927 Redbud Ln,66220,Kansas City,2,
Garmin International,,,https://directory-kard.kscourts.gov/Home/Details?regNum=27287,Olathe,KS,Johnson,913-397-8200,,General,1200 E 151st St,66062,Kansas City,2,
"City of Shawnee, KS Prosecutor's Office",,,https://directory-kard.kscourts.gov/Home/Details?regNum=27231,Shawnee,KS,Johnson,913-742-6908,,General,5860 Renner Rd,66217,Kansas City,2,
Black & Veatch,,,https://directory-kard.kscourts.gov/Home/Details?regNum=21441,Overland Park,KS,Johnson,913-458-6187,,General,11401 Lamar Ave,66211,Kansas City,2,
10th Judicial District,,,https://directory-kard.kscourts.gov/Home/Details?regNum=19829,Olathe,KS,Johnson,913-715-5000,,General,150 W Santa Fe,66061,Kansas City,2,
ReeceNichols Real Estate,,,https://directory-kard.kscourts.gov/Home/Details?regNum=25177,Leawood,KS,Johnson,913-239-2030,,General,11601 Granada,66211,Kansas City,2,
Tyler Technologies,,,https://directory-kard.kscourts.gov/Home/Details?regNum=26127,Overland Park,KS,Johnson,913-754-7039,,General,7701 College Blvd,66210,Kansas City,2,
Bradley Strat. & Slns,,,https://directory-kard.kscourts.gov/Home/Details?regNum=23033,Leawood,KS,Johnson,816-703-8116,,General,5251 W 116th Pl Ste 200,66211,Kansas City,2,
Employers Reassurance Corporation,,,https://directory-kard.kscourts.gov/Home/Details?regNum=22237,Overland Park,KS,Johnson,913-313-9719,,General,6100 Sprint Pkwy Ste #3400,66211,Kansas City,2,
TIFEC,,,https://directory-kard.kscourts.gov/Home/Details?regNum=25162,Leawood,KS,Johnson,816-392-3235,,General,11150 Overbrook Rd Ste 210,66211,Kansas City,2,
Airshare,,,https://directory-kard.kscourts.gov/Home/Details?regNum=26908,Overland Park,KS,Johnson,816-410-8148,,General,6240 Sprint Pkwy Ste 300,66211,Kansas City,2,
Johnson County Courthouse,,,https://directory-kard.kscourts.gov/Home/Details?regNum=14731,Olathe,KS,Johnson,913-715-3872,,General,150 W Santa Fe,66061,Kansas City,2,
MetroNet,,,https://directory-kard.kscourts.gov/Home/Details?regNum=17565,Overland Park,KS,Johnson,812-794-3114,,General,"11880 College Blvd, Ste 100",66210,Kansas City,2,
"Card Compliant, LLC",,,https://directory-kard.kscourts.gov/Home/Details?regNum=19365,Overland Park,KS,Johnson,913-707-8852,,General,"11610 Ash St, Ste 200",66211,Kansas City,2,
"Dept of Homeland Security, USCIS",,,https://directory-kard.kscourts.gov/Home/Details?regNum=22637,Overland Park,KS,Johnson,913-233-6777,,General,7600B W 119th St,66213,Kansas City,2,
Seaboard Corporation,,,https://directory-kard.kscourts.gov/Home/Details?regNum=28768,Merriam,KS,Johnson,913-904-3612,,General,9000 W 67th St,66202,Kansas City,2,
Black And Veatch Corporation,,,https://directory-kard.kscourts.gov/Home/Details?regNum=17651,Overland Park,KS,Johnson,913-458-4798,,General,11401 Lamar Ave,66211,Kansas City,2,
Q Services,,,https://directory-kard.kscourts.gov/Home/Details?regNum=17593,Overland Park,KS,Johnson,913-609-8195,,General,11880 College Blvd Ste 100,66210,Kansas City,2,
Kornitzer Capital Management,,,https://directory-kard.kscourts.gov/Home/Details?regNum=26972,Mission,KS,Johnson,913-754-1542,,General,5420 W 61st Pl,66205,Kansas City,2,
Robert W. Baird & Co. Inc.,,,https://directory-kard.kscourts.gov/Home/Details?regNum=26274,Leawood,KS,Johnson,816-480-4214,,General,"4000 W114th St, Ste 150",66211,Kansas City,2,
RBC Wealth Management,,,https://directory-kard.kscourts.gov/Home/Details?regNum=20084,Leawood,KS,Johnson,520-615-4328,,General,4001 W 114th St Ste 200,66211,Kansas City,2,
Law Office of Thomas Damas,,,https://directory-kard.kscourts.gov/Home/Details?regNum=11902,Olathe,KS,Johnson,913-829-8651,,General,14395 W 142nd St,66062,Kansas City,2,
Mears Holdings LLC,,,https://directory-kard.kscourts.gov/Home/Details?regNum=28205,Lenexa,KS,Johnson,913-609-1790,,General,16000 College Blvd,66219,Kansas City,2,
EnterpriseKC,,,https://directory-kard.kscourts.gov/Home/Details?regNum=25806,Leawood,KS,Johnson,913-271-1095,,General,11150 Overbrook Ste 200,66211,Kansas City,2,
Creative Planning Strategic Advisors,,,https://directory-kard.kscourts.gov/Home/Details?regNum=22102,Overland Park,KS,Johnson,913-303-4383,,General,5454 W 110th St,66211,Kansas City,2,
Garmin,,,https://directory-kard.kscourts.gov/Home/Details?regNum=28724,Olathe,KS,Johnson,913-440-2721,,General,1200 E. 151st St,66062,Kansas City,2,
SAFEHOME,,,https://directory-kard.kscourts.gov/Home/Details?regNum=22948,Overland Park,KS,Johnson,913-378-1540,,General,PO Box 4563,66204,Kansas City,2,
Yellow Corporation,,,https://directory-kard.kscourts.gov/Home/Details?regNum=22453,Overland Park,KS,Johnson,913-620-9921,,General,11500 Outlook St Ste 400,66211,Kansas City,2,
Jo Co Public Defender's Office,,,https://directory-kard.kscourts.gov/Home/Details?regNum=25129,Olathe,KS,Johnson,913-829-8755,,General,115 E. Park St. Ste A,66061,Kansas City,2,
Lenexa Municipal Court,,,https://directory-kard.kscourts.gov/Home/Details?regNum=22584,Lenexa,KS,Johnson,913-477-7610,,General,17333 Prairie Star Pkwy,66219,Kansas City,2,
D & L Transport,,,https://directory-kard.kscourts.gov/Home/Details?regNum=22260,Overland Park,KS,Johnson,913-402-4514,,General,"8101 College Blvd, Ste 110",66210,Kansas City,2,
Smith & Loveless,,,https://directory-kard.kscourts.gov/Home/Details?regNum=15390,Lenexa,KS,Johnson,816-674-2547,,General,14040 Santa Fe Trail Dr,66215,Kansas City,2,
FORTE,,,https://directory-kard.kscourts.gov/Home/Details?regNum=27867,Lenexa,KS,Johnson,816-536-1490,,General,8019 Bond St,66212,Kansas City,2,
Johnson County Community College,,,https://directory-kard.kscourts.gov/Home/Details?regNum=26255,Overland Park,KS,Johnson,913-469-2780,,General,12345 College Blvd.,66210,Kansas City,2,
Corbion,,,https://directory-kard.kscourts.gov/Home/Details?regNum=24809,Lenexa,KS,Johnson,913-890-5878,,General,8250 Flint St,66214,Kansas City,2,
MetLife,,,https://directory-kard.kscourts.gov/Home/Details?regNum=17732,Overland Park,KS,Johnson,913-661-2229,,General,"10801 Mastin Blvd, Ste 700",66210,Kansas City,2,
LPL Financial,,,https://directory-kard.kscourts.gov/Home/Details?regNum=12918,Olathe,KS,Johnson,913-219-4279,,General,21228 W 114th Ter,66061,Kansas City,2,
City of Olathe,,,https://directory-kard.kscourts.gov/Home/Details?regNum=23736,Olathe,KS,Johnson,913-971-6742,,General,1200 S Harrison,66061,Kansas City,2,
"Terracon Consultants, Inc.",,,https://directory-kard.kscourts.gov/Home/Details?regNum=30249,Olathe,KS,Johnson,913-905-2934,,General,10841 S Ridgeview Rd,66061,Kansas City,2,
IQVIA,,,https://directory-kard.kscourts.gov/Home/Details?regNum=18350,Overland Park,KS,Johnson,913-951-7923,,General,6700 W 115th St,66211,Kansas City,2,
First American Title Insurance Co,,,https://directory-kard.kscourts.gov/Home/Details?regNum=23272,Overland Park,KS,Johnson,785-550-0643,,General,8443 Beverly Dr,66207,Kansas City,2,
N/A,,,https://directory-kard.kscourts.gov/Home/Details?regNum=13062,Lenexa,KS,Johnson,913-486-9650,,General,20619 W 96th Ter,66220,Kansas City,2,
Sethmar Transportation LLC,,,https://directory-kard.kscourts.gov/Home/Details?regNum=23967,Overland Park,KS,Johnson,913-391-4867,,General,6330 Sprint Pkwy Ste 100,66211,Kansas City,2,
US EPA,,,https://directory-kard.kscourts.gov/Home/Details?regNum=18257,Lenexa,KS,Johnson,913-551-7216,,General,11201 Renner Blvd (ORC),66219,Kansas City,2,
CNA,,,https://directory-kard.kscourts.gov/Home/Details?regNum=15245,Overland Park,KS,Johnson,913-558-0584,,General,"7400 College Blvd, Ste 350",66210,Kansas City,2,
"Tyler Technologies, Inc.",,,https://directory-kard.kscourts.gov/Home/Details?regNum=22443,Overland Park,KS,Johnson,913-489-5191,,General,7701 College Blvd,66210,Kansas City,2,
"T-Mobile USA, Inc.",,,https://directory-kard.kscourts.gov/Home/Details?regNum=30399,Overland Park,KS,Johnson,816-260-1150,,General,6360 Sprint Pkwy,66251,Kansas City,2,
Gates Shields Ferguson Swall Hammond P.A.,,,https://directory-kard.kscourts.gov/Home/Details?regNum=23312,Overland Park,KS,Johnson,913-661-0222,,General,"10990 Quivira, Ste 200",66210,Kansas City,2,
Wiedner McAuliffe,,,https://directory-kard.kscourts.gov/Home/Details?regNum=30891,Overland Park,KS,Johnson,816-761-3915,,General,"7007 College Blvd, Ste 400",66211,Kansas City,2,
Noatum Logistics,,,https://directory-kard.kscourts.gov/Home/Details?regNum=18873,Overland Park,KS,Johnson,913-696-7143,,General,11501 Outlook St Ste 500,66211,Kansas City,2,
Joel Hatman,,,https://directory-kard.kscourts.gov/Home/Details?regNum=25885,Overland Park,KS,Johnson,913-302-2011,,General,11917 W 109th St Apt 108,66210,Kansas City,2,
Section 4 Strategies,,,https://directory-kard.kscourts.gov/Home/Details?regNum=27665,Overland Park,KS,Johnson,913-286-4315,,General,9393 W 110th St 51 Corporate Woods Ste 500,66210,Kansas City,2,
Seaboard Foods,,,https://directory-kard.kscourts.gov/Home/Details?regNum=24351,Merriam,KS,Johnson,913-671-6667,,General,"9000 W. 67th St, Ste 200",66202,Kansas City,2,
"Creative Planning Trust Company, LLC",,,https://directory-kard.kscourts.gov/Home/Details?regNum=28052,Overland Park,KS,Johnson,913-274-2856,,General,"5454 W 110th St, Bldg 2",66211,Kansas City,2,
Johnson County Public Defender's Office,,,https://directory-kard.kscourts.gov/Home/Details?regNum=25325,Olathe,KS,Johnson,913-829-8755,,General,"115 E Park St, Ste A",66061,Kansas City,2,
Jack Henry & Associates Inc.,,,https://directory-kard.kscourts.gov/Home/Details?regNum=25591,Overland Park,KS,Johnson,417-235-6652,,General,7500 College Ave,66210,Kansas City,2,
MarksNelson LLC,,,https://directory-kard.kscourts.gov/Home/Details?regNum=17832,Overland Park,KS,Johnson,816-743-7700,,General,6800 W 115th Ste 3511,66211,Kansas City,2,
Creative Planning Legal PA,,,https://directory-kard.kscourts.gov/Home/Details?regNum=27757,Overland Park,KS,Johnson,913-327-9455,,General,5454 W 110th St,66211,Kansas City,2,
Farmers Insurance,,,https://directory-kard.kscourts.gov/Home/Details?regNum=20489,Olathe,KS,Johnson,913-707-1342,,General,10551 S Ridgeview Rd,66061,Kansas City,2,
City of Olathe Prosecutor's Office,,,https://directory-kard.kscourts.gov/Home/Details?regNum=28524,Olathe,KS,Johnson,913-971-6742,,General,1200 S Harrison St,66061,Kansas City,2,
"KS Dept Of Labor, Workers Comp Div",,,https://directory-kard.kscourts.gov/Home/Details?regNum=24169,Lenexa,KS,Johnson,913-642-7650,,General,"11900 W. 87th St Pkwy, Ste 200",66215,Kansas City,2,
The Flynn Group,,,https://directory-kard.kscourts.gov/Home/Details?regNum=28394,Overland Park,KS,Johnson,314-707-3529,,General,"12900 Foster St, Ste 270",66213,Kansas City,2,
Creative Planning,,,https://directory-kard.kscourts.gov/Home/Details?regNum=26823,Overland Park,KS,Johnson,785-313-3105,,General,5454 W 110th St,66211,Kansas City,2,
Madden Consulting Services,,,https://directory-kard.kscourts.gov/Home/Details?regNum=12687,Prairie Village,KS,Johnson,913-271-3208,,General,5400 W 83rd St,66208,Kansas City,2,
"T-Mobile US, Inc.",,,https://directory-kard.kscourts.gov/Home/Details?regNum=29779,Overland Park,KS,Johnson,913-289-7103,,General,6360 Sprint Pkwy,66251,Kansas City,2,
"Netsmart Technologies, Inc",,,https://directory-kard.kscourts.gov/Home/Details?regNum=30240,Overland Park,KS,Johnson,913-359-1906,,General,11100 Nall Ave,66211,Kansas City,2,
Shea Stevens Law,,,https://directory-kard.kscourts.gov/Home/Details?regNum=30554,Overland Park,KS,Johnson,913-242-7522,,General,"9393 W. 110th St, Ste 150",66210,Kansas City,2,
"BRR Architecture, Inc",,,https://directory-kard.kscourts.gov/Home/Details?regNum=22590,Overland Park,KS,Johnson,913-236-3495,,General,8131 Metcalf Ste 300,66204,Kansas City,2,
"Westlake Hardware, Inc.",,,https://directory-kard.kscourts.gov/Home/Details?regNum=20424,Lenexa,KS,Johnson,913-888-0808,,General,14000 Marshall Dr,66215,Kansas City,2,
YW,,,https://directory-kard.kscourts.gov/Home/Details?regNum=27849,Overland Park,KS,Johnson,785-795-4686,,General,10800 E Farley St,66210,Kansas City,2,
Terracon,,,https://directory-kard.kscourts.gov/Home/Details?regNum=30999,Olathe,KS,Johnson,913-599-6886,,General,10841 S Ridgeview Rd,66061,Kansas City,2,
"Choice Solutions, L.L.C.",,,https://directory-kard.kscourts.gov/Home/Details?regNum=28210,Overland Park,KS,Johnson,913-275-6939,,General,"7015 College Blvd, Ste 300",66211,Kansas City,2,
Caliber Holdings Corporation,,,https://directory-kard.kscourts.gov/Home/Details?regNum=26591,Overland Park,KS,Johnson,816-582-3229,,General,11184 Antioch Rd #322,66210,Kansas City,2,
City Of Lenexa,,,https://directory-kard.kscourts.gov/Home/Details?regNum=25101,Lenexa,KS,Johnson,913-477-7624,,General,17101 W. 87th St Pkwy,66219,Kansas City,2,
Amynta,,,https://directory-kard.kscourts.gov/Home/Details?regNum=20480,Overland Park,KS,Johnson,913-904-3081,,General,"7301 College Blvd, Ste 220",66210,Kansas City,2,
Performance Contracting Group,,,https://directory-kard.kscourts.gov/Home/Details?regNum=28882,Lenexa,KS,Johnson,913-302-6907,,General,11145 Thompson Ave,66219,Kansas City,2,
Performance Contracting Group Inc,,,https://directory-kard.kscourts.gov/Home/Details?regNum=15541,Lenexa,KS,Johnson,913-310-3356,,General,11145 Thompson Ave,66219,Kansas City,2,
Johnson Co. D.A.'s Office,,,https://directory-kard.kscourts.gov/Home/Details?regNum=19861,Olathe,KS,Johnson,913-715-3124,,General,"150 W Santa Fe St, 3rd Floor",66061,Kansas City,2,
David R. Nachman,,,https://directory-kard.kscourts.gov/Home/Details?regNum=21498,Overland Park,KS,Johnson,816-285-6029,,General,10990 Quivira Rd Ste 200,66210,Kansas City,2,
ACERTUS,,,https://directory-kard.kscourts.gov/Home/Details?regNum=23804,Mission,KS,Johnson,913-387-7955,,General,6301 Glenwood St,66202,Kansas City,2,
"Kansas 10th Judicial District, Div. 1",,,https://directory-kard.kscourts.gov/Home/Details?regNum=13260,Olathe,KS,Johnson,913-715-3750,,General,150 W Santa Fe,66061,Kansas City,2,
Brian C. Paden,,,https://directory-kard.kscourts.gov/Home/Details?regNum=19705,Olathe,KS,Johnson,913-782-5544,,General,"214 S Chestnut St, Ste 2",66061,Kansas City,2,
"United States Environmental Protection Agency, Region 7",,,https://directory-kard.kscourts.gov/Home/Details?regNum=29283,Lenexa,KS,Johnson,913-551-7924,,General,11201 Renner Blvd,66219,Kansas City,2,
WaterOne,,,https://directory-kard.kscourts.gov/Home/Details?regNum=24136,Lenexa,KS,Johnson,913-526-3022,,General,10747 Renner Blvd,66219,Kansas City,2,
"CreativeOne Wealth, LLC",,,https://directory-kard.kscourts.gov/Home/Details?regNum=27241,Overland Park,KS,Johnson,913-402-2167,,General,"6330 Sprint Pkwy, Ste 400",66211,Kansas City,2,
"City of Overland Park, Prosecutor's Office",,,https://directory-kard.kscourts.gov/Home/Details?regNum=28125,Overland Park,KS,Johnson,913-327-6704,,General,12400 Foster,66213,Kansas City,2,
Benefit Trust Co.,,,https://directory-kard.kscourts.gov/Home/Details?regNum=22966,Overland Park,KS,Johnson,913-319-0340,,General,5901 College Blvd Ste 100,66211,Kansas City,2,
WellSky Corporation,,,https://directory-kard.kscourts.gov/Home/Details?regNum=22753,Overland Park,KS,Johnson,913-307-1084,,General,11300 Switzer Rd,66210,Kansas City,2,
City Of Overland Park,,,https://directory-kard.kscourts.gov/Home/Details?regNum=22802,Overland Park,KS,Johnson,913-327-6706,,General,12400 Foster,66213,Kansas City,2,
KS Dept of Labor-Div of Worker's Compensation,,,https://directory-kard.kscourts.gov/Home/Details?regNum=13529,Lenexa,KS,Johnson,913-642-7650,,General,"11900 W 87th St Pkwy, Ste 200",66215,Kansas City,2,
Christine Schlomann,,,https://directory-kard.kscourts.gov/Home/Details?regNum=18712,Overland Park,KS,Johnson,816-820-6500,,General,11464 King Ln,66210,Kansas City,2,
"eMoneyUSA Holdings, LLC",,,https://directory-kard.kscourts.gov/Home/Details?regNum=20688,Leawood,KS,Johnson,816-668-4207,,General,8700 State Line Rd,66206,Kansas City,2,
"National Cable Television Cooperative, Inc",,,https://directory-kard.kscourts.gov/Home/Details?regNum=20756,Overland Park,KS,Johnson,913-310-1564,,General,9401 Indian Creek Parkway Ste 500,66210,Kansas City,2,
Title Midwest Inc,,,https://directory-kard.kscourts.gov/Home/Details?regNum=10380,Fairway,KS,Johnson,913-535-5458,,General,4400 Shawnee Mission Pkwy Suite 102,66205,Kansas City,2,
"Ceva U.S. Holdings, Inc.",,,https://directory-kard.kscourts.gov/Home/Details?regNum=24892,Lenexa,KS,Johnson,913-945-4412,,General,8735 Rosehill Rd,66215,Kansas City,2,
DLR Group,,,https://directory-kard.kscourts.gov/Home/Details?regNum=28692,Overland Park,KS,Johnson,913-685-5640,,General,7290 West 133rd St,66213,Kansas City,2,
TFL,,,https://directory-kard.kscourts.gov/Home/Details?regNum=29142,Overland Park,KS,Johnson,316-201-8459,,General,7311 W 130th St,66213,Kansas City,2,
Netsmart,,,https://directory-kard.kscourts.gov/Home/Details?regNum=30230,Overland Park,KS,Johnson,913-272-2226,,General,11100 Nall Ave,66211,Kansas City,2,
"SPX Cooling Tech, LLC",,,https://directory-kard.kscourts.gov/Home/Details?regNum=22518,Overland Park,KS,Johnson,913-731-4022,,General,7401 W 129th St,66213,Kansas City,2,
American Broadband Holding Company,,,https://directory-kard.kscourts.gov/Home/Details?regNum=20804,Overland Park,KS,Johnson,913-387-9328,,General,13200 Metcalf Ste 400,66213,Kansas City,2,
PPMRRG,,,https://directory-kard.kscourts.gov/Home/Details?regNum=18306,Overland Park,KS,Johnson,913-262-2585,,General,"11880 College Blvd, Ste 300",66210,Kansas City,2,
Tenth Judicial District Public Defender,,,https://directory-kard.kscourts.gov/Home/Details?regNum=30237,Olathe,KS,Johnson,913-829-8755,,General,"115 E Park St, Ste A",66061,Kansas City,2,
Lewanna Bell-lloyd,,,https://directory-kard.kscourts.gov/Home/Details?regNum=11974,Olathe,KS,Johnson,913-782-5544,,General,214 S. Chestnut St,66061,Kansas City,2,
Fidelity Security Life Insurance,,,https://directory-kard.kscourts.gov/Home/Details?regNum=19804,Overland Park,KS,Johnson,913-225-4502,,General,14401 Hadley,66223,Kansas City,2,
ACLU Foundation of Kansas,,,https://directory-kard.kscourts.gov/Home/Details?regNum=30497,Overland Park,KS,Johnson,913-303-3641,,General,PO Box 13048,66282,Kansas City,2,
City Of Leawood Kansas,,,https://directory-kard.kscourts.gov/Home/Details?regNum=13633,Leawood,KS,Johnson,913-663-9175,,General,4205 Town Center Dr,66211,Kansas City,2,
"US Environmental Protection Agency, Region 7",,,https://directory-kard.kscourts.gov/Home/Details?regNum=26695,Lenexa,KS,Johnson,913-551-7372,,General,11201 Renner Blvd,66219,Kansas City,2,
QTS,,,https://directory-kard.kscourts.gov/Home/Details?regNum=27979,Overland Park,KS,Johnson,913-343-2197,,General,6601 College Blvd,66211,Kansas City,2,
Tenth Judicial District,,,https://directory-kard.kscourts.gov/Home/Details?regNum=30092,Olathe,KS,Johnson,913-715-3332,,General,150 W Santa Fe St,66061,Kansas City,2,
AmeriTrust Group,,,https://directory-kard.kscourts.gov/Home/Details?regNum=25489,Overland Park,KS,Johnson,913-266-5153,,General,"11880 College Blvd, Ste 500",66210,Kansas City,2,
"InvestCloud, Inc.",,,https://directory-kard.kscourts.gov/Home/Details?regNum=28004,Leawood,KS,Johnson,888-800-0188,,General,3514 W 102nd St,66206,Kansas City,2,
YoungWilliams,,,https://directory-kard.kscourts.gov/Home/Details?regNum=28681,Overland Park,KS,Johnson,913-791-0121,,General,"10800 Farley St, Ste 300",66210,Kansas City,2,
Lumen,,,https://directory-kard.kscourts.gov/Home/Details?regNum=16431,Overland Park,KS,Johnson,913-219-0088,,General,12104 W 141st St,66221,Kansas City,2,
Curi,,,https://directory-kard.kscourts.gov/Home/Details?regNum=19528,Roeland Park,KS,Johnson,913-515-9142,,General,5311 W 49th St,66205,Kansas City,2,
AVI-SPL LLC,,,https://directory-kard.kscourts.gov/Home/Details?regNum=22629,Overland Park,KS,Johnson,913-535-5323,,General,"9401 Indian Creek Pkwy, Ste 900",66210,Kansas City,2,
Aon,,,https://directory-kard.kscourts.gov/Home/Details?regNum=21321,Lenexa,KS,Johnson,816-225-5815,,General,20404 W. 92nd St,66220,Kansas City,2,
Embree Consulting,,,https://directory-kard.kscourts.gov/Home/Details?regNum=12978,Leawood,KS,Johnson,913-221-5203,,General,3709 W 121st St,66209,Kansas City,2,
CBRE,,,https://directory-kard.kscourts.gov/Home/Details?regNum=18294,Overland Park,KS,Johnson,913-794-7806,,General,6160 Sprint Pkwy,66251,Kansas City,2,
"QC Holdings, LLC",,,https://directory-kard.kscourts.gov/Home/Details?regNum=27054,Lenexa,KS,Johnson,919-518-6336,,General,8208 Melrose Dr,66214,Kansas City,2,
"National Advisors Holdings, Inc.",,,https://directory-kard.kscourts.gov/Home/Details?regNum=24504,Leawood,KS,Johnson,913-234-8281,,General,"11141 Overbrook, Ste 201",66211,Kansas City,2,
Smith & Loveless Inc,,,https://directory-kard.kscourts.gov/Home/Details?regNum=16384,Lenexa,KS,Johnson,913-888-5201,,General,14040 Santa Fe Trail,66215,Kansas City,2,
Hoopla,,,https://directory-kard.kscourts.gov/Home/Details?regNum=16389,Fairway,KS,Johnson,913-777-5959,,General,2708 W 53rd St,66205,Kansas City,2,
City of Leawood,,,https://directory-kard.kscourts.gov/Home/Details?regNum=28229,Leawood,KS,Johnson,913-663-9182,,General,4205 Town Center Dr,66211,Kansas City,2,
Aon,,,https://directory-kard.kscourts.gov/Home/Details?regNum=24069,Leawood,KS,Johnson,913-271-4087,,General,8713 Cherokee Ln,66206,Kansas City,2,
City of Olathe Emergency Management,,,https://directory-kard.kscourts.gov/Home/Details?regNum=19941,Olathe,KS,Johnson,913-706-0317,,General,1385 S Robinson Dr,66062,Kansas City,2,
"Carrier Logistics, LLC",,,https://directory-kard.kscourts.gov/Home/Details?regNum=12657,Spring Hill,KS,Johnson,913-681-2780,,General,PO Box 412,66083,Kansas City,2,
Overland Park Municipal Court,,,https://directory-kard.kscourts.gov/Home/Details?regNum=23400,Overland Park,KS,Johnson,913-327-6800,,General,12400 Foster,66213,Kansas City,2,
Kansas State Board Of Indigents’ Defense Services,,,https://directory-kard.kscourts.gov/Home/Details?regNum=18667,Olathe,KS,Johnson,913-829-8755,,General,115 E Park Ste A,66061,Kansas City,2,
ReeceNichols Real Estate,,,https://directory-kard.kscourts.gov/Home/Details?regNum=11653,Prairie Village,KS,Johnson,913-262-7755,,General,7455 Mission Rd,66208,Kansas City,2,
"Division M4, Johnson County Courthouse",,,https://directory-kard.kscourts.gov/Home/Details?regNum=21992,Olathe,KS,Johnson,913-715-3348,,General,150 W Santa Fe St,66061,Kansas City,2,
Hill's Pet Nutrition,,,https://directory-kard.kscourts.gov/Home/Details?regNum=23183,Overland Park,KS,Johnson,785-207-2811,,General,6180 Sprint Pkwy,66211,Kansas City,2,
McMullen,,,https://directory-kard.kscourts.gov/Home/Details?regNum=15395,Spring Hill,KS,Johnson,913-940-4521,,General,20176 Country View Ter,66083,Kansas City,2,
Johnson Co. District Attorney's Office,,,https://directory-kard.kscourts.gov/Home/Details?regNum=14967,Olathe,KS,Johnson,913-715-3074,,General,"150 W. Santa Fe Street, 3rd Floor",66061,Kansas City,2,
Impact Foundation,,,https://directory-kard.kscourts.gov/Home/Details?regNum=23584,Lenexa,KS,Johnson,816-853-4469,,General,8208 Melrose Dr,66214,Kansas City,2,
Mark Schmidt,,,https://directory-kard.kscourts.gov/Home/Details?regNum=18045,Olathe,KS,Johnson,913-221-6474,,General,13971 W. 148th St,66062,Kansas City,2,
Environmental Protection Agency (EPA) Region 7,,,https://directory-kard.kscourts.gov/Home/Details?regNum=29311,Lenexa,KS,Johnson,913-551-7633,,General,11201 Renner Blvd,66219,Kansas City,2,
"Kansas Gas Service, a division of ONE Gas, Inc.",,,https://directory-kard.kscourts.gov/Home/Details?regNum=26028,Overland Park,KS,Johnson,913-319-8615,,General,7421 West 129th St,66213,Kansas City,2,
Cameron Willcott,,,https://directory-kard.kscourts.gov/Home/Details?regNum=24346,Merriam,KS,Johnson,913-762-1018,,General,9918 W 61st St,66203,Kansas City,2,
Kiewit Corp.,,,https://directory-kard.kscourts.gov/Home/Details?regNum=18571,Lenexa,KS,Johnson,816-392-6803,,General,8900 Renner Blvd,66219,Kansas City,2,
Monet M. Deshler,,,https://directory-kard.kscourts.gov/Home/Details?regNum=24808,Overland Park,KS,Johnson,913-687-5282,,General,6950 W 152nd Ter,66223,Kansas City,2,
City of Shawnee,,,https://directory-kard.kscourts.gov/Home/Details?regNum=25573,Shawnee,KS,Johnson,913-742-6917,,General,5860 Renner Rd,66217,Kansas City,2,
DLR Group Inc.,,,https://directory-kard.kscourts.gov/Home/Details?regNum=23564,Overland Park,KS,Johnson,913-685-5636,,General,7290 W 133rd St,66213,Kansas City,2,
City of Overland Park Municipal Court,,,https://directory-kard.kscourts.gov/Home/Details?regNum=18804,Overland Park,KS,Johnson,913-327-6852,,General,12400 Foster,66213,Kansas City,2,
"Creative Planning, Inc",,,https://directory-kard.kscourts.gov/Home/Details?regNum=23807,Overland Park,KS,Johnson,913-742-7246,,General,5454 W. 110th St,66211,Kansas City,2,
State of Kansas,,,https://directory-kard.kscourts.gov/Home/Details?regNum=21363,Olathe,KS,Johnson,913-829-8755,,General,10th J.D. Public Defender's Office 115 E Park St Ste A,66061,Kansas City,2,
Alliance Equities Corporation,,,https://directory-kard.kscourts.gov/Home/Details?regNum=13809,Overland Park,KS,Johnson,913-428-8278,,General,7240 W 98th Ter,66212,Kansas City,2,
Blattner Company (c/o First & Fourteenth),,,https://directory-kard.kscourts.gov/Home/Details?regNum=18356,Overland Park,KS,Johnson,913-710-5495,,General,"6400 Glenwood St, Ste 201",66202,Kansas City,2,
"Tenth Judicial District, Division 20",,,https://directory-kard.kscourts.gov/Home/Details?regNum=19891,Olathe,KS,Johnson,913-715-3982,,General,150 W Santa Fe St,66061,Kansas City,2,
United Community Services of Johnson County,,,https://directory-kard.kscourts.gov/Home/Details?regNum=28826,Overland Park,KS,Johnson,913-438-4764,,General,"9001 W 110th St, Ste 100",66210,Kansas City,2,
GitLab Inc,,,https://directory-kard.kscourts.gov/Home/Details?regNum=24783,Overland Park,KS,Johnson,913-544-9218,,General,15738 Rosewood Dr,66224,Kansas City,2,
McKesson Corporation (Rx Savings Solutions),,,https://directory-kard.kscourts.gov/Home/Details?regNum=26003,Overland Park,KS,Johnson,913-449-5697,,General,5440 W 110th,66211,Kansas City,2,
ReeceNichols,,,https://directory-kard.kscourts.gov/Home/Details?regNum=20671,Leawood,KS,Johnson,913-266-5673,,General,11601 Granada,66211,Kansas City,2,
10th Judicial District Public Defender's Office,,,https://directory-kard.kscourts.gov/Home/Details?regNum=28591,Olathe,KS,Johnson,913-829-8755,,General,"115 E Park St, Ste A",66061,Kansas City,2,
Kansas State Board of Indigent Defense Services,,,https://directory-kard.kscourts.gov/Home/Details?regNum=29528,Olathe,KS,Johnson,913-829-8755,,General,"115 E Park St, Ste A",66061,Kansas City,2,
Seth Wood,,,https://directory-kard.kscourts.gov/Home/Details?regNum=23977,Olathe,KS,Johnson,913-940-9466,,General,130 N Cherry Ste 105,66061,Kansas City,2,
Hill's Pet Nutrition Inc,,,https://directory-kard.kscourts.gov/Home/Details?regNum=26704,Overland Park,KS,Johnson,785-600-8890,,General,6180 Sprint Pkwy,66211,Kansas City,2,
ESIS,,,https://directory-kard.kscourts.gov/Home/Details?regNum=26186,Overland Park,KS,Johnson,913-777-7118,,General,10950 Grandview Dr,66210,Kansas City,2,
T-Mobile USA,,,https://directory-kard.kscourts.gov/Home/Details?regNum=18322,Overland Park,KS,Johnson,913-439-5935,,General,6200 Sprint Pkwy,66251,Kansas City,2,
BOKF,,,https://directory-kard.kscourts.gov/Home/Details?regNum=23839,Overland Park,KS,Johnson,913-307-1842,,General,7101 College Blvd Ste 1000,66210,Kansas City,2,
NA,,,https://directory-kard.kscourts.gov/Home/Details?regNum=15330,Olathe,KS,Johnson,620-242-4408,,General,14397 S. Cody Street,66062,Kansas City,2,
Keller Williams,,,https://directory-kard.kscourts.gov/Home/Details?regNum=17233,Overland Park,KS,Johnson,913-906-5400,,General,6850 College Blvd,66211,Kansas City,2,
Dell,,,https://directory-kard.kscourts.gov/Home/Details?regNum=21646,Shawnee,KS,Johnson,512-270-8436,,General,4603 Lakecrest Dr,66218,Kansas City,2,
City of Olathe Municipal Court,,,https://directory-kard.kscourts.gov/Home/Details?regNum=20397,Olathe,KS,Johnson,913-971-7709,,General,1200 S Harrison St,66061,Kansas City,2,
Kessler Law Offices PA,,,https://directory-kard.kscourts.gov/Home/Details?regNum=10478,Westwood,KS,Johnson,913-621-4400,,General,4800 Rainbow Blvd Ste 100,66205,Kansas City,2,
TrueML Technologies LLC,,,https://directory-kard.kscourts.gov/Home/Details?regNum=29278,Lenexa,KS,Johnson,415-850-9585,,General,"16011 College Blvd, Ste 102",66219,Kansas City,2,
PCG,,,https://directory-kard.kscourts.gov/Home/Details?regNum=19779,Lenexa,KS,Johnson,913-888-8600,,General,11145 Thompson Ave,66219,Kansas City,2,
Netsmart Technologies,,,https://directory-kard.kscourts.gov/Home/Details?regNum=23541,Overland Park,KS,Johnson,913-272-2410,,General,11100 Nall Ave,66211,Kansas City,2,
"Tortoise Capital Advisors, LLC",,,https://directory-kard.kscourts.gov/Home/Details?regNum=20098,Overland Park,KS,Johnson,913-981-1020,,General,5901 College Blvd Ste 400,66211,Kansas City,2,
Prime Capital Investment Advisors,,,https://directory-kard.kscourts.gov/Home/Details?regNum=13576,Overland Park,KS,Johnson,913-491-6226,,General,6201 College Blvd Ste 150,66211,Kansas City,2,
Nations Holding Company,,,https://directory-kard.kscourts.gov/Home/Details?regNum=9287,Merriam,KS,Johnson,913-383-9248,,General,Legal Dept 9001 W 67th St,66202,Kansas City,2,
Terracon Consultants,,,https://directory-kard.kscourts.gov/Home/Details?regNum=29714,Olathe,KS,Johnson,913-599-6886,,General,10841 S Ridgeview Rd,66061,Kansas City,2,
Zurich Services Corp.,,,https://directory-kard.kscourts.gov/Home/Details?regNum=13099,Overland Park,KS,Johnson,913-339-1514,,General,7045 College Blvd,66212,Kansas City,2,
KANSAS BOARD OF INDIGENTS' DEFENSE SERVICES,,,https://directory-kard.kscourts.gov/Home/Details?regNum=30506,Olathe,KS,Johnson,913-829-8755,,General,115 E Park St Ste A,66061,Kansas City,2,
Motley Consulting Services LLC,,,https://directory-kard.kscourts.gov/Home/Details?regNum=13235,Leawood,KS,Johnson,913-568-6579,,General,4402 W 126th St,66209,Kansas City,2,
National Cable Television Cooperative,,,https://directory-kard.kscourts.gov/Home/Details?regNum=15951,Overland Park,KS,Johnson,913-310-1522,,General,9401 Indian Creek Pkwy Ste 500,66210,Kansas City,2,
Jack Henry & Associates,,,https://directory-kard.kscourts.gov/Home/Details?regNum=25548,Overland Park,KS,Johnson,913-341-3434,,General,10910 W 87th St,66214,Kansas City,2,
Kansas Department for Children and Families,,,https://directory-kard.kscourts.gov/Home/Details?regNum=26689,Lenexa,KS,Johnson,913-942-3249,,General,7905 Quivira Rd,66215,Kansas City,2,
Federation of State Massage Therapy Boards,,,https://directory-kard.kscourts.gov/Home/Details?regNum=29295,Overland Park,KS,Johnson,913-681-0380,,General,"7300 College Blvd, Ste 650",66210,Kansas City,2,
"Acutula Consulting, LLC",,,https://directory-kard.kscourts.gov/Home/Details?regNum=16377,Overland Park,KS,Johnson,913-620-1650,,General,9227 Lamar Ave,66207,Kansas City,2,
Personal,,,https://directory-kard.kscourts.gov/Home/Details?regNum=24381,Overland Park,KS,Johnson,816-764-7788,,General,5901 College Blvd Ste 315,66211,Kansas City,2,
MTC Holding Corporation,,,https://directory-kard.kscourts.gov/Home/Details?regNum=21244,Overland Park,KS,Johnson,913-827-9103,,General,5901 College Blvd Ste 100,66211,Kansas City,2,
Luanne Reeves,,,https://directory-kard.kscourts.gov/Home/Details?regNum=15308,Olathe,KS,Johnson,913-484-8664,,General,15001 Quivira Rd,66062,Kansas City,2,
Penelope J. Reeves,,,https://directory-kard.kscourts.gov/Home/Details?regNum=21319,Overland Park,KS,Johnson,913-369-5075,,General,12816 W 110th Terr,66210,Kansas City,2,
QII,,,https://directory-kard.kscourts.gov/Home/Details?regNum=20271,Overland Park,KS,Johnson,913-226-3686,,General,12851 Foster,66213,Kansas City,2,
Leslie Rudd Investment Company,,,https://directory-kard.kscourts.gov/Home/Details?regNum=25788,Lenexa,KS,Johnson,913-530-0496,,General,16800 W 113th St,66219,Kansas City,2,
WellSky,,,https://directory-kard.kscourts.gov/Home/Details?regNum=23235,Overland Park,KS,Johnson,913-200-5329,,General,11300 Switzer Rd,64108,Kansas City,2,
Gary D. Stone PA,,,https://directory-kard.kscourts.gov/Home/Details?regNum=17204,Mission,KS,Johnson,816-516-8000,,General,6405 Metcalf Ave Ste 420,66202,Kansas City,2,
AdAstra Strategies LLC,,,https://directory-kard.kscourts.gov/Home/Details?regNum=16555,Overland Park,KS,Johnson,816-721-8635,,General,10820 W 140th St,66221,Kansas City,2,
"City of Lenexa, Kansas",,,https://directory-kard.kscourts.gov/Home/Details?regNum=25699,Lenexa,KS,Johnson,913-477-7626,,General,17101 W. 87th St Pkwy,66219,Kansas City,2,
"Neu Consulting Group, LLC dba NeuAnalytics, LLC",,,https://directory-kard.kscourts.gov/Home/Details?regNum=30848,Overland Park,KS,Johnson,913-228-3429,,General,8417 Santa Fe Dr,66212,Kansas City,2,
Johnson County Board of County Commissioners,,,https://directory-kard.kscourts.gov/Home/Details?regNum=29090,Olathe,KS,Johnson,913-715-1840,,General,"111 S Cherry St, Ste 3200",66061,Kansas City,2,
EPA Region 7 HQ,,,https://directory-kard.kscourts.gov/Home/Details?regNum=27682,Lenexa,KS,Johnson,515-401-4403,,General,11201 Renner SBlvd,66219,Kansas City,2,
Jack Henry & Associates,,,https://directory-kard.kscourts.gov/Home/Details?regNum=21220,Lenexa,KS,Johnson,417-235-6652,,General,10910 W. 87th St,66213,Kansas City,2,
"DeMars Pension Consulting Services, Inc.",,,https://directory-kard.kscourts.gov/Home/Details?regNum=11186,Overland Park,KS,Johnson,913-469-6111,,General,"8700 Indian Creek Pkwy, Ste 185",66210,Kansas City,2,
Chapter 13 Trustee,,,https://directory-kard.kscourts.gov/Home/Details?regNum=8060,Roeland Park,KS,Johnson,913-677-1311,,General,"5115 Roe Blvd, Ste 200",66205,Kansas City,2,
"AmeriTrust Group, Inc.",,,https://directory-kard.kscourts.gov/Home/Details?regNum=26725,Overland Park,KS,Johnson,913-266-5108,,General,"11880 College Blvd, Ste 500",66210,Kansas City,2,
"AzimuthZero, LLC",,,https://directory-kard.kscourts.gov/Home/Details?regNum=15941,Overland Park,KS,Johnson,913-485-6545,,General,"6300 W 143rd St, Ste 200",66223,Kansas City,2,
Title Midwest,,,https://directory-kard.kscourts.gov/Home/Details?regNum=28456,Fairway,KS,Johnson,785-271-9352,,General,"4400 Shawnee Mission Pkwy, Ste 102",66205,Kansas City,2,
"Quest Analytics, L.L.C.",,,https://directory-kard.kscourts.gov/Home/Details?regNum=28496,Overland Park,KS,Johnson,913-347-8280,,General,"9225 Indian Creek Pkwy, Ste 200",66210,Kansas City,2,
SBIDS - Tenth Judicial District Public Defender Office,,,https://directory-kard.kscourts.gov/Home/Details?regNum=30798,Olathe,KS,Johnson,913-829-8755,,General,"115 E. Park St, Ste A",66061,Kansas City,2,
Kansas Department of Labor,,,https://directory-kard.kscourts.gov/Home/Details?regNum=14020,Lenexa,KS,Johnson,913-642-7650,,General,"11900 W 87th St Pkwy, Ste 200",66215,Kansas City,2,
"Johnson County, DA Office",,,https://directory-kard.kscourts.gov/Home/Details?regNum=23055,Olathe,KS,Johnson,913-715-3000,,General,P.O. Box 728,66051,Kansas City,2,
Seaboard Overseas and Trading Group,,,https://directory-kard.kscourts.gov/Home/Details?regNum=30398,Merriam,KS,Johnson,913-904-3627,,General,9000 W. 67th St,66202,Kansas City,2,
Brightspeed,,,https://directory-kard.kscourts.gov/Home/Details?regNum=24592,Overland Park,KS,Johnson,704-754-9056,,General,13006 Carter St,66213,Kansas City,2,
Nomura Asset Management,,,https://directory-kard.kscourts.gov/Home/Details?regNum=23412,Overland Park,KS,Johnson,913-579-9313,,General,6301 Glenwood,66202,Kansas City,2,
US Food and Drug Administration,,,https://directory-kard.kscourts.gov/Home/Details?regNum=25683,Lenexa,KS,Johnson,301-796-0395,,General,10749 W 84th Ter,66214,Kansas City,2,
Generations Real Estate,,,https://directory-kard.kscourts.gov/Home/Details?regNum=14233,Shawnee,KS,Johnson,913-915-1001,,General,22105 W 83rd St,66227,Kansas City,2,
Shamrock Trading Corporation,,,https://directory-kard.kscourts.gov/Home/Details?regNum=21125,Overland Park,KS,Johnson,913-521-6830,,General,9300 Metcalf Ave,66212,Kansas City,2,
Federated Rural Electric Insurance Exchange,,,https://directory-kard.kscourts.gov/Home/Details?regNum=24865,Shawnee,KS,Johnson,913-541-2951,,General,7725 Renner Rd,66217,Kansas City,2,
James R. Orr Attorney at Law,,,https://directory-kard.kscourts.gov/Home/Details?regNum=11102,Westwood,KS,Johnson,913-262-7710,,General,"4800 Rainbow Blvd, Ste 200",66205,Kansas City,2,
Selling KC Real Estate,,,https://directory-kard.kscourts.gov/Home/Details?regNum=22663,Leawood,KS,Johnson,816-401-6514,,General,8509 Belinder Rd,66206,Kansas City,2,
Empower,,,https://directory-kard.kscourts.gov/Home/Details?regNum=14402,Overland Park,KS,Johnson,913-664-1763,,General,11501 Outlook St,66211,Kansas City,2,
Mark Grover,http://www.groverlawkc.com,,https://lawyers.justia.com/lawyer/mark-grover-917757,Overland Park,KS,Johnson,(913) 432-1000,,Personal Injury,7221 W 79th St,66204,Kansas City,5,
Paul Burmaster,https://www.burmasterlaw.com,,https://lawyers.justia.com/lawyer/paul-burmaster-922590,Overland Park,KS,Johnson,(913) 648-1464,,DUI/DWI,8000 Foster Street,66204,Kansas City,5,
Kelli Stevens,,,https://lawyers.justia.com/lawyer/kelli-stevens-919753,Overland Park,KS,Johnson,(913) 732-3340,,General,8400 W. 110th Street,66210,Kansas City,2,
Dionne Scherff,,,https://lawyers.justia.com/lawyer/dionne-scherff-918998,Overland Park,KS,Johnson,(913) 948-9490,,General,10104 W 105th St,66212,Kansas City,2,
James Shetlar,,,https://lawyers.justia.com/lawyer/james-shetlar-921498,Overland Park,KS,Johnson,(913) 648-3220,,Personal Injury,8000 Foster St,66204,Kansas City,5,
Mark Hagen,,,https://lawyers.justia.com/lawyer/mark-hagen-916736,Overland Park,KS,Johnson,(913) 236-9696,,DUI/DWI,8645 College Blvd,66210,Kansas City,5,
Scott Gyllenborg,,,https://lawyers.justia.com/lawyer/scott-gyllenborg-919826,Olathe,KS,Johnson,(913) 782-1400,,DUI/DWI,111 South Kansas Avenue,66061,Kansas City,5,
Amy Mitchell,,,https://lawyers.justia.com/lawyer/amy-mitchell-921134,Olathe,KS,Johnson,(913) 782-2720,,General,"100 East Park Street, Suite 208",66061,Kansas City,2,
Jordan N Cross,,,https://lawyers.justia.com/lawyer/jordan-n-cross-1664811,OLATHE,KS,Johnson,(913) 782-5500,,Personal Injury,303 E POPLAR ST,66061,Kansas City,5,
Benjamin Long,,,https://lawyers.justia.com/lawyer/benjamin-long-1667836,Olathe,KS,Johnson,(913) 359-8996,,Estate Planning,100 E Park Ste 8,66061,Kansas City,4,
Ryan Blay,,,https://lawyers.justia.com/lawyer/ryan-blay-1484542,Olathe,KS,Johnson,(913) 422-0909,,General,15095 W 116th St,66062,Kansas City,2,
Luke T Trusdale,,,https://lawyers.justia.com/lawyer/luke-t-trusdale-1820877,Olathe,KS,Johnson,(913) 422-0909,,Bankruptcy,15095 W. 116th St.,66062,Kansas City,4,
Michael Hunter,,,https://lawyers.justia.com/lawyer/michael-hunter-1814245,Olathe,KS,Johnson,,,DUI/DWI,115 E. Park St.,66061,Kansas City,5,
Tobi M. Bitner,,,https://lawyers.justia.com/lawyer/tobi-m-bitner-1487434,Olathe,KS,Johnson,(913) 782-5544,,Divorce,214 S. Chestnut,66061,Kansas City,5,
Scott McFall,,,https://lawyers.justia.com/lawyer/scott-mcfall-1489618,Olathe,KS,Johnson,(913) 764-5010,,Personal Injury,104 E. Poplar,66061,Kansas City,5,
Jeffrey Alan Bullins,,,https://lawyers.justia.com/lawyer/jeffrey-alan-bullins-734939,OVERLAND PARK,KS,Johnson,(913) 342-2500,,General,10851 MASTIN ST,66210,Kansas City,2,
Michael Wharton,,,https://lawyers.justia.com/lawyer/michael-wharton-922062,Overland Park,KS,Johnson,(913) 451-8430,,Personal Injury,10975 Benson Dr,66210,Kansas City,5,
Ernest Ballweg,,,https://lawyers.justia.com/lawyer/ernest-ballweg-921273,Overland Park,KS,Johnson,(913) 491-6900,,General,9200 Indian Creek Pkwy,66210,Kansas City,2,
Mark Lynch,,,https://lawyers.justia.com/lawyer/mark-lynch-915987,Overland Park,KS,Johnson,(913) 342-2500,,Medical Malpractice,7400 W 110th St,66210,Kansas City,5,
Larry Hoffman,,,https://lawyers.justia.com/lawyer/larry-hoffman-918428,Overland Park,KS,Johnson,(913) 345-1800,,Divorce,11600 College Blvd,66210,Kansas City,5,
Jeffrey Austin,,,https://lawyers.justia.com/lawyer/jeffrey-austin-920271,Overland Park,KS,Johnson,(913) 814-8854,,General,7111 W 151st St,66223,Kansas City,2,
David Zimmerman,,,https://lawyers.justia.com/lawyer/david-zimmerman-920807,Overland Park,KS,Johnson,(913) 451-3355,,General,9225 Indian Creek Pkwy,66210,Kansas City,2,
Carl Radom,,,https://lawyers.justia.com/lawyer/carl-radom-917302,Overland Park,KS,Johnson,(913) 381-8180,,Estate Planning,9300 Metcalf Ave,66212,Kansas City,4,
Michelle Stewart,,,https://lawyers.justia.com/lawyer/michelle-stewart-916883,Overland Park,KS,Johnson,(913) 345-9205,,Personal Injury,"6800 College Blvd., Suite 600",66211,Kansas City,5,
Peter,,,https://lawyers.justia.com/lawyer/peter-922343,Overland Park,KS,Johnson,(913) 381-8180,,General,9300 Metcalf Ave,66212,Kansas City,2,
Nathan Sutton,,,https://lawyers.justia.com/lawyer/nathan-sutton-922157,Overland Park,KS,Johnson,(913) 385-0444,,Estate Planning,7211 W 98th Terrace,66212,Kansas City,4,
Karl Kuckelman,,,https://lawyers.justia.com/lawyer/karl-kuckelman-920402,Overland Park,KS,Johnson,(913) 888-1000,,General,10111 W 87th St,66212,Kansas City,2,
Karen DiVita,,,https://lawyers.justia.com/lawyer/karen-divita-916808,Overland Park,KS,Johnson,(913) 710-3654,,General,10208 Flint St,66214,Kansas City,2,
Brent Kellenberger,,,https://lawyers.justia.com/lawyer/brent-kellenberger-917351,Overland Park,KS,Johnson,(913) 648-2971,,General,7624 W 88th St,66212,Kansas City,2,
Connie Boysen,,,https://lawyers.justia.com/lawyer/connie-boysen-924225,Overland Park,KS,Johnson,(913) 383-3800,,Divorce,5350 W 94th Terrace,66207,Kansas City,5,
Kay McCarthy,,,https://lawyers.justia.com/lawyer/kay-mccarthy-922358,Overland Park,KS,Johnson,(913) 239-9688,,Divorce,"11903 W. 119th St.,",66213,Kansas City,5,
Bruce Beye,,,https://lawyers.justia.com/lawyer/bruce-beye-922310,Overland Park,KS,Johnson,(913) 338-0202,,General,9200 Indian Creek Pkwy,66210,Kansas City,2,
Drew Frackowiak,,,https://lawyers.justia.com/lawyer/drew-frackowiak-923100,Overland Park,KS,Johnson,(913) 381-7654,,General,6750 W 93rd St,66212,Kansas City,2,
Robert Mintz,,,https://lawyers.justia.com/lawyer/robert-mintz-922982,Overland Park,KS,Johnson,(913) 888-1000,,General,10111 W 87th St,66212,Kansas City,2,
Sally Harris,,,https://lawyers.justia.com/lawyer/sally-harris-923499,Overland Park,KS,Johnson,(913) 888-1000,,General,10111 W 87th St,66212,Kansas City,2,
Brian Niceswanger,,,https://lawyers.justia.com/lawyer/brian-niceswanger-921972,Overland Park,KS,Johnson,(913) 338-5400,,Medical Malpractice,7101 College Blvd,66210,Kansas City,5,
Peter Collins,,,https://lawyers.justia.com/lawyer/peter-collins-918386,Overland Park,KS,Johnson,(913) 345-9205,,Bankruptcy,9401 Indian Creek Pkwy,66210,Kansas City,4,
Barry Warren,,,https://lawyers.justia.com/lawyer/barry-warren-919918,Overland Park,KS,Johnson,(913) 888-1000,,General,10111 W 87th St,66212,Kansas City,2,
John Tongier,,,https://lawyers.justia.com/lawyer/john-tongier-922852,Overland Park,KS,Johnson,(913) 451-8383,,General,8717 W 110th St,66210,Kansas City,2,
Charles Hyland,,,https://lawyers.justia.com/lawyer/charles-hyland-921756,Overland Park,KS,Johnson,(913) 498-1911,,Divorce,7300 W 110th St,66210,Kansas City,5,
Penelope Reeves,,,https://lawyers.justia.com/lawyer/penelope-reeves-923766,Overland Park,KS,Johnson,(913) 469-9031,,General,12816 W 110th Terrace,66210,Kansas City,2,
Christopher Lawson,,,https://lawyers.justia.com/lawyer/christopher-lawson-918574,Overland Park,KS,Johnson,(913) 432-9922,,Divorce,6750 Antioch Rd,66204,Kansas City,5,
Jeffrey Mitchell Rinne,,,https://lawyers.justia.com/lawyer/jeffrey-mitchell-rinne-949464,Overland Park,KS,Johnson,(913) 334-5444,,Estate Planning,11040 Oakmont St,66210,Kansas City,4,
Jeffrey Baker,,,https://lawyers.justia.com/lawyer/jeffrey-baker-921387,Overland Park,KS,Johnson,(913) 234-6100,,General,9401 Indian Creek Pkwy,66210,Kansas City,2,
Marty Jackson,,,https://lawyers.justia.com/lawyer/marty-jackson-921294,Overland Park,KS,Johnson,(913) 888-1000,,General,10111 W 87th St,66212,Kansas City,2,
Ellen Goldman,,,https://lawyers.justia.com/lawyer/ellen-goldman-920366,Overland Park,KS,Johnson,(913) 381-9520,,Divorce,7944 Santa Fe Dr,66204,Kansas City,5,
Christopher Kalberg,,,https://lawyers.justia.com/lawyer/christopher-kalberg-949579,Overland Park,KS,Johnson,(913) 825-6670,,Personal Injury,11184 Antioch Rd,66210,Kansas City,5,
Jeffrey Nichols,,,https://lawyers.justia.com/lawyer/jeffrey-nichols-921976,Overland Park,KS,Johnson,(913) 888-1000,,General,10111 W 87th St,66212,Kansas City,2,
Dana Parks,,,https://lawyers.justia.com/lawyer/dana-parks-949975,Overland Park,KS,Johnson,(913) 782-2350,,Divorce,7400 W. 132nd Street Ste 240,66213,Kansas City,5,
John Bordeau,,,https://lawyers.justia.com/lawyer/john-bordeau-922639,Overland Park,KS,Johnson,(913) 234-6100,,General,9401 Indian Creek Pkwy,66210,Kansas City,2,
Schalie Johnson,,,https://lawyers.justia.com/lawyer/schalie-johnson-923452,Overland Park,KS,Johnson,(913) 888-1000,,General,10111 W 87th St,66212,Kansas City,2,
Curtis Roggow,,,https://lawyers.justia.com/lawyer/curtis-roggow-917898,Overland Park,KS,Johnson,(913) 234-6100,,General,9401 Indian Creek Pkwy,66210,Kansas City,2,
Richard Connors,,,https://lawyers.justia.com/lawyer/richard-connors-916256,Overland Park,KS,Johnson,(913) 451-8600,,General,10975 Benson St,66210,Kansas City,2,
Scuyler M. P. Kurlbaum,,,https://lawyers.justia.com/lawyer/scuyler-m-p-kurlbaum-920957,Overland Park,KS,Johnson,(913) 498-3536,,Estate Planning,11040 Oakmont St,66210,Kansas City,4,
Timothy Power,,,https://lawyers.justia.com/lawyer/timothy-power-922234,Overland Park,KS,Johnson,(913) 648-3220,,Personal Injury,8000 Foster St,66204,Kansas City,5,
Bryan Mouber,,,https://lawyers.justia.com/lawyer/bryan-mouber-918451,Overland Park,KS,Johnson,(913) 451-6752,,General,9393 W 110th St,66210,Kansas City,2,
Bradley Russell,,,https://lawyers.justia.com/lawyer/bradley-russell-920241,Overland Park,KS,Johnson,(913) 234-6100,,General,9401 Indian Creek Pkwy,66210,Kansas City,2,
Courtney Roy,,,https://lawyers.justia.com/lawyer/courtney-roy-917773,Overland Park,KS,Johnson,(913) 338-5713,,General,8575 W 110th St,66210,Kansas City,2,
Nancy Crawford,,,https://lawyers.justia.com/lawyer/nancy-crawford-922169,Overland Park,KS,Johnson,(913) 661-9800,,General,7400 W 110th St,66210,Kansas City,2,
Lawrence Logback,,,https://lawyers.justia.com/lawyer/lawrence-logback-923837,Overland Park,KS,Johnson,(913) 342-2500,,Medical Malpractice,7400 W 110th St,66210,Kansas City,5,
Daniel Rabin,,,https://lawyers.justia.com/lawyer/daniel-rabin-921648,Overland Park,KS,Johnson,(913) 649-1555,,Bankruptcy,10660 Barkley St,66212,Kansas City,4,
Jason Fletes,,,https://lawyers.justia.com/lawyer/jason-fletes-921601,Overland Park,KS,Johnson,(913) 339-6888,,Divorce,8695 College Blvd,66210,Kansas City,5,
Jon Stanfield,,,https://lawyers.justia.com/lawyer/jon-stanfield-919204,Overland Park,KS,Johnson,(913) 498-2900,,General,8620 W 110th St,66210,Kansas City,2,
Scott Waddell,,,https://lawyers.justia.com/lawyer/scott-waddell-918263,Overland Park,KS,Johnson,(913) 234-6100,,General,9401 Indian Creek Pkwy,66210,Kansas City,2,
Barbara Lerner Palan,,,https://lawyers.justia.com/lawyer/barbara-lerner-palan-923856,Overland Park,KS,Johnson,(913) 341-0303,,General,6750 W 93rd St,66212,Kansas City,2,
Michael Brown,,,https://lawyers.justia.com/lawyer/michael-brown-922761,Overland Park,KS,Johnson,(913) 888-1000,,General,10111 W 87th St,66212,Kansas City,2,
Michael Jones,,,https://lawyers.justia.com/lawyer/michael-jones-918598,Overland Park,KS,Johnson,(913) 322-7200,,General,12980 Metcalf Ave,66213,Kansas City,2,
Christopher McCurdy,,,https://lawyers.justia.com/lawyer/christopher-mccurdy-924195,Overland Park,KS,Johnson,(913) 888-1000,,General,10111 W 87th St,66212,Kansas City,2,
Michael Delaney,,,https://lawyers.justia.com/lawyer/michael-delaney-918988,Overland Park,KS,Johnson,(913) 345-8100,,General,9401 Indian Creek Pkwy,66210,Kansas City,2,
Jay Thomas,,,https://lawyers.justia.com/lawyer/jay-thomas-916969,Overland Park,KS,Johnson,(913) 451-1616,,General,10561 Barkley St,66212,Kansas City,2,
Michael Kuckelman,,,https://lawyers.justia.com/lawyer/michael-kuckelman-920404,Overland Park,KS,Johnson,(913) 491-3000,,General,9401 Indian Creek Pkwy,66210,Kansas City,2,
John Ross,,,https://lawyers.justia.com/lawyer/john-ross-923436,Overland Park,KS,Johnson,(913) 888-1000,,General,10111 W 87th St,66212,Kansas City,2,
Roger Warren,,,https://lawyers.justia.com/lawyer/roger-warren-922821,Overland Park,KS,Johnson,(913) 234-6100,,General,9401 Indian Creek Pkwy,66210,Kansas City,2,
Derrick Pearce,,,https://lawyers.justia.com/lawyer/derrick-pearce-918508,Overland Park,KS,Johnson,(913) 888-1000,,General,10111 W 87th St,66212,Kansas City,2,
Donald Fritschie,,,https://lawyers.justia.com/lawyer/donald-fritschie-922091,Overland Park,KS,Johnson,(913) 888-1000,,General,10111 W 87th St,66212,Kansas City,2,
Kathleen Harvey,,,https://lawyers.justia.com/lawyer/kathleen-harvey-918683,Leawood,KS,Johnson,(913) 491-6331,,General,7011 W 121st St,66209,Kansas City,2,
Russell Len Powell,,,https://lawyers.justia.com/lawyer/russell-len-powell-949582,Leawood,KS,Johnson,(816) 399-5179,,Personal Injury,"8700 State Line Road, Suite 110",66202,Kansas City,5,
John Campbell,,,https://lawyers.justia.com/lawyer/john-campbell-916855,Leawood,KS,Johnson,(913) 323-4550,,General,11150 Overbrook Rd,66211,Kansas City,2,
James Kernell,,,https://lawyers.justia.com/lawyer/james-kernell-918530,Leawood,KS,Johnson,(913) 339-9666,,General,4400 College Blvd,66211,Kansas City,2,
Clifford Cohen,,,https://lawyers.justia.com/lawyer/clifford-cohen-917946,Leawood,KS,Johnson,(913) 491-4050,,General,4601 College Blvd,66211,Kansas City,2,
Michael Joshi,,,https://lawyers.justia.com/lawyer/michael-joshi-918416,Lenexa,KS,Johnson,(913) 227-0100,,Personal Injury,8700 Monrovia St,66215,Kansas City,5,
Donald Whitney,,,https://lawyers.justia.com/lawyer/donald-whitney-917883,Leawood,KS,Johnson,(913) 323-3100,,Personal Injury,6800 College Blvd,66211,Kansas City,5,
Gregory Pappas,,,https://lawyers.justia.com/lawyer/gregory-pappas-917859,Leawood,KS,Johnson,(913) 491-4050,,General,4601 College Blvd,66211,Kansas City,2,
David Lockett,,,https://lawyers.justia.com/lawyer/david-lockett-917582,Leawood,KS,Johnson,(913) 491-5500,,General,6900 College Blvd,66211,Kansas City,2,
Teresa James,,,https://lawyers.justia.com/lawyer/teresa-james-921871,Leawood,KS,Johnson,(913) 491-5500,,Bankruptcy,6900 College Blvd,66211,Kansas City,4,
Joseph Booth,,,https://lawyers.justia.com/lawyer/joseph-booth-921925,Lenexa,KS,Johnson,(913) 469-5300,,Divorce,11900 W 87th St Pkwy,66215,Kansas City,5,
Lloyd Donald Huelson,,,https://lawyers.justia.com/lawyer/lloyd-donald-huelson-762065,Olathe,KS,Johnson,(913) 254-1400,,General,16029 S Bradley Dr,66062,Kansas City,2,
Robert Scott,,,https://lawyers.justia.com/lawyer/robert-scott-922078,Olathe,KS,Johnson,(913) 390-6776,,Personal Injury,303 E Poplar St,66061,Kansas City,5,
Brian Paden,,,https://lawyers.justia.com/lawyer/brian-paden-918917,Olathe,KS,Johnson,(913) 782-5544,,Divorce,214 S Chestnut St,66061,Kansas City,5,
Frederick Farmer,,,https://lawyers.justia.com/lawyer/frederick-farmer-920494,Olathe,KS,Johnson,(913) 782-0422,,Civil Rights,105 S Kansas Ave,66061,Kansas City,3,
Timothy Arehart,,,https://lawyers.justia.com/lawyer/timothy-arehart-918090,Olathe,KS,Johnson,(913) 782-8274,,General,303 E Poplar St,66061,Kansas City,2,
Curtis Sample,,,https://lawyers.justia.com/lawyer/curtis-sample-919714,Olathe,KS,Johnson,,,General,15416 W 155th Terrace,66062,Kansas City,2,
Andrew Etkind,,,https://lawyers.justia.com/lawyer/andrew-etkind-917118,Olathe,KS,Johnson,(913) 397-8200,,General,1200 E 151st St,66062,Kansas City,2,
Carl Cornwell,,,https://lawyers.justia.com/lawyer/carl-cornwell-921424,Olathe,KS,Johnson,(913) 254-7600,,General,201 E Loula St,66061,Kansas City,2,
Neal Fowles,,,https://lawyers.justia.com/lawyer/neal-fowles-918089,Olathe,KS,Johnson,(913) 782-1100,,General,115 S Kansas Ave,66061,Kansas City,2,
Elizabeth D. Walsh,,,https://lawyers.justia.com/lawyer/elizabeth-d-walsh-1526787,Olathe,KS,Johnson,(913) 890-4790,,Divorce,114 N. Cherry,66061,Kansas City,5,
Donald Smith,,,https://lawyers.justia.com/lawyer/donald-smith-918660,Olathe,KS,Johnson,(913) 829-2255,,DUI/DWI,218 N Chestnut St,66061,Kansas City,5,
Kevin Gunkel,,,https://lawyers.justia.com/lawyer/kevin-gunkel-922048,Olathe,KS,Johnson,(913) 971-6742,,General,1200 S Harrison St,66061,Kansas City,2,
Michael Tharp,,,https://lawyers.justia.com/lawyer/michael-tharp-923525,Olathe,KS,Johnson,(913) 971-6742,,General,1200 S Harrison St,66061,Kansas City,2,
Mark Rohrbaugh,,,https://lawyers.justia.com/lawyer/mark-rohrbaugh-919087,Olathe,KS,Johnson,(913) 390-8555,,Estate Planning,601 S Mur Len Rd,66062,Kansas City,4,
Clark Davis,,,https://lawyers.justia.com/lawyer/clark-davis-920892,Olathe,KS,Johnson,(913) 764-6879,,Personal Injury,303 E Poplar St,66061,Kansas City,5,
Christopher Reecht,,,https://lawyers.justia.com/lawyer/christopher-reecht-919924,Olathe,KS,Johnson,(913) 782-2350,,General,130 N Cherry St,66061,Kansas City,2,
Barry Martin,,,https://lawyers.justia.com/lawyer/barry-martin-917641,Olathe,KS,Johnson,(913) 782-1000,,General,201 N Cherry St,66061,Kansas City,2,
Cynthia Dunham,,,https://lawyers.justia.com/lawyer/cynthia-dunham-920343,Olathe,KS,Johnson,(913) 715-1852,,General,111 S Cherry St,66061,Kansas City,2,
Robert Ford,,,https://lawyers.justia.com/lawyer/robert-ford-918313,Olathe,KS,Johnson,(913) 715-1851,,General,111 S Cherry St,66061,Kansas City,2,
Richard Lind,,,https://lawyers.justia.com/lawyer/richard-lind-922261,Olathe,KS,Johnson,(913) 715-1900,,General,111 S Cherry St,66061,Kansas City,2,
Sara Welch,,,https://lawyers.justia.com/lawyer/sara-welch-920648,Olathe,KS,Johnson,(913) 715-3740,,General,100 N Kansas Ave,66061,Kansas City,2,
Kathleen Sloan,,,https://lawyers.justia.com/lawyer/kathleen-sloan-920995,Olathe,KS,Johnson,(913) 715-3840,,General,100 N Kansas Ave,66061,Kansas City,2,
Linda Krebs,,,https://lawyers.justia.com/lawyer/linda-krebs-917999,Olathe,KS,Johnson,,,General,12967 S Widmer St,66062,Kansas City,2,
Stephanie Goodenow,,,https://lawyers.justia.com/lawyer/stephanie-goodenow-917708,Olathe,KS,Johnson,(913) 660-1996,,General,130 N Cherry St,66061,Kansas City,2,
Scott Kreamer,,,https://lawyers.justia.com/lawyer/scott-kreamer-917998,Olathe,KS,Johnson,(913) 782-2350,,General,130 N Cherry St,66061,Kansas City,2,
Robert Cole,,,https://lawyers.justia.com/lawyer/robert-cole-916869,Olathe,KS,Johnson,(913) 315-5802,,General,13620 W 129th Cir,66062,Kansas City,2,
Mark Hannah,,,https://lawyers.justia.com/lawyer/mark-hannah-920022,Olathe,KS,Johnson,(913) 782-7474,,General,226 S Kansas Ave,66061,Kansas City,2,
Michael Bartee,,,https://lawyers.justia.com/lawyer/michael-bartee-919736,Olathe,KS,Johnson,(913) 782-1000,,DUI/DWI,201 N Cherry St,66061,Kansas City,5,
Christopher Bacon,,,https://lawyers.justia.com/lawyer/christopher-bacon-922103,Olathe,KS,Johnson,(913) 782-0422,,General,105 S Kansas Ave,66061,Kansas City,2,
Marc Berry,,,https://lawyers.justia.com/lawyer/marc-berry-918611,Olathe,KS,Johnson,,,General,15748 S Locust St,66062,Kansas City,2,
Courtney Henderson,,,https://lawyers.justia.com/lawyer/courtney-henderson-919103,Olathe,KS,Johnson,(913) 782-4030,,Divorce,100 E Park St,66061,Kansas City,5,
James Vano,,,https://lawyers.justia.com/lawyer/james-vano-919318,Olathe,KS,Johnson,(913) 715-3760,,General,100 N Kansas Ave,66061,Kansas City,2,
Trey,,,https://lawyers.justia.com/lawyer/trey-916388,Olathe,KS,Johnson,(913) 393-2100,,General,111 S Kansas Ave,66061,Kansas City,2,
Ryan Ginie,,,https://lawyers.justia.com/lawyer/ryan-ginie-920024,Olathe,KS,Johnson,(913) 393-2100,,Personal Injury,111 S Kansas Ave,66061,Kansas City,5,
Lawrence,,,https://lawyers.justia.com/lawyer/lawrence-922636,Olathe,KS,Johnson,(913) 715-1901,,General,111 S Cherry St,66061,Kansas City,2,
Todd Hiestand,,,https://lawyers.justia.com/lawyer/todd-hiestand-917747,Olathe,KS,Johnson,(913) 971-3611,,General,2030 E College Way,66062,Kansas City,2,
David Blomquist,,,https://lawyers.justia.com/lawyer/david-blomquist-920982,Olathe,KS,Johnson,(913) 383-9454,,General,13793 W 121st St,66062,Kansas City,2,
Roy,,,https://lawyers.justia.com/lawyer/roy-921114,Olathe,KS,Johnson,(913) 782-1000,,General,201 N Cherry St,66061,Kansas City,2,
Brenda Cameron,,,https://lawyers.justia.com/lawyer/brenda-cameron-916849,Olathe,KS,Johnson,(913) 715-3870,,General,100 N Kansas Ave,66061,Kansas City,2,
Alex McCauley,,,https://lawyers.justia.com/lawyer/alex-mccauley-922363,Olathe,KS,Johnson,(913) 390-5023,,DUI/DWI,110 S Cherry St,66061,Kansas City,5,
Winbigler,,,https://lawyers.justia.com/lawyer/winbigler-923464,Olathe,KS,Johnson,(913) 897-9797,,General,10615 W 164th St,66062,Kansas City,2,
Walter Anderson,,,https://lawyers.justia.com/lawyer/walter-anderson-918226,Olathe,KS,Johnson,(913) 206-3202,,General,1417 E Butterfield Pl,66062,Kansas City,2,
Keith Whiteford,,,https://lawyers.justia.com/lawyer/keith-whiteford-916239,Olathe,KS,Johnson,(913) 447-7624,,General,13680 W 149th St,66062,Kansas City,2,
Robin Lewis,,,https://lawyers.justia.com/lawyer/robin-lewis-920395,Olathe,KS,Johnson,(913) 829-7896,,General,201 E Loula St,66061,Kansas City,2,
Amy Vinton,,,https://lawyers.justia.com/lawyer/amy-vinton-917800,Lenexa,KS,Johnson,(913) 492-5959,,General,15700 College Blvd Suite 200,66219,Kansas City,2,
Kate McKinney,,,https://lawyers.justia.com/lawyer/kate-mckinney-916775,Overland Park,KS,Johnson,(913) 648-7272,,General,13900 Flint St,66221,Kansas City,2,
Kenneth Gay,,,https://lawyers.justia.com/lawyer/kenneth-gay-918163,Lenexa,KS,Johnson,(913) 310-9205,,General,8700 Monrovia St,66215,Kansas City,2,
Joseph Coulter,,,https://lawyers.justia.com/lawyer/joseph-coulter-917337,Overland Park,KS,Johnson,(913) 897-7137,,General,9011 W 139th Terrace,66221,Kansas City,2,
Merle Parks,,,https://lawyers.justia.com/lawyer/merle-parks-916293,Shawnee,KS,Johnson,(913) 962-8700,,Divorce,7225 Renner Rd,66217,Kansas City,5,
Steven Rebein,,,https://lawyers.justia.com/lawyer/steven-rebein-922972,Lenexa,KS,Johnson,(913) 888-4800,,Bankruptcy,15301 W 87th St Pkwy,66219,Kansas City,4,
Richard Wallace,,,https://lawyers.justia.com/lawyer/richard-wallace-916415,Shawnee,KS,Johnson,(913) 962-8700,,Bankruptcy,7225 Renner Rd,66217,Kansas City,4,
Aaron McKee,,,https://lawyers.justia.com/lawyer/aaron-mckee-922037,Lenexa,KS,Johnson,,,General,21604 W 98th Terrace,66220,Kansas City,2,
Scott Mann,,,https://lawyers.justia.com/lawyer/scott-mann-922134,Shawnee,KS,Johnson,(913) 962-8700,,Divorce,7225 Renner Rd,66217,Kansas City,5,
Valerie Moore,,,https://lawyers.justia.com/lawyer/valerie-moore-922926,Lenexa,KS,Johnson,(913) 317-8999,,General,11256 Strang Line Rd,66215,Kansas City,2,
Kurt Drozd,,,https://lawyers.justia.com/lawyer/kurt-drozd-921214,Shawnee,KS,Johnson,(913) 962-8700,,General,7225 Renner Rd,66217,Kansas City,2,
Kevan Acord,,,https://lawyers.justia.com/lawyer/kevan-acord-919401,Lenexa,KS,Johnson,(913) 492-6008,,General,15700 College Blvd,66219,Kansas City,2,
Eugene Gastl,,,https://lawyers.justia.com/lawyer/eugene-gastl-921542,Shawnee,KS,Johnson,(913) 631-8211,,Personal Injury,5811 Nieman Rd,66203,Kansas City,5,
Charles Macheers,,,https://lawyers.justia.com/lawyer/charles-macheers-922376,Shawnee,KS,Johnson,(913) 422-8102,,General,21704 W 57th Terrace,66218,Kansas City,2,
Cameron,,,https://lawyers.justia.com/lawyer/cameron-923217,Shawnee,KS,Johnson,(913) 962-0807,,General,7830 Allman Rd,66217,Kansas City,2,
Ellis,,,https://lawyers.justia.com/lawyer/ellis-918243,Shawnee,KS,Johnson,(913) 962-8800,,General,5900 Nieman Rd,66203,Kansas City,2,
Kathleen Landis,,,https://lawyers.justia.com/lawyer/kathleen-landis-922500,Shawnee,KS,Johnson,,,General,5720 Greenwood St,66216,Kansas City,2,
Mark Esher,,,https://lawyers.justia.com/lawyer/mark-esher-918807,Shawnee,KS,Johnson,(913) 422-4877,,General,6430 Roundtree St,66226,Kansas City,2,
Jeffrey Zimmerman,,,https://lawyers.justia.com/lawyer/jeffrey-zimmerman-920809,Shawnee,KS,Johnson,(913) 268-8877,,General,5819 Nieman Rd,66203,Kansas City,2,
Keith Mark,,,https://lawyers.justia.com/lawyer/keith-mark-917199,Mission,KS,Johnson,(913) 677-1010,,Personal Injury,6700 Squibb Rd,66202,Kansas City,5,
Thomas Aggen,,,https://lawyers.justia.com/lawyer/thomas-aggen-923067,Lenexa,KS,Johnson,,,General,14511 W 81st St,66215,Kansas City,2,
James Crabtree,,,https://lawyers.justia.com/lawyer/james-crabtree-922174,Lenexa,KS,Johnson,(913) 888-7100,,General,13420 Santa Fe Trail Dr,66215,Kansas City,2,
Rodney Murrow,,,https://lawyers.justia.com/lawyer/rodney-murrow-922317,Lenexa,KS,Johnson,(913) 227-0100,,General,8700 Monrovia St,66215,Kansas City,2,
Robert Kumin,,,https://lawyers.justia.com/lawyer/robert-kumin-917789,Mission,KS,Johnson,(913) 432-1826,,Bankruptcy,5800 Foxridge Dr,66202,Kansas City,4,
Michael Flanagan,,,https://lawyers.justia.com/lawyer/michael-flanagan-923631,Overland Park,KS,Johnson,(913) 444-0637,,General,14005 Outlook St,66223,Kansas City,2,
Edward McConwell,,,https://lawyers.justia.com/lawyer/edward-mcconwell-917452,Mission,KS,Johnson,(913) 262-0605,,General,5925 Beverly St,66202,Kansas City,2,
James McNeile,,,https://lawyers.justia.com/lawyer/james-mcneile-923197,Leawood,KS,Johnson,(913) 491-4050,,General,4601 College Blvd,66211,Kansas City,2,
Andrew Jones,,,https://lawyers.justia.com/lawyer/andrew-jones-921337,Leawood,KS,Johnson,(913) 491-4050,,General,4601 College Blvd,66211,Kansas City,2,
Daniel Kuhn,,,https://lawyers.justia.com/lawyer/daniel-kuhn-916493,Leawood,KS,Johnson,(913) 491-4050,,General,4601 College Blvd,66211,Kansas City,2,
Diane Nygaard,,,https://lawyers.justia.com/lawyer/diane-nygaard-918300,Leawood,KS,Johnson,(913) 469-5544,,General,4501 College Blvd,66211,Kansas City,2,
Daniel Stuart,,,https://lawyers.justia.com/lawyer/daniel-stuart-916556,Leawood,KS,Johnson,(913) 338-4500,,Personal Injury,5340 College Blvd,66211,Kansas City,5,
Kori Crouse,,,https://lawyers.justia.com/lawyer/kori-crouse-921572,Leawood,KS,Johnson,(913) 491-4050,,General,4601 College Blvd,66211,Kansas City,2,
Barbara Foster,,,https://lawyers.justia.com/lawyer/barbara-foster-919739,Leawood,KS,Johnson,(913) 491-6519,,General,12846 Sagamore Rd,66209,Kansas City,2,
Johnathan Michael Brown,,,https://lawyers.justia.com/lawyer/johnathan-michael-brown-1730970,OVERLAND PARK,KS,Johnson,(913) 385-9400,,General,10740 NALL AVE,66211,Kansas City,2,
Poirier,,,https://lawyers.justia.com/lawyer/poirier-918334,Prairie Village,KS,Johnson,,,General,3306 W 71st Terrace,66208,Kansas City,2,
Griffin,,,https://lawyers.justia.com/lawyer/griffin-916051,Mission,KS,Johnson,(913) 677-1311,,General,4350 Shawnee Mission Pkwy,66205,Kansas City,2,
James Orr,,,https://lawyers.justia.com/lawyer/james-orr-917863,Mission,KS,Johnson,(913) 262-7710,,General,4800 Rainbow Blvd,66205,Kansas City,2,
John Attey,,,https://lawyers.justia.com/lawyer/john-attey-919385,Mission,KS,Johnson,,,General,5200 Metcalf Ave,66202,Kansas City,2,
Frank,,,https://lawyers.justia.com/lawyer/frank-921068,Overland Park,KS,Johnson,(913) 648-3220,,General,8000 Foster St,66204,Kansas City,2,
Gary Kessler,,,https://lawyers.justia.com/lawyer/gary-kessler-924029,Overland Park,KS,Johnson,(913) 789-7300,,General,7201 Metcalf Ave,66204,Kansas City,2,
John,,,https://lawyers.justia.com/lawyer/john-920948,Overland Park,KS,Johnson,,,General,9128 W 78th St,66204,Kansas City,2,
Steven Popp,,,https://lawyers.justia.com/lawyer/steven-popp-919966,Overland Park,KS,Johnson,(913) 660-0989,,General,5100 W 95th St,66207,Kansas City,2,
Jeffrey Koons,,,https://lawyers.justia.com/lawyer/jeffrey-koons-917304,Overland Park,KS,Johnson,(913) 652-3377,,General,5350 W 95th St,66207,Kansas City,2,
Neal,,,https://lawyers.justia.com/lawyer/neal-920036,Mission,KS,Johnson,(816) 531-5555,,General,6010 Windsor Dr,66205,Kansas City,2,
Glenn Stockton,,,https://lawyers.justia.com/lawyer/glenn-stockton-923025,Gardner,KS,Johnson,(913) 856-2828,,General,207 E Main St,66030,Kansas City,2,
Richard Carnahan,,,https://lawyers.justia.com/lawyer/richard-carnahan-918633,De Soto,KS,Johnson,(913) 583-3326,,Divorce,33135 W 83rd St,66018,Kansas City,5,
Gregory Wells,,,https://lawyers.justia.com/lawyer/gregory-wells-924265,Overland Park,KS,Johnson,(913) 402-8889,,Estate Planning,14602 Grant Ln,66221,Kansas City,4,
Bernard Bianchino,,,https://lawyers.justia.com/lawyer/bernard-bianchino-919840,Overland Park,KS,Johnson,,,General,15400 Switzer Rd,66221,Kansas City,2,
Nathalie Scharf,,,https://lawyers.justia.com/lawyer/nathalie-scharf-916089,Overland Park,KS,Johnson,,,General,13042 Stearns St,66213,Kansas City,2,
John Wood,,,https://lawyers.justia.com/lawyer/john-wood-922889,Overland Park,KS,Johnson,(816) 691-3194,,General,8813 W 148th Terrace,66221,Kansas City,2,
Daniel Dorsch,,,https://lawyers.justia.com/lawyer/daniel-dorsch-920349,Overland Park,KS,Johnson,(913) 685-9190,,General,10615 W 148th St,66221,Kansas City,2,
David Kennedy,,,https://lawyers.justia.com/lawyer/david-kennedy-917225,Overland Park,KS,Johnson,,,General,14324 Bond St,66221,Kansas City,2,
Amy Elizabeth Glasrud,,,https://lawyers.justia.com/lawyer/amy-elizabeth-glasrud-1696529,OVERLAND PARK,KS,Johnson,(913) 305-3148,,General,9423 W 147TH STREET,66221,Kansas City,2,
Jessica Lambert,,,https://lawyers.justia.com/lawyer/jessica-lambert-918367,Overland Park,KS,Johnson,(913) 485-6029,,General,9310 W 132nd Pl,66213,Kansas City,2,
Peter Travis,,,https://lawyers.justia.com/lawyer/peter-travis-920874,Overland Park,KS,Johnson,(913) 681-9147,,General,13404 W 142nd St,66221,Kansas City,2,
Social Security Disability Advisors,http://www.disabilityadvisors.com,,https://www.yellowpages.com/overland-park-ks/attorneys,Overland Park,KS,Johnson,(888) 372-7758,,General,,,Kansas City,2,
Law Office of Richard A Carnahan,,,https://www.yellowpages.com/overland-park-ks/attorneys,Overland Park,KS,Johnson,(913) 586-4160,,General,,,Kansas City,2,
"Henry, Steven D",https://www.henrypractice.com,,https://www.yellowpages.com/overland-park-ks/attorneys,Overland Park,KS,Johnson,(913) 381-5020,,General,9225 Indian Creek Pkwy,,Kansas City,2,
Personal Injury Attorney Jason Roth,https://www.rothdavies.com/firm-overview/meet-team/jason-roth,,https://www.yellowpages.com/overland-park-ks/attorneys,Overland Park,KS,Johnson,(913) 451-9505,,General,6240 W 135th St,,Kansas City,2,
Boothe Walsh Law,http://boothewalsh.com,,https://www.yellowpages.com/olathe-ks/attorneys,Olathe,KS,Johnson,(913) 890-4790,,General,130 N Cherry St,,Kansas City,2,
Barbara E Hecht,http://barbaraehechtks.localsearch.com,,https://www.yellowpages.com/olathe-ks/attorneys,Olathe,KS,Johnson,(913) 768-0358,,General,115 E Park St Ste C,,Kansas City,2,
City of Olathe Legal Departments,http://olatheks.org/fire,,https://www.yellowpages.com/olathe-ks/attorneys,Olathe,KS,Johnson,(913) 971-8732,,General,100 E Santa Fe St,,Kansas City,2,
Personal Injury Olathe Lawyer,http://personalinjuryolathelawyer.localsearch.com,,https://www.yellowpages.com/olathe-ks/attorneys,Olathe,KS,Johnson,(913) 489-3687,,General,209 E Flaming Rd,,Kansas City,2,
Olathe Auto Accident Lawyer,http://olatheautoaccidentlawyer.localsearch.com,,https://www.yellowpages.com/olathe-ks/attorneys,Olathe,KS,Johnson,(913) 489-3686,,General,20570 W 151st St,,Kansas City,2,
Wedolocal.com,https://www.wedolocal.com/terms-of-service.html,,https://www.yellowpages.com/olathe-ks/attorneys,Olathe,KS,Johnson,(913) 706-3091,,General,12906 S Conway Ct,,Kansas City,2,
Lenexa Auto Accident Lawyer,http://yellowpages.com/overland-park-ks/mip/clyde-wood-llc-470872541,,https://www.yellowpages.com/lenexa-ks/attorneys,Lenexa,KS,Johnson,(913) 335-3483,,General,9461 Lenexa Dr,,Kansas City,2,
Dentists of Lenexa,https://www.dentistsoflenexa.com?sc_cid=yext%3ao%3agp%3a823%3aorganic_search%3ageneral%3ana&y_source=1_mjmxotexnjatntuzlwxvy2f0aw9ulndlynnpdgu%3d,,https://www.yellowpages.com/lenexa-ks/attorneys,Lenexa,KS,Johnson,(913) 359-5146,,General,8750 Loiret Blvd,,Kansas City,2,
Tip N Ring Communications Inc,http://tip-n-ring.com,,https://www.yellowpages.com/lenexa-ks/attorneys,Lenexa,KS,Johnson,(913) 254-6100,,General,17501 W 98th St Spc 18-60,,Kansas City,2,
McKinneySusan,http://mckinneysusanks.localsearch.com,,https://www.yellowpages.com/lenexa-ks/attorneys,Lenexa,KS,Johnson,(913) 642-5345,,General,8700 Monrovia St,,Kansas City,2,
Reese & Nichols,https://www.reecenichols.com/real-estate-advice/2012/05/24/outdoor-pools-in-kansas-city-area,,https://www.yellowpages.com/leawood-ks/attorneys,Leawood,KS,Johnson,(913) 945-3704,,General,2012 W 104th St,,Kansas City,2,
Fanthreesixty,https://www.fanthreesixty.com,,https://www.yellowpages.com/leawood-ks/attorneys,Leawood,KS,Johnson,(913) 346-1006,,General,11150 Overbrook Rd,,Kansas City,2,
"Kernell, James J, JD",http://kernelljamesjjd.localsearch.com,,https://www.yellowpages.com/leawood-ks/attorneys,Leawood,KS,Johnson,(913) 339-9666,,General,4400 College Blvd,,Kansas City,2,
Leawood Auto Accident Lawyer,http://yellowpages.com/prairie-village-ks/mip/hollis-law-firm-10875452,,https://www.yellowpages.com/leawood-ks/attorneys,Leawood,KS,Johnson,(913) 335-3480,,General,5001 W 110th St,,Kansas City,2,
The Business Brokerage Group,http://thebusinessbrokeragegroup.localsearch.com,,https://www.yellowpages.com/leawood-ks/attorneys,Leawood,KS,Johnson,(913) 387-3187,,General,11115 Ash St,,Kansas City,2,
Uhlig,http://uhlig.com,,https://www.yellowpages.com/leawood-ks/attorneys,Leawood,KS,Johnson,(913) 754-4000,,General,19083 Granada Ln,,Kansas City,2,
K C Hopps,https://kchopps.com,,https://www.yellowpages.com/leawood-ks/attorneys,Leawood,KS,Johnson,(816) 994-3323,,General,4800 W 119th St,,Kansas City,2,
For Safe Keeping Inc,http://forsafekeepinginc.localsearch.com,,https://www.yellowpages.com/leawood-ks/attorneys,Leawood,KS,Johnson,(913) 661-0733,,General,3900 W 124th St,,Kansas City,2,
"The Kelly Law Firm, L.L.C.",,,//www.lawyers.com/overland-park/kansas/the-kelly-law-firm-l-l-c-2500071-f/,Overland Park,KS,Johnson,,,2 awards,"8417 Santa Fe Dr., Ste. 104",66212,Kansas City,2,
Melanie A. Haynes,,,//www.lawyers.com/overland-park/kansas/melanie-a-haynes-300045499-f/,Overland Park,KS,Johnson,,,1 award,5330 College Blvd,66211,Kansas City,2,
"Morrison Law, LLC",,,//www.lawyers.com/overland-park/kansas/morrison-law-llc-160481027-f/,Overland Park,KS,Johnson,,,2 awards,5330 College Boulevard,66211,Kansas City,2,
"Gyllenborg & Brown, P.A.",,,//www.lawyers.com/olathe/kansas/gyllenborg-and-brown-p-a-2107066-f/,Olathe,KS,Johnson,,,2 awards,111 South Kansas,66061,Kansas City,2,
Reed Walker PA,http://reed-walker.com,,https://www.yellowpages.com/mission-ks/attorneys,Mission,KS,Johnson,(913) 432-1826,,General,6811 Shawnee Mission Pkwy,,Kansas City,2,
Mission Auto Accident Lawyer,http://yellowpages.com/shawnee-mission-ks/mip/law-office-of-michael-a-millett-p-a-6622233,,https://www.yellowpages.com/mission-ks/attorneys,Mission,KS,Johnson,(913) 335-3484,,General,6950 Foxridge Dr,,Kansas City,2,
Logs Group,http://yellowpages.com/shawnee-mission-ks/mip/law-office-of-michael-a-millett-p-a-6622233,,https://www.yellowpages.com/mission-ks/attorneys,Mission,KS,Johnson,(913) 428-5383,,General,6310 Lamar Ave,,Kansas City,2,
Bankruptcy Attorney,http://yellowpages.com/overland-park-ks/mip/wiesner-frackowiak-lc-21963275,,https://www.yellowpages.com/mission-ks/attorneys,Mission,KS,Johnson,(913) 335-3476,,General,9009 Shawnee Mission Pkwy,,Kansas City,2,
Kenny Hertz Perry,https://kennyhertzperry.com,,https://www.yellowpages.com/mission-ks/attorneys,Mission,KS,Johnson,(816) 527-9447,,General,2000 Shawnee Mission Pkwy,,Kansas City,2,
American Civil Liberties Union Of Kansas,http://americancivillibertiesunionofkansasks.localsearch.com,,https://www.yellowpages.com/mission-ks/attorneys,Mission,KS,Johnson,(913) 490-4100,,General,6701 W 64th St,,Kansas City,2,
Griffin W H Trustee,http://griffinwhtrustee.localsearch.com,,https://www.yellowpages.com/mission-ks/attorneys,Mission,KS,Johnson,(913) 677-1311,,General,6330 Lamar Ave Ste 110,,Kansas City,2,
Tic International Corporation,http://tici.com,,https://www.yellowpages.com/mission-ks/attorneys,Mission,KS,Johnson,(913) 236-5490,,General,6405 Metcalf Ave Ste 200,,Kansas City,2,
W H Griffin Trustee,https://13trusteekc.com/privacy-statement/#content,,https://www.yellowpages.com/roeland-park-ks/attorneys,Roeland Park,KS,Johnson,(913) 677-1311,,General,5115 Roe Blvd,,Kansas City,2,
William H Griffin Chapter 13,http://13trusteekc.com,,https://www.yellowpages.com/roeland-park-ks/attorneys,Roeland Park,KS,Johnson,(913) 677-1311,,General,5115 Roe Blvd,,Kansas City,2,
M3Sixty Administration,https://m3sixtyllc.com,,https://www.yellowpages.com/fairway-ks/attorneys,Fairway,KS,Johnson,(816) 787-0714,,General,4300 Shawnee Mission Pkwy,,Kansas City,2,
"Orr, James R, ATTY",http://orrjamesratty.localsearch.com,,https://www.yellowpages.com/westwood-ks/attorneys,Westwood,KS,Johnson,(913) 262-7710,,General,4800 Rainbow Blvd,,Kansas City,2,
Ulah,https://www.ulahkc.com/pages/contact-us,,https://www.yellowpages.com/westwood-ks/attorneys,Westwood,KS,Johnson,(913) 777-8734,,General,4707 Rainbow Blvd,,Kansas City,2,
"Randy Gardner, JD, LLM, MBA, CPA, Of Counsel","https://estateplaninc.com/lawyer/Randy-Gardner,-JD,-LLM,-MBA,-CPA_cp20470.htm",,,Gardner,KS,Johnson,949-497-5056,ldaff@estateplaninc.com,Family Law,706 Estate Tax Returns,,Kansas City,4,
