law_firm_name,website,google_business_profile,legal_directory_listing,city,state,county,phone_number,email,practice_area,street_address,zip_code,msa,priority,number_of_lawyers,date_pulled,source
Aaron Alvin Browne,,,,,TX,Montgomery,517-416-0269,,General,,,Houston,4,1,2026-09-13,State Bar of Texas Member Directory
Aimee Mickelle Fortier-Strykowski,,,,,TX,Montgomery,281-782-6500,,General,,,Houston,4,1,2026-09-13,State Bar of Texas Member Directory
Alana L Lewis,,,,,TX,Montgomery,,,General,,,Houston,4,1,2026-09-13,State Bar of Texas Member Directory
Alex James Deal,,,,,TX,Montgomery,281-354-6233,,General,,,Houston,4,1,2026-09-13,State Bar of Texas Member Directory
Alfred Ray Martinez,,,,,TX,Montgomery,,,General,,,Houston,4,1,2026-09-13,State Bar of Texas Member Directory
Alice A. Brown,,,,,TX,Montgomery,,,General,,,Houston,4,1,2026-09-13,State Bar of Texas Member Directory
Alison R. Wills,,,,,TX,Montgomery,,,Employment Law,,,Houston,3,1,2026-09-13,State Bar of Texas Member Directory
Alyssa Ann Tyler,,,,,TX,Montgomery,,,General,,,Houston,4,1,2026-09-13,State Bar of Texas Member Directory
Alyssa Michelle Mathews,,,,,TX,Montgomery,,,General,,,Houston,4,1,2026-09-13,State Bar of Texas Member Directory
America First Policy Institute,,,,,TX,Montgomery,,,General,,,Houston,4,1,2026-09-13,State Bar of Texas Member Directory; State Bar self-reported website
American Helium,,,,,TX,Montgomery,713-742-3624,,Real Estate,,,Houston,2,1,2026-09-13,State Bar of Texas Member Directory
Amni International Petroleum,,,,,TX,Montgomery,832-524-6180,,General,,,Houston,4,1,2026-09-13,State Bar of Texas Member Directory
Andrea Marie Koch,https://shieldsfirm.com/,,,,TX,Montgomery,844-727-4111,,Criminal Defense,,,Houston,5,1,2026-09-13,State Bar of Texas Member Directory; State Bar self-reported website
Andrew David Truelove,,,,,TX,Montgomery,,,General,,,Houston,4,1,2026-09-13,State Bar of Texas Member Directory
Andrew Jonathan Gillespie,,,,,TX,Montgomery,,,General,,,Houston,4,1,2026-09-13,State Bar of Texas Member Directory
Ann Maria Tomino Leblanc,,,,,TX,Montgomery,936-697-6607,,General,,,Houston,4,1,2026-09-13,State Bar of Texas Member Directory
Anne Wilson Hadley,,,,,TX,Montgomery,,,General,,,Houston,4,1,2026-09-13,State Bar of Texas Member Directory
Annika Brooke Johnson,,,,,TX,Montgomery,,,General,,,Houston,4,1,2026-09-13,State Bar of Texas Member Directory
Anokhy Ashok Desai,,,,,TX,Montgomery,,,General,,,Houston,4,1,2026-09-13,State Bar of Texas Member Directory
Antoine Charles Schellinger,,,,,TX,Montgomery,,,General,,,Houston,4,1,2026-09-13,State Bar of Texas Member Directory
Araceli Aguilar,,,,,TX,Montgomery,,,General,,,Houston,4,1,2026-09-13,State Bar of Texas Member Directory
Arthur Krimsky,,,,,TX,Montgomery,,,General,,,Houston,4,1,2026-09-13,State Bar of Texas Member Directory
Attorney at Law and Trained Mediator,,,,,TX,Montgomery,,,Real Estate,,,Houston,2,1,2026-09-13,State Bar of Texas Member Directory
Black & Veatch,,,,,TX,Montgomery,,,Civil Litigation,,,Houston,3,1,2026-09-13,State Bar of Texas Member Directory; State Bar self-reported website
Boyang Zhang,,,,,TX,Montgomery,,,General,,,Houston,4,1,2026-09-13,State Bar of Texas Member Directory
Bradley Allen Keller,,,,,TX,Montgomery,832-444-8979,,General,,,Houston,4,1,2026-09-13,State Bar of Texas Member Directory
Brandon Lawrence Wilson,,,,,TX,Montgomery,346-224-4859,,General,,,Houston,4,1,2026-09-13,State Bar of Texas Member Directory
Brandon William Waddell,,,,,TX,Montgomery,,,General,,,Houston,4,1,2026-09-13,State Bar of Texas Member Directory
Brian Andrew McGill,,,,,TX,Montgomery,,,General,"Paseo de La Reforma 483, Col. Cuauhtemoc",,Houston,4,1,2026-09-13,State Bar of Texas Member Directory
Brionna Lynn Ketcham,,,,,TX,Montgomery,,,General,,,Houston,4,1,2026-09-13,State Bar of Texas Member Directory
Bryan James Bahr,,,,,TX,Montgomery,832-605-3515,,General,,,Houston,4,1,2026-09-13,State Bar of Texas Member Directory
"Bush & Ramirez, LLC",https://bushramirez.com/,,,,TX,Montgomery,832-506-5642,,General,,,Houston,4,1,2026-09-13,State Bar of Texas Member Directory; State Bar self-reported website
CAVA,,,,,TX,Montgomery,,,General,,,Houston,4,1,2026-09-13,State Bar of Texas Member Directory
Caitlin D. McDuffee,,,,,TX,Montgomery,,,General,,,Houston,4,1,2026-09-13,State Bar of Texas Member Directory
Caitlin Elizabeth Ross,,,,,TX,Montgomery,,,General,,,Houston,4,1,2026-09-13,State Bar of Texas Member Directory
Carl Lee Williams,,,,,TX,Montgomery,,,Civil Litigation,,,Houston,3,1,2026-09-13,State Bar of Texas Member Directory
Carmen Rocio Morales,,,,,TX,Montgomery,936-539-7800,,General,,,Houston,4,1,2026-09-13,State Bar of Texas Member Directory
"Chamberlain, Hrdlicka, White, Williams & Aughtry, P.C.",,,,,TX,Montgomery,,,General,,,Houston,4,1,2026-09-13,State Bar of Texas Member Directory
Charles A. Beach,,,,,TX,Montgomery,,,Civil Litigation,,,Houston,3,1,2026-09-13,State Bar of Texas Member Directory
Charlotte K. Lang,,,,,TX,Montgomery,,,Immigration,,,Houston,2,1,2026-09-13,State Bar of Texas Member Directory
Cheryl Lynn Calvillo,,,,,TX,Montgomery,,,General,,,Houston,4,1,2026-09-13,State Bar of Texas Member Directory
Cheryl Lynn Huseman,,,,,TX,Montgomery,,,General,,,Houston,4,1,2026-09-13,State Bar of Texas Member Directory
Cheryl Ruth Worley,,,,,TX,Montgomery,,,Bankruptcy,,,Houston,2,1,2026-09-13,State Bar of Texas Member Directory
Christi Ann Fumie Kobatake,,,,,TX,Montgomery,,,General,,,Houston,4,1,2026-09-13,State Bar of Texas Member Directory
Christin Michelle Martin,,,,,TX,Montgomery,,,General,,,Houston,4,1,2026-09-13,State Bar of Texas Member Directory
Christina Ann Moore,,,,,TX,Montgomery,,,Real Estate,,,Houston,2,1,2026-09-13,State Bar of Texas Member Directory
Christina Flores Gonzales,,,,,TX,Montgomery,,,General,,,Houston,4,1,2026-09-13,State Bar of Texas Member Directory
Christina Renee Heeth,,,,,TX,Montgomery,,,Civil Litigation,,,Houston,3,1,2026-09-13,State Bar of Texas Member Directory
Christine Marie Albin,,,,,TX,Montgomery,,,Personal Injury,,,Houston,5,1,2026-09-13,State Bar of Texas Member Directory
Christopher Boiteau,,,,,TX,Montgomery,,,General,,,Houston,4,1,2026-09-13,State Bar of Texas Member Directory
Christopher Lee Rogers,,,,,TX,Montgomery,,,General,,,Houston,4,1,2026-09-13,State Bar of Texas Member Directory
Christopher Rosser Wallick,,,,,TX,Montgomery,,,Criminal Defense,,,Houston,5,1,2026-09-13,State Bar of Texas Member Directory
Cisive,,,,,TX,Montgomery,,,General,,,Houston,4,1,2026-09-13,State Bar of Texas Member Directory
Clayton Robert Gollnick,,,,,TX,Montgomery,,,Civil Litigation,,,Houston,3,1,2026-09-13,State Bar of Texas Member Directory
Constellation Energy,,,,,TX,Montgomery,713-319-5130,,General,,,Houston,4,1,2026-09-13,State Bar of Texas Member Directory
Contract Attorney,,,,,TX,Montgomery,,,General,,,Houston,4,1,2026-09-13,State Bar of Texas Member Directory
Courtney Margaret Crosby,,,,,TX,Montgomery,,,General,,,Houston,4,1,2026-09-13,State Bar of Texas Member Directory
Cristina Greenfield,,,,,TX,Montgomery,,,Civil Litigation,,,Houston,3,1,2026-09-13,State Bar of Texas Member Directory
Crystal Nhi Le,,,,,TX,Montgomery,,,Real Estate,,,Houston,2,1,2026-09-13,State Bar of Texas Member Directory
Curtis John Domingue,,,,,TX,Montgomery,,,General,,,Houston,4,1,2026-09-13,State Bar of Texas Member Directory
Cynthia Ann Speyrer,,,,,TX,Montgomery,,,General,,,Houston,4,1,2026-09-13,State Bar of Texas Member Directory
Cynthia Corrine Fagelman,,,,,TX,Montgomery,,,General,,,Houston,4,1,2026-09-13,State Bar of Texas Member Directory
DHS,,,,,TX,Montgomery,,,General,,,Houston,4,1,2026-09-13,State Bar of Texas Member Directory
DNV,,,,,TX,Montgomery,,,General,,,Houston,4,1,2026-09-13,State Bar of Texas Member Directory
Daniel Arthur Phillips,,,,,TX,Montgomery,,,General,,,Houston,4,1,2026-09-13,State Bar of Texas Member Directory
Danielle Olga Garner Mirabal,,,,,TX,Montgomery,,,General,,,Houston,4,1,2026-09-13,State Bar of Texas Member Directory
Danny Ray Bice,,,,,TX,Montgomery,,,General,,,Houston,4,1,2026-09-13,State Bar of Texas Member Directory
David Arthur Lawson,,,,,TX,Montgomery,,,General,,,Houston,4,1,2026-09-13,State Bar of Texas Member Directory
David Gregg Kaiser,,,,,TX,Montgomery,832-928-1426,,General,,,Houston,4,1,2026-09-13,State Bar of Texas Member Directory
David Joshua Smith,,,,,TX,Montgomery,,,General,,,Houston,4,1,2026-09-13,State Bar of Texas Member Directory
David M. Sloan,,,,,TX,Montgomery,713-818-9517,,Real Estate,,,Houston,2,1,2026-09-13,State Bar of Texas Member Directory
David Rowland Wolfe,,,,,TX,Montgomery,713-828-3275,,General,,,Houston,4,1,2026-09-13,State Bar of Texas Member Directory
Deborah Lynn Ellsworth,,,,,TX,Montgomery,281-386-0984,,Estate Planning,,,Houston,2,1,2026-09-13,State Bar of Texas Member Directory
Deirdre Lee Metzcher-Carr,,,,,TX,Montgomery,832-797-8891,,Estate Planning,,,Houston,2,1,2026-09-13,State Bar of Texas Member Directory
"Denton Navarro Rodriguez Bernal Santee & Zech, P.C.",,,,,TX,Montgomery,,,Employment Law,,,Houston,3,1,2026-09-13,State Bar of Texas Member Directory
Diana Jaclyn Lizmi,,,,,TX,Montgomery,,,Personal Injury,,,Houston,5,1,2026-09-13,State Bar of Texas Member Directory
Dianne Hobratschk Walter,,,,,TX,Montgomery,,,Estate Planning,,,Houston,2,1,2026-09-13,State Bar of Texas Member Directory
Donna Marie Welborn,,,,,TX,Montgomery,281-684-9319,,Criminal Defense,,,Houston,5,1,2026-09-13,State Bar of Texas Member Directory
Drew Mason Johnson,,,,,TX,Montgomery,,,General,,,Houston,4,1,2026-09-13,State Bar of Texas Member Directory
E. Mason Martin,,,,,TX,Montgomery,936-522-8258,,General,,,Houston,4,1,2026-09-13,State Bar of Texas Member Directory
Eliseo de León,,,,,TX,Montgomery,,,Immigration,,,Houston,2,1,2026-09-13,State Bar of Texas Member Directory
Emily Jewel Cook,,,,,TX,Montgomery,,,Estate Planning,,,Houston,2,1,2026-09-13,State Bar of Texas Member Directory
Emily Patrice Van Volkinbu Marr,,,,,TX,Montgomery,,,General,,,Houston,4,1,2026-09-13,State Bar of Texas Member Directory
Enstor Gas,,,,,TX,Montgomery,,,General,,,Houston,4,1,2026-09-13,State Bar of Texas Member Directory
Epimenio Ysassi,,,,,TX,Montgomery,,,General,,,Houston,4,1,2026-09-13,State Bar of Texas Member Directory
Eric Bernal,,,,,TX,Montgomery,,,General,,,Houston,4,1,2026-09-13,State Bar of Texas Member Directory
Erica Jasmin Hough,,,,,TX,Montgomery,,,General,,,Houston,4,1,2026-09-13,State Bar of Texas Member Directory
Erica Peters,,,,,TX,Montgomery,,,Criminal Defense,,,Houston,5,1,2026-09-13,State Bar of Texas Member Directory
Erik Berglund Attorney,https://texaslawguy.com/,,,,TX,Montgomery,936-441-5200,,Criminal Defense,,,Houston,5,1,2026-09-13,State Bar of Texas Member Directory; State Bar self-reported website
Ethan Quinn Szumanski,,,,,TX,Montgomery,,,General,,,Houston,4,1,2026-09-13,State Bar of Texas Member Directory
Eva Ching-Yi Shih,,,,,TX,Montgomery,,,Employment Law,,,Houston,3,1,2026-09-13,State Bar of Texas Member Directory
First Community Credit Union,,,,,TX,Montgomery,,,Employment Law,,,Houston,3,1,2026-09-13,State Bar of Texas Member Directory
Frances Patricia Manzo,,,,,TX,Montgomery,,,Criminal Defense,,,Houston,5,1,2026-09-13,State Bar of Texas Member Directory
Gage Joseph Wiley,,,,,TX,Montgomery,,,Criminal Defense,,,Houston,5,1,2026-09-13,State Bar of Texas Member Directory
Gaily Michelle Bultron,,,,,TX,Montgomery,,,General,,,Houston,4,1,2026-09-13,State Bar of Texas Member Directory
Garret Ryan Citrin,,,,,TX,Montgomery,,,Criminal Defense,,,Houston,5,1,2026-09-13,State Bar of Texas Member Directory
Gary A. Scott,,,,,TX,Montgomery,,,Criminal Defense,,,Houston,5,1,2026-09-13,State Bar of Texas Member Directory
Gary Adam Mapes,,,,,TX,Montgomery,,,General,,,Houston,4,1,2026-09-13,State Bar of Texas Member Directory
Gary M. Laden,,,,,TX,Montgomery,,,General,,,Houston,4,1,2026-09-13,State Bar of Texas Member Directory
Gary W. Eiland,,,,,TX,Montgomery,,,General,,,Houston,4,1,2026-09-13,State Bar of Texas Member Directory
Geoffrey Keith Beal,,,,,TX,Montgomery,281-772-5221,,Bankruptcy,,,Houston,2,1,2026-09-13,State Bar of Texas Member Directory
George C. Hepburn,,,,,TX,Montgomery,832-410-6682,,General,,,Houston,4,1,2026-09-13,State Bar of Texas Member Directory
George Washington Jordan,,,,,TX,Montgomery,,,General,,,Houston,4,1,2026-09-13,State Bar of Texas Member Directory
Gerald M. Glenn,,,,,TX,Montgomery,,,General,,,Houston,4,1,2026-09-13,State Bar of Texas Member Directory
"Givens & Johnston, PLLC",https://www.gjatradelaw.com/,,,,TX,Montgomery,713-932-1540,,General,,,Houston,4,1,2026-09-13,State Bar of Texas Member Directory; State Bar self-reported website
Haydn V. Ditto,,,,,TX,Montgomery,,,General,,,Houston,4,1,2026-09-13,State Bar of Texas Member Directory
Heather Lynn Benedict,,,,,TX,Montgomery,,,General,,,Houston,4,1,2026-09-13,State Bar of Texas Member Directory
Hermes Law,,,,,TX,Montgomery,214-749-6806,,Personal Injury,,,Houston,5,1,2026-09-13,State Bar of Texas Member Directory
Hira Y. Ghumman,,,,,TX,Montgomery,,,General,,,Houston,4,1,2026-09-13,State Bar of Texas Member Directory
Hospital Corporation of America (HCA) / Parallon,,,,,TX,Montgomery,713-448-2155,,Workers' Compensation,,,Houston,5,1,2026-09-13,State Bar of Texas Member Directory
Hsiao-Cheng Steven Wu,,,,,TX,Montgomery,,,General,,,Houston,4,1,2026-09-13,State Bar of Texas Member Directory
IPX Power,,,,,TX,Montgomery,,,Real Estate,,,Houston,2,1,2026-09-13,State Bar of Texas Member Directory
Ignacio Bellver,,,,,TX,Montgomery,,,Workers' Compensation,,,Houston,5,1,2026-09-13,State Bar of Texas Member Directory
Ildefonso Ochoa,,,,,TX,Montgomery,,,Bankruptcy,,,Houston,2,1,2026-09-13,State Bar of Texas Member Directory
Imran Ather Siddiqi,,,,,TX,Montgomery,,,General,,,Houston,4,1,2026-09-13,State Bar of Texas Member Directory
"J Ballard Law, PLLC",,,,,TX,Montgomery,713-909-0793,,General,,,Houston,4,1,2026-09-13,State Bar of Texas Member Directory
J'Antae Davita Taylor,,,,,TX,Montgomery,713-702-5093,,General,,,Houston,4,1,2026-09-13,State Bar of Texas Member Directory
Jack Tanner Holl,,,,,TX,Montgomery,,,Criminal Defense,,,Houston,5,1,2026-09-13,State Bar of Texas Member Directory
Jackson Price McKellar,,,,,TX,Montgomery,,,General,,,Houston,4,1,2026-09-13,State Bar of Texas Member Directory
Jacob R. Vegas,,,,,TX,Montgomery,,,General,,,Houston,4,1,2026-09-13,State Bar of Texas Member Directory
Jacquelin Ann Kramer,,,,,TX,Montgomery,,,General,,,Houston,4,1,2026-09-13,State Bar of Texas Member Directory
Jacqueline Gail Forster,,,,,TX,Montgomery,832-326-5385,,Real Estate,,,Houston,2,1,2026-09-13,State Bar of Texas Member Directory
Jacqueline Marie Buc Ullom,,,,,TX,Montgomery,832-928-6416,,General,,,Houston,4,1,2026-09-13,State Bar of Texas Member Directory
James Carl Spencer,,,,,TX,Montgomery,,,Civil Litigation,,,Houston,3,1,2026-09-13,State Bar of Texas Member Directory
James Hoot,,,,,TX,Montgomery,,,General,,,Houston,4,1,2026-09-13,State Bar of Texas Member Directory
James Wallace Sutherland,,,,,TX,Montgomery,,,General,,,Houston,4,1,2026-09-13,State Bar of Texas Member Directory
Jeffrey L. Wade,,,,,TX,Montgomery,281-863-3000,,General,,,Houston,4,1,2026-09-13,State Bar of Texas Member Directory
Jennifer Kiyomi Sheehan,,,,,TX,Montgomery,,,General,,,Houston,4,1,2026-09-13,State Bar of Texas Member Directory
Jennifer Marie Forman,,,,,TX,Montgomery,,,General,,,Houston,4,1,2026-09-13,State Bar of Texas Member Directory
Jerald Grimes Molleston,,,,,TX,Montgomery,713-392-8666,,Personal Injury,,,Houston,5,1,2026-09-13,State Bar of Texas Member Directory
Jeremy M. Freeman,,,,,TX,Montgomery,,,General,,,Houston,4,1,2026-09-13,State Bar of Texas Member Directory
Jesse Johnson,https://www.jessejohnsonlaw.com/,,,,TX,Montgomery,281-975-1730,jesse@jessejohnsonlaw.com,General,,,Houston,4,1,2026-09-13,State Bar of Texas Member Directory; State Bar self-reported website
Jessica Eva Moné Green,,,,,TX,Montgomery,,,General,,,Houston,4,1,2026-09-13,State Bar of Texas Member Directory
Jessica Maree Simon,,,,,TX,Montgomery,,,General,,,Houston,4,1,2026-09-13,State Bar of Texas Member Directory
Jill Marie Robinson,,,,,TX,Montgomery,,,General,,,Houston,4,1,2026-09-13,State Bar of Texas Member Directory
Jill Roxanne Brumberger,,,,,TX,Montgomery,,,General,,,Houston,4,1,2026-09-13,State Bar of Texas Member Directory
John Charles Rose,,,,,TX,Montgomery,,,Real Estate,,,Houston,2,1,2026-09-13,State Bar of Texas Member Directory
John Dustin Nichols,,,,,TX,Montgomery,,,General,,,Houston,4,1,2026-09-13,State Bar of Texas Member Directory
John R. Guest,,,,,TX,Montgomery,,,General,,,Houston,4,1,2026-09-13,State Bar of Texas Member Directory
Jon Ross Freedman,,,,,TX,Montgomery,,,Real Estate,,,Houston,2,1,2026-09-13,State Bar of Texas Member Directory
Joseph David Rodriguez,,,,,TX,Montgomery,,,Estate Planning,,,Houston,2,1,2026-09-13,State Bar of Texas Member Directory
Joshua Michael Skobel,,,,,TX,Montgomery,,,General,,,Houston,4,1,2026-09-13,State Bar of Texas Member Directory
Judah Ray Broussard,,,,,TX,Montgomery,,,General,,,Houston,4,1,2026-09-13,State Bar of Texas Member Directory
Judith Therese Sheridan Foster,,,,,TX,Montgomery,,,Estate Planning,,,Houston,2,1,2026-09-13,State Bar of Texas Member Directory
Julia Anne Wright,,,,,TX,Montgomery,,,General,,,Houston,4,1,2026-09-13,State Bar of Texas Member Directory
Julie Marie Miller,,,,,TX,Montgomery,713-223-4200,,General,,,Houston,4,1,2026-09-13,State Bar of Texas Member Directory
Justin Frank Foley,,,,,TX,Montgomery,281-468-9226,,General,,,Houston,4,1,2026-09-13,State Bar of Texas Member Directory
Kamel Alomari,,,,,TX,Montgomery,,,General,,,Houston,4,1,2026-09-13,State Bar of Texas Member Directory
Karen Renee Lambert,,,,,TX,Montgomery,832-444-3221,,General,,,Houston,4,1,2026-09-13,State Bar of Texas Member Directory
Karim Aladin Virani,,,,,TX,Montgomery,,,General,,,Houston,4,1,2026-09-13,State Bar of Texas Member Directory
Kasey Nadine Smith,,,,,TX,Montgomery,,,General,,,Houston,4,1,2026-09-13,State Bar of Texas Member Directory
Kathryn Flagg McCoy,,,,,TX,Montgomery,,,Employment Law,,,Houston,3,1,2026-09-13,State Bar of Texas Member Directory
"Kathryn Liptrap, Attorney at Law, PLLC",,,,,TX,Montgomery,832-510-4465,,Criminal Defense,,,Houston,5,1,2026-09-13,State Bar of Texas Member Directory
Keaton James Mayfield,,,,,TX,Montgomery,,,General,,,Houston,4,1,2026-09-13,State Bar of Texas Member Directory
Keller Law,,,,,TX,Montgomery,281-974-6360,,Civil Litigation,,,Houston,3,1,2026-09-13,State Bar of Texas Member Directory
"Kenner Law Firm, PLLC",https://www.kennerlawfirmtx.com/,,,,TX,Montgomery,936-446-8122,,Estate Planning,,,Houston,2,1,2026-09-13,State Bar of Texas Member Directory; State Bar self-reported website
Kent Douglas Workman,,,,,TX,Montgomery,,,General,,,Houston,4,1,2026-09-13,State Bar of Texas Member Directory
"Ketterer, Browne & Associates",,,,,TX,Montgomery,,,Personal Injury,,,Houston,5,1,2026-09-13,State Bar of Texas Member Directory
Kilpatirick and Holder,,,,,TX,Montgomery,,,General,,,Houston,4,1,2026-09-13,State Bar of Texas Member Directory
Kimberly Aperauch Stelter,,,,,TX,Montgomery,,,Criminal Defense,,,Houston,5,1,2026-09-13,State Bar of Texas Member Directory
Kodiak Gas Services,,,,,TX,Montgomery,,,Employment Law,,,Houston,3,1,2026-09-13,State Bar of Texas Member Directory
Kristen Ann Bauer,,,,,TX,Montgomery,,,Civil Litigation,,,Houston,3,1,2026-09-13,State Bar of Texas Member Directory
Kristen Marie Dieter,,,,,TX,Montgomery,,,General,,,Houston,4,1,2026-09-13,State Bar of Texas Member Directory
Kristina M. Mordaunt,,,,,TX,Montgomery,,,General,,,Houston,4,1,2026-09-13,State Bar of Texas Member Directory
Kristine Phillips Rothwell,,,,,TX,Montgomery,,,Real Estate,,,Houston,2,1,2026-09-13,State Bar of Texas Member Directory
Krystal Pfluger Scott,,,,,TX,Montgomery,,,Civil Litigation,,,Houston,3,1,2026-09-13,State Bar of Texas Member Directory
Kyle D. McCauley,,,,,TX,Montgomery,,,General,,,Houston,4,1,2026-09-13,State Bar of Texas Member Directory
Kyle Stephen Tebo,,,,,TX,Montgomery,,,General,,,Houston,4,1,2026-09-13,State Bar of Texas Member Directory
LaRita Baskerville,,,,,TX,Montgomery,,,General,,,Houston,4,1,2026-09-13,State Bar of Texas Member Directory
Lais Esther Morales,,,,,TX,Montgomery,,,General,,,Houston,4,1,2026-09-13,State Bar of Texas Member Directory
Landry's LLC,,,,,TX,Montgomery,,,General,,,Houston,4,1,2026-09-13,State Bar of Texas Member Directory
Larry Wayne Standley,,,,,TX,Montgomery,,,General,,,Houston,4,1,2026-09-13,State Bar of Texas Member Directory
Laura Jeanea Stewart,,,,,TX,Montgomery,,,General,,,Houston,4,1,2026-09-13,State Bar of Texas Member Directory
Lauren Ashley Ysassi,,,,,TX,Montgomery,,,General,,,Houston,4,1,2026-09-13,State Bar of Texas Member Directory
Lauren Teare Knowles,,,,,TX,Montgomery,,,Employment Law,,,Houston,3,1,2026-09-13,State Bar of Texas Member Directory
Lauren Victoria Dantche,,,,,TX,Montgomery,,,General,,,Houston,4,1,2026-09-13,State Bar of Texas Member Directory
Lauren White Motloch,,,,,TX,Montgomery,,,Employment Law,,,Houston,3,1,2026-09-13,State Bar of Texas Member Directory
Law Office of Diana Cavazos,,,,,TX,Montgomery,832-920-6468,,General,,,Houston,4,1,2026-09-13,State Bar of Texas Member Directory
"Law Office of Emily M. Herbster, PLLC",,,,,TX,Montgomery,,,General,,,Houston,4,1,2026-09-13,State Bar of Texas Member Directory
Law Office of Gregory Clark,,,,,TX,Montgomery,832-453-2037,,General,,,Houston,4,1,2026-09-13,State Bar of Texas Member Directory
"Law Practice of Darrell R. Jones, PLLC",,,,,TX,Montgomery,832-302-5373,,Bankruptcy,,,Houston,2,1,2026-09-13,State Bar of Texas Member Directory
Leila Kallel Gillen,,,,,TX,Montgomery,,,General,,,Houston,4,1,2026-09-13,State Bar of Texas Member Directory
Leslie L. Gallman,,,,,TX,Montgomery,,,Civil Litigation,,,Houston,3,1,2026-09-13,State Bar of Texas Member Directory
Lighthouse Global,,,,,TX,Montgomery,469-217-5279,,General,,,Houston,4,1,2026-09-13,State Bar of Texas Member Directory
Lora Ciborowski Beckman,,,,,TX,Montgomery,,,General,,,Houston,4,1,2026-09-13,State Bar of Texas Member Directory
"Loudin Mediation Solutions, PLLC",https://loudinmediationsolutions.com/,,,,TX,Montgomery,,loudinmediationsolutions1@loudinmediationsolutions.com,General,,,Houston,4,1,2026-09-13,State Bar of Texas Member Directory; State Bar self-reported website
Lucas Thomas Mikeska,,,,,TX,Montgomery,,,General,,,Houston,4,1,2026-09-13,State Bar of Texas Member Directory
Luke Andre Johnson,,,,,TX,Montgomery,,,General,,,Houston,4,1,2026-09-13,State Bar of Texas Member Directory
Marcia Allison Turner Luke,,,,,TX,Montgomery,,,General,,,Houston,4,1,2026-09-13,State Bar of Texas Member Directory
Marcy M. McCorvey,,,,,TX,Montgomery,,,Criminal Defense,,,Houston,5,1,2026-09-13,State Bar of Texas Member Directory
Maria D. Sukhlani,,,,,TX,Montgomery,,,General,,,Houston,4,1,2026-09-13,State Bar of Texas Member Directory
Marie Mathilda Pierre,,,,,TX,Montgomery,,,Real Estate,,,Houston,2,1,2026-09-13,State Bar of Texas Member Directory
"Marina M. Vinsky, Esq.",,,,,TX,Montgomery,,,Estate Planning,,,Houston,2,1,2026-09-13,State Bar of Texas Member Directory
Mark Alan Filer,,,,,TX,Montgomery,,,General,,,Houston,4,1,2026-09-13,State Bar of Texas Member Directory
Mark Donald Wolf,,,,,TX,Montgomery,281-217-8484,,General,,,Houston,4,1,2026-09-13,State Bar of Texas Member Directory
Mary Ciborowski Arguello,,,,,TX,Montgomery,,,General,,,Houston,4,1,2026-09-13,State Bar of Texas Member Directory
Maryrose Sharon Delahunty,,,,,TX,Montgomery,,,General,,,Houston,4,1,2026-09-13,State Bar of Texas Member Directory
Mason Jack Lanham,,,,,TX,Montgomery,,,General,,,Houston,4,1,2026-09-13,State Bar of Texas Member Directory
Matthew Cristan Mendoza,,,,,TX,Montgomery,,,General,,,Houston,4,1,2026-09-13,State Bar of Texas Member Directory
Matthew Louis Thiel,,,,,TX,Montgomery,,,General,,,Houston,4,1,2026-09-13,State Bar of Texas Member Directory
Megan Davoren Thomas,,,,,TX,Montgomery,,,General,,,Houston,4,1,2026-09-13,State Bar of Texas Member Directory
Megan Marie Chapa,,,,,TX,Montgomery,,,Criminal Defense,,,Houston,5,1,2026-09-13,State Bar of Texas Member Directory
Mehlman Jacobs LLP,,,,,TX,Montgomery,,,General,,,Houston,4,1,2026-09-13,State Bar of Texas Member Directory
Melease Nicole Leger,,,,,TX,Montgomery,,,General,,,Houston,4,1,2026-09-13,State Bar of Texas Member Directory
Melissa Ayesa Headly,,,,,TX,Montgomery,832-525-0654,,Personal Injury,,,Houston,5,1,2026-09-13,State Bar of Texas Member Directory
Melissa Lynn Oney Giacona,,,,,TX,Montgomery,832-657-3777,,General,,,Houston,4,1,2026-09-13,State Bar of Texas Member Directory
Melissa Marie Wiggins,,,,,TX,Montgomery,,,General,,,Houston,4,1,2026-09-13,State Bar of Texas Member Directory
Melissa Rae Proctor,,,,,TX,Montgomery,,,General,,,Houston,4,1,2026-09-13,State Bar of Texas Member Directory
Melody Lynne Shires Schottle,,,,,TX,Montgomery,,,General,,,Houston,4,1,2026-09-13,State Bar of Texas Member Directory
Michael Gregory McDaniel,,,,,TX,Montgomery,,,General,,,Houston,4,1,2026-09-13,State Bar of Texas Member Directory
Michael J. Boyd,,,,,TX,Montgomery,,,General,,,Houston,4,1,2026-09-13,State Bar of Texas Member Directory
Michael Peter Honderich,,,,,TX,Montgomery,,,General,,,Houston,4,1,2026-09-13,State Bar of Texas Member Directory
Michael Ray Cannon,,,,,TX,Montgomery,832-455-3508,,General,,,Houston,4,1,2026-09-13,State Bar of Texas Member Directory
Michael Stanley Nuenke,,,,,TX,Montgomery,,,General,,,Houston,4,1,2026-09-13,State Bar of Texas Member Directory
Miriam Sarah Sanchez,,,,,TX,Montgomery,,,Personal Injury,,,Houston,5,1,2026-09-13,State Bar of Texas Member Directory
Mokolo Law Firm PLLC,,,,,TX,Montgomery,,,General,,,Houston,4,1,2026-09-13,State Bar of Texas Member Directory
Monica Miller Lopez,,,,,TX,Montgomery,,,Employment Law,,,Houston,3,1,2026-09-13,State Bar of Texas Member Directory
Montgomery Central Appraisal District,,,,,TX,Montgomery,936-539-8684,,Criminal Defense,,,Houston,5,1,2026-09-13,State Bar of Texas Member Directory; State Bar self-reported website
Nancy Carol Laha Clark,,,,,TX,Montgomery,,,Personal Injury,,,Houston,5,1,2026-09-13,State Bar of Texas Member Directory
Nanette Gardipee,,,,,TX,Montgomery,,,Real Estate,,,Houston,2,1,2026-09-13,State Bar of Texas Member Directory
Ndubisi Nnaemeka Ogbodo,,,,,TX,Montgomery,,,General,,,Houston,4,1,2026-09-13,State Bar of Texas Member Directory
Nebius Group NV,,,,,TX,Montgomery,,,General,,,Houston,4,1,2026-09-13,State Bar of Texas Member Directory
Nicholas Paul Gastal,,,,,TX,Montgomery,,,General,,,Houston,4,1,2026-09-13,State Bar of Texas Member Directory
Nicole Graham,,,,,TX,Montgomery,,,General,,,Houston,4,1,2026-09-13,State Bar of Texas Member Directory
Nisreen Bano Amiji,,,,,TX,Montgomery,,,Civil Litigation,,,Houston,3,1,2026-09-13,State Bar of Texas Member Directory
Nora Moon Norman,,,,,TX,Montgomery,,,Immigration,,,Houston,2,1,2026-09-13,State Bar of Texas Member Directory
Olga Marie Baudelaire,,,,,TX,Montgomery,,,General,,,Houston,4,1,2026-09-13,State Bar of Texas Member Directory
Oscar Orlando Aguilar,,,,,TX,Montgomery,,,General,,,Houston,4,1,2026-09-13,State Bar of Texas Member Directory
Patrice McDonald,,,,,TX,Montgomery,,,General,,,Houston,4,1,2026-09-13,State Bar of Texas Member Directory
Patricia Small Burroughs,,,,,TX,Montgomery,,,General,,,Houston,4,1,2026-09-13,State Bar of Texas Member Directory
Patrick Roane McKee,,,,,TX,Montgomery,,,Criminal Defense,,,Houston,5,1,2026-09-13,State Bar of Texas Member Directory
Philecia Lea Harris Moore,,,,,TX,Montgomery,,,Employment Law,,,Houston,3,1,2026-09-13,State Bar of Texas Member Directory
RFH Law Firm,,,,,TX,Montgomery,,,General,,,Houston,4,1,2026-09-13,State Bar of Texas Member Directory
Randall Byron Deputy,,,,,TX,Montgomery,,,Personal Injury,,,Houston,5,1,2026-09-13,State Bar of Texas Member Directory
Randle G. Jones,,,,,TX,Montgomery,,,Real Estate,,,Houston,2,1,2026-09-13,State Bar of Texas Member Directory
Rebecca Ann McMichael,,,,,TX,Montgomery,713-818-8947,,General,,,Houston,4,1,2026-09-13,State Bar of Texas Member Directory
Rex Morris Shannon,,,,,TX,Montgomery,,,General,,,Houston,4,1,2026-09-13,State Bar of Texas Member Directory
"Reyes Blum, PLLC",https://reyesblum.com/,,,,TX,Montgomery,713-270-7171,,Immigration,,,Houston,2,1,2026-09-13,State Bar of Texas Member Directory
Richard E. Blohm,,,,,TX,Montgomery,,,General,,,Houston,4,1,2026-09-13,State Bar of Texas Member Directory
"Richard Milford, PLLC",,,,,TX,Montgomery,,,General,,,Houston,4,1,2026-09-13,State Bar of Texas Member Directory
Riley Francis Friedle,,,,,TX,Montgomery,,,General,,,Houston,4,1,2026-09-13,State Bar of Texas Member Directory
Rissel Christy Saucedo,,,,,TX,Montgomery,,,Immigration,,,Houston,2,1,2026-09-13,State Bar of Texas Member Directory
Robert Bradley White,,,,,TX,Montgomery,,,General,,,Houston,4,1,2026-09-13,State Bar of Texas Member Directory
Robert Douglas Magnussen,,,,,TX,Montgomery,281-723-5873,,Real Estate,,,Houston,2,1,2026-09-13,State Bar of Texas Member Directory
"Robert Mensinger Law, PLLC",,,,,TX,Montgomery,281-793-6757,,General,,,Houston,4,1,2026-09-13,State Bar of Texas Member Directory
Rodolfo Valentin Gutierrez Garcia,,,,,TX,Montgomery,,,General,"Av. Rio Caura, Centro Empresarial Torre",,Houston,4,1,2026-09-13,State Bar of Texas Member Directory
Ronald C. Geedman,,,,,TX,Montgomery,,,Real Estate,,,Houston,2,1,2026-09-13,State Bar of Texas Member Directory
Ross Michael Sewell,,,,,TX,Montgomery,,,General,,,Houston,4,1,2026-09-13,State Bar of Texas Member Directory
SABIC,,,,,TX,Montgomery,713-435-2671,,General,,,Houston,4,1,2026-09-13,State Bar of Texas Member Directory
Samantha P. Shyam,,,,,TX,Montgomery,,,General,,,Houston,4,1,2026-09-13,State Bar of Texas Member Directory
Samuel Rice Bethea,,,,,TX,Montgomery,713-252-2579,,General,,,Houston,4,1,2026-09-13,State Bar of Texas Member Directory
Sandra Reyes,,,,,TX,Montgomery,,,Employment Law,,,Houston,3,1,2026-09-13,State Bar of Texas Member Directory
Sara Elizabeth Holt,,,,,TX,Montgomery,281-460-4524,,General,,,Houston,4,1,2026-09-13,State Bar of Texas Member Directory
Sarah Townsend Horn,,,,,TX,Montgomery,,,General,,,Houston,4,1,2026-09-13,State Bar of Texas Member Directory
Scott Landers Miller,,,,,TX,Montgomery,,,General,,,Houston,4,1,2026-09-13,State Bar of Texas Member Directory
Shannon Elisabeth Simmons,,,,,TX,Montgomery,,,Employment Law,,,Houston,3,1,2026-09-13,State Bar of Texas Member Directory
Shannon Rall Perkins,,,,,TX,Montgomery,,,General,,,Houston,4,1,2026-09-13,State Bar of Texas Member Directory
Shondah Renee Sherman,,,,,TX,Montgomery,,,General,,,Houston,4,1,2026-09-13,State Bar of Texas Member Directory
Shunit Estrov,,,,,TX,Montgomery,,,General,,,Houston,4,1,2026-09-13,State Bar of Texas Member Directory
Sikander Lalani,,,,,TX,Montgomery,,,General,,,Houston,4,1,2026-09-13,State Bar of Texas Member Directory
Six Flags,,,,,TX,Montgomery,,,General,,,Houston,4,1,2026-09-13,State Bar of Texas Member Directory
Skyview Legal PC,,,,,TX,Montgomery,,,General,,,Houston,4,1,2026-09-13,State Bar of Texas Member Directory
Somanshu Sharma,,,,,TX,Montgomery,,,General,,,Houston,4,1,2026-09-13,State Bar of Texas Member Directory
Sonam M. James,,,,,TX,Montgomery,,,General,,,Houston,4,1,2026-09-13,State Bar of Texas Member Directory
Sophie Robinson,,,,,TX,Montgomery,,,General,,,Houston,4,1,2026-09-13,State Bar of Texas Member Directory
Stanley Black and Decker,,,,,TX,Montgomery,,,General,,,Houston,4,1,2026-09-13,State Bar of Texas Member Directory
Stanley Willis Kabzinski,,,,,TX,Montgomery,,,General,,,Houston,4,1,2026-09-13,State Bar of Texas Member Directory
Stephen Paul Zajonc,,,,,TX,Montgomery,,,Personal Injury,,,Houston,5,1,2026-09-13,State Bar of Texas Member Directory
Stephen Schlacks Attorney At Law,,,,,TX,Montgomery,,,Personal Injury,,,Houston,5,1,2026-09-13,State Bar of Texas Member Directory
Sternau Law Firm,,,,,TX,Montgomery,,,Immigration,,,Houston,2,1,2026-09-13,State Bar of Texas Member Directory
Steve Alexander McKeithen,,,,,TX,Montgomery,,,General,,,Houston,4,1,2026-09-13,State Bar of Texas Member Directory
Steven Flynn,,,,,TX,Montgomery,,,General,,,Houston,4,1,2026-09-13,State Bar of Texas Member Directory
Steven Michael Lombardo,,,,,TX,Montgomery,832-603-3763,,General,,,Houston,4,1,2026-09-13,State Bar of Texas Member Directory
Susie Mary Frances Singer,,,,,TX,Montgomery,,,Estate Planning,,,Houston,2,1,2026-09-13,State Bar of Texas Member Directory
Suzanne H. Stovall,,,,,TX,Montgomery,936-537-5933,,General,,,Houston,4,1,2026-09-13,State Bar of Texas Member Directory
Tariq A. Khan,,,,,TX,Montgomery,832-641-2777,,General,,,Houston,4,1,2026-09-13,State Bar of Texas Member Directory
"The CYA Law Firm, PLLC",,,,,TX,Montgomery,,,General,,,Houston,4,1,2026-09-13,State Bar of Texas Member Directory
"The Law Office of Chad Zubi, PLLC",https://chadzubi.com/,,,,TX,Montgomery,832-777-8924,,General,,,Houston,4,1,2026-09-13,State Bar of Texas Member Directory; State Bar self-reported website
The Moses Law Firm,,,,,TX,Montgomery,,,General,,,Houston,4,1,2026-09-13,State Bar of Texas Member Directory
The Shanahan Law Firm,https://shanahanfirm.com/,,,,TX,Montgomery,216-363-1700,,Employment Law,,,Houston,3,1,2026-09-13,State Bar of Texas Member Directory; State Bar self-reported website
The Themis Group LLC,,,,,TX,Montgomery,346-497-2356,,General,,,Houston,4,1,2026-09-13,State Bar of Texas Member Directory
"Thomas A McHale, Attorney at Law",,,,,TX,Montgomery,832-631-6124,,Personal Injury,,,Houston,5,1,2026-09-13,State Bar of Texas Member Directory
Thomas Edward Brewer,,,,,TX,Montgomery,,,Criminal Defense,,,Houston,5,1,2026-09-13,State Bar of Texas Member Directory
"Thomas K. Kruppstadt, P.C.",,,,,TX,Montgomery,713-539-9009,,Personal Injury,,,Houston,5,1,2026-09-13,State Bar of Texas Member Directory; State Bar self-reported website
"Thomas P. ""Tommy"" Sullivan, Attorney at Law",,,,,TX,Montgomery,214-629-8073,,Personal Injury,,,Houston,5,1,2026-09-13,State Bar of Texas Member Directory
Thomas Quinn,,,,,TX,Montgomery,,,General,,,Houston,4,1,2026-09-13,State Bar of Texas Member Directory
Tiffany M. Wimberly,,,,,TX,Montgomery,,,General,,,Houston,4,1,2026-09-13,State Bar of Texas Member Directory
Titilayo Suliat Rasaki,,,,,TX,Montgomery,,,General,,,Houston,4,1,2026-09-13,State Bar of Texas Member Directory
"Todd Drake Law, PLLC",http://tdrakelaw.com/,,,,TX,Montgomery,,,Real Estate,,,Houston,2,1,2026-09-13,State Bar of Texas Member Directory; State Bar self-reported website
Trisha Marie Tylman,,,,,TX,Montgomery,,,General,,,Houston,4,1,2026-09-13,State Bar of Texas Member Directory
Vianni Del Pilar Lopez,,,,,TX,Montgomery,,,Personal Injury,,,Houston,5,1,2026-09-13,State Bar of Texas Member Directory
Weatherford Law Firm,,,,,TX,Montgomery,281-435-6025,,General,,,Houston,4,1,2026-09-13,State Bar of Texas Member Directory
Wesley Scott Little,,,,,TX,Montgomery,713-552-3531,,Criminal Defense,,,Houston,5,1,2026-09-13,State Bar of Texas Member Directory
William Price Gunnell,,,,,TX,Montgomery,,,General,,,Houston,4,1,2026-09-13,State Bar of Texas Member Directory
Zachary Boone Hammond,,,,,TX,Montgomery,,,General,,,Houston,4,1,2026-09-13,State Bar of Texas Member Directory
Zachary David Capra,,,,,TX,Montgomery,,,Criminal Defense,,,Houston,5,1,2026-09-13,State Bar of Texas Member Directory
2nd Judicial Administrative Region,,,,Conroe,TX,Montgomery,,,Criminal Defense,"301 N. Thompson, Suite 102",77301,Houston,5,1,2026-09-13,State Bar of Texas Member Directory
Aaron Tyler Epstein,,,,Conroe,TX,Montgomery,,,Civil Litigation,2719 Bay Laurel Ln,77304,Houston,3,1,2026-09-13,State Bar of Texas Member Directory
Abrams Law Firm,https://abramslawfirm.net/,,,Conroe,TX,Montgomery,832-524-3609,bradford@abramslawfirm.net,Personal Injury,9976 Preserve Way,77385,Houston,5,1,2026-09-13,State Bar of Texas Member Directory; State Bar self-reported website
"Adam W. Dietrich, PC",https://adtxlaw.com/,,,Conroe,TX,Montgomery,936-703-3127,katie@adtxlaw.com,Criminal Defense,215 Simonton St,77301,Houston,5,3,2026-09-13,State Bar of Texas Member Directory; State Bar self-reported website
"Aletha Harris Firm, PLLC",,,,Conroe,TX,Montgomery,713-703-1819,,Estate Planning,307 N San Jacinto St,77301,Houston,2,1,2026-09-13,State Bar of Texas Member Directory
"Alsbrooks Law Firm, PLLC",https://alsbrookslaw.com/,,,Conroe,TX,Montgomery,936-202-2882,,Criminal Defense,1110 N Loop 336 W Ste 340,77301,Houston,5,1,2026-09-13,State Bar of Texas Member Directory; State Bar self-reported website
Ameer Faruk Gopalani,,,,Conroe,TX,Montgomery,,,General,118 Meadow Landing Dr.,77384,Houston,4,1,2026-09-13,State Bar of Texas Member Directory
Andrew Joseph Daniel,,,,Conroe,TX,Montgomery,,,Criminal Defense,PO Box 3699,77305,Houston,5,1,2026-09-13,State Bar of Texas Member Directory
"Anglin Law Firm, PLLC",,,,Conroe,TX,Montgomery,713-770-6362,,General,3600 Fm 1488 Rd Ste 120 PMB 230,77384,Houston,4,1,2026-09-13,State Bar of Texas Member Directory
Attorney of Record,,,,Conroe,TX,Montgomery,936-321-7721,,General,19151 Oak Canyon Dr,77385,Houston,4,1,2026-09-13,State Bar of Texas Member Directory
"Baker & Beck, PLLC",https://bakerbeck.com/,,,Conroe,TX,Montgomery,936-494-2444,,Criminal Defense,2751 S Loop 336 W,77301,Houston,5,3,2026-09-13,State Bar of Texas Member Directory; State Bar self-reported website; manual verified search
"Best Lawyer Ever, LLC",https://conroelawfirm.com/,,,Conroe,TX,Montgomery,936-701-1010,,Criminal Defense,700 Galveston St,77301,Houston,5,1,2026-09-13,State Bar of Texas Member Directory; State Bar self-reported website
"Bloodworth Law Firm, PLLC",https://bloodworthlawfirm.com/,,,Conroe,TX,Montgomery,936-291-3100,,Criminal Defense,"303 Longmire Rd, Suite 402",77304,Houston,5,2,2026-09-13,State Bar of Texas Member Directory; State Bar self-reported website
"Bradford L. Atkinson & Associates, PLLC",,,,Conroe,TX,Montgomery,936-539-5554,,Estate Planning,322 Metcalf St,77301,Houston,2,1,2026-09-13,State Bar of Texas Member Directory; State Bar self-reported website
Brandi Worsham Williams,,,,Conroe,TX,Montgomery,281-382-5908,,Estate Planning,13200 Misty Sage Dr,77302,Houston,2,1,2026-09-13,State Bar of Texas Member Directory
"Brenda E. Martin, Attorney at Law",,,,Conroe,TX,Montgomery,936-697-0805,,Criminal Defense,P.O. Box 674,77305,Houston,5,1,2026-09-13,State Bar of Texas Member Directory
Brian Foley Law PLLC,https://www.brianfoleylaw.com/,,,Conroe,TX,Montgomery,936-596-0407,,Criminal Defense,412 W Phillips St Ste 125,77301,Houston,5,1,2026-09-13,State Bar of Texas Member Directory; State Bar self-reported website
Brinkman Law,,,,Conroe,TX,Montgomery,713-582-7723,,Civil Litigation,12353 Oak Cove Pointe,77304,Houston,3,1,2026-09-13,State Bar of Texas Member Directory
Brittany Elaine Hansford,,,,Conroe,TX,Montgomery,936-539-7800,,General,207 W Phillips St Fl 2,77301,Houston,4,1,2026-09-13,State Bar of Texas Member Directory
Bryan Patrick Fowler,,,,Conroe,TX,Montgomery,936-539-3372,,Real Estate,300 W Davis St Ste 510,77301,Houston,2,1,2026-09-13,State Bar of Texas Member Directory
CULBERSON LAW OFFICE,https://culbersonlaw.com/,,,Conroe,TX,Montgomery,936-202-9607,sheri@culbersonlaw.com,Criminal Defense,204 W Davis St,77301,Houston,5,2,2026-09-13,State Bar of Texas Member Directory; State Bar self-reported website; manual verified search
Casey Loring Lawyer PLLC,https://loringlawyer.com/,,,Conroe,TX,Montgomery,936-441-8860,celoring@gmail.com\&quot;,Criminal Defense,223 Simonton St,77301,Houston,5,1,2026-09-13,State Bar of Texas Member Directory; State Bar self-reported website
Cassandra Marie Marchesani,,,,Conroe,TX,Montgomery,,,Criminal Defense,207 W Phillips St 2nd Fl,77301,Houston,5,1,2026-09-13,State Bar of Texas Member Directory
Christopher C. Forbes & Associates PLLC,https://www.chrisforbeslaw.com/,,,Conroe,TX,Montgomery,713-882-1582,chris@chrisforbeslaw.com,Estate Planning,1624 Shady Oaks Dr,77301,Houston,2,1,2026-09-13,State Bar of Texas Member Directory; State Bar self-reported website; Justia
"Claire E. Lindsay, PLLC",,,,Conroe,TX,Montgomery,281-305-2526,,Estate Planning,223 Simonton St Ste 1,77301,Houston,2,1,2026-09-13,State Bar of Texas Member Directory
Conner Bree Tichota,,,,Conroe,TX,Montgomery,936-333-2526,,Criminal Defense,414 West Philips St.,77301,Houston,5,1,2026-09-13,State Bar of Texas Member Directory
Crowl and Crowl PLLC,https://crowlandcrowl.com/,,,Conroe,TX,Montgomery,936-647-2631,,Criminal Defense,220 N Thompson St Ste 101,77301,Houston,5,2,2026-09-13,State Bar of Texas Member Directory; State Bar self-reported website
Dana L. Garrett,,,,Conroe,TX,Montgomery,936-756-3417,,Estate Planning,1212 N Loop 336 W,77301,Houston,2,1,2026-09-13,State Bar of Texas Member Directory
Daniel A Sanjenis Atty at Law,,,,Conroe,TX,Montgomery,305-562-0660,,Criminal Defense,793 Angelina Ct,77302,Houston,5,1,2026-09-13,State Bar of Texas Member Directory
Daniel C. Rice Attorney at Law,,,,Conroe,TX,Montgomery,936-443-8106,,Personal Injury,3115 Wilson Rd,77304,Houston,5,1,2026-09-13,State Bar of Texas Member Directory
Daniel Dale Plake,,,,Conroe,TX,Montgomery,936-539-7828,,Personal Injury,501 N Thompson St Ste 300,77301,Houston,5,1,2026-09-13,State Bar of Texas Member Directory
"Darin J. Ray, attorney",,,,Conroe,TX,Montgomery,936-756-6555,,Criminal Defense,709 N San Jacinto St,77301,Houston,5,1,2026-09-13,State Bar of Texas Member Directory; State Bar self-reported website
"David A. Himes & Associates, PLLC",,,,Conroe,TX,Montgomery,651-792-5897,,Bankruptcy,548 Shenandoah Park,77302,Houston,2,1,2026-09-13,State Bar of Texas Member Directory; State Bar self-reported website
David A. Kocian,,,,Conroe,TX,Montgomery,,,Real Estate,13314 Southshore DR,77304,Houston,2,1,2026-09-13,State Bar of Texas Member Directory
David J. Owens,,,,Conroe,TX,Montgomery,832-239-0006,,General,7320 Teas Cottage Drive,77304,Houston,4,1,2026-09-13,State Bar of Texas Member Directory
Dean Gehring - Attorney at Law,https://attorneydeangehring.com/,,,Conroe,TX,Montgomery,936-499-5915,gehring@consolidated.net,Criminal Defense,701 N Loop 336 E Ste 106,77301,Houston,5,1,2026-09-13,State Bar of Texas Member Directory; State Bar self-reported website
Dionne Law,,,,Conroe,TX,Montgomery,936-549-2825,,Criminal Defense,203 Simonton St,77301,Houston,5,1,2026-09-13,State Bar of Texas Member Directory
"Dossey & Jones, PLLC",https://www.dossey.com/,,,Conroe,TX,Montgomery,281-362-9909,,Estate Planning,600 River Pointe Dr Ste 200,77304,Houston,2,4,2026-09-13,State Bar of Texas Member Directory; State Bar self-reported website; manual verified search
"Douglas W. Atkinson and Associates, P.L.L.C.",,,,Conroe,TX,Montgomery,936-760-0303,,Criminal Defense,322 Metcalf St,77301,Houston,5,1,2026-09-13,State Bar of Texas Member Directory; State Bar self-reported website
"Duckworth & Ray, L.L.P.",https://www.duckworthandray.com/,,,Conroe,TX,Montgomery,936-756-6555,,Criminal Defense,709 N. San Jacinto St.,77301,Houston,5,3,2026-09-13,State Bar of Texas Member Directory; State Bar self-reported website
E. Stephanie Hebert,,,,Conroe,TX,Montgomery,,,Estate Planning,PO Box 1982,77305,Houston,2,1,2026-09-13,State Bar of Texas Member Directory
Earl L. Pryor,http://www.earllpryor.com/,,,Conroe,TX,Montgomery,936-539-4600,,Criminal Defense,200 River Pointe Dr Ste 250,77304,Houston,5,1,2026-09-13,State Bar of Texas Member Directory; Justia
Elliott & Little,https://www.elliottandlittle.com/,,,Conroe,TX,Montgomery,936-718-1706,contact@elliottandlittle.com,Personal Injury,817 N Thompson St,77301,Houston,5,2,2026-09-13,State Bar of Texas Member Directory; State Bar self-reported website
"Enax Law Firm, P.L.L.C.",https://www.enaxlawfirm.com/,,,Conroe,TX,Montgomery,281-598-8997,blake.enax@enaxlawfirm.com,Criminal Defense,412 W Phillips St Ste 123,77301,Houston,5,1,2026-09-13,State Bar of Texas Member Directory; State Bar self-reported website
"Erica Jackson Law, PLLC",,,,Conroe,TX,Montgomery,832-653-9372,,General,307 N San Jacinto St,77301,Houston,4,1,2026-09-13,State Bar of Texas Member Directory; State Bar self-reported website
Everett Dale Cox,,,,Conroe,TX,Montgomery,713-705-5168,,Employment Law,21115 Blair Rd,77385,Houston,3,1,2026-09-13,State Bar of Texas Member Directory
Floyd Law Office,https://floydlawoffice.net/,,,Conroe,TX,Montgomery,972-921-8910,,Real Estate,318 North Main Street,77301,Houston,2,1,2026-09-13,State Bar of Texas Member Directory; State Bar self-reported website
"Griffin & Cain Attorneys at Law, PC",https://griffinandcainattorneys.com/,,,Conroe,TX,Montgomery,936-539-1011,,Criminal Defense,400 W Davis St Ste 200,77301,Houston,5,5,2026-09-13,State Bar of Texas Member Directory; State Bar self-reported website
H. Wayne White,,,,Conroe,TX,Montgomery,281-797-8484,,Estate Planning,206A S Loop 336 W PMB 165,77304,Houston,2,1,2026-09-13,State Bar of Texas Member Directory
"Heather E. Hoblit, Attorney-at-Law",,,,Conroe,TX,Montgomery,936-662-7235,,Criminal Defense,318 N Main St,77301,Houston,5,1,2026-09-13,State Bar of Texas Member Directory
"Herbig Law Group, PLLC",https://conroelawyers.com/,,,Conroe,TX,Montgomery,936-245-1974,info@herbiglawgroup.com,Estate Planning,220 West Davis Street,77301,Houston,2,1,2026-09-13,State Bar of Texas Member Directory; State Bar self-reported website; Justia
Holly Ann D'Andrea,,,,Conroe,TX,Montgomery,936-520-5418,,Immigration,806 Hilbig Rd Ste 2-300 Ste 2-100,77301,Houston,2,1,2026-09-13,State Bar of Texas Member Directory
"Hope & Causey, P.C.",https://www.hope-causey.com/,,,Conroe,TX,Montgomery,936-441-4673,derek@hope-causey.com,Personal Injury,PO Box 3188,77305,Houston,5,1,2026-09-13,State Bar of Texas Member Directory; State Bar self-reported website
Hopkins Law Firm,https://www.hopkinslaw.org/,,,Conroe,TX,Montgomery,936-441-0663,service@hopkinslaw.org,Criminal Defense,118 W Pauline St,77301,Houston,5,1,2026-09-13,State Bar of Texas Member Directory; State Bar self-reported website
ICE/OPLA,,,,Conroe,TX,Montgomery,,,Criminal Defense,500 Hilbig Road,77002,Houston,5,1,2026-09-13,State Bar of Texas Member Directory
Ivan Crespo Law Office,http://www.ivancrespo.com/index.html,,,Conroe,TX,Montgomery,832-838-4200,ivancrespolegal@gmail.com,Criminal Defense,702 W Dallas St,77301,Houston,5,1,2026-09-13,State Bar of Texas Member Directory; State Bar self-reported website
Jack McCormick,,,,Conroe,TX,Montgomery,936-756-0995,,Criminal Defense,414 W Phillips St Ste 100,77301,Houston,5,1,2026-09-13,State Bar of Texas Member Directory
James Dillon Roberts,,,,Conroe,TX,Montgomery,936-539-7800,,General,207 W Phillips 2nd Floor,77301,Houston,4,1,2026-09-13,State Bar of Texas Member Directory
James Patrick McCann,,,,Conroe,TX,Montgomery,713-822-2236,,General,James P. McCann 596 Fairway Court,77302,Houston,4,1,2026-09-13,State Bar of Texas Member Directory
Jamie Nicole LeVie,,,,Conroe,TX,Montgomery,936-539-7800,,General,207 W. Phillips 2nd Floor,77301,Houston,4,1,2026-09-13,State Bar of Texas Member Directory
Jane Marie Black,,,,Conroe,TX,Montgomery,832-274-4875,,General,15003 Mulberry Hallow Street,77302,Houston,4,1,2026-09-13,State Bar of Texas Member Directory
Jarrod Lee Walker,,,,Conroe,TX,Montgomery,936-538-3532,,Criminal Defense,207 W PHILLIPS ST,77301,Houston,5,1,2026-09-13,State Bar of Texas Member Directory
Jeffrey Harris Ullrich,,,,Conroe,TX,Montgomery,936-756-8585,,Estate Planning,1512 N I45,77301,Houston,2,1,2026-09-13,State Bar of Texas Member Directory
Jeffrey M. Staples,,,,Conroe,TX,Montgomery,281-364-9596,,Criminal Defense,4442 Wapama Falls Loop,77303,Houston,5,1,2026-09-13,State Bar of Texas Member Directory
"Jeredith Jones, Attorney at Law",https://joneslawtx.com/,,,Conroe,TX,Montgomery,936-209-3516,,Criminal Defense,220 W Davis St,77301,Houston,5,1,2026-09-13,State Bar of Texas Member Directory; State Bar self-reported website
Jessica Anne Day,,,,Conroe,TX,Montgomery,281-627-8152,,Criminal Defense,122 W Davis St,77301,Houston,5,1,2026-09-13,State Bar of Texas Member Directory; State Bar self-reported website
Jessica M. Osteicoechea Romero,,,,Conroe,TX,Montgomery,,,General,255 Navasota Narrows Way,77304,Houston,4,1,2026-09-13,State Bar of Texas Member Directory
John Edward Choate,https://conroelawoffice.com/,,,Conroe,TX,Montgomery,936-441-2999,johnc@conroelawoffice.com,Criminal Defense,116 W Lewis St,77301,Houston,5,1,2026-09-13,State Bar of Texas Member Directory; State Bar self-reported website; Justia
John Richard Dantche,http://www.dantchelaw.com/,,,Conroe,TX,Montgomery,936-539-0023,john@dantchelaw.com,Estate Planning,200 River Pointe Dr Ste 250,77304,Houston,2,1,2026-09-13,State Bar of Texas Member Directory; State Bar self-reported website
John Stephen Green,,,,Conroe,TX,Montgomery,713-752-8696,,Estate Planning,101 W Phillips St Ste B,77301,Houston,2,1,2026-09-13,State Bar of Texas Member Directory; State Bar self-reported website
Joslynn Anderson Attorney,,,,Conroe,TX,Montgomery,936-588-6777,,Estate Planning,13921 Hwy 105 W,77304,Houston,2,1,2026-09-13,State Bar of Texas Member Directory
"Justice By Carter, PLLC",https://justicebycarter.com/,,,Conroe,TX,Montgomery,346-531-3910,caseupdatesbillinginquiries@justicebycarter.com,General,525 Woodland Square Boulevard Suite 250,77384,Houston,4,1,2026-09-13,State Bar of Texas Member Directory; State Bar self-reported website
Justin Michael Fowles,,,,Conroe,TX,Montgomery,,,Criminal Defense,412 W. Phillips St. #124,77301,Houston,5,1,2026-09-13,State Bar of Texas Member Directory
Kara P. Cummins,,,,Conroe,TX,Montgomery,,,General,17116 Sandstone St,77302,Houston,4,1,2026-09-13,State Bar of Texas Member Directory
"Katherine H. Baker, Attorney",,,,Conroe,TX,Montgomery,936-788-3513,,Estate Planning,9032 Water Buck Lane,77303,Houston,2,1,2026-09-13,State Bar of Texas Member Directory
Kaye Ellis Stone,,,,Conroe,TX,Montgomery,,,Criminal Defense,PMB 310 206-A S. Loop 336 W.,77304,Houston,5,1,2026-09-13,State Bar of Texas Member Directory
Lana Jane Carpenter,,,,Conroe,TX,Montgomery,832-483-2911,,Real Estate,1904 GRAYSTONE HILLS DR,77304,Houston,2,1,2026-09-13,State Bar of Texas Member Directory
"Larson & Weisinger, Attys.",,,,Conroe,TX,Montgomery,936-524-0548,,Real Estate,9456 Lake Conroe Drive,77304,Houston,2,2,2026-09-13,State Bar of Texas Member Directory
"Laura Marburger, P.C.",,,,Conroe,TX,Montgomery,936-756-5400,,General,204 W Lewis St,77301,Houston,4,1,2026-09-13,State Bar of Texas Member Directory
"Law Firm of Shandell C. George, PLLC",,,,Conroe,TX,Montgomery,936-410-4457,,Civil Litigation,245 Fm 1488 Rd Apt 1017,77384,Houston,3,1,2026-09-13,State Bar of Texas Member Directory
Law Office of CD Gibbs,,,,Conroe,TX,Montgomery,936-756-7134,,Criminal Defense,318 N Main St,77301,Houston,5,1,2026-09-13,State Bar of Texas Member Directory
Law Office of Chris Allen,https://www.conroecriminaldefenselawyers.com/,,,Conroe,TX,Montgomery,936-539-5522,,Criminal Defense,430 N Main St,77301,Houston,5,1,2026-09-13,State Bar of Texas Member Directory; State Bar self-reported website
Law Office of Conrad Guthrie,,,,Conroe,TX,Montgomery,713-337-4040,,Personal Injury,103 Sweet Leaf Grove Lane,77384,Houston,5,1,2026-09-13,State Bar of Texas Member Directory
Law Office of Debra Ullrich Garcia,,,,Conroe,TX,Montgomery,936-756-4155,,General,220 N Thompson St Ste 203,77301,Houston,4,1,2026-09-13,State Bar of Texas Member Directory; State Bar self-reported website
Law Office of Edna Herrera Dinsdale,https://dinsdalelaw.com/,,,Conroe,TX,Montgomery,956-271-0352,edna.dinsdale@gmail.com,Criminal Defense,"336 1/2 N. Main Street, Suite 211",77301,Houston,5,1,2026-09-13,State Bar of Texas Member Directory; State Bar self-reported website
Law Office of George E. Renneberg,,,,Conroe,TX,Montgomery,936-756-8181,,Criminal Defense,411 Nugent St,77301,Houston,5,1,2026-09-13,State Bar of Texas Member Directory
Law Office of J Grant Stevens,https://www.grantstevenslaw.com/,,,Conroe,TX,Montgomery,936-539-9797,,Criminal Defense,204 W Davis St,77301,Houston,5,1,2026-09-13,State Bar of Texas Member Directory; State Bar self-reported website
Law Office of J. Paxton Adams,,,,Conroe,TX,Montgomery,936-662-5995,,Criminal Defense,318 N Main St,77301,Houston,5,1,2026-09-13,State Bar of Texas Member Directory
Law Office of JD Finch,,,,Conroe,TX,Montgomery,936-756-7297,,Criminal Defense,204 W Davis St Ste A,77301,Houston,5,1,2026-09-13,State Bar of Texas Member Directory; State Bar self-reported website
Law Office of Jeffrey W. Hitt,,,,Conroe,TX,Montgomery,713-819-1588,,Criminal Defense,9270 Laiden Creek Trl,77303,Houston,5,1,2026-09-13,State Bar of Texas Member Directory
Law Office of Jeremy S. Dishongh,https://www.jdlawtexas.com/,,,Conroe,TX,Montgomery,936-494-1133,,Criminal Defense,332 N Main,77301,Houston,5,2,2026-09-13,State Bar of Texas Member Directory; manual verified search
Law Office of Jo Miller,,,,Conroe,TX,Montgomery,281-433-6061,,Employment Law,32 Winged Foot Dr,77304,Houston,3,1,2026-09-13,State Bar of Texas Member Directory
Law Office of Jose Mata,,,,Conroe,TX,Montgomery,936-539-6282,,Criminal Defense,318 N Main St,77301,Houston,5,1,2026-09-13,State Bar of Texas Member Directory
"Law Office of Julie Rinker, PLLC",https://www.rinkerlaw.com/,,,Conroe,TX,Montgomery,936-441-9969,julie@rinkerlaw.com,Estate Planning,223 Simonton Street,77301,Houston,2,2,2026-09-13,State Bar of Texas Member Directory; State Bar self-reported website
Law Office of Kathy Black,,,,Conroe,TX,Montgomery,,,Estate Planning,PO Box 756,77305,Houston,2,1,2026-09-13,State Bar of Texas Member Directory
Law Office of Keith Phillips,https://keithphillipslaw.com/,,,Conroe,TX,Montgomery,713-367-3475,info@keithphillipslaw.com,Estate Planning,141 N San Jacinto St,77301,Houston,2,1,2026-09-13,State Bar of Texas Member Directory; State Bar self-reported website
"Law Office of Kristy Brown, PLLC",,,,Conroe,TX,Montgomery,936-202-8585,,Criminal Defense,309 Carnes St,77301,Houston,5,1,2026-09-13,State Bar of Texas Member Directory
Law Office of Matlak & Morrison,https://mmpmlaw.com/,,,Conroe,TX,Montgomery,832-260-4479,,Criminal Defense,709 N San Jacinto St,77301,Houston,5,2,2026-09-13,State Bar of Texas Member Directory; State Bar self-reported website
"Law Office of Patti J. Hightower, P.C.",,,,Conroe,TX,Montgomery,936-755-3316,,Criminal Defense,907 N San Jacinto St,77301,Houston,5,1,2026-09-13,State Bar of Texas Member Directory; State Bar self-reported website
"Law Office of Rick J. Deal, P.C.",https://www.rjdeal.com/,,,Conroe,TX,Montgomery,936-499-5780,rjdeal@rjdeal.com,Bankruptcy,1110 N Loop 336 W Ste 530,77301,Houston,2,1,2026-09-13,State Bar of Texas Member Directory; State Bar self-reported website
Law Office of Ruben Franco Jr,https://www.francolawoffice.com/,,,Conroe,TX,Montgomery,936-441-0204,,Criminal Defense,406 North Thompson Ste 204,77301,Houston,5,2,2026-09-13,State Bar of Texas Member Directory; manual verified search
Law Office of Steve Hebert,,,,Conroe,TX,Montgomery,936-703-3197,,Estate Planning,"2275 Riverway Dr., #106",77304,Houston,2,1,2026-09-13,State Bar of Texas Member Directory
Law Office of Theresa Pattillo,,,,Conroe,TX,Montgomery,936-539-5522,,General,430 N Main St,77301,Houston,4,1,2026-09-13,State Bar of Texas Member Directory
Law Office of Timothy Rose,https://www.timroselaw.com/,,,Conroe,TX,Montgomery,936-777-4891,tim@timroselaw.com,Criminal Defense,2005 Tickner St,77301,Houston,5,1,2026-09-13,State Bar of Texas Member Directory; State Bar self-reported website
Law Office of Toni L. Sharretts Collins,,,,Conroe,TX,Montgomery,281-827-7749,,Criminal Defense,11054 N Hidden Oaks,77384,Houston,5,1,2026-09-13,State Bar of Texas Member Directory
Law Office of William Pattillo,,,,Conroe,TX,Montgomery,936-539-5522,,Criminal Defense,430 N Main St,77301,Houston,5,1,2026-09-13,State Bar of Texas Member Directory
Law Offices of Jeff Schultz,,,,Conroe,TX,Montgomery,936-756-5744,,Criminal Defense,215 Simonton St,77301,Houston,5,1,2026-09-13,State Bar of Texas Member Directory
Law offices of N.J. Jim Farrell,,,,Conroe,TX,Montgomery,936-441-0600,,Estate Planning,904 Houston St,77301,Houston,2,1,2026-09-13,State Bar of Texas Member Directory
"LeeAnne Hill, Attorney at Law",,,,Conroe,TX,Montgomery,936-760-7601,,General,223 Simonton St Ste 1,77301,Houston,4,1,2026-09-13,State Bar of Texas Member Directory; State Bar self-reported website
Levi Scott Camden,,,,Conroe,TX,Montgomery,,,General,207 W Phillips St. 2nd Floor,77301,Houston,4,1,2026-09-13,State Bar of Texas Member Directory
Linzer Law,https://www.montgomerycountycriminaldefense.com/,,,Conroe,TX,Montgomery,936-647-1946,,Criminal Defense,322 N Main St,77301,Houston,5,1,2026-09-13,State Bar of Texas Member Directory; State Bar self-reported website
"Lynn E. Esposito, P.C.",,,,Conroe,TX,Montgomery,281-362-1191,,General,P. O. Box 681,77305,Houston,4,1,2026-09-13,State Bar of Texas Member Directory; State Bar self-reported website
"M. A. WALKER, III ATTORNEY-C.P.A.",http://www.mawalker.com/,,,Conroe,TX,Montgomery,936-756-3262,,Estate Planning,314 Cochran St,77301,Houston,2,1,2026-09-13,State Bar of Texas Member Directory; State Bar self-reported website
"M. Neufeld Law Firm, PLLC",https://www.mneufeldlaw.com/,,,Conroe,TX,Montgomery,936-228-6155,,Criminal Defense,700 Galveston St,77301,Houston,5,1,2026-09-13,State Bar of Texas Member Directory; State Bar self-reported website
MDP Law,,,,Conroe,TX,Montgomery,361-649-1714,,Estate Planning,309 Carnes St,77301,Houston,2,1,2026-09-13,State Bar of Texas Member Directory
MOCO,https://www.mctx.org/,,,Conroe,TX,Montgomery,936-539-7897,,Criminal Defense,210 W Davis St Ste 201,77301,Houston,5,1,2026-09-13,State Bar of Texas Member Directory; State Bar self-reported website
Madison A. Schrock,,,,Conroe,TX,Montgomery,936-539-7800,,General,207 W. Phillips 2nd Floor,77301,Houston,4,1,2026-09-13,State Bar of Texas Member Directory
"Mark M. Phillips, Attorney at Law",,,,Conroe,TX,Montgomery,936-539-4499,,Criminal Defense,709 N San Jacinto St # A,77301,Houston,5,1,2026-09-13,State Bar of Texas Member Directory
"Mary Carol Awalt, L.L.C.",,,,Conroe,TX,Montgomery,936-756-4341,,Estate Planning,P.O. Box 297,77305,Houston,2,1,2026-09-13,State Bar of Texas Member Directory
Maureen Louise Ball,,,,Conroe,TX,Montgomery,713-231-6175,,Estate Planning,2257 N Loop 336 W Ste 140,77304,Houston,2,1,2026-09-13,State Bar of Texas Member Directory; State Bar self-reported website
McDougal Law,https://mcdougallaw.com/,,,Conroe,TX,Montgomery,936-756-1960,info@mcdougallaw.com,Criminal Defense,903 N San Jacinto St,77301,Houston,5,1,2026-09-13,State Bar of Texas Member Directory; State Bar self-reported website
"Mendez Law Solutions, LLC",,,,Conroe,TX,Montgomery,936-539-5761,,Criminal Defense,113 Simonton St,77301,Houston,5,1,2026-09-13,State Bar of Texas Member Directory; State Bar self-reported website
"Michelle Finger Cantoni, Attorney at Law",,,,Conroe,TX,Montgomery,936-718-5296,mfcantoni@yahoo.com,Estate Planning,220 N Thompson St Ste 204,77301,Houston,2,1,2026-09-13,State Bar of Texas Member Directory; State Bar self-reported website
Morgan Morton Culbreth,,,,Conroe,TX,Montgomery,,,Employment Law,3335 Pollok Drive,77303,Houston,3,1,2026-09-13,State Bar of Texas Member Directory
Nancy Johnson Hebert,,,,Conroe,TX,Montgomery,936-539-7800,,Criminal Defense,207 W Phillips St Fl 2,77301,Houston,5,1,2026-09-13,State Bar of Texas Member Directory
Oscar Sommers Attorney at Law,https://www.osommerslaw.com/,,,Conroe,TX,Montgomery,936-756-6304,oscar.sommers@gmail.com,Criminal Defense,414 W Phillips St Ste 101,77301,Houston,5,1,2026-09-13,State Bar of Texas Member Directory; State Bar self-reported website
Owens Law Group PLLC,https://www.owens-lawgroup.com/,,,Conroe,TX,Montgomery,832-312-3013,travis@owens-lawgroup.com,Civil Litigation,414 W. Phillips St Suite 105,77301,Houston,3,2,2026-09-13,State Bar of Texas Member Directory; State Bar self-reported website
Patrick Baltazar Bordallo,https://www.thewebbfirm.com/,,,Conroe,TX,Montgomery,713-274-5990,,Criminal Defense,207 Simonton St,77301,Houston,5,1,2026-09-13,State Bar of Texas Member Directory; State Bar self-reported website
Philip Anthony Grant,,,,Conroe,TX,Montgomery,936-539-7800,,Criminal Defense,207 W PHILLIPS ST,77301,Houston,5,1,2026-09-13,State Bar of Texas Member Directory
Phillip Mitchell Lyons,,,,Conroe,TX,Montgomery,936-697-0125,,General,P. O. Box 2312,77305,Houston,4,1,2026-09-13,State Bar of Texas Member Directory
Price & Price,https://www.priceandprice-law.com/,,,Conroe,TX,Montgomery,936-756-5511,,Estate Planning,101 Simonton St,77301,Houston,2,2,2026-09-13,State Bar of Texas Member Directory; State Bar self-reported website
"Pullan & Young, P.L.L.C",https://www.pullanyoung.com/,,,Conroe,TX,Montgomery,936-647-1540,,Criminal Defense,908 N San Jacinto St,77301,Houston,5,2,2026-09-13,State Bar of Texas Member Directory; State Bar self-reported website
"R. Dillon Harvey, PLLC",https://dillonharveylaw.com/,,,Conroe,TX,Montgomery,936-242-5870,,Criminal Defense,220-1/2 West Davis Street,77301,Houston,5,1,2026-09-13,State Bar of Texas Member Directory; State Bar self-reported website
R. McConnell Group PLLC,https://www.rmcconnellgroup.com/,,,Conroe,TX,Montgomery,281-507-2661,,Criminal Defense,57 Creek Forest Ln,77384,Houston,5,2,2026-09-13,State Bar of Texas Member Directory; State Bar self-reported website; manual verified search
"Raphael Ortega Law, PLLC",https://www.rodefense.com/,,,Conroe,TX,Montgomery,832-402-1111,,Criminal Defense,122 W Davis St,77301,Houston,5,1,2026-09-13,State Bar of Texas Member Directory; State Bar self-reported website
Ray Burgess P.L.L.C>,,,,Conroe,TX,Montgomery,936-441-4673,,Criminal Defense,PO Box 3188,77305,Houston,5,1,2026-09-13,State Bar of Texas Member Directory
"Rice, Rice, and Rice, P.C.",http://www.riceattorneys.com/,,,Conroe,TX,Montgomery,936-539-9600,email@riceattorneys.com,Estate Planning,3003 W Davis St,77304,Houston,2,2,2026-09-13,State Bar of Texas Member Directory; State Bar self-reported website
Richard S. Browne,,,,Conroe,TX,Montgomery,936-756-1813,,Civil Litigation,307 N San Jacinto St,77301,Houston,3,1,2026-09-13,State Bar of Texas Member Directory
"Robbie Barker, Attorney at Law",,,,Conroe,TX,Montgomery,936-900-9580,,Criminal Defense,208 W. Davis,77301,Houston,5,1,2026-09-13,State Bar of Texas Member Directory
Robert C. Mitchell,,,,Conroe,TX,Montgomery,713-301-6566,,Personal Injury,1900 Hill Manor Dr,77304,Houston,5,1,2026-09-13,State Bar of Texas Member Directory
Robert L. Page,,,,Conroe,TX,Montgomery,936-760-5716,,Real Estate,2040 N Loop 336 W Ste 212,77304,Houston,2,1,2026-09-13,State Bar of Texas Member Directory
Robert Shubael Bartlett,,,,Conroe,TX,Montgomery,936-756-7144,,Criminal Defense,1103 N 1st St,77301,Houston,5,1,2026-09-13,State Bar of Texas Member Directory
Robert T. Bartlett,,,,Conroe,TX,Montgomery,936-206-7161,,Personal Injury,333 Simonton St,77301,Houston,5,1,2026-09-13,State Bar of Texas Member Directory; State Bar self-reported website
Roger A. Haseman,,,,Conroe,TX,Montgomery,,,Criminal Defense,6141 Canyon Ridge Lane,77304,Houston,5,1,2026-09-13,State Bar of Texas Member Directory
Ron Overman atty at Law,,,,Conroe,TX,Montgomery,936-441-5115,,General,101 W Phillips St Ste E,77301,Houston,4,1,2026-09-13,State Bar of Texas Member Directory
"Rosenquist Law Firm, PLLC",,,,Conroe,TX,Montgomery,936-228-4121,,Criminal Defense,220 1/2 W Davis St,77301,Houston,5,1,2026-09-13,State Bar of Texas Member Directory
Ryan Scott Fuller,,,,Conroe,TX,Montgomery,281-323-5853,,Criminal Defense,122 W Davis,77301,Houston,5,1,2026-09-13,State Bar of Texas Member Directory
San Jacinto River Authority,,,,Conroe,TX,Montgomery,936-588-3111,,General,1577 Dam Site Rd,77304,Houston,4,1,2026-09-13,State Bar of Texas Member Directory
Sara Michelle Corradi,,,,Conroe,TX,Montgomery,,,Criminal Defense,207 W Phillips St Fl 2,77301,Houston,5,1,2026-09-13,State Bar of Texas Member Directory
Scott Law Firm,,,,Conroe,TX,Montgomery,936-270-8100,,Personal Injury,333 Simonton St,77301,Houston,5,1,2026-09-13,State Bar of Texas Member Directory; State Bar self-reported website; Justia
Seth Bud Larsen,,,,Conroe,TX,Montgomery,,,General,16444 Stonecrest Dr,77302,Houston,4,1,2026-09-13,State Bar of Texas Member Directory
Shanna Renee Redwine,,,,Conroe,TX,Montgomery,936-538-3681,,General,207 W Phillips St 2nd Fl,77301,Houston,4,1,2026-09-13,State Bar of Texas Member Directory
Sheila I. Limon,,,,Conroe,TX,Montgomery,,,General,1100 S Loop 336 W Ste 3,77304,Houston,4,1,2026-09-13,State Bar of Texas Member Directory
Sheila M. Kies,,,,Conroe,TX,Montgomery,936-827-7437,,Criminal Defense,200 River Pointe Dr Ste 312,77304,Houston,5,1,2026-09-13,State Bar of Texas Member Directory
Solomon Joseph Gonzalez,,,,Conroe,TX,Montgomery,,,Criminal Defense,207 W Phillips St 2nd Fl,77301,Houston,5,1,2026-09-13,State Bar of Texas Member Directory
Sophie Alexandra Zwernemann,,,,Conroe,TX,Montgomery,936-760-0303,,General,322 Metcalf St,77301,Houston,4,1,2026-09-13,State Bar of Texas Member Directory
Steele Page & Madeley,,,,Conroe,TX,Montgomery,936-756-1114,,Criminal Defense,2040 N Loop 336 W Ste 201,77304,Houston,5,1,2026-09-13,State Bar of Texas Member Directory
Steinmann Law Firm,https://steinmannlaw.com/,,,Conroe,TX,Montgomery,936-441-8675,,Criminal Defense,103 W Phillips St,77301,Houston,5,1,2026-09-13,State Bar of Texas Member Directory; State Bar self-reported website
"Stephen D. Jackson, PLLC",https://stevejacksonlaw.com/,,,Conroe,TX,Montgomery,936-756-5744,office@stevejacksonlaw.com,Criminal Defense,215 Simonton,77301,Houston,5,2,2026-09-13,State Bar of Texas Member Directory; State Bar self-reported website
Stephen Edward Dennis,https://stevedennislawyer.com/,,,Conroe,TX,Montgomery,936-539-1234,stevedennislaw@yahoo.com,Criminal Defense,223 Simonton St,77301,Houston,5,1,2026-09-13,State Bar of Texas Member Directory; State Bar self-reported website
Stryker Legal Services PLLC,https://stryker.law/,,,Conroe,TX,Montgomery,862-222-2987,,Civil Litigation,11093 S Hidden Oaks,77384,Houston,3,1,2026-09-13,State Bar of Texas Member Directory; State Bar self-reported website
"Summit Natural Resources, LLC",,,,Conroe,TX,Montgomery,270-577-1398,,General,919 River Crossing Dr,77384,Houston,4,1,2026-09-13,State Bar of Texas Member Directory
The Banes Law Firm,https://www.baneslawfirm.com/,,,Conroe,TX,Montgomery,832-410-9572,stevenbanes@baneslawfirm.com,General,32 Camelback Ct,77304,Houston,4,1,2026-09-13,State Bar of Texas Member Directory; State Bar self-reported website
The Bays Firm,http://www.baysfirm.com/,,,Conroe,TX,Montgomery,936-760-7670,,Employment Law,1503 Hailey St,77301,Houston,3,5,2026-09-13,State Bar of Texas Member Directory; State Bar self-reported website; manual verified search
"The Bihm Firm, PLLC",https://www.bihmfirm.com/,,,Conroe,TX,Montgomery,936-788-6100,,Criminal Defense,208 W Davis St,77301,Houston,5,2,2026-09-13,State Bar of Texas Member Directory; State Bar self-reported website
"The Burns Phillips Law Firm, PLLC",https://bplestateplan.com/,,,Conroe,TX,Montgomery,936-701-1012,csd@burnsphillipslaw.com,Criminal Defense,100 I 45 N Ste 400,77301,Houston,5,1,2026-09-13,State Bar of Texas Member Directory; State Bar self-reported website
"The Cynthia Huerta Law Firm, PLLC",https://cynthiahuertalaw.com/,,,Conroe,TX,Montgomery,936-221-5211,parker@cynthiahuertalaw.com,Personal Injury,932 W Dallas St Ste C,77301,Houston,5,1,2026-09-13,State Bar of Texas Member Directory; State Bar self-reported website
The Fowler Law Firm,,,,Conroe,TX,Montgomery,936-539-3372,,Estate Planning,505 W Davis St,77301,Houston,2,1,2026-09-13,State Bar of Texas Member Directory
"The Grady Law Firm, P.C.",https://www.grady-law.com/,,,Conroe,TX,Montgomery,713-228-2200,keith@grady-law.com,Personal Injury,156 Silverwood Ranch Dr,77384,Houston,5,1,2026-09-13,State Bar of Texas Member Directory; State Bar self-reported website
"The Hird Law Firm, PC",http://www.hirdchulawji.com/,,,Conroe,TX,Montgomery,281-364-1504,,Real Estate,2518 Sand Shore Dr Ste 100,77304,Houston,2,1,2026-09-13,State Bar of Texas Member Directory; State Bar self-reported website
"The Joyal Law Firm, PLLC",https://joyallaw.com/,,,Conroe,TX,Montgomery,936-756-0400,ej@joyallaw.com,Estate Planning,900 W Davis St Ste 100,77301,Houston,2,2,2026-09-13,State Bar of Texas Member Directory; State Bar self-reported website; Justia
"The Law Firm of E. Tay Bond, P.C.",https://www.etaybond.com/,,,Conroe,TX,Montgomery,936-539-1007,,Criminal Defense,200 W Davis St,77301,Houston,5,2,2026-09-13,State Bar of Texas Member Directory; State Bar self-reported website
The Law Office Of Denise Norman,,,,Conroe,TX,Montgomery,936-441-2230,,Personal Injury,220 W Davis St,77301,Houston,5,1,2026-09-13,State Bar of Texas Member Directory; State Bar self-reported website
"The Law Office of Meredith K. Jackson, PLLC",https://meredithjacksonlaw.com/,,,Conroe,TX,Montgomery,936-494-2657,meredith@meredithjacksonlaw.com,General,113 Simonton St,77301,Houston,4,1,2026-09-13,State Bar of Texas Member Directory; State Bar self-reported website
The Law Office of Mike Aduddell,,,,Conroe,TX,Montgomery,936-539-4113,,Criminal Defense,223 Simonton St Ste 4,77301,Houston,5,1,2026-09-13,State Bar of Texas Member Directory; State Bar self-reported website
"The Menotti Law Firm, P.C.",,,,Conroe,TX,Montgomery,713-518-7169,,Estate Planning,414 W Phillips St Ste 105,77301,Houston,2,1,2026-09-13,State Bar of Texas Member Directory
"The Meyers Firm, PLLC",,,,Conroe,TX,Montgomery,936-766-5171,,General,122 W. Davis St.,77301,Houston,4,1,2026-09-13,State Bar of Texas Member Directory
"The Napier Law Firm, PLLC",https://www.thenapierlawfirm.com/,,,Conroe,TX,Montgomery,713-470-4097,,Criminal Defense,204 W Davis St,77301,Houston,5,1,2026-09-13,State Bar of Texas Member Directory; State Bar self-reported website
The Owen Law Firm,https://lawfirmconroe.com/,,,Conroe,TX,Montgomery,936-539-5800,,Criminal Defense,PO Box 2494,77305,Houston,5,2,2026-09-13,State Bar of Texas Member Directory; State Bar self-reported website
The Seiler Law Firm,https://theseilerlawfirm.com/,,,Conroe,TX,Montgomery,281-419-7770,aaguilar@theseilerlawfirm.com,Criminal Defense,220 N Thompson St Ste 202,77301,Houston,5,1,2026-09-13,State Bar of Texas Member Directory; State Bar self-reported website
The Trimble Firm PLLC,https://www.trimblefirm.com/,,,Conroe,TX,Montgomery,936-539-3457,,Personal Injury,209 Simonton St,77301,Houston,5,1,2026-09-13,State Bar of Texas Member Directory; State Bar self-reported website
"The Webb Firm, P.C.",https://www.thewebbfirm.com/,,,Conroe,TX,Montgomery,936-647-3352,,Criminal Defense,207 Simonton St,77301,Houston,5,1,2026-09-13,State Bar of Texas Member Directory; State Bar self-reported website
"Thomson Law Firm, PLLC",,,,Conroe,TX,Montgomery,346-672-8644,,Estate Planning,2200 N Fm 3083 Rd W Ste 109C,77304,Houston,2,1,2026-09-13,State Bar of Texas Member Directory
Tony Bartlett Peterson,,,,Conroe,TX,Montgomery,936-217-9004,,Criminal Defense,"200 River pointe dr, Suite 312",77304,Houston,5,1,2026-09-13,State Bar of Texas Member Directory
Tucker Graves,,,,Conroe,TX,Montgomery,281-536-4288,,Criminal Defense,2751 S Loop 336 W Ste B,77304,Houston,5,1,2026-09-13,State Bar of Texas Member Directory
"Tucker Law Firm, PLLC",,,,Conroe,TX,Montgomery,936-441-5292,,General,220 1/2 W Davis St,77301,Houston,4,1,2026-09-13,State Bar of Texas Member Directory; State Bar self-reported website
Ugochukwu I. Olike,,,,Conroe,TX,Montgomery,,,Personal Injury,200 River Pointe Dr,77304,Houston,5,1,2026-09-13,State Bar of Texas Member Directory
"Valdez Law Firm, PLLC",,,,Conroe,TX,Montgomery,936-441-7171,,Criminal Defense,412 W Phillips St Ste 119,77301,Houston,5,1,2026-09-13,State Bar of Texas Member Directory
Vanessa Jane Maddoux,https://www.maddouxlaw.com/,,,Conroe,TX,Montgomery,936-441-2999,maddouxlaw@gmail.com,Criminal Defense,116 W. Lewis Street,77301,Houston,5,1,2026-09-13,State Bar of Texas Member Directory; State Bar self-reported website
W.B. Gates,,,,Conroe,TX,Montgomery,713-702-4250,,General,27121 Kane Lane,77385,Houston,4,1,2026-09-13,State Bar of Texas Member Directory
"Yollick Law Firm, P.C.",,,,Conroe,TX,Montgomery,281-363-3591,,Civil Litigation,104 W Davis St,77301,Houston,3,1,2026-09-13,State Bar of Texas Member Directory
"Zimmermann& Zimmermann, PLLC",https://www.texasdefenselawyers.com/,,,Conroe,TX,Montgomery,713-552-0300,,Criminal Defense,PO Box 3699,77305,Houston,5,2,2026-09-13,State Bar of Texas Member Directory; State Bar self-reported website; Justia; manual verified search
"Zoeller, & Pless, PLLC",,,,Conroe,TX,Montgomery,832-334-6680,,Civil Litigation,8960 Fallsbrook Ct,77302,Houston,3,1,2026-09-13,State Bar of Texas Member Directory; State Bar self-reported website
Suarez Law Office PC,,,,Cut And Shoot,TX,Montgomery,832-859-8977,,Civil Litigation,PO Box 7175,77306,Houston,3,1,2026-09-13,State Bar of Texas Member Directory
Miriam Helene Palm Devlin,,,,Dobbin,TX,Montgomery,,,General,P.O. Box 167,77333,Houston,4,1,2026-09-13,State Bar of Texas Member Directory
Andi Lane Artze,,,,Magnolia,TX,Montgomery,832-264-0221,,Real Estate,19326 Indigo Lake Dr.,77355,Houston,2,1,2026-09-13,State Bar of Texas Member Directory
Andreas Law Firm,,,,Magnolia,TX,Montgomery,936-280-3476,,General,18640 Fm 1488 Rd A-148,77354,Houston,4,1,2026-09-13,State Bar of Texas Member Directory
"Basham & Scott, LLC",https://bashamscott.com/,,,Magnolia,TX,Montgomery,207-208-8807,,General,6315 FM 1488 Rd Ste B179,77354,Houston,4,1,2026-09-13,State Bar of Texas Member Directory; State Bar self-reported website
"Ben H. Welmaker, Jr., Attorney at law",,,,Magnolia,TX,Montgomery,832-566-0600,,General,28312 Timber Vlg,77355,Houston,4,1,2026-09-13,State Bar of Texas Member Directory
"Bradie, Bradie & Bradie PLLC",https://bradie-law.com/,,,Magnolia,TX,Montgomery,281-440-6416,bradiex3@bradie-law.com,Estate Planning,6606 Fm 1488 Rd Ste 148 PMB 363,77354,Houston,2,1,2026-09-13,State Bar of Texas Member Directory; State Bar self-reported website
Chandler W. Farquhar,,,,Magnolia,TX,Montgomery,,,General,8222 Waterbreeze Dr,77354,Houston,4,1,2026-09-13,State Bar of Texas Member Directory
David Randall Christian,,,,Magnolia,TX,Montgomery,832-797-2526,,General,32810 Edgewater Dr,77354,Houston,4,1,2026-09-13,State Bar of Texas Member Directory
Deborah Quintero,,,,Magnolia,TX,Montgomery,281-897-9600,,General,37322 DIAMOND OAKS DR,77355,Houston,4,1,2026-09-13,State Bar of Texas Member Directory
Frank M. Crull,,,,Magnolia,TX,Montgomery,,,General,PO Box 1056,77353,Houston,4,1,2026-09-13,State Bar of Texas Member Directory
"Fuentez Law, P.L.L.C.",https://fuentezlaw.com/,,,Magnolia,TX,Montgomery,713-397-2278,sandra@fuentezlaw.com,Estate Planning,"Fuentez Law, P.L.L.C. 33018 Tamina Rd.",77354,Houston,2,1,2026-09-13,State Bar of Texas Member Directory; State Bar self-reported website
Griffin & Griffin,https://www.griffinandgriffin.us/,,,Magnolia,TX,Montgomery,713-228-6568,marilyn@griffinandgriffin.us,Personal Injury,18230 Fm 1488 Rd Ste 330,77354,Houston,5,2,2026-09-13,State Bar of Texas Member Directory; State Bar self-reported website
Henry Allen Schwaeble,,,,Magnolia,TX,Montgomery,713-898-3226,,Real Estate,815 Goodson Rd #1207,77353,Houston,2,1,2026-09-13,State Bar of Texas Member Directory
ILS Consulting,,,,Magnolia,TX,Montgomery,713-705-0800,,General,32143 Spinnaker Run,77354,Houston,4,1,2026-09-13,State Bar of Texas Member Directory
"Jahnz & Associates, PLLC",https://www.jglawtx.com/,,,Magnolia,TX,Montgomery,832-702-9669,admin@jglawtx.com,Estate Planning,32939 Tamina Rd Ste 103,77354,Houston,2,1,2026-09-13,State Bar of Texas Member Directory; State Bar self-reported website
Janice Katherine Baldwin,,,,Magnolia,TX,Montgomery,281-356-9853,,Criminal Defense,PO Box 820,77353,Houston,5,1,2026-09-13,State Bar of Texas Member Directory
Jennifer L. Price,,,,Magnolia,TX,Montgomery,,,Civil Litigation,283 Magnolia Reserve Loop,77354,Houston,3,1,2026-09-13,State Bar of Texas Member Directory
Jill Klamm Anderson,,,,Magnolia,TX,Montgomery,214-289-0288,,Employment Law,32603 Ryder Cup Lane,77354,Houston,3,1,2026-09-13,State Bar of Texas Member Directory
"John D. Walker, Attorney",,,,Magnolia,TX,Montgomery,281-252-0222,,Civil Litigation,39602 Cimarron Way,77354,Houston,3,1,2026-09-13,State Bar of Texas Member Directory
Joseph Francis Duncan,,,,Magnolia,TX,Montgomery,832-689-9540,,Estate Planning,33031 tamina,77354,Houston,2,1,2026-09-13,State Bar of Texas Member Directory
Kimberle Jones,,,,Magnolia,TX,Montgomery,346-376-1420,,General,28733 Pleasant Frst,77355,Houston,4,1,2026-09-13,State Bar of Texas Member Directory
Landra M Raymond,,,,Magnolia,TX,Montgomery,281-789-7229,,Real Estate,32935 Tamina Rd Ste 103,77354,Houston,2,1,2026-09-13,State Bar of Texas Member Directory
Law Office of Brian Klawinski,,,,Magnolia,TX,Montgomery,832-476-0289,,General,10811 Clubhouse Cir,77354,Houston,4,1,2026-09-13,State Bar of Texas Member Directory
Law Office of John E. McStravick,,,,Magnolia,TX,Montgomery,281-733-8779,,Estate Planning,14107 Decker Dr,77355,Houston,2,1,2026-09-13,State Bar of Texas Member Directory
Law Office of Steven R. Edmondson,,,,Magnolia,TX,Montgomery,,,Personal Injury,32906 Sunrise Drive,77354,Houston,5,1,2026-09-13,State Bar of Texas Member Directory
Law Offices of Kenneth H. Pearce,,,,Magnolia,TX,Montgomery,713-303-8351,,Civil Litigation,7834 Charter Hill Dr.,77354,Houston,3,1,2026-09-13,State Bar of Texas Member Directory
Lockhart IP,https://usip.law/,,,Magnolia,TX,Montgomery,713-487-6624,,General,506 Honea Egypt Rd Ste 504,77354,Houston,4,1,2026-09-13,State Bar of Texas Member Directory; State Bar self-reported website
"Lucinda Lomas, Attorney at Law",,,,Magnolia,TX,Montgomery,580-514-9514,,General,803 Douglas Fir Dr,77354,Houston,4,1,2026-09-13,State Bar of Texas Member Directory
Maria P. Moreno,,,,Magnolia,TX,Montgomery,,,General,30411 Scotty St,77355,Houston,4,1,2026-09-13,State Bar of Texas Member Directory
Martha Jane Clements,,,,Magnolia,TX,Montgomery,832-725-7677,,Criminal Defense,"815 Goodson Road, #324",77353,Houston,5,1,2026-09-13,State Bar of Texas Member Directory
Mary Jo Brundrett,,,,Magnolia,TX,Montgomery,832-423-3737,,Employment Law,14610 Wildwood Circle,77354,Houston,3,1,2026-09-13,State Bar of Texas Member Directory
Pamela Ann Walters,,,,Magnolia,TX,Montgomery,281-639-8915,,General,31202 Vickie Lane,77354,Houston,4,1,2026-09-13,State Bar of Texas Member Directory
Patton Law Firm,,,,Magnolia,TX,Montgomery,724-312-2144,,Personal Injury,10935 Clubhouse Drive,77354,Houston,5,1,2026-09-13,State Bar of Texas Member Directory
"Pierce-Nichols Law Firm, LLC",https://piercenicholslaw.com/,,,Magnolia,TX,Montgomery,936-385-8629,lawyerpiercenichols@gmail.com,General,6606 Fm 1488 Rd Ste 148 PMB 633,77354,Houston,4,1,2026-09-13,State Bar of Texas Member Directory; State Bar self-reported website
Robert Frank McWhorter,,,,Magnolia,TX,Montgomery,,,General,41110 N Mill Dr,77354,Houston,4,1,2026-09-13,State Bar of Texas Member Directory
Steven L. Crews,,,,Magnolia,TX,Montgomery,281-356-5172,,Estate Planning,33300 Egypt Ln Ste F200,77354,Houston,2,1,2026-09-13,State Bar of Texas Member Directory
T. Wayne Harris,,,,Magnolia,TX,Montgomery,713-248-0925,,General,6606 Fm 1488 Rd Ste 148 PMB 329,77354,Houston,4,1,2026-09-13,State Bar of Texas Member Directory
Teff Law PLLC,https://tefflaw.com/,,,Magnolia,TX,Montgomery,970-412-2458,,Estate Planning,25082 Fm 1488 Rd,77355,Houston,2,1,2026-09-13,State Bar of Texas Member Directory; State Bar self-reported website
"The Ghezzi Law Firm, PLLC",https://ghezzilawfirm.com/,,,Magnolia,TX,Montgomery,281-259-4993,john@ghezzilawfirm.com,Criminal Defense,32731 Egypt Ln Ste 704,77354,Houston,5,1,2026-09-13,State Bar of Texas Member Directory; State Bar self-reported website
"The Law Firm of Blanche D. Smith, P.C.",https://bdsmith-law.com/,,,Magnolia,TX,Montgomery,936-301-0111,assistant@bdsmith-law.com,Estate Planning,506 Honea Egypt Rd Ste 204,77354,Houston,2,1,2026-09-13,State Bar of Texas Member Directory; State Bar self-reported website
"The Law Office of Misty L. Pless, PLLC",https://www.mistyplesslaw.com/,,,Magnolia,TX,Montgomery,832-302-5831,,Employment Law,506 Honea Egypt Rd. Suite #912,77354,Houston,3,1,2026-09-13,State Bar of Texas Member Directory
The Magnolia Law Group,https://magnolialaw.com/,,,Magnolia,TX,Montgomery,404-850-6909,jason@jasoncyrdesign.com,General,506 Honea Egypt Rd. Suite 908,77354,Houston,4,2,2026-09-13,State Bar of Texas Member Directory
Thomas E. Dziedzic,,,,Magnolia,TX,Montgomery,,,General,23803 Napa View Valley Dr,77355,Houston,4,1,2026-09-13,State Bar of Texas Member Directory
Usd Llc,,,,Magnolia,TX,Montgomery,832-428-7406,,General,15502 Wildwood Trce,77354,Houston,4,1,2026-09-13,State Bar of Texas Member Directory
William C. Wagner,,,,Magnolia,TX,Montgomery,832-521-3280,,Personal Injury,18230 Fm 1488 Rd Ste 312,77354,Houston,5,1,2026-09-13,State Bar of Texas Member Directory
Alsup & Palmer,,,,Montgomery,TX,Montgomery,936-449-4074,,General,360 West Shore Lane,77356,Houston,4,1,2026-09-13,State Bar of Texas Member Directory
Amanda Eileen Staine Peterson,,,,Montgomery,TX,Montgomery,,,General,PO Box 426,77356,Houston,4,1,2026-09-13,State Bar of Texas Member Directory
"Art Aguilar Law Firm, PC",https://www.aguilar-trial-law.com/,,,Montgomery,TX,Montgomery,936-427-6262,,Personal Injury,18001 Highway 105 W Ste 102,77356,Houston,5,1,2026-09-13,State Bar of Texas Member Directory; State Bar self-reported website
Brian David Keith,,,,Montgomery,TX,Montgomery,713-417-6622,,General,122 Stonecrop Place,77316,Houston,4,1,2026-09-13,State Bar of Texas Member Directory
Bruce Wayne Hamby,,,,Montgomery,TX,Montgomery,713-927-9838,,General,123 Trophy Canyon Dr,77316,Houston,4,1,2026-09-13,State Bar of Texas Member Directory
Carlos A. Torres,,,,Montgomery,TX,Montgomery,,,General,18713 E. Cool Breeze Lane,77356,Houston,4,1,2026-09-13,State Bar of Texas Member Directory
Charger Law PLLC,,,,Montgomery,TX,Montgomery,832-414-1843,,General,380 Ridgelake Scenic Dr,77316,Houston,4,1,2026-09-13,State Bar of Texas Member Directory
"David Bluestein, Atty at Law",,,,Montgomery,TX,Montgomery,936-443-7337,,Criminal Defense,3 EDGEWOOD DRIVE,77356,Houston,5,1,2026-09-13,State Bar of Texas Member Directory
"David R. Jarrett, PLLC",,,,Montgomery,TX,Montgomery,713-870-7615,,General,218 Promontory Ct,77316,Houston,4,1,2026-09-13,State Bar of Texas Member Directory
"Don Bradshaw, Lawyer",,,,Montgomery,TX,Montgomery,936-524-9343,,General,505 Edgewood Dr.,77356,Houston,4,1,2026-09-13,State Bar of Texas Member Directory
Donna C. Kline Attorney at Law,,,,Montgomery,TX,Montgomery,936-666-1282,,Personal Injury,16145 Bethel Rd,77356,Houston,5,1,2026-09-13,State Bar of Texas Member Directory
Douglas E. Dutcher,,,,Montgomery,TX,Montgomery,832-948-5739,,General,6904 Lone Star Ct,77316,Houston,4,1,2026-09-13,State Bar of Texas Member Directory
Duke Law,,,,Montgomery,TX,Montgomery,830-383-0575,,Criminal Defense,11710 Walden Road,77356,Houston,5,1,2026-09-13,State Bar of Texas Member Directory
Elizabeth L. Mieras McKernan,,,,Montgomery,TX,Montgomery,936-443-8969,,Real Estate,PO Box 961,77356,Houston,2,1,2026-09-13,State Bar of Texas Member Directory
"Frank N. Cusimano,",,,,Montgomery,TX,Montgomery,281-615-4902,,General,3015 WILLOWBEND RD,77356,Houston,4,1,2026-09-13,State Bar of Texas Member Directory
Hollie Vesla Greene P.C.,,,,Montgomery,TX,Montgomery,713-857-4872,,Personal Injury,1204 Snug Harbor Blvd,77356,Houston,5,1,2026-09-13,State Bar of Texas Member Directory
"JL IP Law, PC",,,,Montgomery,TX,Montgomery,612-236-0132,,General,7506 Lorna Road,77316,Houston,4,1,2026-09-13,State Bar of Texas Member Directory
JVP Law PLLC,https://jvplawoffice.com/,,,Montgomery,TX,Montgomery,469-550-9374,,Employment Law,23425 Cannondale Loop,77316,Houston,3,1,2026-09-13,State Bar of Texas Member Directory; State Bar self-reported website
James D. Decker - Attorney at Law,,,,Montgomery,TX,Montgomery,,,General,68 Waterberry Ct,77356,Houston,4,1,2026-09-13,State Bar of Texas Member Directory
James Michael Hughes,,,,Montgomery,TX,Montgomery,346-224-5100,,General,2300 Woodforest Pkwy N Ste 250 PMB 195,77316,Houston,4,1,2026-09-13,State Bar of Texas Member Directory
James S Horshok PC,,,,Montgomery,TX,Montgomery,832-326-0311,,Real Estate,212 April Waters Dr N,77356,Houston,2,1,2026-09-13,State Bar of Texas Member Directory
John William Follis,,,,Montgomery,TX,Montgomery,832-434-4170,,General,116 April Wind Dr N,77356,Houston,4,1,2026-09-13,State Bar of Texas Member Directory
Katey Belle McMurrough Wiley,,,,Montgomery,TX,Montgomery,,,General,28026 Old Highway 105 West,77316,Houston,4,1,2026-09-13,State Bar of Texas Member Directory
Keith Charles Cartwright,,,,Montgomery,TX,Montgomery,936-703-5186,,Estate Planning,14729 Highway 105 W Ste 120,77356,Houston,2,1,2026-09-13,State Bar of Texas Member Directory
Law Office of Allen Brown,,,,Montgomery,TX,Montgomery,281-705-1396,,Personal Injury,PO Box 445,77356,Houston,5,1,2026-09-13,State Bar of Texas Member Directory
Law Office of James W. Seitz,,,,Montgomery,TX,Montgomery,,,Personal Injury,13035 Royal Oak Court,77316,Houston,5,1,2026-09-13,State Bar of Texas Member Directory
"Law Office of Marc Meyer, PLLC",https://marcmeyerlawfirm.com/,,,Montgomery,TX,Montgomery,281-259-7575,,Criminal Defense,2300 Woodforest Pkwy N Ste 600,77316,Houston,5,1,2026-09-13,State Bar of Texas Member Directory; State Bar self-reported website
Law Offices of Ingram Lee III,,,,Montgomery,TX,Montgomery,713-805-0206,,General,23502 Cannondale Loop,77316,Houston,4,1,2026-09-13,State Bar of Texas Member Directory
"Law Offices of Wallace W. Hammons, PC",,,,Montgomery,TX,Montgomery,310-606-5400,,Personal Injury,16915 Walden Road Suite 301,77356,Houston,5,1,2026-09-13,State Bar of Texas Member Directory
Madison Law,,,,Montgomery,TX,Montgomery,254-883-0370,,Criminal Defense,20 Waters Edge St,77356,Houston,5,1,2026-09-13,State Bar of Texas Member Directory
"Mark Douglas Herbert, Esq.",,,,Montgomery,TX,Montgomery,720-840-7235,,Personal Injury,202 Edgewood Dr,77356,Houston,5,1,2026-09-13,State Bar of Texas Member Directory
Mary Elizabeth Garcia,,,,Montgomery,TX,Montgomery,,,General,207 West Phillips,77301,Houston,4,1,2026-09-13,State Bar of Texas Member Directory
Melanie Boone Elliott,,,,Montgomery,TX,Montgomery,,,General,58 La Jolla Cir,77356,Houston,4,1,2026-09-13,State Bar of Texas Member Directory
Michael O. Sutton,,,,Montgomery,TX,Montgomery,713-562-6391,,Civil Litigation,3 La Costa Dr,77356,Houston,3,1,2026-09-13,State Bar of Texas Member Directory
Mryon Papadakis,,,,Montgomery,TX,Montgomery,512-431-9315,,Personal Injury,8 Hillwood Ln,77356,Houston,5,1,2026-09-13,State Bar of Texas Member Directory; State Bar self-reported website
Nancy Susan Brown Mikeska,,,,Montgomery,TX,Montgomery,936-827-3433,,Estate Planning,11 Villas Ways Dr.,77356,Houston,2,1,2026-09-13,State Bar of Texas Member Directory
Offices of Susan L. Coleman,,,,Montgomery,TX,Montgomery,864-357-0403,,Criminal Defense,206 Moonwalk Street,77356,Houston,5,1,2026-09-13,State Bar of Texas Member Directory
Robert A. Luettgen,,,,Montgomery,TX,Montgomery,,,General,161 Monterrey Rd E,77356,Houston,4,1,2026-09-13,State Bar of Texas Member Directory
Robert A. Markowitz,,,,Montgomery,TX,Montgomery,936-582-1945,,Estate Planning,18735 W. Cool Breeze Lane,77356,Houston,2,1,2026-09-13,State Bar of Texas Member Directory
Robert Anthony Armbruster,,,,Montgomery,TX,Montgomery,281-444-6964,,Estate Planning,PO Box 464,77356,Houston,2,1,2026-09-13,State Bar of Texas Member Directory
"Ronald L Bair, Attorney at Law",,,,Montgomery,TX,Montgomery,713-824-2240,,Personal Injury,13956 Teel Rd,77356,Houston,5,1,2026-09-13,State Bar of Texas Member Directory
Sahid Shane Shamsie,,,,Montgomery,TX,Montgomery,,,General,103 Berwick Ln,77316,Houston,4,1,2026-09-13,State Bar of Texas Member Directory
"Self Law Group, PLLC",,,,Montgomery,TX,Montgomery,713-724-7576,,Personal Injury,14018 Fountainview,77356,Houston,5,1,2026-09-13,State Bar of Texas Member Directory
Simmons Bank,,,,Montgomery,TX,Montgomery,,,General,165 Lonestar Parkway,77356,Houston,4,1,2026-09-13,State Bar of Texas Member Directory
Stephen P. Koch,,,,Montgomery,TX,Montgomery,832-794-6602,,General,235 Sunnyvale E,77356,Houston,4,1,2026-09-13,State Bar of Texas Member Directory
Stephen W. McClain,,,,Montgomery,TX,Montgomery,936-588-9912,,General,119 Winthrop Hbr N,77356,Houston,4,1,2026-09-13,State Bar of Texas Member Directory
Steven D. Mellin,,,,Montgomery,TX,Montgomery,,,General,98 Fairway Park,77356,Houston,4,1,2026-09-13,State Bar of Texas Member Directory
Suzanne Stanley Brooks,,,,Montgomery,TX,Montgomery,,,General,20821D Eva St PMB 11,77356,Houston,4,1,2026-09-13,State Bar of Texas Member Directory
Texan Title,,,,Montgomery,TX,Montgomery,936-588-0676,,Real Estate,18961 Bois dArc Bend Road,77356,Houston,2,1,2026-09-13,State Bar of Texas Member Directory
"The Forsberg Law Firm, P.C.",https://txmediator.net/,,,Montgomery,TX,Montgomery,936-588-6226,,Personal Injury,15899 Highway 105 W,77356,Houston,5,1,2026-09-13,State Bar of Texas Member Directory; State Bar self-reported website
The Kercheval Law Firm,,,,Montgomery,TX,Montgomery,,,Criminal Defense,107 Silverwolf Cove Pl,77316,Houston,5,1,2026-09-13,State Bar of Texas Member Directory
The Krebs Law Firm PC,,,,Montgomery,TX,Montgomery,713-907-9476,,General,90 Waterford Way,77356,Houston,4,1,2026-09-13,State Bar of Texas Member Directory
The Turner Law FIrm,,,,Montgomery,TX,Montgomery,936-756-0461,,Criminal Defense,51 Promenade St N,77356,Houston,5,1,2026-09-13,State Bar of Texas Member Directory; State Bar self-reported website
Thomas E. Lawrence,,,,Montgomery,TX,Montgomery,,,General,840 Eagle Pointe,77316,Houston,4,1,2026-09-13,State Bar of Texas Member Directory
Vicky Lynn Martinez,,,,Montgomery,TX,Montgomery,713-371-6444,,Estate Planning,17573 Pleasant Drive,77316,Houston,2,1,2026-09-13,State Bar of Texas Member Directory
William Adair Wollard,,,,Montgomery,TX,Montgomery,214-334-9458,,Estate Planning,11316 Winding Trail Court,77316,Houston,2,1,2026-09-13,State Bar of Texas Member Directory; State Bar self-reported website
William Edward Bailey,,,,Montgomery,TX,Montgomery,281-499-6926,,General,107 E BUFFALO CLOVER CT,77316,Houston,4,1,2026-09-13,State Bar of Texas Member Directory
"Greater Texas Home Movers, LLC",,,,New Caney,TX,Montgomery,281-702-4317,,Criminal Defense,18035 Fm 1485 Rd,77357,Houston,5,1,2026-09-13,State Bar of Texas Member Directory
Kamax Team Limited LLC,,,,New Caney,TX,Montgomery,713-306-6487,,General,23929 Northcrest Trail Northcrest Trl,77357,Houston,4,1,2026-09-13,State Bar of Texas Member Directory
Salazar Law Office,,,,New Caney,TX,Montgomery,,,Criminal Defense,20811 US Highway 59 Unit 1371,77357,Houston,5,1,2026-09-13,State Bar of Texas Member Directory
Daniel T. Castillo,,,,Pinehurst,TX,Montgomery,346-339-4116,,General,12007 Helene Court,77362,Houston,4,1,2026-09-13,State Bar of Texas Member Directory
Gilbert Group,,,,Pinehurst,TX,Montgomery,281-259-8121,,Criminal Defense,35835 Fm 1774 Rd,77362,Houston,5,1,2026-09-13,State Bar of Texas Member Directory
"Boudreaux & Boudreaux, LLC",,,,Porter,TX,Montgomery,713-222-8861,,Criminal Defense,23736 Highway 59 Ste 138,77365,Houston,5,1,2026-09-13,State Bar of Texas Member Directory; State Bar self-reported website
Claude M. McQuarrie,,,,Porter,TX,Montgomery,,,General,20887 Sweetglen Dr,77365,Houston,4,1,2026-09-13,State Bar of Texas Member Directory
Frank Phillip McCrady,,,,Porter,TX,Montgomery,,,General,21076 Ramrock Circle,77365,Houston,4,1,2026-09-13,State Bar of Texas Member Directory
JDL Law Firm,,,,Porter,TX,Montgomery,713-517-0049,,Personal Injury,20660 Kings Cliff Pl,77365,Houston,5,1,2026-09-13,State Bar of Texas Member Directory
Kathryn G. Remkes,,,,Porter,TX,Montgomery,,,General,6038 Oakland Bluff Ln,77365,Houston,4,1,2026-09-13,State Bar of Texas Member Directory
Law Office of C. Mark Porter,,,,Porter,TX,Montgomery,281-359-1788,,Criminal Defense,25404 Highway 59 Ste 101,77365,Houston,5,1,2026-09-13,State Bar of Texas Member Directory
Law office of Willis Everett Smith,https://williseverettsmith.com/,,,Porter,TX,Montgomery,281-359-6052,wesmith2@peoplepc.com,Criminal Defense,25408 Highway 59 Ste 104,77365,Houston,5,1,2026-09-13,State Bar of Texas Member Directory; State Bar self-reported website
Mathew Kevin McDonough,,,,Porter,TX,Montgomery,,,General,24055 Ford Rd,77365,Houston,4,1,2026-09-13,State Bar of Texas Member Directory
Melissa Corinne Watson,,,,Porter,TX,Montgomery,,,Employment Law,22753 Whispering Timbers Way,77365,Houston,3,1,2026-09-13,State Bar of Texas Member Directory
The Heasley Law Firm,,,,Porter,TX,Montgomery,281-354-1700,,General,PO Box 2222,77365,Houston,4,1,2026-09-13,State Bar of Texas Member Directory
The Law Office of Joseph Krippel,,,,Porter,TX,Montgomery,936-232-0073,,Criminal Defense,24420 Fm 1314 Rd Ste 9,77365,Houston,5,1,2026-09-13,State Bar of Texas Member Directory
Victoria Louise Boudreaux,https://boudreauxhoustonlaw.com/,,,Porter,TX,Montgomery,713-202-9115,victoriaboudreaux@yahoo.com,Criminal Defense,23736 Highway 59 Ste 138,77365,Houston,5,1,2026-09-13,State Bar of Texas Member Directory; State Bar self-reported website
Benjamin David Fite,,,,Shenandoah,TX,Montgomery,832-651-3140,,General,110 Bella Sole,77381,Houston,4,1,2026-09-13,State Bar of Texas Member Directory
Bush Mediation,https://www.bush-mediation.com/,,,Shenandoah,TX,Montgomery,281-384-4660,,General,"19221 I-45 S., Ste. 250",77385,Houston,4,1,2026-09-13,State Bar of Texas Member Directory; State Bar self-reported website
"Gateway Legal and Business Solutions, Inc.",,,,Shenandoah,TX,Montgomery,512-787-2987,,Estate Planning,63 N Crescendo Path Pl,77381,Houston,2,1,2026-09-13,State Bar of Texas Member Directory
"Stilwell, Earl & Apostolakis, LLP",https://www.woodlandstxlawfirm.com/,,,Shenandoah,TX,Montgomery,281-419-6200,steven@woodlandstxlawfirm.com,Civil Litigation,128 Vision Park Blvd Ste 140,77384,Houston,3,5,2026-09-13,State Bar of Texas Member Directory; State Bar self-reported website
Law Office of Stephen K. Leathrman,,,,Splendora,TX,Montgomery,281-435-7667,,Criminal Defense,PO Box 1836,77372,Houston,5,1,2026-09-13,State Bar of Texas Member Directory
"Vera Law, PLLC",,,,Splendora,TX,Montgomery,832-791-3560,,General,P.O. Box 119,77372,Houston,4,1,2026-09-13,State Bar of Texas Member Directory
Alfred Ronald McCullough,,,,Spring,TX,Montgomery,832-867-6381,,General,2260 Forest Chestnut Dr,77386,Houston,4,1,2026-09-13,State Bar of Texas Member Directory
Alicia Marie Kliner,,,,Spring,TX,Montgomery,,,General,22777 Springwoods Village Pkwy,77389,Houston,4,1,2026-09-13,State Bar of Texas Member Directory
Ally Hawkins,,,,Spring,TX,Montgomery,,,General,25000 Pitkin Rd,77386,Houston,4,1,2026-09-13,State Bar of Texas Member Directory
Amplo,,,,Spring,TX,Montgomery,,,General,67 Lenox Hill Dr,77382,Houston,4,1,2026-09-13,State Bar of Texas Member Directory
Andrew G. Fisher,,,,Spring,TX,Montgomery,703-855-9659,,General,28500 Rose Vervain Dr,77386,Houston,4,1,2026-09-13,State Bar of Texas Member Directory
"Angela Achen, Esq.",,,,Spring,TX,Montgomery,850-291-3768,,Criminal Defense,2211 Rayford Rd Ste 111 # 404,77386,Houston,5,1,2026-09-13,State Bar of Texas Member Directory
Ashley Marie Speice,https://www.speicelaw.com/,,,Spring,TX,Montgomery,832-224-5747,,Estate Planning,1310 Rayford Park Rd Ste 352,77386,Houston,2,1,2026-09-13,State Bar of Texas Member Directory; State Bar self-reported website
Attorney Donald Wyatt PC,http://wyattpllc.com/,,,Spring,TX,Montgomery,281-419-8733,,Estate Planning,PO Box 132467,77393,Houston,2,1,2026-09-13,State Bar of Texas Member Directory; State Bar self-reported website
Bolton Law Firmp,,,,Spring,TX,Montgomery,832-851-7588,,Personal Injury,2441 High Timbers Dr Ste 400,77380,Houston,5,1,2026-09-13,State Bar of Texas Member Directory
Bryan Robert Dempsey,,,,Spring,TX,Montgomery,832-527-5962,,General,15 Flintshire Place,77382,Houston,4,1,2026-09-13,State Bar of Texas Member Directory
CLIMB Works LLC,,,,Spring,TX,Montgomery,972-357-5227,,General,5030 Valley Wind Ct,77386,Houston,4,1,2026-09-13,State Bar of Texas Member Directory
Casey Brodbeck,,,,Spring,TX,Montgomery,281-241-9054,,Criminal Defense,8708 Technology Forest Pl Ste 175,77381,Houston,5,1,2026-09-13,State Bar of Texas Member Directory
Charity Joy Mireles,,,,Spring,TX,Montgomery,832-272-2246,,General,PO BOX 9541,77387,Houston,4,1,2026-09-13,State Bar of Texas Member Directory
"Cooper & Scully, PC",https://www.cooperscully.com/,,,Spring,TX,Montgomery,713-236-6815,,Personal Injury,26310 Oak Ridge Dr Ste 34,77380,Houston,5,1,2026-09-13,State Bar of Texas Member Directory; State Bar self-reported website
Cynthia C Wood atty at Law,,,,Spring,TX,Montgomery,713-805-7713,,Estate Planning,25806 Lake Lawn Dr,77380,Houston,2,1,2026-09-13,State Bar of Texas Member Directory
"DCOR, L.L.C.",,,,Spring,TX,Montgomery,,,General,27806 Whispering Maple Way,77386,Houston,4,1,2026-09-13,State Bar of Texas Member Directory; State Bar self-reported website
Daniel Christopher Cooper,,,,Spring,TX,Montgomery,,,Real Estate,22777 Springwoods Village Pkwy,77389,Houston,2,1,2026-09-13,State Bar of Texas Member Directory
Daniel Lawrence Meehan,,,,Spring,TX,Montgomery,,,Employment Law,2 Chatterbird Ln,77380,Houston,3,1,2026-09-13,State Bar of Texas Member Directory
David J. Willis Attorney,https://lonestarlandlaw.com/,,,Spring,TX,Montgomery,713-621-3100,lonestarlandlaw@aol.com,Real Estate,330 Rayford Rd,77386,Houston,2,1,2026-09-13,State Bar of Texas Member Directory; State Bar self-reported website
David Lee Stafford,,,,Spring,TX,Montgomery,832-624-3513,,General,22777 Springwoods Village Parkway N1.5A.351,77389,Houston,4,1,2026-09-13,State Bar of Texas Member Directory
David Scott Moncure,,,,Spring,TX,Montgomery,,,Civil Litigation,4007 Mrsny Ct,77386,Houston,3,1,2026-09-13,State Bar of Texas Member Directory
David Spradlin,https://spradlinlaw.com/,,,Spring,TX,Montgomery,713-228-2343,david@spradlinlaw.com,Criminal Defense,25406 Oakhurst Dr,77386,Houston,5,1,2026-09-13,State Bar of Texas Member Directory; State Bar self-reported website
David Woolley Jackson,,,,Spring,TX,Montgomery,281-757-4043,,Real Estate,3527 Durango Canyon Ln,77386,Houston,2,1,2026-09-13,State Bar of Texas Member Directory
"Deford Law Firm, PLLC",https://www.defordlawfirm.com/,,,Spring,TX,Montgomery,281-810-9760,,General,4810 W Panther Creek Dr Ste 100,77381,Houston,4,2,2026-09-13,State Bar of Texas Member Directory; manual verified search
Don M. Kennedy,,,,Spring,TX,Montgomery,713-828-4316,,General,27814 Harmony Branch Drive,77386,Houston,4,1,2026-09-13,State Bar of Texas Member Directory
Donna Lee Giannattasio,,,,Spring,TX,Montgomery,,,General,39 S Tranquil Path,77380,Houston,4,1,2026-09-13,State Bar of Texas Member Directory
ElevatePFS,,,,Spring,TX,Montgomery,281-719-7000,,Workers' Compensation,25700 Interstate 45 Ste 300,77386,Houston,5,1,2026-09-13,State Bar of Texas Member Directory; State Bar self-reported website
Elizabeth A. Phillips,,,,Spring,TX,Montgomery,713-789-4560,,Estate Planning,2001 Timberloch Pl Ste 500,77380,Houston,2,1,2026-09-13,State Bar of Texas Member Directory
Enrieta Cecilia Azad,,,,Spring,TX,Montgomery,,,Employment Law,330 Rayford Rd,77386,Houston,3,1,2026-09-13,State Bar of Texas Member Directory
Feyisola Esther Awodunmila,,,,Spring,TX,Montgomery,,,Criminal Defense,4034 Ashland Woods drive,77386,Houston,5,1,2026-09-13,State Bar of Texas Member Directory
Frank E. Freeman,,,,Spring,TX,Montgomery,713-829-0768,,General,6 Treadwell Ct,77381,Houston,4,1,2026-09-13,State Bar of Texas Member Directory
Gauntt Koen Binney & Kidd LLP,https://www.gkbklaw.com/,,,Spring,TX,Montgomery,281-367-6555,,Personal Injury,25700 I H 45 Ste 130,77386,Houston,5,13,2026-09-13,State Bar of Texas Member Directory; State Bar self-reported website
Gerald E. Bourque,https://www.geraldebourque.com/,,,Spring,TX,Montgomery,713-862-7766,gerald@geraldebourque.com,Criminal Defense,24 Waterway Ave Ste 760,77380,Houston,5,1,2026-09-13,State Bar of Texas Member Directory; State Bar self-reported website
Hanson Law Firm,https://www.hansonlawonline.com/,,,Spring,TX,Montgomery,281-968-1099,,Personal Injury,24624 Interstate 45 N Ste 200,77386,Houston,5,1,2026-09-13,State Bar of Texas Member Directory; State Bar self-reported website
"Hassell Family Law, PLLC",https://www.hassellfamilylaw.com/,,,Spring,TX,Montgomery,713-565-1665,info@hassellfamilylaw.com,General,4057 Riley Fuzzel Rd Ste 500 PMB 140,77386,Houston,4,1,2026-09-13,State Bar of Texas Member Directory; State Bar self-reported website
"Haynes and Boone, LLP",https://www.haynesboone.com/,,,Spring,TX,Montgomery,713-547-2233,,Civil Litigation,1790 Hughes Landing Blvd Ste 500,77380,Houston,3,8,2026-09-13,State Bar of Texas Member Directory; State Bar self-reported website
Hernandez Law Firm,https://www.hernandezlawtx.com/,,,Spring,TX,Montgomery,936-256-3115,jordan@hernandezlawfirmtx.com,Personal Injury,2219 Sawdust Rd Ste 1402,77380,Houston,5,1,2026-09-13,State Bar of Texas Member Directory; State Bar self-reported website
Howard Hughes Communities,,,,Spring,TX,Montgomery,346-872-1169,,General,9950 Woodloch Forest Dr,77380,Houston,4,1,2026-09-13,State Bar of Texas Member Directory
Integra Management Company LLC,,,,Spring,TX,Montgomery,281-298-3191,,Personal Injury,"604 Spring Hill Drive, Suite 110",77386,Houston,5,1,2026-09-13,State Bar of Texas Member Directory
"JB Law Group, PLLC",,,,Spring,TX,Montgomery,281-201-5548,,Personal Injury,26119 Interstate 45 Ste 211,77380,Houston,5,1,2026-09-13,State Bar of Texas Member Directory
James R. Reed,,,,Spring,TX,Montgomery,713-444-1958,,General,7 Dewthread Ct,77380,Houston,4,1,2026-09-13,State Bar of Texas Member Directory
Jason Michael Bone,,,,Spring,TX,Montgomery,936-499-6332,,General,28318 Lauren Cove lane,77386,Houston,4,1,2026-09-13,State Bar of Texas Member Directory
Jay Christian Stiffler,,,,Spring,TX,Montgomery,,,General,5539 Harvest Oak Landing Drive,77386,Houston,4,1,2026-09-13,State Bar of Texas Member Directory
Jay Hurst Law Office,,,,Spring,TX,Montgomery,512-784-5281,,Civil Litigation,22 Silkbay Pl,77382,Houston,3,1,2026-09-13,State Bar of Texas Member Directory
Jeremy Dell Northum,,,,Spring,TX,Montgomery,,,Civil Rights,P.O. Box 131251,77393,Houston,3,1,2026-09-13,State Bar of Texas Member Directory
Jerry Dennis Easley,,,,Spring,TX,Montgomery,713-449-4987,,Personal Injury,26205 Oak Ridge Dr Ste 100,77380,Houston,5,1,2026-09-13,State Bar of Texas Member Directory
Joe McElroy,,,,Spring,TX,Montgomery,936-635-2055,,Personal Injury,30303 Aztec Canyon Dr,77386,Houston,5,1,2026-09-13,State Bar of Texas Member Directory; State Bar self-reported website
Jorge Amigo Iturbe,,,,Spring,TX,Montgomery,,,General,11 Argonne Pl,77382,Houston,4,1,2026-09-13,State Bar of Texas Member Directory
"Jovel Martinez Law, PLLC",https://www.jovelmartinezlaw.com/,,,Spring,TX,Montgomery,346-351-1208,info@jovelmartinezlaw.com,Criminal Defense,25010 Oakhurst Dr Ste 100,77386,Houston,5,1,2026-09-13,State Bar of Texas Member Directory; State Bar self-reported website
"Kaisand Law, PLLC",http://klawpllc.com/,,,Spring,TX,Montgomery,832-210-0092,,Estate Planning,2219 Sawdust Rd Ste 1701,77380,Houston,2,1,2026-09-13,State Bar of Texas Member Directory; State Bar self-reported website
Katherine Charleen Piper,,,,Spring,TX,Montgomery,,,General,3431 Rayford Rd Ste 200 PMB 214,77386,Houston,4,1,2026-09-13,State Bar of Texas Member Directory
"LEE & Naughton, PLLC",https://leenaughton.com/,,,Spring,TX,Montgomery,713-766-6787,info@leenaughton.com,Civil Litigation,1310 Rayford Park Rd Ste 308,77386,Houston,3,1,2026-09-13,State Bar of Texas Member Directory; State Bar self-reported website
Laurel Christine Naughton,https://leenaughton.com/,,,Spring,TX,Montgomery,,info@leenaughton.com,Employment Law,"1310 Rayford Park Rd, STE 308",77386,Houston,3,1,2026-09-13,State Bar of Texas Member Directory; State Bar self-reported website
Law Firm of Diana Velardo,,,,Spring,TX,Montgomery,832-419-5990,,Immigration,PO Box 7123,77387,Houston,2,1,2026-09-13,State Bar of Texas Member Directory
Law Office Of Gregory P. Lee,,,,Spring,TX,Montgomery,,,General,23033 Gosling Rd,77389,Houston,4,1,2026-09-13,State Bar of Texas Member Directory
Law Office of Elizabeth Henry,,,,Spring,TX,Montgomery,832-387-8587,,General,3903 Movado CT,77386,Houston,4,1,2026-09-13,State Bar of Texas Member Directory
Law Office of Elizabeth Iles,https://www.ileslaw.com/,,,Spring,TX,Montgomery,832-721-1679,contact@ileslaw.com,Estate Planning,10210 Grogans Mill Rd Ste 225,77380,Houston,2,1,2026-09-13,State Bar of Texas Member Directory; State Bar self-reported website
Law Office of Layli Caborm,,,,Spring,TX,Montgomery,,,Criminal Defense,8000 Research Forest Dr Ste 115 PMB 213,77382,Houston,5,1,2026-09-13,State Bar of Texas Member Directory
"Law Office of Matthew J. Mussalli, P.C. d/b/a The Mussalli Law Firm",https://www.mussallilaw.com/,,,Spring,TX,Montgomery,281-651-5577,,Personal Injury,24 Waterway Ave Ste 830,77380,Houston,5,2,2026-09-13,State Bar of Texas Member Directory; State Bar self-reported website
Law Office of Michael C. Beller,,,,Spring,TX,Montgomery,281-362-0220,,Civil Litigation,42 N Manorcliff Pl,77382,Houston,3,1,2026-09-13,State Bar of Texas Member Directory; State Bar self-reported website
Law Office of Michael Cordon,,,,Spring,TX,Montgomery,925-389-1414,,Personal Injury,26 Kingscote Way,77382,Houston,5,1,2026-09-13,State Bar of Texas Member Directory
Law Office of Randall Foret,,,,Spring,TX,Montgomery,,,Employment Law,28278 Emerald Bend,77386,Houston,3,1,2026-09-13,State Bar of Texas Member Directory
"Leslie A. Garcia, PLLC",,,,Spring,TX,Montgomery,936-827-2049,,General,2219 Sawdust Rd Ste 304,77380,Houston,4,2,2026-09-13,State Bar of Texas Member Directory
Luis F. Hess PLLC,https://luishesslaw.com/,,,Spring,TX,Montgomery,281-205-8540,,Real Estate,PO Box 7828,77387,Houston,2,1,2026-09-13,State Bar of Texas Member Directory; State Bar self-reported website
Malachy W. Finnen,,,,Spring,TX,Montgomery,,,General,"2207 Riva Row, Suite 3220",77380,Houston,4,1,2026-09-13,State Bar of Texas Member Directory
Melissa A. Tyson,,,,Spring,TX,Montgomery,713-249-2463,,General,P. O. Box 8183,77387,Houston,4,1,2026-09-13,State Bar of Texas Member Directory
"Meredith Law Firm, PC",https://meredith-law.com/,,,Spring,TX,Montgomery,832-246-8481,,Estate Planning,8505 Technology Forest Pl Ste 604,77381,Houston,2,1,2026-09-13,State Bar of Texas Member Directory; State Bar self-reported website
Michael A. Stocker,,,,Spring,TX,Montgomery,713-862-3800,,General,350 Nursery Rd Ste 6101,77380,Houston,4,1,2026-09-13,State Bar of Texas Member Directory; State Bar self-reported website
Micheal Lane Painter,,,,Spring,TX,Montgomery,,,General,62 Wooded Park Pl,77380,Houston,4,1,2026-09-13,State Bar of Texas Member Directory
Misley PC,,,,Spring,TX,Montgomery,,,General,18 Wyckham Cir,77382,Houston,4,1,2026-09-13,State Bar of Texas Member Directory
Monika Renatta Barahona,,,,Spring,TX,Montgomery,,,General,59 Player Vista Place,77382,Houston,4,1,2026-09-13,State Bar of Texas Member Directory
Morgan Bourque Attorney at Law,https://woodlandsattorneys.com/,,,Spring,TX,Montgomery,713-862-7766,,Criminal Defense,24 Waterway Ave Ste 760,77380,Houston,5,1,2026-09-13,State Bar of Texas Member Directory; State Bar self-reported website
Morgan Mason Crabtree,,,,Spring,TX,Montgomery,,,General,22777 Springwoods Village Parkway Nature 3 3B.531,77389,Houston,4,1,2026-09-13,State Bar of Texas Member Directory
Musick Law Office PLLC,https://musicklawoffice.com/,,,Spring,TX,Montgomery,832-448-1148,,Criminal Defense,"2219 Sawdust Road, Suite 201",77380,Houston,5,1,2026-09-13,State Bar of Texas Member Directory; State Bar self-reported website
Paul Vincent Damico,https://www.pauldamicolaw.com/,,,Spring,TX,Montgomery,346-525-7466,,General,"10655 Six Pines Drive, Suite 230",77380,Houston,4,1,2026-09-13,State Bar of Texas Member Directory
Regina Cleopatra Turner,,,,Spring,TX,Montgomery,,,General,PO Box 131523,77393,Houston,4,1,2026-09-13,State Bar of Texas Member Directory
"Reitzer Montgomery, PC",https://rmlawoffices.com/,,,Spring,TX,Montgomery,281-378-3637,reitzerloudinmontgomerypc@rlmlawyers.com,General,350 Nursery Rd Ste 6101,77380,Houston,4,2,2026-09-13,State Bar of Texas Member Directory; State Bar self-reported website
Richard N. Thompson,,,,Spring,TX,Montgomery,281-681-3001,,General,1811 Pincher Creek Dr,77386,Houston,4,1,2026-09-13,State Bar of Texas Member Directory
Robert C. Finlay,,,,Spring,TX,Montgomery,305-975-3575,,General,29519 Hilltop Dr,77386,Houston,4,1,2026-09-13,State Bar of Texas Member Directory
Robert David Bailie,,,,Spring,TX,Montgomery,,,General,15 evan ridge ct,77381,Houston,4,1,2026-09-13,State Bar of Texas Member Directory
Rolon Law Firm,https://rolonlawfirm.com/,,,Spring,TX,Montgomery,281-901-1406,johnson@rolonlawfirm.com,Civil Litigation,8708 Technology Forest Pl Ste 175,77381,Houston,3,2,2026-09-13,State Bar of Texas Member Directory; State Bar self-reported website
Rubin & Rolong PLLC,https://rrlawtx.com/,,,Spring,TX,Montgomery,832-803-9622,rubinrolong@rrlawtx.com,Criminal Defense,25814 Budde Rd Ste B307,77380,Houston,5,2,2026-09-13,State Bar of Texas Member Directory; State Bar self-reported website
Ryan Daniel Ashcraft,,,,Spring,TX,Montgomery,,,General,28238 Whitmore Bend Drive,77386,Houston,4,1,2026-09-13,State Bar of Texas Member Directory
Seth Ryan Gouguet,,,,Spring,TX,Montgomery,,,General,10 Cane Mill Place,77382,Houston,4,1,2026-09-13,State Bar of Texas Member Directory
Sheridan Green Law PLLC,https://www.greenvisalaw.com/,,,Spring,TX,Montgomery,435-668-9494,holden@greenvisalaw.com,Immigration,330 Rayford Rd,77386,Houston,2,1,2026-09-13,State Bar of Texas Member Directory; State Bar self-reported website
Sidney James Earnheart,,,,Spring,TX,Montgomery,972-342-6995,,General,58 E Stockbridge Landing Cir,77382,Houston,4,1,2026-09-13,State Bar of Texas Member Directory
Spencer Fane LLP,,,,Spring,TX,Montgomery,214-597-7608,,Real Estate,28314 Whispering Maple Way,77386,Houston,2,1,2026-09-13,State Bar of Texas Member Directory
"Stephen Penner, PC",,,,Spring,TX,Montgomery,,,General,1535 Lauren Creek Ln,77386,Houston,4,1,2026-09-13,State Bar of Texas Member Directory
Stewart & Wiley,,,,Spring,TX,Montgomery,281-367-8007,,Civil Litigation,2202 Timberloch Pl Ste 128,77380,Houston,3,1,2026-09-13,State Bar of Texas Member Directory; State Bar self-reported website
TF Warren Group,,,,Spring,TX,Montgomery,,,Employment Law,25000 Pitkin Rd Ste 100,77386,Houston,3,1,2026-09-13,State Bar of Texas Member Directory; State Bar self-reported website
"TOPS, LLC",,,,Spring,TX,Montgomery,713-828-9502,,Employment Law,5714 White Birch Run,77386,Houston,3,1,2026-09-13,State Bar of Texas Member Directory
"The Arguello Law Office, PLLC",https://arguellolawoffice.com/home,,,Spring,TX,Montgomery,832-286-6291,,Estate Planning,PO Box 131288,77393,Houston,2,1,2026-09-13,State Bar of Texas Member Directory; State Bar self-reported website
The Law Firm of Israel Garcia Jr. PLLC,,,,Spring,TX,Montgomery,,,Personal Injury,28124 Sunshine Hollow Dr,77386,Houston,5,1,2026-09-13,State Bar of Texas Member Directory
The Law Office of Aaron I. Bryant,,,,Spring,TX,Montgomery,832-878-2242,,Criminal Defense,PO Box 7304,77387,Houston,5,1,2026-09-13,State Bar of Texas Member Directory
The Law Office of Ashleigh Musselman,https://www.txhoaattorney.com/,,,Spring,TX,Montgomery,281-656-6608,ashleigh@txhoaattorney.com,Bankruptcy,322 Spring Hill Dr Ste A500,77386,Houston,2,2,2026-09-13,State Bar of Texas Member Directory; State Bar self-reported website
The Law Office of Denise M Lagway,,,,Spring,TX,Montgomery,281-651-5747,,Criminal Defense,"2211 Rayford Road, Suite 111-117",77386,Houston,5,1,2026-09-13,State Bar of Texas Member Directory
The Law Offices of Crystal C. Magee,,,,Spring,TX,Montgomery,281-541-6543,,General,25511 Budde Rd Ste 2701,77380,Houston,4,1,2026-09-13,State Bar of Texas Member Directory
"The Mentlewski Law Firm, PLLC",,,,Spring,TX,Montgomery,832-900-9425,,Estate Planning,4057 Riley Fuzzel Rd Ste 500/238,77386,Houston,2,1,2026-09-13,State Bar of Texas Member Directory
"The Palmore Law Firm, PLLC",https://www.palmorelaw.com/,,,Spring,TX,Montgomery,281-367-0111,,Personal Injury,2219 Sawdust Rd Ste 1701,77380,Houston,5,1,2026-09-13,State Bar of Texas Member Directory; State Bar self-reported website
"The Turek Law Firm, PC",,,,Spring,TX,Montgomery,281-296-6920,,Workers' Compensation,PO Box 131326,77393,Houston,5,1,2026-09-13,State Bar of Texas Member Directory
"Walke-Wilson Firm, PLLC",,,,Spring,TX,Montgomery,281-942-4052,,Estate Planning,2219 Sawdust Rd Ste 401,77380,Houston,2,1,2026-09-13,State Bar of Texas Member Directory
William James Hawkins,,,,Spring,TX,Montgomery,,,General,28439 Woodsons Lake Dr,77386,Houston,4,1,2026-09-13,State Bar of Texas Member Directory
Wind Rose Group,,,,Spring,TX,Montgomery,713-594-0322,,General,4023 PLEASANT RIDGE DR,77386,Houston,4,1,2026-09-13,State Bar of Texas Member Directory; State Bar self-reported website
doug drucker attorney,,,,Spring,TX,Montgomery,713-412-8589,,Civil Litigation,2700 Research Forest Dr Ste 124,77381,Houston,3,1,2026-09-13,State Bar of Texas Member Directory
"Law Office of Anna Din, PLLC",https://www.lawofficeofannadin.com/,,,"Spring,",TX,Montgomery,346-831-0166,lawofficeofannadin@gmail.com,Personal Injury,25301 Borough Park Dr. Ste 221,77380,Houston,5,1,2026-09-13,State Bar of Texas Member Directory; State Bar self-reported website
Tina Marie Riley,,,,"Spring,",TX,Montgomery,713-228-2343,,General,25406 Oakhurst Drive,77386,Houston,4,1,2026-09-13,State Bar of Texas Member Directory
"The Law Office of Emmanuel Asiriuwa, PLLC",https://www.asirilaw.com/,,,The Woodlands,TX,Montgomery,936-514-2000,,Immigration,"2001 Timberloch Place, Suite 500",77380,Houston,2,1,2026-09-13,State Bar of Texas Member Directory; State Bar self-reported website
ANGELO IP,https://angeloip.com/,,,The Woodlands,TX,Montgomery,832-934-8899,,General,21 Waterway Ave Ste 300,77380,Houston,4,1,2026-09-13,State Bar of Texas Member Directory; State Bar self-reported website
Abercrombie Bailey Johnson & Lyon PLLC,,,,The Woodlands,TX,Montgomery,281-374-4741,,General,9450 Pinecroft Drive #7128,77380,Houston,4,1,2026-09-13,State Bar of Texas Member Directory
Abigail Erin Stafford,,,,The Woodlands,TX,Montgomery,,,General,9950 Woodloch Forest Drive Suite 1700,77380,Houston,4,1,2026-09-13,State Bar of Texas Member Directory
Adeshola PLLC.,,,,The Woodlands,TX,Montgomery,346-828-9877,,Criminal Defense,2001 Timberloch Pl Ste 500,77380,Houston,5,1,2026-09-13,State Bar of Texas Member Directory
Alison Kerbow,,,,The Woodlands,TX,Montgomery,936-441-4673,,Personal Injury,17 Tamarind Place,77381,Houston,5,1,2026-09-13,State Bar of Texas Member Directory
Amy K. Young,,,,The Woodlands,TX,Montgomery,281-705-5828,,General,"6769 Lake Woodlands Dr., Suite G",77382,Houston,4,1,2026-09-13,State Bar of Texas Member Directory
"Andrea M. Kolski, NonStop Justice, PLLC",https://www.nonstopjustice.com/,,,The Woodlands,TX,Montgomery,832-381-3430,,Criminal Defense,350 Nursery Rd Ste 6102,77380,Houston,5,1,2026-09-13,State Bar of Texas Member Directory; State Bar self-reported website
"Andrew J Bolton, Esq.",https://www.boltonlegal.com/,,,The Woodlands,TX,Montgomery,936-435-1908,,Estate Planning,21 Waterway Ave Ste 300,77380,Houston,2,1,2026-09-13,State Bar of Texas Member Directory; State Bar self-reported website
Angela Marie Caraway,,,,The Woodlands,TX,Montgomery,281-681-4131,,Estate Planning,1800 Hughes Landing Blvd Ste 325,77380,Houston,2,1,2026-09-13,State Bar of Texas Member Directory
B Sloan Law PLLC,https://bsloanlaw.com/,,,The Woodlands,TX,Montgomery,936-206-3628,info@bsloanlaw.com,Estate Planning,26418 Oak Ridge Dr Ste 1,77380,Houston,2,1,2026-09-13,State Bar of Texas Member Directory; State Bar self-reported website
BB Law Group PLLC,https://www.bbattorney.com/,,,The Woodlands,TX,Montgomery,832-534-2589,,General,8505 Technology Forest Pl Ste 1102,77381,Houston,4,1,2026-09-13,State Bar of Texas Member Directory; State Bar self-reported website
Bailey Law Firm PLLC,https://baileylawfirm.com/,,,The Woodlands,TX,Montgomery,832-510-2900,,Real Estate,2203 Timberloch Pl Ste 215,77380,Houston,2,1,2026-09-13,State Bar of Texas Member Directory; State Bar self-reported website
Barkley Law Group,,,,The Woodlands,TX,Montgomery,281-400-4372,,Employment Law,8505 Technology Forest Pl Ste 504,77381,Houston,3,1,2026-09-13,State Bar of Texas Member Directory; State Bar self-reported website
Batchelor Law Group PLLC,,,,The Woodlands,TX,Montgomery,832-948-3635,,Employment Law,8111 Ashlane Way Ste 203,77382,Houston,3,1,2026-09-13,State Bar of Texas Member Directory
"Before Abraham was, I AM",https://www.beforeabrahamwas-iam.org/,,,The Woodlands,TX,Montgomery,858-382-1064,info@beforeabrahamwas-iam.org,Personal Injury,9450 Pinecroft Dr Unit 9834,77380,Houston,5,1,2026-09-13,State Bar of Texas Member Directory; State Bar self-reported website
Berkeley Research Group LLC,https://www.thinkbrg.com/people/bob-craig/,,,The Woodlands,TX,Montgomery,713-824-0329,bcraig@thinkbrg.com,Civil Litigation,395 Sawdust Rd,77380,Houston,3,1,2026-09-13,State Bar of Texas Member Directory; State Bar self-reported website
Beusa Energy LLC,,,,The Woodlands,TX,Montgomery,281-296-1500,,Civil Litigation,1780 Hughes Landing Blvd Ste 100,77380,Houston,3,1,2026-09-13,State Bar of Texas Member Directory
Bosveld Law PLLC,https://bosveldlaw.com/,,,The Woodlands,TX,Montgomery,832-703-0196,,General,1095 Evergreen Cir Ste 200,77380,Houston,4,2,2026-09-13,State Bar of Texas Member Directory; State Bar self-reported website
Bruce B Mack Attorney/CPA,,,,The Woodlands,TX,Montgomery,281-298-2400,,Estate Planning,"1095 Evergreen Circle, Suite 200",77380,Houston,2,1,2026-09-13,State Bar of Texas Member Directory
"Bruce Law Firm, P.C.",https://www.brucelawfirm.net/,,,The Woodlands,TX,Montgomery,832-210-0092,,General,2219 Sawdust Rd Ste 1701,77380,Houston,4,1,2026-09-13,State Bar of Texas Member Directory; State Bar self-reported website
"Bustos Law Group, PLLC",,,,The Woodlands,TX,Montgomery,832-592-7851,,General,1908 Sawdust Rd,77380,Houston,4,1,2026-09-13,State Bar of Texas Member Directory; State Bar self-reported website
"C. Dexter Jordan IV, PLLC",,,,The Woodlands,TX,Montgomery,713-562-1822,,Estate Planning,2001 Timberloch Pl Ste 500,77380,Houston,2,1,2026-09-13,State Bar of Texas Member Directory; State Bar self-reported website
Caldwell Law Firm,,,,The Woodlands,TX,Montgomery,888-886-4108,,General,2001 Timberloch Pl Ste 500 PMB 500,77380,Houston,4,1,2026-09-13,State Bar of Texas Member Directory; State Bar self-reported website
Caleb Andrew Fielder,,,,The Woodlands,TX,Montgomery,832-931-2896,,General,2455 Technology Forest Blvd,77381,Houston,4,1,2026-09-13,State Bar of Texas Member Directory
Candice Davis Law Group PC,https://cdavislawgroup.com/,,,The Woodlands,TX,Montgomery,281-750-5741,cdavis@cdavislawgroup.com,Estate Planning,1790 Hughes Landing Blvd Ste 400,77380,Houston,2,1,2026-09-13,State Bar of Texas Member Directory; State Bar self-reported website
Carla Marie Willis,,,,The Woodlands,TX,Montgomery,281-413-2702,,Estate Planning,"2002 Timberloch Place, Suite 200",77380,Houston,2,1,2026-09-13,State Bar of Texas Member Directory
Carrie Celeste Galatas,,,,The Woodlands,TX,Montgomery,936-672-3570,,General,118 E Amberglow Circle,77381,Houston,4,1,2026-09-13,State Bar of Texas Member Directory
Catherine Leigh Guthier,,,,The Woodlands,TX,Montgomery,,,General,114 S Clovergate Cir,77382,Houston,4,1,2026-09-13,State Bar of Texas Member Directory
Cedillo Law Firm,https://www.cedillolawfirm.com/,,,The Woodlands,TX,Montgomery,281-323-4345,,Criminal Defense,719 Sawdust Rd Ste 100,77380,Houston,5,1,2026-09-13,State Bar of Texas Member Directory; State Bar self-reported website
"Celeste Blackburn, PLLC",https://www.celesteblackburn.com/,,,The Woodlands,TX,Montgomery,936-703-5000,celesteblackburn@gmail.com,Criminal Defense,10655 Six Pines Dr Ste 230,77380,Houston,5,1,2026-09-13,State Bar of Texas Member Directory; State Bar self-reported website
"Chargois & Herron, L.L.C.",,,,The Woodlands,TX,Montgomery,281-444-0604,,Personal Injury,2002 Timberloch Pl Ste 200,77380,Houston,5,1,2026-09-13,State Bar of Texas Member Directory
Charles R Herpich,,,,The Woodlands,TX,Montgomery,281-364-8318,,General,2 Plum Cove Court,77381,Houston,4,1,2026-09-13,State Bar of Texas Member Directory; State Bar self-reported website
Chemex Global,,,,The Woodlands,TX,Montgomery,936-520-7068,,General,1735 Hughes Landing Blvd Ste 1200,77380,Houston,4,1,2026-09-13,State Bar of Texas Member Directory; State Bar self-reported website
Christopher Hugh Warren,https://www.woodlandstxlawyer.com/,,,The Woodlands,TX,Montgomery,832-326-2932,chris@woodlandstxlawyer.com,Criminal Defense,1095 Evergreen Cir Ste 200,77380,Houston,5,1,2026-09-13,State Bar of Texas Member Directory; State Bar self-reported website
"Christopher K. Baxter, PLLC",,,,The Woodlands,TX,Montgomery,713-419-3309,,General,23 WOODED BROOK DRIVE,77382,Houston,4,1,2026-09-13,State Bar of Texas Member Directory
"Clouthier Law, PLLC",https://www.clouthierlaw.com/,,,The Woodlands,TX,Montgomery,346-443-4300,,Criminal Defense,9950 Woodloch Forest Dr Ste 1300,77380,Houston,5,3,2026-09-13,State Bar of Texas Member Directory; State Bar self-reported website
"Coats Aviation Law, PC",http://www.texasaviationlaw.com/,,,The Woodlands,TX,Montgomery,281-681-8239,,Estate Planning,PO Box 130246,77393,Houston,2,2,2026-09-13,State Bar of Texas Member Directory; State Bar self-reported website; manual verified search
Community Legal,,,,The Woodlands,TX,Montgomery,346-801-6054,,General,1600 Lake Front Cir Ste 236,77380,Houston,4,1,2026-09-13,State Bar of Texas Member Directory
"Cooksey Khan Quiñones, PLLC",https://ckq.law/,,,The Woodlands,TX,Montgomery,281-719-5881,,Personal Injury,25511 Budde Rd Ste 2202,77380,Houston,5,2,2026-09-13,State Bar of Texas Member Directory; State Bar self-reported website; manual verified search
"Cooper Hart Leggiero & Whitehead, PLLC",https://chlwlaw.com/,,,The Woodlands,TX,Montgomery,281-296-9090,,Personal Injury,"2202 Timberloch Place, Ste 200",77380,Houston,5,3,2026-09-13,State Bar of Texas Member Directory; State Bar self-reported website
Cordell & Cordell,https://cordellcordell.com/,,,The Woodlands,TX,Montgomery,832-730-1006,,General,2001 Timberloch Pl Ste 125,77380,Houston,4,2,2026-09-13,State Bar of Texas Member Directory; State Bar self-reported website
Corey Keitt Ferguson,,,,The Woodlands,TX,Montgomery,832-819-5258,,Personal Injury,2001 Timberloch Pl Ste 500,77380,Houston,5,1,2026-09-13,State Bar of Texas Member Directory
Covia Energy,,,,The Woodlands,TX,Montgomery,,,General,2700 Technology Forest Blvd Ste 100,77381,Houston,4,1,2026-09-13,State Bar of Texas Member Directory
Cudd Energy Services,,,,The Woodlands,TX,Montgomery,281-719-2981,,Personal Injury,2828 Technology Forest Blvd,77381,Houston,5,1,2026-09-13,State Bar of Texas Member Directory
Curry & Durham PLLC,,,,The Woodlands,TX,Montgomery,318-237-9665,,General,"8708 Technology Forest Place, Suite 175",77381,Houston,4,1,2026-09-13,State Bar of Texas Member Directory
Daniel J Hoffman & Associates,https://dhoffman.com/,,,The Woodlands,TX,Montgomery,281-367-9550,,Employment Law,719 Sawdust Rd Ste 117,77380,Houston,3,1,2026-09-13,State Bar of Texas Member Directory; State Bar self-reported website
Daniel Law Offices,,,,The Woodlands,TX,Montgomery,281-989-3044,,Civil Litigation,1330 Lake Robbins Dr Ste 600AMNI,77380,Houston,3,1,2026-09-13,State Bar of Texas Member Directory
Daniel P LeFort PLLC,,,,The Woodlands,TX,Montgomery,936-525-7849,,General,PO Box 130939,77393,Houston,4,1,2026-09-13,State Bar of Texas Member Directory
"Danielle M. Campbell, Attorney at Law",,,,The Woodlands,TX,Montgomery,832-210-0089,,Estate Planning,25511 Budde Rd Ste 101,77380,Houston,2,1,2026-09-13,State Bar of Texas Member Directory; State Bar self-reported website
Danny J. McCarty,,,,The Woodlands,TX,Montgomery,713-857-7418,,Real Estate,3 Watertree Dr,77380,Houston,2,1,2026-09-13,State Bar of Texas Member Directory
"David A. Munson, PC",https://www.davidamunsonpc.com/,,,The Woodlands,TX,Montgomery,281-210-3467,,Estate Planning,2002 Timberloch Pl Ste 200,77380,Houston,2,1,2026-09-13,State Bar of Texas Member Directory; State Bar self-reported website
David K. Bargainer,,,,The Woodlands,TX,Montgomery,713-819-4322,,General,Home office,77382,Houston,4,1,2026-09-13,State Bar of Texas Member Directory; State Bar self-reported website
David Kallus,,,,The Woodlands,TX,Montgomery,713-202-2524,,Personal Injury,8000 Research Forest Dr Ste 115201 # 201,77382,Houston,5,1,2026-09-13,State Bar of Texas Member Directory
David Michael Powlen,,,,The Woodlands,TX,Montgomery,317-727-2211,,Civil Litigation,2816 W Wildwind Cir,77380,Houston,3,1,2026-09-13,State Bar of Texas Member Directory
Dawn Elizabeth Norman,,,,The Woodlands,TX,Montgomery,,,General,"4 Waterway Square Place, Suite 400",77380,Houston,4,1,2026-09-13,State Bar of Texas Member Directory
"De Ford Law Firm, PLLC",https://www.defordlawfirm.com/,,,The Woodlands,TX,Montgomery,281-466-2305,contact@defordlawfirm.com,Estate Planning,4810 W Panther Creek Dr Ste 100,77381,Houston,2,3,2026-09-13,State Bar of Texas Member Directory; State Bar self-reported website
"Deborah Hubbs, Attorney & Counselor at Law, PLLC",https://hubbslawgroup.com/,,,The Woodlands,TX,Montgomery,832-709-1097,,Real Estate,2001 Timberloch Pl Ste 500,77380,Houston,2,1,2026-09-13,State Bar of Texas Member Directory; State Bar self-reported website
Diana Hoover PLLC,,,,The Woodlands,TX,Montgomery,281-450-7064,,Employment Law,70 E Shore Dr,77380,Houston,3,1,2026-09-13,State Bar of Texas Member Directory
"Dickey Law Group, PLLC",https://dickeylawgroup.com/,,,The Woodlands,TX,Montgomery,832-521-4414,admin@dickeylawgroup.com,Estate Planning,2001 Timberloch Pl Ste 500,77380,Houston,2,1,2026-09-13,State Bar of Texas Member Directory; State Bar self-reported website
Douglas Paul Adkinson,,,,The Woodlands,TX,Montgomery,,,General,11 Pebble Hollow Ct.,77381,Houston,4,1,2026-09-13,State Bar of Texas Member Directory
Downs and Associates,,,,The Woodlands,TX,Montgomery,281-270-6295,,Personal Injury,"8505 Technology Forest Place, Suite 504",77381,Houston,5,1,2026-09-13,State Bar of Texas Member Directory
Dueñas Law Firm,,,,The Woodlands,TX,Montgomery,346-646-4400,,Immigration,2001 Timberloch Pl Ste 500,77380,Houston,2,1,2026-09-13,State Bar of Texas Member Directory
Eckerson Law Office PLLC,https://eckersonlaw.com/,,,The Woodlands,TX,Montgomery,346-380-2024,,Personal Injury,1525 Lake Front Cir Ste 4,77380,Houston,5,2,2026-09-13,State Bar of Texas Member Directory; State Bar self-reported website
Edgar Rafael Ocampo,,,,The Woodlands,TX,Montgomery,763-242-7172,,Personal Injury,"2207 Riva Row, Apt # 3201",77380,Houston,5,1,2026-09-13,State Bar of Texas Member Directory
Elizabeth Marie Steiner,,,,The Woodlands,TX,Montgomery,,,Employment Law,55 Golden Scroll Circle,77382,Houston,3,1,2026-09-13,State Bar of Texas Member Directory
Esch Law Firm PLLC,https://www.eschlawfirm.com/,,,The Woodlands,TX,Montgomery,346-380-0918,,Personal Injury,1095 Evergreen Cir Ste 200,77380,Houston,5,1,2026-09-13,State Bar of Texas Member Directory; State Bar self-reported website
"Etwop Law Firm, PLLC",,,,The Woodlands,TX,Montgomery,281-356-0223,,General,395 Sawdust Rd #3176,77380,Houston,4,1,2026-09-13,State Bar of Texas Member Directory
Farley & Partners LLP,https://www.farleyllp.com/,,,The Woodlands,TX,Montgomery,832-653-8708,mark.farley@farleyllp.com,Employment Law,21 Waterway Ave Ste 300,77380,Houston,3,3,2026-09-13,State Bar of Texas Member Directory; State Bar self-reported website
Farrell Legal Group PC,https://www.farrelllegalgroup.com/,,,The Woodlands,TX,Montgomery,210-693-1011,query@farrellpc.com,Civil Litigation,"8708 Technology Forest Drive, Unjt 175",77381,Houston,3,1,2026-09-13,State Bar of Texas Member Directory; State Bar self-reported website
Fasthoff Law Firm PLLC,https://fasthofflawfirm.com/,,,The Woodlands,TX,Montgomery,713-929-9314,,Civil Litigation,21 Waterway Ave Ste 300,77380,Houston,3,1,2026-09-13,State Bar of Texas Member Directory; State Bar self-reported website
"Flatiron Legal Advisors, PLLC",,,,The Woodlands,TX,Montgomery,,,General,6700 Woodlands Pkwy Ste 230 PMB 103,77382,Houston,4,1,2026-09-13,State Bar of Texas Member Directory
Frank H. Newton,,,,The Woodlands,TX,Montgomery,713-557-7823,,Personal Injury,10 Golden Thrush Place,77381,Houston,5,1,2026-09-13,State Bar of Texas Member Directory
"Frazer + Blase, P.C.",,,,The Woodlands,TX,Montgomery,281-875-8200,,General,25511 Budde Rd Ste 2801,77380,Houston,4,1,2026-09-13,State Bar of Texas Member Directory
Garcia Creditor Law PLLC,https://garciacreditorlaw.com/,,,The Woodlands,TX,Montgomery,305-317-1607,jorge@garciacreditorlaw.com,Civil Litigation,"Garcia Creditor Law PLLC 8708 Technology Forest Pl, Suite 175",77381,Houston,3,1,2026-09-13,State Bar of Texas Member Directory; State Bar self-reported website
Gary F. Beauchamp,,,,The Woodlands,TX,Montgomery,281-367-0756,,Criminal Defense,PO Box 131225,77393,Houston,5,1,2026-09-13,State Bar of Texas Member Directory
Gary Schaffer Miller,,,,The Woodlands,TX,Montgomery,713-647-2495,,Criminal Defense,25911 Oak Ridge Dr,77380,Houston,5,1,2026-09-13,State Bar of Texas Member Directory
"George A. Young, P.C.",,,,The Woodlands,TX,Montgomery,936-442-1572,,Personal Injury,1095 Evergreen Cir Ste 200,77380,Houston,5,1,2026-09-13,State Bar of Texas Member Directory
Ghideok Kim,,,,The Woodlands,TX,Montgomery,,,General,14 Middle Gate Pl,77382,Houston,4,1,2026-09-13,State Bar of Texas Member Directory
Glenfarne Companies (Glenfarne Group),,,,The Woodlands,TX,Montgomery,713-491-2779,,General,9950 Woodloch Forest Dr,77380,Houston,4,1,2026-09-13,State Bar of Texas Member Directory; State Bar self-reported website
Glenna M. Kyle PhD JD,,,,The Woodlands,TX,Montgomery,281-543-1931,,Estate Planning,6 Red Sable Court,77380,Houston,2,1,2026-09-13,State Bar of Texas Member Directory
Golden Pass LNG Terminal,,,,The Woodlands,TX,Montgomery,713-324-6703,,General,11 Valcourt Place,77382,Houston,4,1,2026-09-13,State Bar of Texas Member Directory; State Bar self-reported website
"Graff Law Firm, PLLC",https://www.grafflawfirmpllc.com/,,,The Woodlands,TX,Montgomery,713-366-6188,jennifer@grafflawfirmpllc.com,Estate Planning,"1095 Evergreen Circle, Suite 200",77380,Houston,2,1,2026-09-13,State Bar of Texas Member Directory; State Bar self-reported website
Granite Construction,,,,The Woodlands,TX,Montgomery,,,General,9303 New Trails Dr Ste 200,77381,Houston,4,1,2026-09-13,State Bar of Texas Member Directory
Greenberg Traurig LLP,https://www.gtlaw.com/,,,The Woodlands,TX,Montgomery,713-374-3515,,Real Estate,2001 Timberloch Pl Ste 500,77380,Houston,2,1,2026-09-13,State Bar of Texas Member Directory; State Bar self-reported website
"Grimes & Fertitta, P.C.",https://www.grimesfertitta.com/,,,The Woodlands,TX,Montgomery,281-882-8488,,Personal Injury,2203 Timberloch Pl Ste 231,77380,Houston,5,1,2026-09-13,State Bar of Texas Member Directory; State Bar self-reported website
HK Legacy Law PLLC,https://hklegacylaw.com/,,,The Woodlands,TX,Montgomery,281-798-8686,david@hklegacylaw.com,Estate Planning,87 N Merryweather Cir,77384,Houston,2,1,2026-09-13,State Bar of Texas Member Directory; State Bar self-reported website
Hector Antonio Pineda,,,,The Woodlands,TX,Montgomery,,,General,6 Gilded Pond Pl,77381,Houston,4,1,2026-09-13,State Bar of Texas Member Directory
Heidi Marie Stone,,,,The Woodlands,TX,Montgomery,,,General,-,77381,Houston,4,1,2026-09-13,State Bar of Texas Member Directory
"Henderson Law Group, PLLC",,,,The Woodlands,TX,Montgomery,281-909-4887,,Employment Law,9400 Grogans Mill Rd Ste 340,77380,Houston,3,1,2026-09-13,State Bar of Texas Member Directory
"High Easton Law Firm, PLLC",https://www.higheastonlaw.com/,,,The Woodlands,TX,Montgomery,281-895-1721,info@higheastonlaw.com,Estate Planning,1095 Evergreen Cir Ste 200,77380,Houston,2,1,2026-09-13,State Bar of Texas Member Directory; State Bar self-reported website
"Hope Garner Law, PLLC",https://hopegarnerlaw.com/,,,The Woodlands,TX,Montgomery,281-884-9161,,Criminal Defense,"8708 Technology Forest Place, Suite 175",77381,Houston,5,1,2026-09-13,State Bar of Texas Member Directory; State Bar self-reported website
"Hopkins Centrich, PLLC",https://www.hopkinscentrichlaw.com/,,,The Woodlands,TX,Montgomery,281-210-0140,,Employment Law,8701 New Trails Dr Ste 200,77381,Houston,3,5,2026-09-13,State Bar of Texas Member Directory; State Bar self-reported website
Horak Law,https://www.matthoraklaw.com/,,,The Woodlands,TX,Montgomery,713-225-8000,,Criminal Defense,25911 Oak Ridge Dr,77380,Houston,5,2,2026-09-13,State Bar of Texas Member Directory; State Bar self-reported website
International Legal Services PC,https://www.internationallegalservicespc.com/,,,The Woodlands,TX,Montgomery,832-515-2765,jherrscher@internationallegalservicepc.com,Civil Rights,1095 Evergreen Cir Ste 200,77380,Houston,3,1,2026-09-13,State Bar of Texas Member Directory; State Bar self-reported website
J Randle Henderson Attorney at Law,,,,The Woodlands,TX,Montgomery,713-870-8358,,Civil Litigation,131 E Greenhill Terrace Pl,77382,Houston,3,1,2026-09-13,State Bar of Texas Member Directory
"James Business and Estate Law, P.L.L.C.",http://rcjlawfirm.com/index.html,,,The Woodlands,TX,Montgomery,936-755-0476,,Civil Litigation,431 Nursery Rd Ste B700,77380,Houston,3,1,2026-09-13,State Bar of Texas Member Directory; State Bar self-reported website
James Lewis Connor,,,,The Woodlands,TX,Montgomery,713-828-4966,,General,50 Highland Circle,77381,Houston,4,1,2026-09-13,State Bar of Texas Member Directory
"James R. Jones, Attorney at Law",https://thewoodlandslawfirm.com/,,,The Woodlands,TX,Montgomery,281-466-1951,,Bankruptcy,10055 Grogans Mill Rd Ste 130,77380,Houston,2,1,2026-09-13,State Bar of Texas Member Directory; State Bar self-reported website
Jamison & Associates PLLC,,,,The Woodlands,TX,Montgomery,,,Personal Injury,26205 Oak Ridge Dr Ste 100,77380,Houston,5,1,2026-09-13,State Bar of Texas Member Directory
Jeffrey Nolen Robertson,,,,The Woodlands,TX,Montgomery,,,General,9500 Lakeside Blvd.,77381,Houston,4,1,2026-09-13,State Bar of Texas Member Directory
Jeffrey R Harder PC,,,,The Woodlands,TX,Montgomery,936-499-7112,,General,"1095 Evergreen Circle, Suite 200",77380,Houston,4,1,2026-09-13,State Bar of Texas Member Directory
Jennifer Anne Duplechain,,,,The Woodlands,TX,Montgomery,832-422-7069,,Estate Planning,8708 Technology Forest Pl Ste 175,77381,Houston,2,1,2026-09-13,State Bar of Texas Member Directory
Jerry Warren Carlson,,,,The Woodlands,TX,Montgomery,,,Civil Litigation,7 Crabtree Court,77382,Houston,3,1,2026-09-13,State Bar of Texas Member Directory; State Bar self-reported website
Jessica Bonds,,,,The Woodlands,TX,Montgomery,,,General,3 Waterway Square Pl Ste 110,77380,Houston,4,1,2026-09-13,State Bar of Texas Member Directory
Jewett & Hanna Law PLLC,https://www.jhlawtx.com/,,,The Woodlands,TX,Montgomery,832-905-9676,,Estate Planning,2002 Timberloch Pl Ste 200,77380,Houston,2,1,2026-09-13,State Bar of Texas Member Directory; State Bar self-reported website
Joe Naylor & Associates Law Firm,,,,The Woodlands,TX,Montgomery,281-389-0769,,General,18 East Windsor Hills Circle,77384,Houston,4,1,2026-09-13,State Bar of Texas Member Directory
John Adam Wilcox,,,,The Woodlands,TX,Montgomery,,,Bankruptcy,318 Briar Rock Rd,77380,Houston,2,1,2026-09-13,State Bar of Texas Member Directory
"John Zgourides, Attorney at Law",,,,The Woodlands,TX,Montgomery,713-876-7001,,Personal Injury,102 Capstone,77381,Houston,5,1,2026-09-13,State Bar of Texas Member Directory; State Bar self-reported website
Jonathan David,,,,The Woodlands,TX,Montgomery,281-296-9090,,General,2202 Timberloch Pl Ste 200,77380,Houston,4,1,2026-09-13,State Bar of Texas Member Directory
Jones Walker LLP,https://www.joneswalker.com/en/,,,The Woodlands,TX,Montgomery,281-296-4400,,Real Estate,10001 Woodloch Forest Dr Ste 350,77380,Houston,2,3,2026-09-13,State Bar of Texas Member Directory; State Bar self-reported website
Joseph T. Henderson,,,,The Woodlands,TX,Montgomery,713-870-7210,,General,74 N. Gary Glen Circle,77382,Houston,4,1,2026-09-13,State Bar of Texas Member Directory
"Judith Shields, Attorney at Law",https://www.woodlandscrimlaw.com/,,,The Woodlands,TX,Montgomery,936-703-5002,judithshieldsattorney@gmail.com,Criminal Defense,10655 Six Pines Dr Ste 230,77380,Houston,5,1,2026-09-13,State Bar of Texas Member Directory; State Bar self-reported website
K. Michael Mayes,,,,The Woodlands,TX,Montgomery,936-525-9310,,General,31 copperleaf drive,77381,Houston,4,1,2026-09-13,State Bar of Texas Member Directory
Katrina Cassidy P.C.,https://www.texassurrogacylawyer.com/,,,The Woodlands,TX,Montgomery,281-296-5797,kcassidylaw@comcast.net,General,2002 Timberloch Pl Ste 200,77380,Houston,4,1,2026-09-13,State Bar of Texas Member Directory; State Bar self-reported website
Kean Miller LLP,https://www.keanmiller.com/,,,The Woodlands,TX,Montgomery,832-494-1711,,Personal Injury,1400 Woodloch Forest Dr Ste 400,77380,Houston,5,11,2026-09-13,State Bar of Texas Member Directory; State Bar self-reported website
Kemp Law Firm,https://kemplawfirm.com/,,,The Woodlands,TX,Montgomery,281-681-2600,info@kemplawfirm.com,Personal Injury,26314 Oak Ridge Dr,77380,Houston,5,1,2026-09-13,State Bar of Texas Member Directory; State Bar self-reported website
Kevin Lee Gottshall,,,,The Woodlands,TX,Montgomery,,,General,27 Gilded Pond Pl,77381,Houston,4,1,2026-09-13,State Bar of Texas Member Directory
Kischa NicolGipson Hernandez,https://kischalaw.com/,,,The Woodlands,TX,Montgomery,,info@kischalaw.com,General,"2001 Timberloch Place, Ste. 500",77380,Houston,4,1,2026-09-13,State Bar of Texas Member Directory; State Bar self-reported website
"Knighton and Stone, PLLC",https://www.knightonstone.com/,,,The Woodlands,TX,Montgomery,281-681-3004,,Real Estate,2202 Timberloch Pl Ste 250,77380,Houston,2,2,2026-09-13,State Bar of Texas Member Directory; State Bar self-reported website
Knower Law Firm,,,,The Woodlands,TX,Montgomery,832-588-7480,,Personal Injury,174 Golden Shadow Circle,77381,Houston,5,1,2026-09-13,State Bar of Texas Member Directory
Kristen Michelle Brown,,,,The Woodlands,TX,Montgomery,,kristen@kristenmbrown.com,Criminal Defense,10655 Six Pines Dr Ste 230,77380,Houston,5,1,2026-09-13,State Bar of Texas Member Directory; State Bar self-reported website
Kyla Wilder McGee,,,,The Woodlands,TX,Montgomery,281-904-8323,,Employment Law,26419 Oak Ridge Dr,77380,Houston,3,1,2026-09-13,State Bar of Texas Member Directory; State Bar self-reported website
L Warner Law PLLC,,,,The Woodlands,TX,Montgomery,281-733-0833,,General,1095 Evergreen Cir Ste 200,77380,Houston,4,1,2026-09-13,State Bar of Texas Member Directory
LaRochelle Luna P.C.,https://l2legal.com/,,,The Woodlands,TX,Montgomery,713-364-6510,info@l2legal.com,Civil Litigation,1095 Evergreen Cir Ste 200,77380,Houston,3,1,2026-09-13,State Bar of Texas Member Directory; State Bar self-reported website
"Law Firm of Chuck Meyer, PLLC",,,,The Woodlands,TX,Montgomery,713-532-9357,,Criminal Defense,2001 Timberloch Pl Ste 500,77380,Houston,5,1,2026-09-13,State Bar of Texas Member Directory; State Bar self-reported website
"Law Firm of Robert W. Gibbs, Jr",,,,The Woodlands,TX,Montgomery,281-488-5750,,Estate Planning,67Lakeside Cove,77380,Houston,2,1,2026-09-13,State Bar of Texas Member Directory; State Bar self-reported website
Law Office Of Kelly Chaves,https://chaveslaw.com/,,,The Woodlands,TX,Montgomery,832-631-6148,,Immigration,9595 Six Pines Dr Ste 8210,77380,Houston,2,1,2026-09-13,State Bar of Texas Member Directory; State Bar self-reported website
Law Office Of Rodney Minger,,,,The Woodlands,TX,Montgomery,832-591-8111,,Criminal Defense,9595 Six Pines Dr Ste 8210,77380,Houston,5,1,2026-09-13,State Bar of Texas Member Directory
Law Office of Alexis Bruegger,,,,The Woodlands,TX,Montgomery,832-570-3238,,Criminal Defense,26503 Oak Ridge Dr,77380,Houston,5,1,2026-09-13,State Bar of Texas Member Directory; State Bar self-reported website
Law Office of Ann Lee Moseley,,,,The Woodlands,TX,Montgomery,713-566-1442,,Criminal Defense,2002 Timberloch Pl Ste 200,77380,Houston,5,1,2026-09-13,State Bar of Texas Member Directory
Law Office of Brett Beaty,,,,The Woodlands,TX,Montgomery,281-419-3888,,Real Estate,4 Waterway Square Pl Ste 400,77380,Houston,2,1,2026-09-13,State Bar of Texas Member Directory
Law Office of Bryan Fagan PLLC,https://www.bryanfagan.com/,,,The Woodlands,TX,Montgomery,281-868-8643,,Personal Injury,25211 Grogans Mill Rd Ste 275,77380,Houston,5,3,2026-09-13,State Bar of Texas Member Directory; State Bar self-reported website; manual verified search
Law Office of Cassandra R Noel,https://www.noellegal.com/,,,The Woodlands,TX,Montgomery,832-501-3829,,Bankruptcy,25700 I H 45 Ste 4300,77386,Houston,2,1,2026-09-13,State Bar of Texas Member Directory; State Bar self-reported website
Law Office of Jennifer Casey,https://www.jcaseylawfirm.com/,,,The Woodlands,TX,Montgomery,832-232-0700,scheduling@jcaseylawfirm.com,Bankruptcy,25511 Budde Rd Ste 2302 The Aventura Building,77380,Houston,2,2,2026-09-13,State Bar of Texas Member Directory; State Bar self-reported website
"Law Office of Kristi Barnhill, PLLC",https://www.lawbarnhill.com/,,,The Woodlands,TX,Montgomery,281-210-0009,,General,1095 Evergreen Cir Ste 200,77380,Houston,4,1,2026-09-13,State Bar of Texas Member Directory; State Bar self-reported website
Law Office of Kristie L. Lewis,,,,The Woodlands,TX,Montgomery,,,General,2001 Timberloch Pl Ste 500,77380,Houston,4,1,2026-09-13,State Bar of Texas Member Directory
"Law Office of Lorena N. Gutierrez, PLLC",https://lnglawoffice.com/,,,The Woodlands,TX,Montgomery,832-793-7505,,Criminal Defense,"719 Sawdust Rd., Ste. 111",77380,Houston,5,1,2026-09-13,State Bar of Texas Member Directory; State Bar self-reported website
Law Office of Roberta Rossi,,,,The Woodlands,TX,Montgomery,183-292-8792,,General,83 Windward Cv,77381,Houston,4,1,2026-09-13,State Bar of Texas Member Directory; State Bar self-reported website
"Law Office of Todd Lehn, PLLC",https://conroedefenselawyer.com/,,,The Woodlands,TX,Montgomery,936-267-0911,conroedefenselawyer@gmail.com,Criminal Defense,2001 Timberloch Pl Ste 500,77380,Houston,5,1,2026-09-13,State Bar of Texas Member Directory; State Bar self-reported website
Law Office of Tom Kirkendall,https://www.kir.com/,,,The Woodlands,TX,Montgomery,713-703-3536,,Civil Litigation,2 Violetta Ct,77381,Houston,3,1,2026-09-13,State Bar of Texas Member Directory; State Bar self-reported website
"Law Office of Travis Westbrook, PLLC",https://traviswestbrook.com/,,,The Woodlands,TX,Montgomery,281-615-9841,,Estate Planning,"2001 Timberloch Place, Suite 500",77380,Houston,2,1,2026-09-13,State Bar of Texas Member Directory; State Bar self-reported website
Law Offices of Wendy Baker,,,,The Woodlands,TX,Montgomery,713-489-7551,,Criminal Defense,25911 Oak Ridge Dr,77380,Houston,5,1,2026-09-13,State Bar of Texas Member Directory; State Bar self-reported website
"Lawrence D. Tackett, PLLC",,,,The Woodlands,TX,Montgomery,281-419-2626,,Bankruptcy,85 N Villa Oaks Dr,77382,Houston,2,1,2026-09-13,State Bar of Texas Member Directory; State Bar self-reported website
Leann Wolf Karim,,,,The Woodlands,TX,Montgomery,,,Real Estate,59 N Frosted Pond Dr,77381,Houston,2,1,2026-09-13,State Bar of Texas Member Directory
"Leger Ketchum & Cohoon, PLLC",https://lkclawfirm.com/,,,The Woodlands,TX,Montgomery,832-764-7202,info@lkclawfirm.com,Real Estate,9709 Lakeside Blvd Ste 125,77381,Houston,2,3,2026-09-13,State Bar of Texas Member Directory; State Bar self-reported website
"Legist, PLLC",https://legist.law/,,,The Woodlands,TX,Montgomery,713-600-2727,,Civil Litigation,1525 Lake Front Cir Ste 2,77380,Houston,3,4,2026-09-13,State Bar of Texas Member Directory; State Bar self-reported website
"Leigh K. Freeman, Attorney at Law PLLC",,,,The Woodlands,TX,Montgomery,281-402-6797,,Estate Planning,"2002 Timberloch Place, Suite 200",77380,Houston,2,1,2026-09-13,State Bar of Texas Member Directory; State Bar self-reported website
Lenstrom Law PLLC,,,,The Woodlands,TX,Montgomery,713-686-0067,,General,4747 Research Forest Dr Ste 180 PMB 102,77381,Houston,4,1,2026-09-13,State Bar of Texas Member Directory
Lewis Mediation LLC,,,,The Woodlands,TX,Montgomery,,,General,27 Raintree Place,77381,Houston,4,1,2026-09-13,State Bar of Texas Member Directory; State Bar self-reported website
"Lindamood Law Firm, PLLC",https://www.lindamoodlawfirm.com/,,,The Woodlands,TX,Montgomery,832-791-3333,info@lindamoodlawfirm.com,Estate Planning,"1095 Evergreen Circle, Suite 200",77380,Houston,2,1,2026-09-13,State Bar of Texas Member Directory; State Bar self-reported website
Lisa Quick Metts,,,,The Woodlands,TX,Montgomery,713-857-4727,,Real Estate,247 Saddle Ridge Place,77380,Houston,2,1,2026-09-13,State Bar of Texas Member Directory
Looney Law PLLC,https://www.looneylaw.com/,,,The Woodlands,TX,Montgomery,281-763-7991,info@looneylaw.com,Personal Injury,1095 Evergreen Circle #409,77380,Houston,5,1,2026-09-13,State Bar of Texas Member Directory; State Bar self-reported website
Margaret Mary P. Fleming,,,,The Woodlands,TX,Montgomery,281-658-2017,,General,6607 Lake Woodlands Dr Apt 514 Unit 514,77382,Houston,4,1,2026-09-13,State Bar of Texas Member Directory
"Marissa S. Rahn Attorney at Law, LLC",,,,The Woodlands,TX,Montgomery,,,Civil Litigation,"8708 Technology Forest Pl., Ste 175",77381,Houston,3,1,2026-09-13,State Bar of Texas Member Directory
Mark Franklin Alley,,,,The Woodlands,TX,Montgomery,,,General,39 Belcarra Pl,77382,Houston,4,1,2026-09-13,State Bar of Texas Member Directory
Mark S. Floyd,,,,The Woodlands,TX,Montgomery,,,General,102 Frosted Pond Place,77381,Houston,4,1,2026-09-13,State Bar of Texas Member Directory
Markay Stroud Law Firm,,,,The Woodlands,TX,Montgomery,713-250-8936,,Criminal Defense,2001 Timberloch Pl Ste 500,77380,Houston,5,1,2026-09-13,State Bar of Texas Member Directory; State Bar self-reported website
Mary F. Masterson,,,,The Woodlands,TX,Montgomery,713-703-3297,,Criminal Defense,1095 Evergreen Cir Ste 200,77380,Houston,5,1,2026-09-13,State Bar of Texas Member Directory; State Bar self-reported website
Megan Lindsay Ruffin,,,,The Woodlands,TX,Montgomery,,,Workers' Compensation,7901 Research Forest Dr Ste 400 PMB 1143,77382,Houston,5,1,2026-09-13,State Bar of Texas Member Directory
Melissa Martha Reid,,,,The Woodlands,TX,Montgomery,713-557-8699,,Personal Injury,7 Player Vista Pl,77382,Houston,5,1,2026-09-13,State Bar of Texas Member Directory
Melton E. Knotts,,,,The Woodlands,TX,Montgomery,,,General,19 Harvest Wind Place,77382,Houston,4,1,2026-09-13,State Bar of Texas Member Directory
"Meridian Legal Advisors, PLLC",https://meridianlg.com/,,,The Woodlands,TX,Montgomery,832-447-1208,legal@meridianlg.com,Estate Planning,2002 Timberloch Pl Ste 200,77380,Houston,2,1,2026-09-13,State Bar of Texas Member Directory; State Bar self-reported website
"Michael Davis, Attorney at Law",,,,The Woodlands,TX,Montgomery,713-858-5051,,Estate Planning,257 Palomino Ct,77382,Houston,2,1,2026-09-13,State Bar of Texas Member Directory
Michael Franz Lebold,,,,The Woodlands,TX,Montgomery,,,Civil Litigation,8701 New Trails Dr Ste 200,77381,Houston,3,1,2026-09-13,State Bar of Texas Member Directory
Michael John Yanochik,,,,The Woodlands,TX,Montgomery,281-507-6972,,Civil Litigation,50 Carriage Pines Ct,77381,Houston,3,1,2026-09-13,State Bar of Texas Member Directory
Michael Scott Sankey,,,,The Woodlands,TX,Montgomery,,,General,PO Box 9281,77387,Houston,4,1,2026-09-13,State Bar of Texas Member Directory
"Mitchell, Zientek & Scruggs, LLP",https://www.mzslegal.com/,,,The Woodlands,TX,Montgomery,832-598-8323,,Real Estate,1095 Evergreen Cir Ste 244,77380,Houston,2,3,2026-09-13,State Bar of Texas Member Directory; State Bar self-reported website; manual verified search
Mizulski Law PLLC,,,,The Woodlands,TX,Montgomery,832-341-3033,,Immigration,4747 Research Forest Dr Ste 180 PMB 230,77381,Houston,2,1,2026-09-13,State Bar of Texas Member Directory
Mohammad Ali Mehboob,,,,The Woodlands,TX,Montgomery,,,Criminal Defense,"2001 Timberloch Place, Suite 500",77380,Houston,5,1,2026-09-13,State Bar of Texas Member Directory
Morris Law Firm,,,,The Woodlands,TX,Montgomery,713-389-5454,,Personal Injury,55 Prosewood Dr,77381,Houston,5,1,2026-09-13,State Bar of Texas Member Directory
Mothership Energy,,,,The Woodlands,TX,Montgomery,281-827-1479,,General,24 Waterway Ave Ste 830,77380,Houston,4,1,2026-09-13,State Bar of Texas Member Directory
Murphy LLC,https://pmurphy-llc.com/,,,The Woodlands,TX,Montgomery,713-814-3800,info@pmurphy-llc.com,Civil Litigation,"4576 Research Forest Drive, Suite 200",77380,Houston,3,1,2026-09-13,State Bar of Texas Member Directory; State Bar self-reported website
Mussalli Law Firm,https://www.mussallilaw.com/,,,The Woodlands,TX,Montgomery,713-516-2670,,General,24 Waterway Suite 830,77380,Houston,4,1,2026-09-13,State Bar of Texas Member Directory; State Bar self-reported website
"N. Beth Emery, Esq.",,,,The Woodlands,TX,Montgomery,210-380-6599,,General,8000 Research Forest Dr Ste 115 PMB 276,77382,Houston,4,1,2026-09-13,State Bar of Texas Member Directory
Nelly C. Sanchez Estrada,,,,The Woodlands,TX,Montgomery,281-296-3741,,Immigration,25775 Oak Ridge Dr Ste 120,77380,Houston,2,1,2026-09-13,State Bar of Texas Member Directory; State Bar self-reported website
New Leaf Bankruptcy PLLC,https://www.newleafbk.law/,,,The Woodlands,TX,Montgomery,832-653-9371,rm@newleafbk.law,Bankruptcy,2219 Sawdust Rd Ste 1701,77380,Houston,2,1,2026-09-13,State Bar of Texas Member Directory; State Bar self-reported website
Newtons Law,,,,The Woodlands,TX,Montgomery,281-681-1170,,Civil Litigation,190 N Millport Cir,77382,Houston,3,1,2026-09-13,State Bar of Texas Member Directory; State Bar self-reported website
Newtons.Law,,,,The Woodlands,TX,Montgomery,281-681-1170,,Bankruptcy,190 N Millport Cir,77382,Houston,2,1,2026-09-13,State Bar of Texas Member Directory
Nork Mendez PLLC,https://norkmendez.com/,,,The Woodlands,TX,Montgomery,281-210-1336,adurham@norkmendez.com,Personal Injury,2002 Timberloch Pl Ste 200,77380,Houston,5,2,2026-09-13,State Bar of Texas Member Directory; State Bar self-reported website
Northwest Oral & Maxillofacial Surgery,,,,The Woodlands,TX,Montgomery,832-483-0586,,Employment Law,"4185 Technology Forest Blvd, Step 100",77381,Houston,3,1,2026-09-13,State Bar of Texas Member Directory; State Bar self-reported website
Olivadoti & Olivadoti,,,,The Woodlands,TX,Montgomery,972-377-2572,,General,1095 Evergreen Cir Ste 200,77380,Houston,4,2,2026-09-13,State Bar of Texas Member Directory; State Bar self-reported website
Ondrej Herzog & Carp,https://ohclegal.com/,,,The Woodlands,TX,Montgomery,713-781-7500,,Personal Injury,32731 Egypt Ln Ste 401,77354,Houston,5,2,2026-09-13,State Bar of Texas Member Directory; State Bar self-reported website
"PIE Operating, LLC",,,,The Woodlands,TX,Montgomery,281-364-7800,,Civil Litigation,"25025 I-45 North, Suite 420",77380,Houston,3,1,2026-09-13,State Bar of Texas Member Directory; State Bar self-reported website
Parchman Law Group,,,,The Woodlands,TX,Montgomery,713-518-1902,,Civil Litigation,21 Waterway Ave Ste 300,77380,Houston,3,1,2026-09-13,State Bar of Texas Member Directory; State Bar self-reported website
Patrick Alan Seale,,,,The Woodlands,TX,Montgomery,,,Personal Injury,PO Box 7183,77387,Houston,5,1,2026-09-13,State Bar of Texas Member Directory
Paul K. Abokhair,,,,The Woodlands,TX,Montgomery,281-795-5346,,General,14 Wildever Place,77382,Houston,4,1,2026-09-13,State Bar of Texas Member Directory
"Perdue, Brandon, Fielder, Collins, & Mott, LLP",,,,The Woodlands,TX,Montgomery,832-777-3279,,General,7 Water Mark Way,77381,Houston,4,1,2026-09-13,State Bar of Texas Member Directory
Perkins Legal Association,,,,The Woodlands,TX,Montgomery,713-724-1687,,Personal Injury,18 Tangle Brush Dr,77381,Houston,5,1,2026-09-13,State Bar of Texas Member Directory
Philip Christopher Neisel,,,,The Woodlands,TX,Montgomery,,,General,9950 Woodloch Forest Dr,77380,Houston,4,1,2026-09-13,State Bar of Texas Member Directory
Pitre Law Office,https://kalishlawtexas.com/,,,The Woodlands,TX,Montgomery,281-363-3700,,Civil Litigation,3 Grogans Park Dr Ste 200,77380,Houston,3,2,2026-09-13,State Bar of Texas Member Directory; State Bar self-reported website
Powell Law Firm,https://powelltaxlaw.com/,,,The Woodlands,TX,Montgomery,281-298-2916,,General,2170 Buckthorne Pl Ste 300,77380,Houston,4,1,2026-09-13,State Bar of Texas Member Directory; State Bar self-reported website
"RGWM Law, PLLC",https://rgwmlaw.com/,,,The Woodlands,TX,Montgomery,832-610-1157,service@rgwmlaw.com,Estate Planning,1330 Lake Robbins Dr Ste 360,77380,Houston,2,1,2026-09-13,State Bar of Texas Member Directory; State Bar self-reported website
RRNA,,,,The Woodlands,TX,Montgomery,,,Real Estate,2455 Technology Forest Boulevard,77381,Houston,2,1,2026-09-13,State Bar of Texas Member Directory
"Ramos Law Group, PLLC",https://www.ramosfamilylaw.com/,,,The Woodlands,TX,Montgomery,713-225-6200,info@ramosfamilylaw.com,General,8505 Technology Forest Pl Ste 104,77381,Houston,4,1,2026-09-13,State Bar of Texas Member Directory; State Bar self-reported website
Raymond Walters,,,,The Woodlands,TX,Montgomery,,,General,"1780 Hughes Landing Boulevard, Suite 750",77380,Houston,4,1,2026-09-13,State Bar of Texas Member Directory; State Bar self-reported website
"Razaa Law Firm, PLLC",https://www.razaataxlaw.com/,,,The Woodlands,TX,Montgomery,281-346-4615,info@razaataxlaw.com,General,"1095 Evergreen Cir., Suite 451",77380,Houston,4,1,2026-09-13,State Bar of Texas Member Directory; State Bar self-reported website
"Reekie Law Firm, PLLC",https://www.reekielaw.com/,,,The Woodlands,TX,Montgomery,832-596-5827,,Estate Planning,"9595 Six Pines Drive, Ste 8210",77380,Houston,2,1,2026-09-13,State Bar of Texas Member Directory; State Bar self-reported website
"Richard Martin P. Canlas, Esquire",https://attorneycanlas.com/,,,The Woodlands,TX,Montgomery,936-788-6999,richard@attorneycanlas.com,Criminal Defense,1095 Evergreen Cir Ste 477,77380,Houston,5,1,2026-09-13,State Bar of Texas Member Directory; State Bar self-reported website
Riley Law Group PLLC,,,,The Woodlands,TX,Montgomery,832-856-5707,,Personal Injury,2001 Timberloch Pl Ste 500,77380,Houston,5,1,2026-09-13,State Bar of Texas Member Directory
"Robert Douglas Hall, PLLC.",https://roberthalllaw.com/,,,The Woodlands,TX,Montgomery,281-719-5665,,General,26000 Budde Road,77380,Houston,4,1,2026-09-13,State Bar of Texas Member Directory; State Bar self-reported website
Roberts Law PLLC,https://www.lungcancerfighter.com/,,,The Woodlands,TX,Montgomery,281-844-4034,help@lungcancerfighter.com,Personal Injury,2 Pebble Cove Ct,77381,Houston,5,1,2026-09-13,State Bar of Texas Member Directory; State Bar self-reported website
Rockland Capital,,,,The Woodlands,TX,Montgomery,,,Bankruptcy,24 Waterway Ave Ste 400,77380,Houston,2,1,2026-09-13,State Bar of Texas Member Directory
Ronisha Audrinique Johnson,,,,The Woodlands,TX,Montgomery,,,Civil Rights,2001 Timberloch Pl Ste 500,77380,Houston,3,1,2026-09-13,State Bar of Texas Member Directory
Ronnie Yeates PLLC,,,,The Woodlands,TX,Montgomery,832-529-1000,,Criminal Defense,"1776 Woodstead Court, Suite 112",77380,Houston,5,1,2026-09-13,State Bar of Texas Member Directory; State Bar self-reported website
"Rutledge Law Office, PC",https://www.rutledgelaw.net/,,,The Woodlands,TX,Montgomery,281-528-1535,rickr@rutledgelaw.net,Personal Injury,8701 New Trails Dr Ste 200,77381,Houston,5,1,2026-09-13,State Bar of Texas Member Directory; State Bar self-reported website
Ryan Christopher Leggiero,,,,The Woodlands,TX,Montgomery,281-296-9090,,General,2202 Timberloch Pl Ste 200,77380,Houston,4,1,2026-09-13,State Bar of Texas Member Directory; State Bar self-reported website
"Ryan, LLC",,,,The Woodlands,TX,Montgomery,281-770-0227,,Personal Injury,4 Green Blade Lane,77380,Houston,5,1,2026-09-13,State Bar of Texas Member Directory
S. Craig Daniell & Associates,https://thewoodlandsestatelawyer.com/,,,The Woodlands,TX,Montgomery,281-825-8674,law2@daniell-law.net,Estate Planning,"7 Switchbud Place, Suite 192-233",77380,Houston,2,1,2026-09-13,State Bar of Texas Member Directory; State Bar self-reported website
SCS Global Services,,,,The Woodlands,TX,Montgomery,713-412-5311,,Employment Law,15 Alden Glen Ct,77382,Houston,3,1,2026-09-13,State Bar of Texas Member Directory; State Bar self-reported website
"San Miguel Attorneys, PC",http://sanmiguel.law/,,,The Woodlands,TX,Montgomery,713-795-5299,info@sanmiguel.law,Personal Injury,"25211 Grogans Mill Rd, Suite 110",77380,Houston,5,3,2026-09-13,State Bar of Texas Member Directory; State Bar self-reported website
"Sandoval Law Firm, PLLC",https://sandovalpllc.com/,,,The Woodlands,TX,Montgomery,346-347-7777,,Personal Injury,9709 Lakeside Blvd Ste 525,77381,Houston,5,1,2026-09-13,State Bar of Texas Member Directory; State Bar self-reported website
Savage Enterprises LLC,,,,The Woodlands,TX,Montgomery,281-673-1095,,Employment Law,1575 Sawdust Rd Ste 250,77380,Houston,3,1,2026-09-13,State Bar of Texas Member Directory; State Bar self-reported website
Scott Neil Bauer,,,,The Woodlands,TX,Montgomery,281-364-9900,,General,P.O. Box 131164,77393,Houston,4,1,2026-09-13,State Bar of Texas Member Directory
Scott William Brown,,,,The Woodlands,TX,Montgomery,713-489-9552,,General,24 Waterway Ave Ste 830,77380,Houston,4,1,2026-09-13,State Bar of Texas Member Directory
Shanna Rae Davis,,,,The Woodlands,TX,Montgomery,281-222-6163,,Personal Injury,6700 Woodlands Pkwy Ste 230 PMB 159,77382,Houston,5,1,2026-09-13,State Bar of Texas Member Directory
Sharon Elizabeth Conway,https://sconwaylaw.com/,,,The Woodlands,TX,Montgomery,281-681-2230,,Civil Litigation,8000 Research Forest Dr Ste 115 PMB 39,77382,Houston,3,1,2026-09-13,State Bar of Texas Member Directory; State Bar self-reported website
"Shields Law Group, LLC",https://shieldofjustice.net/,,,The Woodlands,TX,Montgomery,913-393-2080,sshields@,Personal Injury,11 Meadowridge Place,77381,Houston,5,1,2026-09-13,State Bar of Texas Member Directory; State Bar self-reported website
"Shriver & McLean, L.L.P.",https://shrivermclean.com/,,,The Woodlands,TX,Montgomery,281-296-9191,shrivermcleanattys@yahoo.com,General,10655 Six Pines Dr Ste 220,77380,Houston,4,1,2026-09-13,State Bar of Texas Member Directory; State Bar self-reported website
Simich Law Firm P.C.,,,,The Woodlands,TX,Montgomery,713-729-8100,,Real Estate,PO Box 131837,77393,Houston,2,1,2026-09-13,State Bar of Texas Member Directory; State Bar self-reported website
Skillern Firm,,,,The Woodlands,TX,Montgomery,713-354-9681,,General,"1800 Hughes Landing Blvd., Suite 100",77380,Houston,4,1,2026-09-13,State Bar of Texas Member Directory
"Southern Title, LLC",,,,The Woodlands,TX,Montgomery,832-694-3116,,Real Estate,4526 Research Forest Dr Ste 200,77381,Houston,2,1,2026-09-13,State Bar of Texas Member Directory; State Bar self-reported website
"Spielvogel & Spielvogel, PC",https://www.spielvogel.com/,,,The Woodlands,TX,Montgomery,281-367-6700,,General,25211 Grogans Mill Rd Ste 325,77380,Houston,4,1,2026-09-13,State Bar of Texas Member Directory; State Bar self-reported website
"Stanfield & Dupre, PLLC",https://www.stanfielddupre.com/,,,The Woodlands,TX,Montgomery,832-482-4622,info@stanfielddupre.com,Estate Planning,2170 Buckthorne Pl Ste 160,77380,Houston,2,2,2026-09-13,State Bar of Texas Member Directory; State Bar self-reported website; manual verified search
"Starzyk & Associates, P.C",https://www.starzyklaw.com/,,,The Woodlands,TX,Montgomery,281-364-7261,jhudson@starzyklaw.com,Employment Law,"8665 New Trails Drive, Suite 160",77381,Houston,3,1,2026-09-13,State Bar of Texas Member Directory; State Bar self-reported website
Stephen Chris Pappas,,,,The Woodlands,TX,Montgomery,713-252-1878,,General,34 Glowing Star Place,77382,Houston,4,1,2026-09-13,State Bar of Texas Member Directory
Stephen D. Alexander,,,,The Woodlands,TX,Montgomery,281-989-4795,,General,7 Shearwater Place,77381,Houston,4,1,2026-09-13,State Bar of Texas Member Directory
"Stephens Natural Resources, LLC",,,,The Woodlands,TX,Montgomery,281-209-5966,,General,1780 Hughes Landing Blvd Ste 300,77380,Houston,4,1,2026-09-13,State Bar of Texas Member Directory; State Bar self-reported website
Steptoe & Johnson PLLC,https://www.steptoe-johnson.com/,,,The Woodlands,TX,Montgomery,281-203-5700,hoa_paralegals@steptoe-johnson.com,Civil Litigation,1780 Hughes Landing Blvd Ste 750,77380,Houston,3,15,2026-09-13,State Bar of Texas Member Directory; State Bar self-reported website
"Stewart, Hurst, French & Dodson Forensics",,,,The Woodlands,TX,Montgomery,281-505-8177,,Civil Litigation,1095 Evergreen Cir Ste 200,77380,Houston,3,1,2026-09-13,State Bar of Texas Member Directory
TETRA Technologies,,,,The Woodlands,TX,Montgomery,,,Employment Law,24955 Interstate 45,77380,Houston,3,1,2026-09-13,State Bar of Texas Member Directory
THE INFLUENCER FIRM,,,,The Woodlands,TX,Montgomery,281-961-9028,,Civil Litigation,1725 Hughes Landing Blvd Ste 11,77380,Houston,3,1,2026-09-13,State Bar of Texas Member Directory; State Bar self-reported website
"TWFG Holding Company, LLC",,,,The Woodlands,TX,Montgomery,281-466-1151,,General,1201 Lake Woodlands Dr Ste 4020,77380,Houston,4,1,2026-09-13,State Bar of Texas Member Directory; State Bar self-reported website
Talen Energy,https://www.talenenergy.com/,,,The Woodlands,TX,Montgomery,281-203-5403,medialine@talenenergy.com,Civil Litigation,1725 Hughes Landing Blvd Ste 800,77380,Houston,3,1,2026-09-13,State Bar of Texas Member Directory; State Bar self-reported website
Tammy Daley Walston,,,,The Woodlands,TX,Montgomery,832-585-2752,,Real Estate,30 Player Green Pl,77382,Houston,2,1,2026-09-13,State Bar of Texas Member Directory
Target Hospitality,,,,The Woodlands,TX,Montgomery,972-757-3971,,General,9320 Lakeside Blvd Ste 300,77381,Houston,4,1,2026-09-13,State Bar of Texas Member Directory
Terence John Calhoun,,,,The Woodlands,TX,Montgomery,281-961-8083,,General,15 Meadowfair Ct,77381,Houston,4,1,2026-09-13,State Bar of Texas Member Directory
Texas Liens PLLC,https://txlien.com/,,,The Woodlands,TX,Montgomery,832-302-5249,,General,"8708 Technology Forest Pl., Ste. 175",77381,Houston,4,1,2026-09-13,State Bar of Texas Member Directory; State Bar self-reported website
"The Blair Law Firm, P C",http://neldablair.com/,,,The Woodlands,TX,Montgomery,281-363-3632,info@blairfirm.com,Real Estate,7 Grogans Park Dr Ste 3,77380,Houston,2,1,2026-09-13,State Bar of Texas Member Directory; State Bar self-reported website
"The Blair Law Firm, P.C.",,,,The Woodlands,TX,Montgomery,281-363-3632,,General,"7 Grogan's Park Drive, Ste. 3",77380,Houston,4,1,2026-09-13,State Bar of Texas Member Directory
"The Bolton Law Firm, PC",https://www.boltonlegal.com/,,,The Woodlands,TX,Montgomery,281-351-7897,,Estate Planning,2441 High Timbers Dr Ste 400,77380,Houston,2,1,2026-09-13,State Bar of Texas Member Directory; State Bar self-reported website
The Bond Law Firm,https://bvwealth.net/,,,The Woodlands,TX,Montgomery,936-581-5564,,Estate Planning,25211 Grogans Mill Rd Ste 323,77380,Houston,2,1,2026-09-13,State Bar of Texas Member Directory; State Bar self-reported website
"The Guerra Firm, PLLC",https://theguerrafirm.com/,,,The Woodlands,TX,Montgomery,832-791-5129,office@theguerrafirm.com,Estate Planning,2219 Sawdust Rd Ste 1104,77380,Houston,2,1,2026-09-13,State Bar of Texas Member Directory; State Bar self-reported website
The Haley Firm PLLC,https://thehaleyfirm.com/,,,The Woodlands,TX,Montgomery,281-362-2788,srhaley@thehaleyfirm.com,Employment Law,21 Waterway Ave Ste 300,77380,Houston,3,1,2026-09-13,State Bar of Texas Member Directory; State Bar self-reported website
The Hall Law Firm,,,,The Woodlands,TX,Montgomery,281-465-4065,,Civil Litigation,25211 Grogans Mill Rd Ste 274,77380,Houston,3,1,2026-09-13,State Bar of Texas Member Directory; State Bar self-reported website
The Hersom Law Firm,https://hersomlawfirm.com/,,,The Woodlands,TX,Montgomery,281-210-5595,info@hersomlawfirm.com,Criminal Defense,8505 Technology Forest Pl Ste 602,77381,Houston,5,1,2026-09-13,State Bar of Texas Member Directory; State Bar self-reported website
The James Law Firm,http://katherinejameslaw.com/john-hallman/,,,The Woodlands,TX,Montgomery,281-962-8985,info@katherinejameslaw.com,Personal Injury,1095 Evergreen Cir Ste 537,77380,Houston,5,1,2026-09-13,State Bar of Texas Member Directory; State Bar self-reported website
The Kline Law Firm,,,,The Woodlands,TX,Montgomery,713-224-3101,,Personal Injury,25211 Grogans Mill Rd Ste 230,77380,Houston,5,1,2026-09-13,State Bar of Texas Member Directory
"The Law Office of Erin Lucke, PLLC",,,,The Woodlands,TX,Montgomery,281-210-0008,,Estate Planning,2002 Timberloch Pl Ste 200,77380,Houston,2,1,2026-09-13,State Bar of Texas Member Directory; State Bar self-reported website
The Law Office of Kyle J. Moore PLLC,https://kjm.law/,,,The Woodlands,TX,Montgomery,832-856-7737,kyle@kjm.law,General,2002 Timberloch Pl Ste 200,77380,Houston,4,1,2026-09-13,State Bar of Texas Member Directory; State Bar self-reported website
The Law Office of Nicholas R. Dillard,https://talltexaslaw.com/,,,The Woodlands,TX,Montgomery,936-755-5499,nicholas.dillard@talltexaslaw.com,Personal Injury,24 Waterway Ave Ste 760,77380,Houston,5,1,2026-09-13,State Bar of Texas Member Directory; State Bar self-reported website
The Law Office of Samantha M. Malfitano,,,,The Woodlands,TX,Montgomery,936-718-7199,,Criminal Defense,"2001 Timberloch Place, Suit 500",77380,Houston,5,1,2026-09-13,State Bar of Texas Member Directory; State Bar self-reported website
The LeGaye Law Firm,https://www.legayelaw.com/,,,The Woodlands,TX,Montgomery,281-367-2454,,General,"2002 Timberloch Pl, Suite 200",77380,Houston,4,1,2026-09-13,State Bar of Texas Member Directory; State Bar self-reported website
The Leigh Law Firm,https://www.woodlandsinjurylawyer.com/,,,The Woodlands,TX,Montgomery,281-419-3476,,Personal Injury,25325 Ih 45 N Ste A,77380,Houston,5,2,2026-09-13,State Bar of Texas Member Directory; State Bar self-reported website
The Ligon Law Firm,,,,The Woodlands,TX,Montgomery,,,Criminal Defense,21 Waterway Ave Ste 300,77380,Houston,5,1,2026-09-13,State Bar of Texas Member Directory
"The Neuman Law Firm, PLLC",,,,The Woodlands,TX,Montgomery,713-504-2536,,General,71 Alden Glen Dr,77382,Houston,4,1,2026-09-13,State Bar of Texas Member Directory
"The Pettit Law Firm, PLLC",,,,The Woodlands,TX,Montgomery,830-279-6412,,Criminal Defense,26 Overlyn Ct,77381,Houston,5,1,2026-09-13,State Bar of Texas Member Directory
The Philips Law Firm,https://www.philipslawfirm.com/,,,The Woodlands,TX,Montgomery,281-363-1411,office@philipslawfirm.com,Personal Injury,8000 Research Forest Dr Ste 115 PMB 45,77382,Houston,5,1,2026-09-13,State Bar of Texas Member Directory; State Bar self-reported website
"The Rice Law Firm, PLLC",https://tadricelaw.com/,,,The Woodlands,TX,Montgomery,713-234-1266,info@ricefirmpc.com,Personal Injury,25700 I H 45 Ste 130,77386,Houston,5,2,2026-09-13,State Bar of Texas Member Directory; State Bar self-reported website
The Romund Law Firm,,,,The Woodlands,TX,Montgomery,281-536-8557,,General,7 Switchbud Pl Ste 192 PMB 250,77380,Houston,4,1,2026-09-13,State Bar of Texas Member Directory
The Shea Law Firm,https://texastitle19.com/,,,The Woodlands,TX,Montgomery,832-856-4526,,Estate Planning,26314 Oak Ridge Dr,77380,Houston,2,1,2026-09-13,State Bar of Texas Member Directory; State Bar self-reported website
"The Spencer Law Offices, P.C.",,,,The Woodlands,TX,Montgomery,713-934-8800,,Personal Injury,1095 Evergreen Cir Ste 200,77380,Houston,5,1,2026-09-13,State Bar of Texas Member Directory
The Strong Firm P.C.,https://thestrongfirm.com/,,,The Woodlands,TX,Montgomery,281-367-1222,info@thestrongfirm.com,Civil Litigation,24 Waterway Ave Ste 250,77380,Houston,3,5,2026-09-13,State Bar of Texas Member Directory; State Bar self-reported website
The Voss Law Firm. P.C.,https://www.vosslawfirm.com/,,,The Woodlands,TX,Montgomery,713-861-0015,,Civil Litigation,26619 Interstate 45,77380,Houston,3,3,2026-09-13,State Bar of Texas Member Directory; State Bar self-reported website; manual verified search
The Walter Law Group,,,,The Woodlands,TX,Montgomery,281-954-1735,,General,39 Villa Canyon Pl,77382,Houston,4,1,2026-09-13,State Bar of Texas Member Directory
"The Wilson Firm, PLLC",https://thewilsonfirmpllc.com/,,,The Woodlands,TX,Montgomery,281-296-3180,info@thewilsonfirmpllc.com,Civil Litigation,8708 Technology Forest Pl Ste 175,77381,Houston,3,3,2026-09-13,State Bar of Texas Member Directory; State Bar self-reported website
The Woodall Law Firm PLLC,https://www.woodalllawfirm.com/,,,The Woodlands,TX,Montgomery,281-892-1042,info@woodalllawfirm.com,Personal Injury,1725 Hughes Landing Blvd Ste 1250,77380,Houston,5,4,2026-09-13,State Bar of Texas Member Directory; State Bar self-reported website
The Woodlands Law Firm,https://woodlands.law/,,,The Woodlands,TX,Montgomery,832-626-0116,admin@woodlands.law,Personal Injury,2219 Sawdust Rd Ste 803,77380,Houston,5,2,2026-09-13,State Bar of Texas Member Directory; State Bar self-reported website
Theodore J. Stroud,,,,The Woodlands,TX,Montgomery,281-468-3124,,General,6 Bush Oak Ln,77380,Houston,4,1,2026-09-13,State Bar of Texas Member Directory
Thomas Law Firm,,,,The Woodlands,TX,Montgomery,409-767-0316,,Estate Planning,6700 Woodlands Pkwy Ste 230 PMB 111,77382,Houston,2,1,2026-09-13,State Bar of Texas Member Directory
"Thomas M. Fountain & Associates, PLLC",https://houstontriallaw.com/,,,The Woodlands,TX,Montgomery,281-296-6500,,Personal Injury,24900 Pitkin Rd Ste 110,77386,Houston,5,1,2026-09-13,State Bar of Texas Member Directory; State Bar self-reported website
"Tony Henson, Attorney at Law",https://tonyhensonlaw.com/,,,The Woodlands,TX,Montgomery,704-915-1167,tony@tonyhensonlaw.com,Criminal Defense,2001 Timberloch Pl. Suite 500,77380,Houston,5,1,2026-09-13,State Bar of Texas Member Directory; State Bar self-reported website
Tracy Edler Solak,,,,The Woodlands,TX,Montgomery,,,Criminal Defense,26 Mill Point Pl,77380,Houston,5,1,2026-09-13,State Bar of Texas Member Directory
"Trapp Law Firm, PC",,,,The Woodlands,TX,Montgomery,281-503-1600,,Real Estate,1095 Evergreen Cir Ste 203,77380,Houston,2,1,2026-09-13,State Bar of Texas Member Directory
"Turney & Espino, PLLC",https://turney-law.com/,,,The Woodlands,TX,Montgomery,281-645-6749,,Estate Planning,1095 Evergreen Cir Ste 200,77380,Houston,2,2,2026-09-13,State Bar of Texas Member Directory; State Bar self-reported website
US Visa Latam PLLC,,,,The Woodlands,TX,Montgomery,281-362-2700,,Immigration,21 waterway Av Ste 300,77380,Houston,2,1,2026-09-13,State Bar of Texas Member Directory; State Bar self-reported website
User Friendly Media and UpSnap,,,,The Woodlands,TX,Montgomery,281-465-5400,,Employment Law,"10200 Grogan's Mill Road, Suite 440",77380,Houston,3,1,2026-09-13,State Bar of Texas Member Directory; State Bar self-reported website
"Vernier & Associates, PLLC",https://vernierlawfirm.com/,,,The Woodlands,TX,Montgomery,281-364-1187,,Criminal Defense,2441 High Timbers Dr Ste 110,77380,Houston,5,3,2026-09-13,State Bar of Texas Member Directory; State Bar self-reported website
Ward law Firm,https://www.dwardlaw.com/,,,The Woodlands,TX,Montgomery,281-362-7728,,Civil Litigation,10077 Grogans Mill Rd Ste 540,77380,Houston,3,3,2026-09-13,State Bar of Texas Member Directory; State Bar self-reported website
Waterway Wealth Management,,,,The Woodlands,TX,Montgomery,281-363-0000,,General,21 Waterway Ave Ste 500,77380,Houston,4,1,2026-09-13,State Bar of Texas Member Directory
"Webber, LLC",,,,The Woodlands,TX,Montgomery,281-907-8600,,General,"1725 Hughes Landing Blvd., Suite 1200",77380,Houston,4,1,2026-09-13,State Bar of Texas Member Directory; State Bar self-reported website
"Wendy L. Little, Attorney at Law",,,,The Woodlands,TX,Montgomery,936-760-7609,,Criminal Defense,"10655 Six Pines Drive, Suite 230",77380,Houston,5,1,2026-09-13,State Bar of Texas Member Directory
"Wham & Rogers, PLLC",https://www.whamandrogers.com/,,,The Woodlands,TX,Montgomery,832-592-1108,,Personal Injury,"9400 Grogan's Mill Road, Suite 305 Suite 305",77380,Houston,5,3,2026-09-13,State Bar of Texas Member Directory; State Bar self-reported website
Whisenant & Associates Attorneys at Law,https://www.jtwlawoffice.com/,,,The Woodlands,TX,Montgomery,281-681-8889,,Bankruptcy,10055 Grogans Mill Rd Ste 130,77380,Houston,2,2,2026-09-13,State Bar of Texas Member Directory; State Bar self-reported website; manual verified search
"White & Mejias, PLLC",https://www.whitemejias.com/,,,The Woodlands,TX,Montgomery,713-818-7116,,Estate Planning,2219 Sawdust Rd Ste 102,77380,Houston,2,1,2026-09-13,State Bar of Texas Member Directory; State Bar self-reported website
Whittemore Law Firm,https://whittemorelawfirm.com/,,,The Woodlands,TX,Montgomery,832-215-3706,,General,4747 Research Forest Dr Ste 180 PMB 111,77381,Houston,4,1,2026-09-13,State Bar of Texas Member Directory; State Bar self-reported website
William C. Bledsoe,,,,The Woodlands,TX,Montgomery,832-225-8980,,General,PO Box 131017,77393,Houston,4,1,2026-09-13,State Bar of Texas Member Directory
William Lee Dawkins,,,,The Woodlands,TX,Montgomery,,,General,2723 Lake Front Circle,77380,Houston,4,1,2026-09-13,State Bar of Texas Member Directory
William Martin Imwalle,,,,The Woodlands,TX,Montgomery,972-489-6673,,General,15 Wooded Brook Dr.,77382,Houston,4,1,2026-09-13,State Bar of Texas Member Directory
Winstead PC,https://www.winstead.com/,,,The Woodlands,TX,Montgomery,281-681-5960,dmartinez@winstead.com,Estate Planning,24 Waterway Ave Ste 500,77380,Houston,2,10,2026-09-13,State Bar of Texas Member Directory; State Bar self-reported website
Wolfrom Law Firm,,,,The Woodlands,TX,Montgomery,346-589-4720,,Personal Injury,8708 Technology Forest Pl Ste 175,77381,Houston,5,1,2026-09-13,State Bar of Texas Member Directory
"Wood | Sanchez, P.L.L.C.",https://www.aswlawoffice.com/,,,The Woodlands,TX,Montgomery,832-458-1502,admin@woodsanchez.com,General,25700 Interstate 45 Ste 4064,77386,Houston,4,1,2026-09-13,State Bar of Texas Member Directory; State Bar self-reported website
"Woodlands Bankruptcy, PC",https://www.woodlandsbankruptcy.com/,,,The Woodlands,TX,Montgomery,713-492-7978,yvettevrecio@gmail.com,Bankruptcy,26310 Oak Ridge Dr Ste 4,77380,Houston,2,1,2026-09-13,State Bar of Texas Member Directory; State Bar self-reported website
Xavier Law Firm,https://www.xavierlawfirm.com/,,,The Woodlands,TX,Montgomery,281-296-3741,,Criminal Defense,25775 Oak Ridge Dr Ste 120,77380,Houston,5,2,2026-09-13,State Bar of Texas Member Directory; State Bar self-reported website
woodlands church,,,,The Woodlands,TX,Montgomery,281-367-1900,,General,1 Fellowship Dr,77384,Houston,4,1,2026-09-13,State Bar of Texas Member Directory
SHLB3 LLC / Hutson Group,,,,Tomball,TX,Montgomery,713-304-0595,,General,108 Commerce St,77375,Houston,4,1,2026-09-13,State Bar of Texas Member Directory; State Bar self-reported website
Amanda Jean Culbertson,,,,Willis,TX,Montgomery,,,General,502 W Montgomery St PMB 150,77378,Houston,4,1,2026-09-13,State Bar of Texas Member Directory
Ann Elizabeth Webb,,,,Willis,TX,Montgomery,281-799-0145,,Immigration,14688 Hillshire Dr,77318,Houston,2,1,2026-09-13,State Bar of Texas Member Directory
Christin Crawford,,,,Willis,TX,Montgomery,,,General,14704 Oak Shores Dr,77318,Houston,4,1,2026-09-13,State Bar of Texas Member Directory
Diane Y. Smith,,,,Willis,TX,Montgomery,281-890-4204,,Estate Planning,7066 Gentle Breeze Dr,77318,Houston,2,1,2026-09-13,State Bar of Texas Member Directory
"Harmond & Associates Law, PLLC",,,,Willis,TX,Montgomery,936-228-6544,,Estate Planning,204 W. Montgomery St.,77378,Houston,2,1,2026-09-13,State Bar of Texas Member Directory
Howard D. Walker,,,,Willis,TX,Montgomery,281-580-2522,,Civil Litigation,1411 Bowsprit Pt,77318,Houston,3,1,2026-09-13,State Bar of Texas Member Directory
John M. Vardeman,,,,Willis,TX,Montgomery,361-815-2811,,Bankruptcy,326 Irenic Mist Court,77318,Houston,2,1,2026-09-13,State Bar of Texas Member Directory
Law Office of John R. Thomason,,,,Willis,TX,Montgomery,936-661-6434,,General,PO Box 281,77378,Houston,4,1,2026-09-13,State Bar of Texas Member Directory
"Law Offices of Jacquelyn Smith Joy, PLLC",https://secure304.inmotionhosting.com/~certif52/jacquelynjoylaw.com/,,,Willis,TX,Montgomery,713-528-2558,,Estate Planning,12558 St. Ann Ct.,77318,Houston,2,1,2026-09-13,State Bar of Texas Member Directory; State Bar self-reported website
Legge Law Firm,,,,Willis,TX,Montgomery,713-817-0273,,Civil Litigation,11440 Outpost Cove,77318,Houston,3,1,2026-09-13,State Bar of Texas Member Directory; State Bar self-reported website
Loomis & Loomis,,,,Willis,TX,Montgomery,,,Employment Law,132 Hushed Nightfall Court,77318,Houston,3,1,2026-09-13,State Bar of Texas Member Directory
Myriam Klein Legge,,,,Willis,TX,Montgomery,,,Personal Injury,11440 Outpost Cove Dr,77318,Houston,5,1,2026-09-13,State Bar of Texas Member Directory
Olimpia Sacaciu Law Firm PLLC,https://www.olimpia-law-firm-pllc.com/,,,Willis,TX,Montgomery,281-691-3922,,Personal Injury,13570 Needham PL,77318,Houston,5,1,2026-09-13,State Bar of Texas Member Directory; State Bar self-reported website
Richard William Panzeri,,,,Willis,TX,Montgomery,,,General,10127 Lehman Dr,77318,Houston,4,1,2026-09-13,State Bar of Texas Member Directory
Rick Brass,,,,Willis,TX,Montgomery,713-542-2997,,Criminal Defense,7035 Pleasure Lake Dr.,77318,Houston,5,1,2026-09-13,State Bar of Texas Member Directory
Timothy Martin Rodman,,,,Willis,TX,Montgomery,936-228-7454,,Estate Planning,12161 Fm 830 Rd Bldg B,77318,Houston,2,1,2026-09-13,State Bar of Texas Member Directory
Yardas Law Firm,https://hmnndmfv.gensparkspace.com/,,,Willis,TX,Montgomery,936-756-1020,,Personal Injury,299 Rivus Overlook Dr,77318,Houston,5,1,2026-09-13,State Bar of Texas Member Directory; State Bar self-reported website; Justia
Excelerate Energy,,,,The Woodlands,TX,Montgomery,832-813-7665,,General,2445 Technology Forest Level 6,77381,Houston,4,1,2026-09-13,State Bar of Texas Member Directory
"Jack Lynch, LLc",,,,"Woodlands,",TX,Montgomery,713-417-0744,,General,26 Hepplewhite Way,77382,Houston,4,1,2026-09-13,State Bar of Texas Member Directory
