law_firm_name,website,google_business_profile,legal_directory_listing,city,state,county,phone_number,email,practice_area,street_address,zip_code,msa,priority
"A & L, Licker Law Firm",http://www.lickerlawfirm.com,,,Green Park,MO,St. Louis,(636) 916-0950,documents@lickerlawfirm.com,Bankruptcy,7321 S Lindbergh Blvd,63125,St. Louis,2
"A Bankruptcy Law Firm, LLC | South County Bankruptcy Lawyers",https://bensonlawfirms.com/,https://www.google.com/maps/place/?q=place_id:ChIJcZKvWV7I2IcR4IoRW1N968E,,Green Park,MO,St. Louis,(866) 381-4442,,Personal Injury,4121 Union Rd Suite 221,63129,St. Louis,5
A. G. Laramore LLC,,,,Mehlville,MO,St. Louis,(314) 241-0999,,General,"10024 Office Center Ave, Ste 202",63128,St. Louis,4
Affinity Law Group LLC,http://www.affinitylawgrp.com/,https://www.google.com/maps/place/?q=place_id:ChIJBwd_W1rN2IcR0-P8CIdCnbY,,Town and Country,MO,St. Louis,(314) 872-3333,kbilderback@sandbergphoenix.com,Employment Law,1610 Des Peres Rd,63131,St. Louis,3
All American Towing LLC,,,,University City,MO,St. Louis,(314) 726-1122,,General,6400 Spencer Ave,63133,St. Louis,4
Allison F. Stenger P.C.,https://www.lawsaintlouis.com/?utm_source=google&utm_medium=local,https://www.google.com/maps/place/?q=place_id:ChIJ0ziqYezK2IcR5MCVajh3qJY,,Olivette,MO,St. Louis,(314) 863-1117,,Personal Injury,1125 Olivette Executive Pkwy #120,63132,St. Louis,5
Alternative Agreements,https://consideringdivorce.com/,https://www.google.com/maps/place/?q=place_id:ChIJ5x91HEo134cRbEf-uCuQUuQ,,University City,MO,St. Louis,(314) 862-0202,,Family Law,7101 Delmar Blvd,63130,St. Louis,4
"Amato Family Law, LLC",http://amatofamilylaw.com/,https://www.google.com/maps/place/?q=place_id:ChIJB2mkHNbK2IcRkoZjg5m5nIA,,Clayton,MO,St. Louis,(314) 727-7122,,Family Law,230 S Bemiston Ave,63105,St. Louis,4
"American Fire Sprinklers, LLC",http://www.americansprinklers.biz,,,Affton,MO,St. Louis,(314) 416-8788,,General,10987 Lin Valle Dr,63123,St. Louis,4
Amy Bender-Levy,https://www.pcblawfirm.com/?utm_source=gbp&utm_medium=organic&utm_campaign=st-louis-mo,https://www.google.com/maps/place/?q=place_id:ChIJH8NzGNU034cROOwZrWaqskI,,Clayton,MO,St. Louis,(314) 727-2266,,Family Law,165 N Meramec Ave # 110,63105,St. Louis,4
Anderson Legal Group LLC,http://www.andersonlegal.us/,https://www.google.com/maps/place/?q=place_id:ChIJuQO5AHLT2IcRJrTV2Sd3CZI,,Ballwin,MO,St. Louis,(314) 526-1377,David@AndersonLegal.us,Personal Injury,930 Kehrs Mill Rd #214,63011,St. Louis,5
Aranda Law Firm,https://arandalaw.com/,https://www.google.com/maps/place/?q=place_id:ChIJx62_ABrL2IcRpCrNrMQKJqw,,Clayton,MO,St. Louis,(314) 665-3678,ben@arandalaw.com,Family Law,225 S Meramec Ave Apt 325,63105,St. Louis,4
Archer Law Firm LLC,http://www.mikearcherlawfirm.com/,https://www.google.com/maps/place/?q=place_id:ChIJk1Cthv7H2IcRqEVt3n9IiGo,,Green Park,MO,St. Louis,(314) 200-6664,mike@mikearcherlawfirm.com,Personal Injury,4500 Telegraph Rd Ste 106 Suite 106,63129,St. Louis,5
Armstrong Teasdale LLP,http://www.armstrongteasdale.com/,https://www.google.com/maps/place/?q=place_id:ChIJc9DYiB6z2IcRs8AHFBnp6Iw,,Clayton,MO,St. Louis,(314) 621-5070,,Criminal Defense,7700 Forsyth Blvd,63105,St. Louis,5
Avery Injury Law,https://www.averyinjurylaw.com,,,Sunset Hills,MO,St. Louis,(314) 549-5600,,Personal Injury,11878 Gravois Rd,63127,St. Louis,5
Avioli Law PC,https://www.aviolilaw.com,,,Webster Groves,MO,St. Louis,(314) 551-2530,m.avioli@aviolilaw.com,Criminal Defense,144 W Lockwood Ave,63119,St. Louis,5
Bajric & Ramic Law Office,https://brlegal.net/?utm_source=gmb&utm_medium=organic&utm_content=listing&utm_campaign=local,https://www.google.com/maps/place/?q=place_id:ChIJexK_mNq12IcRMbfM2GAE-mo,,Green Park,MO,St. Louis,(314) 352-6800,,Personal Injury,3245 Lemay Ferry Rd,63125,St. Louis,5
Bamvakais Michael R,http://dbopc.com/,https://www.google.com/maps/place/?q=place_id:ChIJlzEaO5nJ2IcRN-AOyHjFfbU,,Affton,MO,St. Louis,(314) 631-0200,,General,9939 Gravois Rd,63123,St. Louis,4
"Bardol Law Firm, LLC - Family Law Attorneys",https://bardollaw.com/,https://www.google.com/maps/place/?q=place_id:ChIJHb0oPZTL2IcRXnzXWu0W8zc,,Webster Groves,MO,St. Louis,(314) 648-3709,info@bardollaw.com,Family Law,34 N Gore Ave Suite 203,63119,St. Louis,4
Baylard Billington & Dempsey,https://bbd-law.com/,https://www.google.com/maps/place/?q=place_id:ChIJb4bzTmgo2YcR3ssegPn47n0,,Fenton,MO,St. Louis,(636) 938-6500,,Social Security Disability,,63025,St. Louis,1
Beck & Beck Missouri Car Accident Lawyers,https://becklawmo.com/st-louis-mo-car-accident-lawyer/?utm_source=google&utm_medium=organic&utm_campaign=gbp_brentwood,https://www.google.com/maps/place/?q=place_id:ChIJm-iRwdTK2IcR5ILcDFlTIlM,,Brentwood,MO,St. Louis,(314) 207-9996,,Personal Injury,8770 Rose Ave,63144,St. Louis,5
Beckemeier LeMoine Law,https://www.beckemeierlemoine.com,,,Town and Country,MO,St. Louis,(314) 965-2277,,Family Law,13421 Manchester Rd Ste 103,63131,St. Louis,4
"Bell, Stephen G - Stephen Bell Law Offices",,,,Kirkwood,MO,St. Louis,(314) 821-8212,,General,450 George Ave,63122,St. Louis,4
"Bender & Company CPAs, PC",http://www.bendercpa.com,,,Mehlville,MO,St. Louis,(314) 525-7125,,Bankruptcy,13014 Butler Crest Dr,63128,St. Louis,2
"Berkowitz, Ira M",,https://www.google.com/maps/place/?q=place_id:ChIJtajhUqhK34cR3xr12ltKI-I,,University City,MO,St. Louis,(314) 725-9696,,General,500 Skinker Blvd,63130,St. Louis,4
Bill Gordon & Associates,http://www.billgordon.com/StLouis,,,Maryland Heights,MO,St. Louis,(314) 546-4220,,General,111 West Port Plz #600,63146,St. Louis,4
"Blue Maven Law, LLC",https://bluemavenlaw.com/,https://www.google.com/maps/place/?q=place_id:ChIJvUKJz2PO2IcR0i1vjeWRm-U,,Fenton,MO,St. Louis,(636) 549-3499,,Business Law,221 Thresher Dr,63025,St. Louis,2
Bobroff Hesse Lindmark & Martone PC,http://www.bobroffhesse.com,,,Town and Country,MO,St. Louis,(314) 862-0300,,Intellectual Property,1650 Des Peres Rd,63131,St. Louis,1
Bohrer Law Firm,http://www.bohrerlegal.com,,,Webster Groves,MO,St. Louis,(314) 962-0555,,General,7503 Big Bend Blvd,63119,St. Louis,4
Brinker & Doyen,http://brinkerdoyen.com/,https://www.google.com/maps/place/?q=place_id:ChIJ_yWk3CrL2IcRh0iBjp-N5O0,,Clayton,MO,St. Louis,(314) 863-6311,,Medical Malpractice,34 N Meramec Ave,63105,St. Louis,5
"Bruntrager & Billings, P.C. Attorneys at Law",http://www.law-stl.com/,https://www.google.com/maps/place/?q=place_id:ChIJOVbOr-3K2IcR0a65bqcK5Bw,,Clayton,MO,St. Louis,(314) 646-0066,contact@law-stl.com,Personal Injury,168 N Meramec Ave # 400,63105,St. Louis,5
Budget traffic Law Offices,http://www.budgettrafficlaw.com,,,Mehlville,MO,St. Louis,(314) 849-8000,,General,11728 Baptist Church Rd,63128,St. Louis,4
Burkhardt Law Firm LLC,http://www.burkhardtlaw.com/,https://www.google.com/maps/place/?q=place_id:ChIJgQ1ni28y34cRGoKPswUdKxE,,Maryland Heights,MO,St. Louis,(314) 518-1581,mburkhardt@burkhardtlaw.com,Estate Planning,2333 Grissom Dr Apt 107,63146,St. Louis,2
Burlis Lawson Group,http://www.burlislawson.com,,,Ballwin,MO,St. Louis,(636) 391-0086,jay@blgkitchens.com,Tax Law,930 Kehrs Mill Rd,63011,St. Louis,1
Butler Law Group LLC,https://www.butlerlawstl.com/?utm_source=organic&utm_medium=gbp&utm_campaign=nsa-seo,https://www.google.com/maps/place/?q=place_id:ChIJx4616fS12IcRNJehEiraj8U,,Town and Country,MO,St. Louis,(314) 254-2169,,DUI,1650 Des Peres Rd Suite 220,63131,St. Louis,5
Byrnes Law Firm,https://lawyerstlouis.net,,,Clayton,MO,St. Louis,(314) 312-0404,,General,"8008 Carondelet Ave., Suite 310",63105,St. Louis,4
C & R Legal Solutions,,,,Affton,MO,St. Louis,(314) 843-0808,,General,8502 Grantshire Ln,63123,St. Louis,4
CFN Lawyers LLC,https://cfnllc.us/,https://www.google.com/maps/place/?q=place_id:ChIJm1fzUQDT2IcRObOkbpfP_Co,,Ballwin,MO,St. Louis,(646) 386-8128,example@email.com,Social Security Disability,301 Sovereign Ct #119d,63011,St. Louis,1
Callis Papa Hale Szewczyk,http://callislawoffice.businesscatalyst.com,,,Crestwood,MO,St. Louis,(800) 851-3105,,General,11422 Gravois Rd,63126,St. Louis,4
Cantor & Burger,http://cantorburger.com,,,Clayton,MO,St. Louis,(314) 542-9999,,General,56 Broadview Dr,63105,St. Louis,4
Cantor Injury Law,https://www.cantorinjurylaw.com,,,Creve Coeur,MO,St. Louis,(314) 628-9999,,Personal Injury,12283 Olive Blvd,63141,St. Louis,5
Carey & Danis,https://careydanis.com/?utm_source=gbp&utm_medium=organic,https://www.google.com/maps/place/?q=place_id:ChIJs0pTvyzL2IcRsOpaiAGKd-Y,,Clayton,MO,St. Louis,(314) 710-2051,,Personal Injury,8235 Forsyth Blvd # 1100,63105,St. Louis,5
Carl Ward Law,https://www.criminaldefensemo.com,,,Town and Country,MO,St. Louis,(314) 369-1180,,Criminal Defense,12444 Powerscourt Dr,63131,St. Louis,5
Catlett William A,http://www.catlettlawoffices.com,,,Affton,MO,St. Louis,(314) 631-7200,,General,9939 Gravois Rd,63123,St. Louis,4
Cavanagh & Associates,https://family.cavlawstl.com/,https://www.google.com/maps/place/?q=place_id:ChIJgXOG7ynL2IcRzELfk_YQRVg,,Clayton,MO,St. Louis,(314) 309-2799,,General,7800 Forsyth Blvd #600,63105,St. Louis,4
CertaPro Painters of Wildwood,http://www.certapro.com,,,Fenton,MO,St. Louis,(314) 681-4537,,Social Security Disability,237 E 5th St,63025,St. Louis,1
Cesar A. Millan Attorney at Law,http://www.cesaramillan.com/,https://www.google.com/maps/place/?q=place_id:ChIJeYGjN07P2IcRdXiZYTTSNYI,,University City,MO,St. Louis,(314) 443-2578,,Personal Injury,8434 Page Ave,63130,St. Louis,5
Chapnick Jerrold H,http://ciuffalawfirm.com,,,Olivette,MO,St. Louis,(314) 997-4321,,General,9306 Olive Blvd,63132,St. Louis,4
Charron Law Firm,http://www.charronlaw.com,,,Webster Groves,MO,St. Louis,(314) 963-8939,,General,313 N Rock Hill Rd,63119,St. Louis,4
Childress Ahlheim Cary - Attorneys At Law,,,,Brentwood,MO,St. Louis,(314) 621-9800,,General,1699 S Hanley Rd,63144,St. Louis,4
"Christopher M. Barclay, Attorney-at-Law",,,,Town and Country,MO,St. Louis,(314) 985-5661,,General,1110 Clayton Place Dr,63131,St. Louis,4
Christopher W Hamlin Attorney,http://www.husch.com,,,Clayton,MO,St. Louis,(314) 480-1755,,Social Security Disability,190 Carondelet Plz,63105,St. Louis,1
Chura Gary P,http://www.thechuralawfirm.com,,,Moline Acres,MO,St. Louis,(314) 521-1775,,General,10 S Elizabeth Ave,63135,St. Louis,4
"Classic Towing and Recovery, LLC",,,,Overland,MO,St. Louis,(314) 766-3575,,General,3332 W Tennyson Ave,63114,St. Louis,4
Coats Law Firm,http://www.coatslawfirm.com,,,Brentwood,MO,St. Louis,(314) 644-0602,ticket@trafficlawstop.com,Criminal Defense,2601 S Hanley Rd,63144,St. Louis,5
Cochran Mick,http://cochraneng.com,,,Town and Country,MO,St. Louis,(314) 266-4288,,General,10411 Clayton Rd,63131,St. Louis,4
Cofman Townsley Attorneys at Law,https://www.cofmantownsley.com/?utm_source=google&utm_medium=organic&utm_campaign=local,https://www.google.com/maps/place/?q=place_id:ChIJU0KXKNTK2IcRFfjghXf5cDE,,Richmond Heights,MO,St. Louis,(314) 777-7777,,Personal Injury,7701 Clayton Rd,63117,St. Louis,5
Cohan Law Firm LLC,https://www.cohanlawfirm.com/,https://www.google.com/maps/place/?q=place_id:ChIJIZSfZynL2IcR58XUAk3Uc7c,,Clayton,MO,St. Louis,(314) 726-6100,,Family Law,225 S Meramec Ave #502,63105,St. Louis,4
Collaborative Family Law Association,http://www.stlouisfamilylaw.com,,,Richmond Heights,MO,St. Louis,(314) 863-0033,,General,1200 S Big Bend Blvd,63117,St. Louis,4
Combs Waterkotte,https://www.combswaterkotte.com/,https://www.google.com/maps/place/?q=place_id:ChIJgVe7z8w034cRPuQ14fVYqwg,,Clayton,MO,St. Louis,(314) 900-4357,,Personal Injury,231 S Bemiston Ave Suite 1100,63105,St. Louis,5
Conquer Law,https://conquerlawfirm.com/contact-us,https://www.google.com/maps/place/?q=place_id:ChIJS3QZu1PJ2IcR_v0039G6bEU,,Crestwood,MO,St. Louis,(314) 270-4333,thomasfagan288@gmail.com,Personal Injury,9109 Watson Rd,63126,St. Louis,5
Consumer Law Advocates,http://www.consumerlawadvocates.com,,,Creve Coeur,MO,St. Louis,(314) 692-2001,,Social Security Disability,11330 Olive Blvd,63141,St. Louis,1
Corinne R Coston,http://www.bbwwllc.com,,,Clayton,MO,St. Louis,(314) 727-5533,,General,7711 Bonhomme Ave,63105,St. Louis,4
Corley Law Firm,http://www.corleylaw.com,,,Creve Coeur,MO,St. Louis,(314) 590-0001,,General,999 Executive Parkway Dr,63141,St. Louis,4
Cotter Thomas J,,,,Webster Groves,MO,St. Louis,(314) 962-5841,,General,300 Reavis Pl,63119,St. Louis,4
Coulson Elder Law,http://www.coulsonelderlaw.com,,,Maryland Heights,MO,St. Louis,(314) 567-9292,,Medical Malpractice,2200 W Port Plaza Dr,63146,St. Louis,5
Courageous Powerhouse LLC,,,,Riverview,MO,St. Louis,(314) 319-6337,,General,313 Chambers Rd,63137,St. Louis,4
"Craig J. Concannon, P.C.",https://stlouiscaraccidentlaw.com/,https://www.google.com/maps/place/?q=place_id:ChIJT5E05Mk134cR7RkI1RIzUms,,Clayton,MO,St. Louis,(314) 421-3329,cjc@concannonlaw.com,Personal Injury,7911 Forsyth Blvd #300,63105,St. Louis,5
Crawford IP Law,http://www.crawfordiplaw.com,,,Town and Country,MO,St. Louis,(314) 614-6443,dcrawford@fastforwardlaw.com,Real Estate,1015 Grupp Rd Unit 31097,63131,St. Louis,2
"CreatiVenture Law, LLC",https://www.cvlfirm.com,,,Creve Coeur,MO,St. Louis,(314) 995-3977,,Family Law,10425 Old Olive Street Rd Ste 202,63141,St. Louis,4
Crow Takacs Texier,http://www.cttlaw.net,,,Brentwood,MO,St. Louis,(314) 918-0045,,General,2025 S Brentwood Blvd,63144,St. Louis,4
Cruise Planners-Kent Lawrence,https://www.circletheworldadventures.com,,,Fenton,MO,St. Louis,(636) 492-1146,,Social Security Disability,2329 Viminal Ct,63026,St. Louis,1
Crystal Lake Park City Clerk,http://www.crystallakepark.org,,,Town and Country,MO,St. Louis,(314) 993-1160,,Social Security Disability,2104 Oak Dr,63131,St. Louis,1
Cullinane Law Firm,http://www.cullinanelawfirm.com,,,Town and Country,MO,St. Louis,(314) 569-1500,,General,10411 Clayton Rd,63131,St. Louis,4
Cynthia Thomas Law Offices,,https://www.google.com/maps/place/?q=place_id:ChIJ3Q9dX2I234cRBKEDiAkd5wg,,Overland,MO,St. Louis,(314) 524-8900,,General,8600 Airport Rd # 101,63134,St. Louis,4
DH Law Firm,,,,Brentwood,MO,St. Louis,(314) 550-3717,,General,8923 Litzsinger Rd,63144,St. Louis,4
Dan White,http://www.dannonwhite.wearelegalshield.com/,https://www.google.com/maps/place/?q=place_id:ChIJi7YFXiNL34cRkrD_NBQhZAA,,Florissant,MO,St. Louis,(314) 717-1985,,General,,63136,St. Louis,4
"Danna McKitrick, P.C., Attorneys at Law",https://www.dannamckitrick.com/,https://www.google.com/maps/place/?q=place_id:ChIJeUws9tTK2IcR4-aSG26DHLA,,Clayton,MO,St. Louis,(314) 726-1000,info@dmfirm.com,Employment Law,7701 Forsyth Blvd #1200,63105,St. Louis,3
"David Lawrence Zenk, DO",https://www.mercy.net/doctor/david-lawrence-zenk-do,,,Town and Country,MO,St. Louis,(314) 821-1313,,Employment Law,1000 Des Peres Rd Ste 310,63131,St. Louis,3
DeMoor Law Firm,https://www.demoorlawfirm.com,,,Clayton,MO,St. Louis,(314) 540-5350,,Personal Injury,8235 Forsyth Blvd,63105,St. Louis,5
Debra K Schuster & Associates,http://www.dschuster.com,,,Clayton,MO,St. Louis,(314) 991-2602,,General,165 N Meramec Ave,63105,St. Louis,4
Denk Michael J Attorney,http://www.missouriestateplanning.info,,,Creve Coeur,MO,St. Louis,(636) 230-3100,,Estate Planning,600 Mason Ridge Center Dr,63141,St. Louis,2
DentNation International LLC,https://www.dentnation.us,,,Webster Groves,MO,St. Louis,(314) 968-8000,,General,9840 Manchester Road,63119,St. Louis,4
Dentons,https://www.dentons.com/en/global-presence/united-states/st-louis,https://www.google.com/maps/place/?q=place_id:ChIJ5YP1tEvC2IcRX8AZM2VXS5Q,,Clayton,MO,St. Louis,(314) 241-1800,,General,101 S Hanley Rd #600,63105,St. Louis,4
Diekman & Leightner Attorneys At Law L.L.C.,http://diekmanleightner.com/,https://www.google.com/maps/place/?q=place_id:ChIJB2mkHNbK2IcRl3hg7AhEFWE,,Clayton,MO,St. Louis,(314) 725-9850,info@dl-lawstl.com,Criminal Defense,7777 Bonhomme Ave # 1200,63105,St. Louis,5
Disability Law Group,http://www.disabilitylawgroupllc.com,,,Maryland Heights,MO,St. Louis,(314) 872-2153,,General,1001 Craig Rd,63146,St. Louis,4
Divorce Lawyers in St Louis Group,,,,Ballwin,MO,St. Louis,(314) 403-0625,,General,251 Glandore Dr,63021,St. Louis,4
Doheny Law Firm,,,,Richmond Heights,MO,St. Louis,(314) 863-0999,,General,8011 Clayton Rd,63117,St. Louis,4
Dolley Law,http://www.missouriemploymentlawattorney.com,,,Brentwood,MO,St. Louis,(314) 645-4100,,General,2726 S Brentwood Blvd,63144,St. Louis,4
Donald Hackmann Law Office,http://www.hackmannlaw.com,,,Brentwood,MO,St. Louis,(314) 968-1040,,Business Law,2726 S Brentwood Blvd,63144,St. Louis,2
Downey Law Group,https://www.downeylawgroup.com,,,Webster Groves,MO,St. Louis,(314) 961-6644,,Family Law,49 N Gore Ave,63119,St. Louis,4
"Doyel Law, LLC",https://www.doyellaw.com,,,Sunset Hills,MO,St. Louis,(314) 909-9909,,Personal Injury,10820 Sunset Office Dr #124,63127,St. Louis,5
Drafahl Law Firm,https://www.drafahl-law.com/?utm_source=google&utm_medium=organic&utm_campaign=gbp,https://www.google.com/maps/place/?q=place_id:ChIJGX0kfxfL2IcRqJvFHJj7MJ0,,Brentwood,MO,St. Louis,(314) 300-6260,,Personal Injury,1401 S Brentwood Blvd Ste. 950A,63144,St. Louis,5
"Drivers Defense Counsel, LC",http://www.saintlouis-personalinjury.com,,,Crestwood,MO,St. Louis,(314) 690-2694,,General,9051 Watson Rd #114,63126,St. Louis,4
Dubail Judge,http://www.dubailjudge.com,,,Creve Coeur,MO,St. Louis,(314) 995-5384,,Personal Injury,275 N Lindbergh Blvd,63141,St. Louis,5
Dunn CPA Firm,https://tomdunncpa.com,,,Creve Coeur,MO,St. Louis,(314) 500-1200,,Social Security Disability,677 Craig Rd Ste 100,63141,St. Louis,1
E Ryan Bradley Personal Injury,https://www.stllawhelp.com,,,Ladue,MO,St. Louis,(314) 518-8321,info@thebradleylawfirm.com,Personal Injury,2 Deerfield Rd,63124,St. Louis,5
EMC Immigration Law,http://emcimmigrationlaw.com/,https://www.google.com/maps/place/?q=place_id:ChIJ3X_ao5g034cR5QOB2SM81nk,,Brentwood,MO,St. Louis,(314) 279-6168,,Immigration,8710 Manchester Rd,63144,St. Louis,2
Edelman Law Office- Personal Injury and Workers' Compensation Only,https://www.edelmanlawoffice.com/,https://www.google.com/maps/place/?q=place_id:ChIJS7TwCpTJ2IcR0xRrNeRG1ls,,Affton,MO,St. Louis,(314) 631-6777,,Personal Injury,9510 Gravois Rd,63123,St. Louis,5
Education Station At Pacific,http://www.edu-station.org,,,Wildwood,MO,St. Louis,(636) 221-4900,,General,115 W Saint Louis St,63069,St. Louis,4
"Edwards Young Edwards & Beilenson, LLP",http://www.saintlouismetrolaw.com/locations/locations-saint-louis.html,https://www.google.com/maps/place/?q=place_id:ChIJL5pl-EEz34cRO_I65Sj6XX8,,Olivette,MO,St. Louis,(314) 862-5900,,General,9666 Olive Blvd # 305,63132,St. Louis,4
El Paisano,http://www.elpaisanomexicanrestaurant.com,,,Olivette,MO,St. Louis,(314) 983-0006,,General,9514 Olive Blvd,63132,St. Louis,4
Elder & Estate Planning Law Firm,http://www.stlelderlaw.com,,,Kirkwood,MO,St. Louis,(314) 835-9393,,General,1049 N Clay Ave,63122,St. Louis,4
"Eric Abramson, Attorney at Law",https://www.defenselawyerstl.com/,https://www.google.com/maps/place/?q=place_id:ChIJWRQ-wNW02IcRV6suytHqYYI,,Richmond Heights,MO,St. Louis,(314) 753-1372,abramson.eric@gmail.com,Personal Injury,7750 Clayton Rd #200,63117,St. Louis,5
Ethan Rush,http://ethanrushlaw.com,,,Town and Country,MO,St. Louis,(314) 984-9600,,General,11600 Manchester Rd,63131,St. Louis,4
Eureka Office The Carlson Law Firm,http://www.carlson.legal/,https://www.google.com/maps/place/?q=place_id:ChIJhSumjF8p2YcRakqBNxwyeYY,,Fenton,MO,St. Louis,(636) 583-8300,contact@carlson.legal,Personal Injury,224 N Central Ave,63025,St. Louis,5
Eve Dake Law Office,http://www.dakedisabilitylaw.com,,,Webster Groves,MO,St. Louis,(314) 961-9696,,General,307 N Laclede Station Rd,63119,St. Louis,4
Factory Motor Parts,http://factorymotorparts.com,,,Affton,MO,St. Louis,(314) 894-4814,,Social Security Disability,11109 Lindbergh Business Ct,63123,St. Louis,1
Featherston Law Firm,http://www.stlouistrafficticketfix.com,,,Webster Groves,MO,St. Louis,(314) 842-5222,stlticketfix@gmail.com,Personal Injury,8777 Big Bend Blvd Ste C,63119,St. Louis,5
Finn Legal,https://finnlawteam.com/,https://www.google.com/maps/place/?q=place_id:ChIJMauI0jTJ2IcR4VvnDyktm2A,,Mehlville,MO,St. Louis,(314) 798-6218,,Business Law,105 Concord Plaza Shopping Center Suite 208,63128,St. Louis,2
Finney Law Office,http://www.finneylawoffice.com/,https://www.google.com/maps/place/?q=place_id:ChIJOVbOr-3K2IcRrBe1t9AIl54,,Clayton,MO,St. Louis,(314) 557-4049,,Personal Injury,168 N Meramec Ave suite 400,63105,St. Louis,5
First Ally Law Group,https://firstallylaw.com/?utm_source=local&utm_medium=organic&utm_campaign=firm-gbp.,https://www.google.com/maps/place/?q=place_id:ChIJQ75PvaufKqMRw5jaKSnR-f4,,Ballwin,MO,St. Louis,(314) 987-2599,intake@FirstAllyLaw.com,Social Security Disability,13545 Barrett Pkwy Dr # 140,63022,St. Louis,1
Fishman Law Firm,https://fishmanlawfirm.com/,https://www.google.com/maps/place/?q=place_id:ChIJZ6RFrc8034cRwFGdz_qEhSY,,University City,MO,St. Louis,(314) 727-9293,Fishmanlawfirm17@gmail.com,Personal Injury,8147 Delmar Blvd Suite #216,63130,St. Louis,5
Foley Mansfield,http://www.foleymansfield.com/,https://www.google.com/maps/place/?q=place_id:ChIJt-eo9Gq12IcRPOA_43kKzsQ,,Clayton,MO,St. Louis,(314) 925-5700,,Medical Malpractice,231 S Bemiston Ave UNIT 900,63105,St. Louis,5
Fondren Legal Center,,,,Webster Groves,MO,St. Louis,(636) 485-6743,,General,9322 Manchester Rd,63119,St. Louis,4
Fortis Law Firm,https://stldivorceandmediation.com,,,Clayton,MO,St. Louis,(314) 725-4000,,Family Law,200 S Bemiston Ave,63105,St. Louis,4
Frank & Juengel Law Group P.C.,http://www.fjrcriminaldefense.com/?npcmp=dir:local:1335502:63105,https://www.google.com/maps/place/?q=place_id:ChIJhZjAyNXK2IcRqZ0mHoQFug0,,Clayton,MO,St. Louis,(314) 530-3467,,Criminal Defense,7710 Carondelet Ave Suite 350,63105,St. Louis,5
Frank Papa's Ristorante,http://www.frankpapas.com/,,,Brentwood,MO,St. Louis,(314) 961-3344,,General,2241 S Brentwood Blvd,63144,St. Louis,4
Fritz Law LLC,https://www.fritzlawstl.com/,https://www.google.com/maps/place/?q=place_id:ChIJd6CoIdTK2IcR4I7duY0WL7Y,,Ladue,MO,St. Louis,(314) 396-7622,,Estate Planning,8909 Ladue Rd,63124,St. Louis,2
Frsteam St Louis,,,,Overland,MO,St. Louis,(314) 890-8805,,General,8529 Mid County Industrial Dr,63114,St. Louis,4
Galganski P.C.,,,,Creve Coeur,MO,St. Louis,(314) 918-0299,,General,1 Cityplace Dr Ste 470,63141,St. Louis,4
Gantner & Capriano,http://www.yourestatematters.com,,,Sunset Hills,MO,St. Louis,(314) 966-8077,,Medical Malpractice,10733 Sunset Office Dr,63127,St. Louis,5
Gartenberg Law Firm PC,http://www.establishatrust.com,,,Brentwood,MO,St. Louis,(314) 862-9000,,General,1600 S Brentwood Blvd,63144,St. Louis,4
George J Miller Attorney,,,,Fenton,MO,St. Louis,(636) 938-3351,,General,91 Edward Dr,63025,St. Louis,4
Gerard L. Guerra Attorney At Law,http://www.trafficlaw.com,,,Webster Groves,MO,St. Louis,(314) 227-7700,,DUI,110 E Lockwood Ave,63119,St. Louis,5
Gibbons Law Firm PC,http://gibbonslawfirm.com,,,Kirkwood,MO,St. Louis,(314) 821-4616,,General,420 S Kirkwood Rd,63122,St. Louis,4
"Gilliam, Thomas, ATY",,,,Normandy,MO,St. Louis,(314) 385-2919,,General,7250 Natural Bridge Rd,63121,St. Louis,4
Glaesman Law,https://www.glaesmanlaw.com/?utm_source=google-local&utm_medium=organic&utm_campaign=3111,https://www.google.com/maps/place/?q=place_id:ChIJp19RfxfL2IcRdg2v3XhhW2k,,Brentwood,MO,St. Louis,(314) 827-4384,,Criminal Defense,1401 S Brentwood Blvd Suite 950,63144,St. Louis,5
Goffstein Raskas Pomerantz Kraus & Sherman,http://www.goffsteinraskas.com,,,Richmond Heights,MO,St. Louis,(314) 721-7171,,General,7701 Clayton Rd,63117,St. Louis,4
Goldberg Segalla,http://www.goldbergsegalla.com/,https://www.google.com/maps/place/?q=place_id:ChIJI1cGFdPK2IcRF6vEYNYSKes,,Clayton,MO,St. Louis,(314) 446-3350,media@goldbergsegalla.com,Civil Litigation,8000 Maryland Ave #640,63105,St. Louis,3
"Goldblatt + Singer, P.C.",https://stlinjurylaw.com/?utm_source=gmb&utm_medium=organic&utm_campaign=st_louis,https://www.google.com/maps/place/?q=place_id:ChIJFSW2MBmz2IcRyJ9plRgJtmU,,Clayton,MO,St. Louis,(866) 595-6630,,Personal Injury,8182 Maryland Ave UNIT 801,63105,St. Louis,5
"Goldson Hoekel, LLC",http://www.beststlouisfamilylaw.com/,https://www.google.com/maps/place/?q=place_id:ChIJMZccAr_L2IcR1ub4de_GZ80,,Webster Groves,MO,St. Louis,(314) 560-7301,,Family Law,5 Plant Ave Apt 2,63119,St. Louis,4
Good Times Package Liquor,,,,Florissant,MO,St. Louis,(314) 802-8165,,General,7008 W Florissant Ave,63136,St. Louis,4
Gordon E. Freese,http://www.palmettoshutters.com,,,Affton,MO,St. Louis,(314) 721-5500,sales@palmettoshutters.com,General,7726 Elton St,63123,St. Louis,4
"Grace & Peace Counseling, LLC",http://www.gracepeacecounseling.com,,,Affton,MO,St. Louis,(866) 324-0699,nicole.nabors.gpc@gmail.com,Social Security Disability,11116 S Towne Sq #105,63123,St. Louis,1
Grace J. Fishel - Intellectual Property Lawyer,https://www.theapplicant.com,,,Maryland Heights,MO,St. Louis,(314) 878-0440,fishel@theapplicant.com,Real Estate,2200 West Port Plaza Dr Ste 202,63146,St. Louis,2
Granat Law Personal Injury Lawyer - St. Louis Office,https://www.stlouiscaraccidentlawyers.net/?utm_source=google&utm_medium=organic-local&utm_campaign=St_Louis,https://www.google.com/maps/place/?q=place_id:ChIJQZPvC9XK2IcRvA6vh0N0RKY,,Richmond Heights,MO,St. Louis,(314) 916-1189,,Personal Injury,7750 Clayton Rd #102,63117,St. Louis,5
"Grant, Miller & Smith, LLC",https://www.mgmlawfirm.com/?npcmp=dir:local:4826199:63105,https://www.google.com/maps/place/?q=place_id:ChIJ2_fjGtXK2IcRoaOKKpmYH-c,,Clayton,MO,St. Louis,(314) 742-7341,,Family Law,7733 Forsyth Blvd Suite 1850,63105,St. Louis,4
Gregory D Vescovo Attorney At Law,https://www.vescovolaw.com,,,Mehlville,MO,St. Louis,(314) 849-8383,,General,"13009 Office Center Avenue, Suite 100",63128,St. Louis,4
Gregory E Robinson PC,http://www.gregoryerobinson.com/,https://www.google.com/maps/place/?q=place_id:ChIJ-yh7RdTU2IcRNW_uBqXdn9I,,Creve Coeur,MO,St. Louis,(636) 532-9500,,Estate Planning,670 Mason Ridge Center Dr Suite 125,63141,St. Louis,2
Groswald Law,http://www.groswaldlaw.com/contact/,https://www.google.com/maps/place/?q=place_id:ChIJLyrZH7sz34cRDSIO9ckvXVQ,,Creve Coeur,MO,St. Louis,(314) 736-1275,maxwell@groswald.com,Bankruptcy,677 N New Ballas Rd Suite 200,63141,St. Louis,2
Gusdorf Law Firm,,,,Clayton,MO,St. Louis,(314) 721-3230,,General,225 S Meramec Ave,63105,St. Louis,4
HARVATH LAW OFFICE,http://www.harvathlawoffice.com/,https://www.google.com/maps/place/?q=place_id:ChIJS5DnNPYv2YcRrqlkZqoKN8M,,Wildwood,MO,St. Louis,(314) 471-5585,,Personal Injury,221 N 1st St,63069,St. Louis,5
HKM Employment Attorneys LLP,https://hkm.com/stlouis/?utm_medium=organic&utm_source=gbp&utm_campaign=website&utm_term=st+louis,https://www.google.com/maps/place/?q=place_id:ChIJ286YAkIz34cR3ubABOTc-B0,,University City,MO,St. Louis,(314) 391-9558,,Employment Law,7382 Pershing Ave Suite 1W,63130,St. Louis,3
Haefner Law Office,https://flatratedivorces.com/,https://www.google.com/maps/place/?q=place_id:ChIJKaioUW_I2IcRXLD4pJfEUyM,,Sunset Hills,MO,St. Louis,(314) 200-6101,,Family Law,3870 S Lindbergh Blvd Suite 120,63127,St. Louis,4
Hais Hais & Goldberger,https://rymap.org/business/hais-hais-goldberger-c607hm,https://www.google.com/maps/place/?q=place_id:ChIJ7UtU7SnL2IcRtzoFpBTfUlk,,Clayton,MO,St. Louis,(314) 326-4885,,General,222 S Central Ave #600,63105,St. Louis,4
Hales Law Group,https://www.attorneyhales.com/,https://www.google.com/maps/place/?q=place_id:ChIJ9dOVXKS02IcR1MhFI6lYM1U,,Ladue,MO,St. Louis,(314) 534-3534,,Intellectual Property,8820 Ladue Rd Suite 200,63124,St. Louis,1
Halvorsen Klote Davis,http://www.hklawstl.com/,https://www.google.com/maps/place/?q=place_id:ChIJH5DKDSXT2IcRqGOsmcTrpmU,,Creve Coeur,MO,St. Louis,(314) 451-1314,,Personal Injury,680 Craig Rd #104,63141,St. Louis,5
Hanley & Page Currency Exchange,http://www.theloanmachine.net/locations/st-louis-locations,,,University City,MO,St. Louis,(314) 721-1125,,General,7927 Page Ave,63133,St. Louis,4
Harrison Law Firm,http://www.harrisonlitigation.com/,https://www.google.com/maps/place/?q=place_id:ChIJC0fQiNXL2IcRAvkDPhfefKA,,Richmond Heights,MO,St. Louis,(314) 735-6209,,Personal Injury,1034 S Brentwood Blvd Penthouse 2-B,63117,St. Louis,5
Hartung Law Firm,http://www.hartunglaw.com,,,Green Park,MO,St. Louis,(314) 845-8121,,General,4171 Crescent Dr,63129,St. Louis,4
Hartzog Robt L,,,,Wildwood,MO,St. Louis,(636) 451-2638,,General,519 Ridgefield Dr,63069,St. Louis,4
Harvath Gerald J,http://www.geraldharvathlaw.com,https://www.google.com/maps/place/?q=place_id:ChIJR2en0vcv2YcRHx-vAjC8ixw,,Wildwood,MO,St. Louis,(636) 271-5159,,General,221 N 1st St,63069,St. Louis,4
Hein Schneider & Bond P.C.,https://www.hsbattorneys.com/?npcmp=dir:local:1491460:63144,https://www.google.com/maps/place/?q=place_id:ChIJmX2OKNU034cRb3MBASGVCEg,,Brentwood,MO,St. Louis,(314) 863-9100,,Employment Law,2244 S Brentwood Blvd,63144,St. Louis,3
Henderson Law Firm,https://www.tjhlegal.com/,https://www.google.com/maps/place/?q=place_id:ChIJcXvbptjK2IcRi87j8DmfrgU,,Brentwood,MO,St. Louis,(314) 266-4400,,Personal Injury,2001 S Hanley Rd Suite 100,63144,St. Louis,5
Hennessey Law Firm,https://hennesseylaw.com/,https://www.google.com/maps/place/?q=place_id:ChIJjU6c7aUy34cRrSz-AM_0534,,Creve Coeur,MO,St. Louis,(314) 821-9696,,Personal Injury,425 N New Ballas Rd,63141,St. Louis,5
Heritage Law Partners - Olivette,https://heritagelawpartners.com/,https://www.google.com/maps/place/?q=place_id:ChIJAXe8Qo4z34cRos44LjMb2QM,,Olivette,MO,St. Louis,(314) 325-9444,,Estate Planning,9666 Olive Blvd Ste 690,63132,St. Louis,2
Hickel Law Firm,,,,Mehlville,MO,St. Louis,(314) 842-8818,,General,12300 Old Tesson Rd,63128,St. Louis,4
Hidden Park Apartments,http://www.millsapartments.net,,,Riverview,MO,St. Louis,(314) 869-0770,,Social Security Disability,10613 Lookaway Dr,63137,St. Louis,1
Hirtz Adam D Attorney,,,,Clayton,MO,St. Louis,(314) 480-1816,,General,190 Carondelet Plz,63105,St. Louis,4
"Hocking & Dulle, LLC",,https://www.google.com/maps/place/?q=place_id:ChIJsy8I_70134cRxqQzCmWkXoQ,,Normandy,MO,St. Louis,(314) 423-4529,,General,8509 Natural Bridge Rd,63121,St. Louis,4
Hoeing Law,https://hoeinglaw.com/,https://www.google.com/maps/place/?q=place_id:ChIJFxvI1OvJ2IcRxG_tOEcBVS8,,Affton,MO,St. Louis,(314) 833-4440,,Estate Planning,56 Grasso Plaza,63123,St. Louis,2
Hoglund Law,https://hoglundlaw.com/contact/,https://www.google.com/maps/place/?q=place_id:ChIJ2ZFkPNIz34cRrPZh5QW2OpI,,Creve Coeur,MO,St. Louis,(314) 269-1507,,Personal Injury,2 Cityplace Dr suite 253,63141,St. Louis,5
Horan Law Office,http://www.calllawyerbob.com/,https://www.google.com/maps/place/?q=place_id:ChIJfwfPt4XK2IcRpOk25T1sfYo,,Maplewood,MO,St. Louis,(314) 645-2889,,Medical Malpractice,6901 Manchester Ave,63143,St. Louis,5
"Howard, Raymond Attorney at law",http://www.raymondhowardattorney.com,,,Richmond Heights,MO,St. Louis,(314) 721-6622,,General,7750 Clayton Rd,63117,St. Louis,4
"Hughes Lawyers, LLC",https://hugheslawyersllc.com/contact-us/,https://www.google.com/maps/place/?q=place_id:ChIJe8yH3EvU2IcREdeeZqfkaxs,,Ballwin,MO,St. Louis,(314) 328-5770,info@hugheslawyersllc.com,Social Security Disability,15332 Manchester Rd Suite 203,63022,St. Louis,1
Hullverson Law Firm,https://www.hullverson.com/contact/,https://www.google.com/maps/place/?q=place_id:ChIJ__9PTL7L2IcRRPdogszg8jE,,Webster Groves,MO,St. Louis,(314) 588-7777,,Personal Injury,110 E Lockwood Ave,63119,St. Louis,5
Husch Blackwell,https://www.huschblackwell.com/offices/st_louis_mo,https://www.google.com/maps/place/?q=place_id:ChIJ85gBSNTK2IcRlrFJq13zjTU,,Clayton,MO,St. Louis,(314) 480-1500,,DUI,8001 Forsyth Blvd,63105,St. Louis,5
IRS Tax Garnishment Attorneys,http://www.irstaxgarnishmentattorneys.com,,,Webster Groves,MO,St. Louis,(888) 283-7806,,General,7233 Watson Rd Ste 322,63119,St. Louis,4
Infusing Markets LLC,http://www.infusingmarkets.com,,,Riverview,MO,St. Louis,(314) 443-7657,info@infusingmarkets.com,Real Estate,1435 Trampe Ave,63138,St. Louis,2
"JCS Law - John C Schleiffarth, P.C.",http://www.jcsattorney.com/,https://www.google.com/maps/place/?q=place_id:ChIJ04hLQZTL2IcR_6Eej1niEUw,,Clayton,MO,St. Louis,(314) 912-2884,,Personal Injury,120 S Central Ave,63105,St. Louis,5
"Jacko, Jerry S Attorney At Law",,,,Clayton,MO,St. Louis,(314) 721-0082,,General,124 Gay Ave,63105,St. Louis,4
Jackson Lewis PC,http://www.jacksonlewis.com/office/st-louis,https://www.google.com/maps/place/?q=place_id:ChIJxwJHdNXK2IcR-0G_l-00MDQ,,Clayton,MO,St. Louis,(314) 827-3939,Jessica.%4c%69%73s@jackson%6cew%69s.%63%6fm,Social Security Disability,1 N Brentwood Blvd suite 1150,63105,St. Louis,1
"James & James Law, PC",http://jameslawpc.com/,https://www.google.com/maps/place/?q=place_id:ChIJbzsuaHky34cRd_WNBQgbtUY,,Maryland Heights,MO,St. Louis,(314) 434-5222,,Personal Injury,111 W Port Plaza Dr #505,63146,St. Louis,5
James Day Law,https://www.jamesdaylaw.com/,https://www.google.com/maps/place/?q=place_id:ChIJuSyxDSXT2IcR6FnTVO88Q1k,,Brentwood,MO,St. Louis,(314) 912-0658,,General,1401 S Brentwood Blvd,63144,St. Louis,4
James J Knappenberger Attorney,http://knappenbergerlaw.com,,,Clayton,MO,St. Louis,(314) 721-2274,,Personal Injury,200 S Hanley Rd,63105,St. Louis,5
Jeffrey B Dale Attorney At Law,,https://www.google.com/maps/place/?q=place_id:ChIJGSN0dorT2IcRrgKrrw0TSvg,,Ballwin,MO,St. Louis,(636) 391-7900,,General,14560 Manchester Rd Suite 36,63022,St. Louis,4
Jeffrey M. Taylor - Attorney At Law,http://www.jmtattorney.com,,,Green Park,MO,St. Louis,(314) 416-7500,law@jmtattorney.com,Personal Injury,4501 Telegraph Rd,63129,St. Louis,5
"Jenkins & Kling, P.C",http://www.jenkinskling.com/,https://www.google.com/maps/place/?q=place_id:ChIJ9SQBnCvL2IcR0p1p2hgKj8Q,,Clayton,MO,St. Louis,(314) 721-2525,info@jenkinskling.com,Business Law,150 N Meramec Ave #400,63105,St. Louis,2
"Jesse Lawson, FNP-C",https://physicians.slucare.com/details/3089/jesse-lawson-family_nurse_practitioner-st_louis,,,Richmond Heights,MO,St. Louis,(314) 977-4663,,General,1034 S Brentwood Blvd,63117,St. Louis,4
Jesse's Automotive LLC,https://www.jesses-automotive.com,,,Normandy,MO,St. Louis,(314) 383-5180,,General,2124 Darver ln,63121,St. Louis,4
Jimerson Law Firm PC,https://www.jimersonlawfirm.com/,https://www.google.com/maps/place/?q=place_id:ChIJ69heNV3L2IcRkUZZVtpXBgs,,Clayton,MO,St. Louis,(314) 862-0069,,Personal Injury,225 S Meramec Ave UNIT 508,63105,St. Louis,5
Johnson & Johnson,http://www.jnj.com,,,St. Ann,MO,St. Louis,(314) 291-4444,,General,500 NW Plaza Dr,63074,St. Louis,4
Jones Family Law Group,https://www.jonesfamilylawgroup.com/?utm_source=GMBlistingSt.Louis&utm_medium=organic,https://www.google.com/maps/place/?q=place_id:ChIJm7cYyGbT2IcRliC9GQl-K7A,,Town and Country,MO,St. Louis,(314) 449-8830,,Family Law,1610 Des Peres Rd # 340,63131,St. Louis,4
"Joseph A. Specter, LLC",http://saintlouislawfirm.net/,https://www.google.com/maps/place/?q=place_id:ChIJHVZLttq02IcRfEU6kChOp_I,,Richmond Heights,MO,St. Louis,(314) 610-2202,,Personal Injury,7750 Clayton Rd #200,63117,St. Louis,5
Joyce E York Law Firm,,https://www.google.com/maps/place/?q=place_id:ChIJW8tgYUU034cRTWyShMGeYWk,,Overland,MO,St. Louis,(314) 429-0708,,General,8700 Burton Ave,63114,St. Louis,4
KAZANAS LC Law Firm,http://www.global-lawfirm.com/,https://www.google.com/maps/place/?q=place_id:ChIJG949EXky34cRM78rDyX6oiw,,Maryland Heights,MO,St. Louis,(314) 499-8174,Info@Global-Lawfirm.com,Estate Planning,734 W Port Plaza Dr Suite 264,63146,St. Louis,2
Karfeld Law Firm P C,,,,Creve Coeur,MO,St. Louis,(314) 736-4890,,General,680 Craig Rd,63141,St. Louis,4
Karll Law Center,http://attorneyatlawhighridge.com,,,Fenton,MO,St. Louis,(636) 253-7068,,General,1412 Gravois Rd Ste B,63049,St. Louis,4
Keane Law LLC,https://keanelawllc.com/?utm_source=gbp&utm_medium=organic,https://www.google.com/maps/place/?q=place_id:ChIJ286YAkIz34cR0CRNWXFFkNM,,Clayton,MO,St. Louis,(314) 391-4700,,Personal Injury,7711 Bonhomme Ave # 600,63105,St. Louis,5
Kenneth M. Brison Attorney at Law,,https://www.google.com/maps/place/?q=place_id:ChIJFbdZI3fJ2IcRNTJevbqavNo,,Green Park,MO,St. Louis,(314) 276-4785,,General,3245 Lemay Ferry Rd,63125,St. Louis,4
KesslerWilliams,https://www.kesslerwilliams.com/?npcmp=dir:local:3309166:63144,https://www.google.com/maps/place/?q=place_id:ChIJSeoZPj6z2IcRhqBW-5h2MQk,,Brentwood,MO,St. Louis,(314) 720-5476,,Criminal Defense,1401 S Brentwood Blvd # 500,63144,St. Louis,5
Ketcher Law,http://ketcher.com,,,Webster Groves,MO,St. Louis,(314) 259-1234,,Business Law,28 Plant Ave,63119,St. Louis,2
Kevin Etzkorn Law,https://www.etzkornlawyers.com/,https://www.google.com/maps/place/?q=place_id:ChIJoZfRQJTL2IcR1y3CjzoGdDI,,Clayton,MO,St. Louis,(314) 987-0009,,Personal Injury,231 S Bemiston Ave Suite 250,63105,St. Louis,5
"Kevin Haynie, Trademark Attorney",http://www.iregistertrademarks.com,,,Maryland Heights,MO,St. Louis,(314) 479-3668,kevin@yourtrademarkattorney.com,Social Security Disability,12685 Dorsett Rd. #337,63043,St. Louis,1
"Kevin Whiteley, Attorney at Law",http://www.saintlouiscriminallawyer.com/,https://www.google.com/maps/place/?q=place_id:ChIJE_YWwdXK2IcRinEmmiWN-Co,,Clayton,MO,St. Louis,(314) 788-3222,,Criminal Defense,231 S Bemiston Ave #800,63105,St. Louis,5
Kilo John A Attorney,,,,Town and Country,MO,St. Louis,(314) 997-4346,,General,2212 Barnbridge Rd,63131,St. Louis,4
Kirkendall Dwyer LLP - St Louis,https://kirkendalldwyer.com/locations/st-louis/,https://www.google.com/maps/place/?q=place_id:ChIJte4Fz3DL2IcR2Xy2z-PAo_w,,Green Park,MO,St. Louis,(314) 678-9182,,Personal Injury,4185 Crescent Dr A,63129,St. Louis,5
"Knight MacKay Morrow, LLC",https://knightnicastro.com/,https://www.google.com/maps/place/?q=place_id:ChIJ-2OShDHL2IcRLtfS48aBhlk,,Clayton,MO,St. Louis,(314) 649-5234,knmgeneral@knightnicastro.com,Personal Injury,100 S Brentwood Blvd Suite 250,63105,St. Louis,5
"Kodner, Watkins, Muchnick, Weigley & Brison",https://kwstllaw.com/,https://www.google.com/maps/place/?q=place_id:ChIJd6iSfyrL2IcRsoMh3RGIn40,,Richmond Heights,MO,St. Louis,(314) 727-9111,,Social Security Disability,1200 S Big Bend Blvd,63117,St. Louis,1
Kolker Law Firm LLC,https://kolkerlawfirm.com/,https://www.google.com/maps/place/?q=place_id:ChIJwYc5edbK2IcR1gL7kuS5me4,,Clayton,MO,St. Louis,(314) 684-8285,,Personal Injury,7700 Bonhomme Ave #350,63105,St. Louis,5
"Kovar Law Firm, LLC",https://business.stlouislgbtqchamberofcommerce.com/list/member/kovar-law-firm-35,https://www.google.com/maps/place/?q=place_id:ChIJA2BuBdm02IcRRbKaEozqI7A,,Richmond Heights,MO,St. Louis,(314) 914-5854,,General,2115 S Big Bend Blvd,63117,St. Louis,4
Krupp Law Firm,https://krupplawfirm.com,,,Town and Country,MO,St. Louis,(314) 835-9999,,General,12813 Flushing Meadows Dr,63131,St. Louis,4
Kyle Uhlig,https://agents.allstate.com/kyle-uhlig-ballwin-mo.html?utm_source=GMB&utm_medium=Website,https://www.google.com/maps/place/?q=place_id:ChIJYeNTEsjV2IcRIbklNkDygW8,,Ballwin,MO,St. Louis,(636) 227-2229,,Personal Injury,110A Holloway Rd,63011,St. Louis,5
"L. Barry Gubin, Attorney at Law",http://www.bgubinlaw.com,,,Olivette,MO,St. Louis,(314) 432-7400,,Social Security Disability,9666 Olive Blvd,63132,St. Louis,1
LAW OFFICE OF REBEKAH WEDICK,http://wedicklaw.com/,https://www.google.com/maps/place/?q=place_id:ChIJqbhGPHlwz4cRn1WEoifD4T8,,Ballwin,MO,St. Louis,(417) 551-4836,,Criminal Defense,930 Kehrs Mill Rd Suite 325-1,63011,St. Louis,5
Labovitz Law Firm,https://www.themissouriinjurylawyers.com/,https://www.google.com/maps/place/?q=place_id:ChIJE_YWwdXK2IcRKT5uKEnRCpE,,Richmond Heights,MO,St. Louis,(314) 350-4118,,Personal Injury,1034 S Brentwood Blvd Suite PH-2B,63117,St. Louis,5
"Lake Munro, LLC",http://www.lakemunrolaw.com/,https://www.google.com/maps/place/?q=place_id:ChIJOR8RD7XL2IcRPqIpB1j4oeI,,Town and Country,MO,St. Louis,(314) 863-0077,,Personal Injury,1650 Des Peres Rd Suite 220,63131,St. Louis,5
Langdon & Emison - St. Louis Personal Injury Lawyers,https://www.langdonemison.com,,,Webster Groves,MO,St. Louis,(314) 638-1500,,Personal Injury,110 E Lockwood Ave Ste 150,63119,St. Louis,5
Langley Law Firm,https://langleylawstl.com,,,Maryland Heights,MO,St. Louis,(314) 216-7183,,Family Law,11756 Borman Dr.,63146,St. Louis,4
Larson Law Firm,,,,Creve Coeur,MO,St. Louis,(314) 993-5551,,General,275 N Lindbergh Blvd Ste 10,63141,St. Louis,4
Laurie A Knight Attorney At Law,http://eurekalawoffice.com?provider=citysearch,,,Fenton,MO,St. Louis,(636) 587-2733,,General,3 Hilltop Village Center Dr,63025,St. Louis,4
Law Office Of Eric C. Hensic,http://hensiclaw.com,,,Fenton,MO,St. Louis,(636) 677-6077,,General,3101 High Ridge Blvd,63049,St. Louis,4
"Law Office Of Julia K O'Connor, LLC",,,,Maryland Heights,MO,St. Louis,(636) 283-0650,,General,111 West Port Plaza Drive,63146,St. Louis,4
"Law Office of Brian F. Reinhold, PC",http://www.reinholdlawoffice.com,,,Kirkwood,MO,St. Louis,(314) 909-4701,,Social Security Disability,111 Prospect Ave,63122,St. Louis,1
Law Office of Charles H. Huber,https://www.charleshuberlaw.com/,https://www.google.com/maps/place/?q=place_id:ChIJN69qM98z34cRUpVOMCqiQx4,,St. Ann,MO,St. Louis,(314) 298-0305,,General,500 NW Plz Dr #711,63074,St. Louis,4
Law Office of David S. Schleiffarth - Estate Planning Attorney,https://lawofficedss.com/ballwin-estate-planning-attorney/?utm_source=google&utm_medium=organic&utm_campaign=gbp,https://www.google.com/maps/place/?q=place_id:ChIJ56JUZXDT2IcRS3hHEXzKdXI,,Ballwin,MO,St. Louis,(314) 448-0527,,Estate Planning,13975 Manchester Rd suite 5 unit 23,63022,St. Louis,2
Law Office of Douglas Richards,https://www.dnrichardslaw.com/,https://www.google.com/maps/place/?q=place_id:ChIJL5pl-EEz34cRybmLG0huWa4,,Olivette,MO,St. Louis,(314) 517-5756,,Criminal Defense,9666 Olive Blvd #365,63132,St. Louis,5
"Law Office of Gadell, Patrick",,,,Kirkwood,MO,St. Louis,(314) 878-5992,,General,9986 Manchester Rd,63122,St. Louis,4
"Law Office of Margaret P. Murphy, LLC",http://familylawlitigation.com,,,Richmond Heights,MO,St. Louis,(314) 725-7901,,General,7120 Oakland Avenue,63117,St. Louis,4
Law Office of Mark Antonacci,http://www.markantonaccilaw.com/,https://www.google.com/maps/place/?q=place_id:ChIJr918_2go2YcR63aZVPEgrag,,Fenton,MO,St. Louis,(636) 938-3708,,General,122 S Central Ave,63025,St. Louis,4
Law Office of Mark Rudder,http://www.markrudderlaw.com,,,University City,MO,St. Louis,(314) 862-6060,,General,7477 Delmar Blvd,63130,St. Louis,4
Law Office of Melissa Moss,http://stlouislawyeroffices.com,,,Webster Groves,MO,St. Louis,(314) 656-7885,,General,7852 Big Bend Blvd,63119,St. Louis,4
Law Office of Michelle M. Funkenbusch,http://www.saintlouislegal.com/,https://www.google.com/maps/place/?q=place_id:ChIJf8W6533J2IcRiPbRQ4ZMa_M,,Kirkwood,MO,St. Louis,(314) 338-3500,mo.legal.eagle@gmail.com,Personal Injury,2901 Dougherty Ferry Rd Suite 100,63122,St. Louis,5
Law Office of Natalie C Phillips LLC,https://saintlouisbankruptcylaw.com/,https://www.google.com/maps/place/?q=place_id:ChIJz_U6c87J2IcRJrxDK6nTa5o,,Green Park,MO,St. Louis,(314) 269-0512,,DUI,4243 Reavis Barracks Rd,63125,St. Louis,5
"Law Office of Natalie C. Phillips, LLC-Bankruptcy",,,,Green Park,MO,St. Louis,(314) 544-4800,,General,4243 Reavis Barracks Rd,63125,St. Louis,4
Law Office of Nicholas B. Carter LLC,http://nickcarterlaw.com,,,Brentwood,MO,St. Louis,(314) 241-4041,,General,1750 S Brentwood Blvd #301,63144,St. Louis,4
Law Office of Robin L. Kaiser,,,,Sunset Hills,MO,St. Louis,(314) 238-1266,,General,10805 Sunset Office Dr,63127,St. Louis,4
Law Office of Shin Cho,https://www.defenseattorneystl.com,https://www.google.com/maps/place/?q=place_id:ChIJ3WLl9jjI2IcRz_yHmZFYk1o,,Green Park,MO,St. Louis,(314) 312-1228,,General,3245 Lemay Ferry Rd,63125,St. Louis,4
"Law Office of Suzanne Brown, PC",http://www.immigration-firm.com,,,Olivette,MO,St. Louis,(314) 995-3932,,General,9300 Olive Blvd,63132,St. Louis,4
Law Office of Thomas J Niemann,,,,Town and Country,MO,St. Louis,(314) 822-2200,,General,1650 Des Peres Rd,63131,St. Louis,4
Law Office of Tonya Morris,,,,Richmond Heights,MO,St. Louis,(314) 647-7900,,General,6609 Clayton Rd,63117,St. Louis,4
Law Offices of Christopher Bent,http://www.cbentlaw.com,,,Maryland Heights,MO,St. Louis,(314) 439-0287,,Employment Law,2200 West Port Plaza Dr Ste 309,63146,St. Louis,3
Law Offices of J.Martin Hadican,http://www.jmhadicanlaw.com,,,Clayton,MO,St. Louis,(314) 863-0050,contact@jmhadicanlaw.com,Criminal Defense,225 N Meramec Ave,63105,St. Louis,5
Law Offices of Jackie Chun,,https://www.google.com/maps/place/?q=place_id:ChIJiTSwY3U134cRWaDgL0Jm4UU,,University City,MO,St. Louis,(314) 494-2027,,General,561 Kingsland Ave,63130,St. Louis,4
Law Offices of James R Hicks,,,,Kirkwood,MO,St. Louis,(314) 966-0622,,General,333 S Kirkwood Rd,63122,St. Louis,4
Law Offices of Joan M. Swartz,https://www.jmsllc.com/?utm_source=google-local&utm_medium=organic&utm_campaign=3732,https://www.google.com/maps/place/?q=place_id:ChIJV2GSpTIr34cRlGP_crTdQAI,,Maplewood,MO,St. Louis,(314) 471-2032,,Employment Law,3348 Greenwood Blvd,63143,St. Louis,3
Law Offices of Melvin J. Smith,http://www.melvinjsmithlaw.com/,https://www.google.com/maps/place/?q=place_id:ChIJt02P7ynL2IcRYt6ADtUqqmU,,Clayton,MO,St. Louis,(314) 726-2141,,Personal Injury,231 S Bemiston Ave #800,63105,St. Louis,5
"Law Offices of Michael B. Smallwood, PC",http://mikesmallwood.net/,https://www.google.com/maps/place/?q=place_id:ChIJjU6c7aUy34cRhvThQuIRKzo,,Creve Coeur,MO,St. Louis,(314) 909-0401,mike@mikesmallwood.net,Intellectual Property,425 N New Ballas Rd #280,63141,St. Louis,1
Law Offices of Richard Hein,http://immigrationservicesatty.com,,,Richmond Heights,MO,St. Louis,(314) 614-3954,,General,7750 Clayton Rd,63117,St. Louis,4
"Law Offices of Thomas G. Glick, LLC",,,,University City,MO,St. Louis,(314) 726-1500,,General,8123 Delmar Blvd Ste 200,63130,St. Louis,4
Law Offices of Thomas J Niemann,http://www.tomniemann.com,,,Olivette,MO,St. Louis,(314) 942-6444,,General,9666 Olive Blvd,63132,St. Louis,4
Lawanda Hill,,,,Normandy,MO,St. Louis,(314) 437-2633,,General,,63121,St. Louis,4
Lawings,http://www.millikanwright.com,,,Overland,MO,St. Louis,(314) 890-9060,bmillikan@millikanlaw.com,Personal Injury,8907 Saint Charles Rock Rd,63114,St. Louis,5
Lawler Custom Exteriors,http://www.stlroofing.com,,,Ballwin,MO,St. Louis,(636) 391-6905,,Tax Law,711 Barham Down Dr,63011,St. Louis,1
Lawson & Associates,http://tmbcpa.com,,,Crestwood,MO,St. Louis,(314) 849-2442,,General,11430 Gravois Rd,63126,St. Louis,4
Lawyers for Income Tax Relief,http://www.incometaxrelief.org,,,Brentwood,MO,St. Louis,(888) 605-5661,,General,1901 Tchoupitoulas Street Suite #7,63144,St. Louis,4
Leach Firm,,,,Webster Groves,MO,St. Louis,(314) 266-5757,,General,220 W Lockwood Ave Ste 202,63119,St. Louis,4
Legacy Family and Immigration Law Firm LLC,https://legacylawfirmmo.com/,https://www.google.com/maps/place/?q=place_id:ChIJq-2XsQvJ2IcRTY04qHPvI4s,,Green Park,MO,St. Louis,(314) 200-5714,greta@morinaimmigration.com,DUI,3245 Lemay Ferry Rd,63125,St. Louis,5
Legal Form Apps,http://www.legalformapps.com,,,Webster Groves,MO,St. Louis,(314) 266-5438,,General,675 N Forest Ave,63119,St. Louis,4
Lexstop Law Firm LLC,http://www.lexstop.com,,,Clayton,MO,St. Louis,(321) 247-7867,,General,7711 Bonhomme Ave Ste 740,63105,St. Louis,4
Liberman Law Firm,http://libermanlawfirm.com/,https://www.google.com/maps/place/?q=place_id:ChIJSaA01SvL2IcRa4Rqo9lL6Io,,Webster Groves,MO,St. Louis,(314) 863-5800,,General,107 W Pacific Ave Suite 3A,63119,St. Louis,4
Lieser Law Firm,http://www.lieserlawfirm.com/,https://www.google.com/maps/place/?q=place_id:ChIJ_2Eb6JQCdogRNLMb-gmK9eY,,Richmond Heights,MO,St. Louis,(314) 878-3200,,Personal Injury,1034 S Brentwood Blvd Penthouse 1-C,63117,St. Louis,5
Light 'Em Up Business Signs LLC,http://lightemupbusinesssigns.com/home.html,,,Town and Country,MO,St. Louis,(314) 202-5976,,General,11400 Conway Rd,63131,St. Louis,4
Lim Law Office,http://www.limlawofficestl.com,https://www.google.com/maps/place/?q=place_id:ChIJi25Jrk_K2IcRbyFtDi9jZQA,,Webster Groves,MO,St. Louis,(314) 395-8816,,Immigration,7702 Big Bend Blvd,63119,St. Louis,2
Linnenbringer Law,https://www.linnenbringerlaw.com,,,Sunset Hills,MO,St. Louis,(314) 238-1219,GWL@LinnenbringerLaw.com,Family Law,"10825 Watson Road, Suite 100",63127,St. Louis,4
Lipowicz Law Firm,https://lipowiczlaw.net/,https://www.google.com/maps/place/?q=place_id:ChIJGRgzz77T2IcRSaOcgb1ioYc,,Ballwin,MO,St. Louis,(314) 718-3252,,Personal Injury,14368 Manchester Rd #350,63022,St. Louis,5
Lipton Group,http://www.liptongroup.com,,,University City,MO,St. Louis,(314) 863-8000,,General,7213 Delmar Blvd,63130,St. Louis,4
Litigation Support,,,,Normandy,MO,St. Louis,(314) 725-2534,,General,55 Greendale Dr,63121,St. Louis,4
Londoff Law Firm,http://www.londofflawfirm.com,,,Olivette,MO,St. Louis,(314) 993-5300,,General,9666 Olive Blvd Ste 745,63132,St. Louis,4
Longo Biggs Injury Law,https://www.longobiggs.com/?utm_source=GMBlisting&utm_medium=organic&location=eureka,https://www.google.com/maps/place/?q=place_id:ChIJXbAobekp2YcRJt-x8DDfe9A,,Fenton,MO,St. Louis,(636) 224-8868,biggs@longobiggs.com,Personal Injury,201 Beverly St Suite 201B,63025,St. Louis,5
Lsa Pawn,http://www.rocksolidprecast.com,,,University City,MO,St. Louis,(314) 428-2274,,Social Security Disability,8060 Page Ave,63130,St. Louis,1
M2K Package Liquor,,,,University City,MO,St. Louis,(314) 890-0293,,General,8017 Page Ave,63130,St. Louis,4
"MGD Law, LLC",http://mgdlawfirm.com/,https://www.google.com/maps/place/?q=place_id:ChIJcdoEneTL2IcRWE69WL9CgPE,,Clayton,MO,St. Louis,(314) 721-7778,info@mgdlawfirm.com,Estate Planning,120 S Central Ave Suite 1420,63105,St. Louis,2
"Magee Law Firm, LLC",http://www.equalizer.solutions,,,Clayton,MO,St. Louis,(314) 960-3224,,General,200 S Hanley Rd #500,63105,St. Louis,4
Manchester Parks & Recreation,http://www.manchestermo.gov,,,Ballwin,MO,St. Louis,(636) 391-6326,,Social Security Disability,359 Old Meramec Station Rd,63021,St. Louis,1
Manchester Professional Building LLC,http://davidfischerlawfirm.com,,,Webster Groves,MO,St. Louis,(314) 961-0097,,General,9322 Manchester Rd,63119,St. Louis,4
"Mantese Honigman, PC",https://manteselaw.com/,https://www.google.com/maps/place/?q=place_id:ChIJtZUDc2LL2IcRj3AnWf41hPY,,Clayton,MO,St. Louis,(314) 656-6927,,Family Law,518 S Hanley Rd,63105,St. Louis,4
"Marc Jacob, Esq.",http://www.marcjacobesq.com/,https://www.google.com/maps/place/?q=place_id:ChIJ8UYJJ9U034cRpHDRZv1OV30,,Clayton,MO,St. Louis,(314) 862-2237,mjacob@marcjacobesq.com,Estate Planning,7710 Carondelet Ave #333,63105,St. Louis,2
Mark Bahn Law,https://www.markbahnlaw.com,,,Mehlville,MO,St. Louis,(314) 495-0546,,General,5024 Griffin Rd,63128,St. Louis,4
Mark Milton - STLTaxLawyer.com,http://www.stltaxlawyer.com,,,Town and Country,MO,St. Louis,(314) 394-3370,info@miltonlawgroup.com,Criminal Defense,12026 Manchester Rd,63131,St. Louis,5
Martha C Brown & Associates,http://www.elderlawstlouis.com/,https://www.google.com/maps/place/?q=place_id:ChIJ52b3vZPL2IcRUtuxcQABqbg,,Kirkwood,MO,St. Louis,(314) 962-0186,info@elderlawstlouis.com,Employment Law,418 S Clay Ave,63122,St. Louis,3
"Martin Jansky Law Firm, PC",https://janskylaw.com/,https://www.google.com/maps/place/?q=place_id:ChIJtxV2kuHL2IcRPdvWLPqyx7g,,Richmond Heights,MO,St. Louis,(314) 881-6141,info@janskylaw.com,Medical Malpractice,2001 S Big Bend Blvd,63117,St. Louis,5
Master Tax Relief,https://taxresolutionteamus.com/,https://www.google.com/maps/place/?q=place_id:ChIJMx9Q2RvV2IcR9-8NNrd8E8k,,Ballwin,MO,St. Louis,(314) 314-5962,,Social Security Disability,15620 Manchester Rd 2nd Floor,63022,St. Louis,1
McBrearty Brian K Attorney,https://www.litchfieldcavo.com,,,Clayton,MO,St. Louis,(314) 721-6650,,Social Security Disability,222 S Central Ave,63105,St. Louis,1
McCartney Law Firm,http://www.stlouis-lawyer.com,,,Kirkwood,MO,St. Louis,(314) 849-6012,,General,1099 Milwaukee St,63122,St. Louis,4
McFall Patricia M,http://www.mcmahonberger.com,,,Town and Country,MO,St. Louis,(314) 567-7350,,Employment Law,2730 N Ballas Rd,63131,St. Louis,3
Medler Law Firm,http://www.medlerlawfirm.com,,,Clayton,MO,St. Louis,(314) 727-8777,john@medlerlawfirm.com,Personal Injury,7700 Bonhomme Ave,63105,St. Louis,5
Melvin G Franke,http://melvingfrankelawfirm.com,,,Wildwood,MO,St. Louis,(636) 271-5300,,General,214 N 1st St,63069,St. Louis,4
Member Perks LLC,https://elitememberperks.com,,,Ballwin,MO,St. Louis,(877) 600-5711,,General,15933 Clayton Rd Ste 137,63011,St. Louis,4
Memory Park Pet Cemetery,http://www.memoryparkpetcemetery.info,,,Ballwin,MO,St. Louis,(314) 576-3030,,General,1457 Boly Ln,63011,St. Louis,4
Menees & Menees,https://www.menees.law/?npcmp=dir:local:2466229:63122,https://www.google.com/maps/place/?q=place_id:ChIJtfQWVzHM2IcRhRbAmxNmGp0,,Kirkwood,MO,St. Louis,(314) 391-8747,,Personal Injury,121 W Adams Ave,63122,St. Louis,5
Metro Legal Center,,,,Moline Acres,MO,St. Louis,(314) 942-1356,,General,119 Church St,63135,St. Louis,4
Metro Park-Earth City,http://www.metroparkusa.com,,,Maryland Heights,MO,St. Louis,(314) 395-4931,,General,4050 Wedgeway Ct,63045,St. Louis,4
Metropolitan St Louis Legal,http://www.elbertwaltonlaw.com/,https://www.google.com/maps/place/?q=place_id:ChIJiUKrx25J34cRgbKjT26D_p4,,Florissant,MO,St. Louis,(314) 388-3400,,Criminal Defense,2320 Chambers Rd,63136,St. Louis,5
"Meyerkord & Kurth, LLC - St. Louis",https://www.stlouis-personalinjury.com/?utm_source=google&utm_medium=organic&utm_campaign=gbp,https://www.google.com/maps/place/?q=place_id:ChIJZeuDWnGz2IcRXtHdzXkX4xM,,Webster Groves,MO,St. Louis,(314) 300-3000,,Personal Injury,353 Marshall Ave # B,63119,St. Louis,5
Meyerkord Law Firm,http://www.missourilawhelp.com,,,Ballwin,MO,St. Louis,(314) 965-9900,,General,13523 Barrett Parkway Dr,63021,St. Louis,4
Meyers Law LLC,https://meyers.law/,https://www.google.com/maps/place/?q=place_id:ChIJgTct8S4z34cRetfEMFwLmmw,,Kirkwood,MO,St. Louis,(314) 821-8000,,General,2901 Dougherty Ferry Rd Suite 100,63122,St. Louis,4
Michael D Barrett Law Office,http://ww1.mdblawoffice.com,,,Maplewood,MO,St. Louis,(314) 645-5000,,General,7187 Manchester Rd,63143,St. Louis,4
Michael W Flynn,,,,Ballwin,MO,St. Louis,(636) 394-0488,,General,1503 Dietrich Chase Ln,63021,St. Louis,4
Midwest Professional Reps,http://midproreps.com,,,Fenton,MO,St. Louis,(636) 938-5575,,Medical Malpractice,211 Beverly St,63025,St. Louis,5
Miller & Hine Car Accident Attorneys at Law,https://www.millerandhinelaw.com/?utm_source=google&utm_medium=GBP&utm_campaign=stlouis,https://www.google.com/maps/place/?q=place_id:ChIJRXUc8CnL2IcRJvsKEcMStgA,,Brentwood,MO,St. Louis,(314) 413-2053,,Personal Injury,8764 Manchester Rd Suite 204,63144,St. Louis,5
"Miller Stilwell Law Firm, LLC",http://www.mslf-stl.com/,https://www.google.com/maps/place/?q=place_id:ChIJ29o4tvQo2YcRTGopw5Ym_Gg,,Fenton,MO,St. Louis,(636) 938-9877,info@mslf-stl.com,Personal Injury,925 W 5th St,63025,St. Louis,5
Missouri Injury Law Firm,https://www.injurylawyers-stlouis.com/?utm_source=google&utm_medium=organic&utm_campaign=gbp,https://www.google.com/maps/place/?q=place_id:ChIJv_xlkYLQ2IcR595JAhp_eyE,,Fenton,MO,St. Louis,(636) 333-1717,help@injurylawyers-stlouis.com,Personal Injury,1444 Gravois Rd,63049,St. Louis,5
Missouri Payday Loans,http://www.aaa1autotitleloan.com,,,Webster Groves,MO,St. Louis,(314) 962-2800,,General,9826A Manchester Rd,63119,St. Louis,4
Missouri Protection and Advocacy Services,http://www.moadvocacy.org,,,Overland,MO,St. Louis,(314) 785-1702,app.unit@mo-pa.org,Estate Planning,1992 Innerbelt Business Center Dr,63114,St. Louis,2
"Missouri Traffic Pro, LLC",,,,Town and Country,MO,St. Louis,(314) 394-2334,,General,2190 S Mason Rd Ste 200,63131,St. Louis,4
Molina Immigration Law,http://www.molinaimmigration.com,,,Olivette,MO,St. Louis,(314) 995-5351,,Immigration,9300 Olive Blvd,63132,St. Louis,2
Moline & Mehan LLC,https://mehanlaw.com/,https://www.google.com/maps/place/?q=place_id:ChIJeUws9tTK2IcRw9hcUZvEyl0,,Clayton,MO,St. Louis,(314) 725-3200,info@mehanlaw.com,Estate Planning,112 S Hanley Rd #200,63105,St. Louis,2
MoneyGram,http://moneygram.com,,,Florissant,MO,St. Louis,(800) 666-3947,,DUI,10111 West Florissant Ave,63136,St. Louis,5
Monge & Associates Injury and Accident Attorneys,https://www.becauseyouwanttowin.com/st-louis-mo-personal-injury-lawyer/,https://www.google.com/maps/place/?q=place_id:ChIJw6MQbWIz34cRXfbWms8eY2c,,Green Park,MO,St. Louis,(314) 897-3594,,Personal Injury,7321 S Lindbergh Blvd Suite 125,63125,St. Louis,5
"Muchnick Haber Margolis, LC",http://www.mhmlegal.com/,https://www.google.com/maps/place/?q=place_id:ChIJp43VMTvL2IcRaqWkDisZNOs,,Ladue,MO,St. Louis,(314) 725-5050,,Personal Injury,8909 Ladue Rd,63124,St. Louis,5
"Mueller Law Practice, LLC",https://injurylawstl.com/,https://www.google.com/maps/place/?q=place_id:ChIJu9Yk5UGz2IcRBoUippVpnwo,,Webster Groves,MO,St. Louis,(314) 962-5100,,Personal Injury,5 Plant Ave Apt 2,63119,St. Louis,5
Mutrux Firm Injury Lawyers,https://tysonmutrux.com/?utm_campaign=gmb&utm_id=gmb&utm_medium=organic&utm_source=google,https://www.google.com/maps/place/?q=place_id:ChIJec-aZynL2IcR_eqMqxRVo7U,,Clayton,MO,St. Louis,(314) 947-6025,info@MFInjury.com,Personal Injury,222 S Central Ave Ste 550,63105,St. Louis,5
Natural Healing HC LLC (In cursive writing),http://www.naturalhealinghc.com,,,Normandy,MO,St. Louis,(314) 551-9589,,General,6418 Leschen Ave,63121,St. Louis,4
Newcombs Flooring restorations LLC St. Louis,,,,Moline Acres,MO,St. Louis,(314) 329-4153,,General,,63135,St. Louis,4
Niel Weintraub Law Office,https://www.neilweintraub.com,,,Olivette,MO,St. Louis,(314) 890-8800,,General,1515 N Warson Rd Ste 232,63132,St. Louis,4
"O'Leary, Shelton, Corrigan, Peterson, Dalton & Quillin LLC",http://osclaw.com/,https://www.google.com/maps/place/?q=place_id:ChIJmw1kWyPL2IcRSxEN-D6ds7Q,,Richmond Heights,MO,St. Louis,(314) 405-9000,oleary@osclaw.com,Personal Injury,Penthouse-1A,63117,St. Louis,5
O'Shea Gregory D,,https://www.google.com/maps/place/?q=place_id:ChIJzQOJNDi22IcR32r_rawIZV8,,Green Park,MO,St. Louis,(314) 631-1824,,General,779 Lemay Ferry Rd,63125,St. Louis,4
Ogletree Deakins,https://ogletree.com/locations/st-louis/,https://www.google.com/maps/place/?q=place_id:ChIJwYc5edbK2IcR46TS8OH7kkw,,Clayton,MO,St. Louis,(314) 802-3935,,Social Security Disability,7700 Bonhomme Ave # 650,63105,St. Louis,1
OnderLaw,https://onderlaw.com/,https://www.google.com/maps/place/?q=place_id:ChIJ_38dTb7L2IcRdcMULHdbyz0,,Webster Groves,MO,St. Louis,(314) 408-6136,,Personal Injury,110 E Lockwood Ave,63119,St. Louis,5
One Step Pallet,http://onesteppallet.com/home.html,,,University City,MO,St. Louis,(314) 863-6445,,General,7777 Page Ave,63133,St. Louis,4
Ottsen Mauze Leggat & Belz,http://www.omlblaw.com,,,Clayton,MO,St. Louis,(314) 726-2800,bob_leggat@msn.com,Estate Planning,112 S Hanley Rd,63105,St. Louis,2
Owen Newman,http://www.owenlaw.com,,,Creve Coeur,MO,St. Louis,(314) 721-7717,info@owenlaw.com,Estate Planning,763 S New Ballas Rd,63141,St. Louis,2
"PMR LAW, LLC",http://www.pmrlawyer.com/,https://www.google.com/maps/place/?q=place_id:ChIJ47mTUHcw2YcRiCC5W-4Q9x8,,Wildwood,MO,St. Louis,(314) 609-9287,info@pmrlawyer.com,Personal Injury,2718 W Osage St,63069,St. Louis,5
Page Law,https://www.pagelaw.com/?utm_source=gmb&utm_medium=organic&utm_campaign=watson&utm_content=website,https://www.google.com/maps/place/?q=place_id:ChIJxfG1Yj2z2IcRL6CUS1MzLqo,,Crestwood,MO,St. Louis,(314) 322-8515,,Personal Injury,9930 Watson Rd #100,63126,St. Louis,5
Patent Law Office,http://mnewmanlaw.com,,,Creve Coeur,MO,St. Louis,(314) 872-8136,,General,763 S New Ballas Rd,63141,St. Louis,4
Personal Injury Law Practice Of Dean Meriwether,http://attorneyatlawballwin.com,,,Ballwin,MO,St. Louis,(314) 656-8073,,General,700 Ridgeside Dr Apt D,63021,St. Louis,4
Pioletti Pioletti & Nichols,https://piolettilaw.com/,https://www.google.com/maps/place/?q=place_id:ChIJ_-s2C33L2IcRC-tSIlD4DCU,,Richmond Heights,MO,St. Louis,(314) 887-1299,info@piolettilaw.com,Personal Injury,8229 Clayton Rd Suite 202,63117,St. Louis,5
Pj PAWN Shop,https://www.pjspawnplus.net,,,University City,MO,St. Louis,(314) 725-7296,,General,7929 Page Ave,63133,St. Louis,4
Pk Law,http://stlbankruptcyfirm.com,,,Affton,MO,St. Louis,(314) 827-4027,,Bankruptcy,8917 Gravois Rd,63123,St. Louis,2
Platinum Towing and Transport LLC,http://platinumtowing-stl.com,,,Webster Groves,MO,St. Louis,(314) 300-8694,,General,7303 Melbourne Ave,63119,St. Louis,4
Pliakos George A,,,,Kirkwood,MO,St. Louis,(314) 822-2500,,General,44 Nolan Dr,63122,St. Louis,4
Polsinelli,https://www.polsinelli.com/,https://www.google.com/maps/place/?q=place_id:ChIJQZPvC9XK2IcRkG-xyGq9HII,,Clayton,MO,St. Louis,(314) 889-8000,,General,7676 Forsyth Blvd Suite 800,63105,St. Louis,4
Powell Law Firm,https://www.plfirm.com/?utm_source=google&utm_medium=organic&utm_campaign=gbp_st_louis,https://www.google.com/maps/place/?q=place_id:ChIJoX7KkinL2IcRZMxPVOOZJ1s,,Ladue,MO,St. Louis,(314) 470-1374,,Personal Injury,9841 Clayton Rd,63124,St. Louis,5
Premiere Palace,,,,Florissant,MO,St. Louis,(314) 869-8723,,General,10114 W Florissant Ave,63136,St. Louis,4
R.O.C. Law,https://www.roclaw.com,,,Mehlville,MO,St. Louis,(314) 843-0220,roettle@roclaw.com,Criminal Defense,12964 Tesson Ferry Rd Ste B,63128,St. Louis,5
Rana Law Group,http://www.ranalawgroup.com/,https://www.google.com/maps/place/?q=place_id:ChIJZ1qC4qAy34cRYp06TpoiQoA,,Creve Coeur,MO,St. Louis,(314) 329-7690,,Personal Injury,655 Craig Rd UNIT 318,63141,St. Louis,5
Reuter Law Firm,http://www.reuterlawfirm.com,,,Mehlville,MO,St. Louis,(314) 729-0200,info@rmlawstl.com,Estate Planning,12300 Old Tesson Rd,63128,St. Louis,2
Rex Carr Law Firm,http://www.rexcarr.com/location.asp,,,Town and Country,MO,St. Louis,(800) 333-5297,,Intellectual Property,1650 Des Peres Rd,63131,St. Louis,1
Rhodes & Lally,http://www.rhodeslally.com/,https://www.google.com/maps/place/?q=place_id:ChIJ5_-6eBfL2IcR7pIF2yhKiJU,,Brentwood,MO,St. Louis,(314) 968-5577,,Personal Injury,1401 S Brentwood Blvd # 825,63144,St. Louis,5
Ricci Law Office,http://stuartgoldenberg.com,,,Richmond Heights,MO,St. Louis,(314) 647-1200,,General,1200 S Big Bend Blvd,63117,St. Louis,4
Richard Bumb PC,http://www.watsonlawstl.com,,,Crestwood,MO,St. Louis,(314) 842-0842,,General,9200 Watson Rd,63126,St. Louis,4
Richard J. Keyes Attorney At Law,http://probatelawcenterpc.com,,,Mehlville,MO,St. Louis,(314) 843-7633,,Estate Planning,12300 Old Tesson Rd Ste 100B,63128,St. Louis,2
Richard P Hereford Attorney at Law,http://www.richardherefordattorneyatlaw.com,,,Clayton,MO,St. Louis,(314) 276-4085,bwhereford@yahoo.com,Criminal Defense,7711 Bonhomme Ave Ste 815,63105,St. Louis,5
Rick L Nelson & Associates LLC,http://ricklnelsonllc.com,,,University City,MO,St. Louis,(314) 862-1444,,General,6822 Olive Blvd #200,63130,St. Louis,4
Ridings Law Firm,http://www.ridingslawfirm.com,,,Brentwood,MO,St. Louis,(314) 968-1313,,Bankruptcy,2510 S Brentwood Blvd,63144,St. Louis,2
Riezman Berger,http://www.riezmanberger.com/,https://www.google.com/maps/place/?q=place_id:ChIJwYc5edbK2IcRuxJscqbhYEE,,Clayton,MO,St. Louis,(314) 727-0101,,Employment Law,7700 Bonhomme Ave,63105,St. Louis,3
Robert E Jurotich Attorney At Law,http://www.jurotichlaw.com,,,Brentwood,MO,St. Louis,(314) 918-0367,,General,2510 S Brentwood Blvd,63144,St. Louis,4
"Robert E. Metzler, Attorney at Law",,,,Webster Groves,MO,St. Louis,(314) 434-0920,,General,8050 Watson Rd Suite 150,63119,St. Louis,4
Robert Faerber Law Offices,,https://www.google.com/maps/place/?q=place_id:ChIJB2mkHNbK2IcRZIDGvMbuplo,,Clayton,MO,St. Louis,(314) 727-3434,,General,230 S Bemiston Ave # 600,63105,St. Louis,4
Robert J. Wideman & Associates,,,,Sunset Hills,MO,St. Louis,(314) 842-7878,,General,12559 Cinema Ln,63127,St. Louis,4
Robert T Springer Law Office,http://www.robertspringer.com/,https://www.google.com/maps/place/?q=place_id:ChIJCRWeJOnL2IcR9cPvifLJTEU,,Webster Groves,MO,St. Louis,(314) 968-1245,rtspringerlaw@sbcglobal.net,Estate Planning,8777 Big Bend Blvd # B,63119,St. Louis,2
Robyn Stranquist Attorney At Law,,,,Moline Acres,MO,St. Louis,(314) 521-1401,,General,101 Darst Rd,63135,St. Louis,4
Rochelle D. Stanton Attorney at Law,http://www.rochelledstanton.com,https://www.google.com/maps/place/?q=place_id:ChIJkRZQ79DM2IcRPeX8dWe1mKc,,St. Ann,MO,St. Louis,(314) 991-1559,,General,500 NW Plz Dr Suite 507,63074,St. Louis,4
Rogers Sevastianos & Bante LLP,https://www.rsblawfirm.com/?npcmp=dir:local:2536225:63105,https://www.google.com/maps/place/?q=place_id:ChIJTeZvECrL2IcR8zEEkhrSbOM,,Clayton,MO,St. Louis,(314) 884-8991,,Personal Injury,120 S Central Ave #160,63105,St. Louis,5
Roife Law Group,http://www.roifelawgroup.com/,https://www.google.com/maps/place/?q=place_id:ChIJiy4Trosz34cRlumi_Ds21Qw,,Maryland Heights,MO,St. Louis,(314) 530-7805,,Immigration,111 W Port Plaza Dr Suite 600,63146,St. Louis,2
"Rose Legal Services, LLC - DWI & Criminal Defense Attorney",https://www.roselegalservices.com/?utm_source=google&utm_medium=organic&utm_campaign=Google%20My%20Business,https://www.google.com/maps/place/?q=place_id:ChIJBZBgLWLO2IcRTa9lz5ry4C4,,Sunset Hills,MO,St. Louis,(314) 408-2615,,Criminal Defense,3870 S Lindbergh Blvd Suite 130,63127,St. Louis,5
Rudman & Smith Law,https://www.rudmansmithlaw.com/,https://www.google.com/maps/place/?q=place_id:ChIJxZBgIPTK2IcRnWG02X6RHDU,,Maplewood,MO,St. Louis,(314) 645-7246,info@rudmansmithlaw.com,Personal Injury,2611 S Big Bend Blvd,63143,St. Louis,5
Ruocco Law Office,http://www.ruoccolaw.com,,,Maryland Heights,MO,St. Louis,(314) 492-3443,,General,1001 Craig Rd,63146,St. Louis,4
STL Law Group,https://www.stllawgroup.com/?utm_source=GMB&utm_medium=organic&utm_campaign=StLouis,https://www.google.com/maps/place/?q=place_id:ChIJa3SG7ynL2IcR3uSTySM6CT4,,Clayton,MO,St. Louis,(314) 888-5944,,Personal Injury,7800 Forsyth Blvd #600,63105,St. Louis,5
Sandra Moore-Dyson Attorney at Law,http://www.mooredysonlaw.com,,,Olivette,MO,St. Louis,(314) 942-3274,,General,1515 N Warson Rd,63132,St. Louis,4
Sansone & Lauber,https://www.missourilawyers.com/,https://www.google.com/maps/place/?q=place_id:ChIJo7uQ59XK2IcR7auYj2wsy4A,,Clayton,MO,St. Louis,(314) 863-0500,ben@missourilawyers.com,Personal Injury,7777 Bonhomme Ave #2100,63105,St. Louis,5
Sappington Painters,http://sappingtonpainters.weebly.com,,,Affton,MO,St. Louis,(314) 467-0603,,General,28 Grantwood Ln,63123,St. Louis,4
"Sarah Bird, DNP - PALM Health",https://www.palmhealth.com/our-team/sarah-bird-dnp/,,,Ladue,MO,St. Louis,(314) 801-8898,membership@palmhealth.com,Social Security Disability,9160 Clayton Road,63124,St. Louis,1
Schneider Gioia & Rengel,,,,Crestwood,MO,St. Louis,(314) 843-2400,,General,50 Crestwood Executive Ctr Ste 204,63126,St. Louis,4
Schultz & Myers Personal Injury Lawyers Ladue,https://schultzmyers.com/ladue-personal-injury-lawyer/?utm_source=google&utm_medium=organic&utm_campaign=gmb-ladue,https://www.google.com/maps/place/?q=place_id:ChIJERIqmFfN2IcRjmRtRCM5MSI,,Ladue,MO,St. Louis,(314) 408-2855,,Personal Injury,9807 S 40 Dr,63124,St. Louis,5
"Scott A Schatzman, The Schatzman Law Firm",https://www.sasatty.com/,https://www.google.com/maps/place/?q=place_id:ChIJEWtEWW_T2IcRMWlyJuvS46Y,,Clayton,MO,St. Louis,(314) 480-5599,,Family Law,8000 Bonhomme Ave UNIT 311,63105,St. Louis,4
"Scottrade, Inc",http://www.scottrade.com?site=HQ&pid=LocalSearch,,,Creve Coeur,MO,St. Louis,(800) 619-7283,,General,700 Maryville Centre Dr,63141,St. Louis,4
"Selimovic Law Firm, LLC",https://www.selimoviclaw.com/,https://www.google.com/maps/place/?q=place_id:ChIJlzHhRKvJ2IcRF-8c2u5aRvk,,Green Park,MO,St. Louis,(314) 601-5637,dino@selimoviclaw.com%20,Criminal Defense,3245 Lemay Ferry Rd,63125,St. Louis,5
Sewell Law,http://www.stlouisllcattorney.com/,https://www.google.com/maps/place/?q=place_id:ChIJcd31_p8034cRIysb9w-b43k,,Olivette,MO,St. Louis,(314) 942-3232,,General,9378 Olive Blvd # 211,63132,St. Louis,4
Shaearin Law Firm,http://www.shearinlaw.com,,,Wildwood,MO,St. Louis,(636) 334-3030,,General,305 E Osage St,63069,St. Louis,4
Shahid Law Firm,http://shahidlaw.mediamouthsite.com,,,Normandy,MO,St. Louis,(314) 383-4722,,General,7601 Natural Bridge Rd,63121,St. Louis,4
Sharon Sleater Attorney at Law,http://www.sleaterlaw.com,,,Kirkwood,MO,St. Louis,(314) 805-5963,,General,418 S Clay Ave,63122,St. Louis,4
Sheehan Michael K Attorney At Law,http://www.sheehanlegal.com,,,Green Park,MO,St. Louis,(314) 606-8065,,General,3221 Southern Aire Dr,63125,St. Louis,4
Shelton & Madrid Attorney At Law,,,,Mehlville,MO,St. Louis,(314) 729-1943,,General,11820 Tesson Ferry Rd,63128,St. Louis,4
Sherk & Swope,http://www.stlbankruptcy.com,,,Brentwood,MO,St. Louis,(314) 781-3400,office@stlbankruptcy.com,Family Law,1620 S Hanley Rd,63144,St. Louis,4
Sievers & Associates Law Firm,http://sieverslaw.net/,https://www.google.com/maps/place/?q=place_id:ChIJE_YWwdXK2IcRxxgmHqU4BCg,,Brentwood,MO,St. Louis,(314) 862-5909,info@sieverslaw.net,Personal Injury,8131 Manchester Rd,63144,St. Louis,5
Signing Edge,https://www.signingedge.com/,https://www.google.com/maps/place/?q=place_id:ChIJ___TJVTX2IcRkaGbyFeuZuM,,Fenton,MO,St. Louis,(636) 428-2815,,Personal Injury,2233 Appaloosa Trail,63049,St. Louis,5
Silver Pancake House,,,,Kirkwood,MO,St. Louis,(314) 858-9091,,General,9983 Manchester Rd,63122,St. Louis,4
Simmons Law Firm,http://www.simmonsfirm.com,,,Clayton,MO,St. Louis,(800) 479-9533,,Personal Injury,231 S Bemiston Ave,63105,St. Louis,5
Smith Amundsen,http://www.salawus.com,,,Creve Coeur,MO,St. Louis,(314) 275-1800,,Social Security Disability,12312 Olive Blvd,63141,St. Louis,1
Smith Andrew G,,,,Kirkwood,MO,St. Louis,(314) 966-5885,,General,10406 Manchester Rd,63122,St. Louis,4
Smittys Package Store,,,,Normandy,MO,St. Louis,(314) 385-3080,,General,4015 Jennings Station Rd,63121,St. Louis,4
Sokolik Law Firm LLC,http://www.saintlouismocriminallawyer.com,,,Olivette,MO,St. Louis,(314) 222-1255,,General,1515 N Warson Rd,63132,St. Louis,4
South County Senior Law Center,http://www.stlseniorlaw.com/,https://www.google.com/maps/place/?q=place_id:ChIJD188J_fH2IcRf2BDVhI0ijk,,Green Park,MO,St. Louis,(314) 845-0541,,Estate Planning,5518 Telegraph Rd Ste 101,63129,St. Louis,2
Southwest Parts Supply,http://www.thepalletman.com,,,Normandy,MO,St. Louis,(314) 383-8200,,General,6300 Saint Louis Ave,63121,St. Louis,4
St Louis DWI Lawyers,https://dwi-attorney-stlouis.com,,,Green Park,MO,St. Louis,(314) 888-9228,,General,1295 Enderbury Dr,63125,St. Louis,4
St Louis Strategic Wealth Group,http://www.stlouisstrategicwealthgroup.com,,,Creve Coeur,MO,St. Louis,(314) 307-8758,myles.zlepper@ceterawealth.com,Social Security Disability,11433 Olde Cabin Rd,63141,St. Louis,1
St. Louis Bankruptcy Lawyer,,,,Mehlville,MO,St. Louis,(314) 833-8971,,General,"12964 Tesson Ferry, Suite B",63128,St. Louis,4
St. Louis County Prosecuting Attorney,https://saintlouiscountyprosecutingattorney.com/,https://www.google.com/maps/place/?q=place_id:ChIJW7ReairL2IcRQzn0q5A0GNw,,Clayton,MO,St. Louis,(314) 615-2600,,Social Security Disability,100 South Central Avenue,63105,St. Louis,1
St. Louis Estate Planning LLC,http://www.stlestate.com/,https://www.google.com/maps/place/?q=place_id:ChIJF9w9wVrT2IcRyLGjhLoZ9WI,,Kirkwood,MO,St. Louis,(314) 858-9799,scott@stlestate.com,Estate Planning,2705 Dougherty Ferry Rd suite 200,63122,St. Louis,2
Stapley Law Firm,http://stapleylaw.com,,,Creve Coeur,MO,St. Louis,(314) 380-5700,,General,11628 Old Ballas Rd #321,63141,St. Louis,4
Stephen J Hoffmann Law Offices,http://www.hoffmannlegalservices.com,https://www.google.com/maps/place/?q=place_id:ChIJT9An5djI2IcRWjDccYZ5TEs,,Mehlville,MO,St. Louis,(314) 729-0823,,Personal Injury,105 Concord Plaza Shopping Center,63128,St. Louis,5
Steve Edelman attorney,http://www.edelmanlaw.com/,https://www.google.com/maps/place/?q=place_id:ChIJh3oIG0zK2IcRmC0fvVaKbxw,,Webster Groves,MO,St. Louis,(314) 961-4878,,Personal Injury,7852 Big Bend Blvd,63119,St. Louis,5
Steve Fluhr Law Office,http://fluhrmoorellc.com,,,Webster Groves,MO,St. Louis,(314) 942-8711,,General,9322 Manchester Rd,63119,St. Louis,4
Stinson LLP,http://www.stinson.com/,https://www.google.com/maps/place/?q=place_id:ChIJrUiAWNTK2IcR2c90d953gRg,,Clayton,MO,St. Louis,(314) 863-0800,,Bankruptcy,7700 Forsyth Blvd # 1100,63105,St. Louis,2
"Stone, Leyton & Gershman, A Professional Corporation",https://stoneleyton.com/,https://www.google.com/maps/place/?q=place_id:ChIJgUgnD9XK2IcRuv1aoh956Rw,,Clayton,MO,St. Louis,(314) 721-7011,,Social Security Disability,7733 Forsyth Blvd # 500,63105,St. Louis,1
Stotler Wealth Management,https://www.stotlerwealthmanagement.com,,,Fenton,MO,St. Louis,(636) 587-0026,drew.stotler@lpl.com,Social Security Disability,208 N Central Ave Ste C,63025,St. Louis,1
Stuckmeyer C. Lester Jr Attorney At Law,http://stuckmeyer.com/matters/,https://www.google.com/maps/place/?q=place_id:ChIJj8M0-9jI2IcRp9WElQPnNy8,,Mehlville,MO,St. Louis,(314) 729-0272,lester@stuckmeyer.com,General,105 Concord Plaza Shopping Center Suite 209,63128,St. Louis,4
Summers Compton Wells LLC,https://www.summerscomptonwells.com/,https://www.google.com/maps/place/?q=place_id:ChIJyZBJwMo034cRMRAQXUmXqGA,,Town and Country,MO,St. Louis,(314) 991-4999,,Social Security Disability,903 S Lindbergh Blvd # 200,63131,St. Louis,1
"Sumner Law Group, LLC",https://www.sumnerlawgroup.com/,https://www.google.com/maps/place/?q=place_id:ChIJ3frhkBiz2IcRPB63OUt-vPA,,Clayton,MO,St. Louis,(314) 669-0048,,Personal Injury,7777 Bonhomme Ave #2100,63105,St. Louis,5
Susan Cho Figenshau PC,http://www.strictlyimmigration.com,,,Town and Country,MO,St. Louis,(314) 983-9911,,General,11330 S 40 Dr,63131,St. Louis,4
Tallent Law Firm,http://tallentlaw.com,,,Maplewood,MO,St. Louis,(314) 932-5359,,General,3732 Cambridge Ave,63143,St. Louis,4
Tax Whistleblower Law Firm,http://www.rewardtax.com,,,Olivette,MO,St. Louis,(877) 404-1040,,Social Security Disability,10426 Baur Blvd,63132,St. Louis,1
The Baebler Firm,http://thebaeblerfirm.com,,,Crestwood,MO,St. Louis,(314) 270-9900,"inquiries@thebaeblerfirm.com,caddyshackcircle2004@gmail.com",Personal Injury,60 Crestwood Executive Ctr,63126,St. Louis,5
The Betz Law Firm,https://betzlawfirm.com/,https://www.google.com/maps/place/?q=place_id:ChIJo87Vqr_L2IcRxSFC7vmx5PM,,Webster Groves,MO,St. Louis,(314) 801-8488,,Family Law,120 E Lockwood Ave,63119,St. Louis,4
The Burns Laws Team -The Hermann London Group,https://burnslawsteam.myhomehq.biz,,,Maplewood,MO,St. Louis,(314) 941-2882,support@outboundengine.com,General,7350 Manchester Rd,63143,St. Louis,4
The Buxner Law Firm,https://www.buxnerlaw.com,,,Clayton,MO,St. Louis,(314) 888-5235,,Personal Injury,230 S Bemiston Ave Ste 1400,63105,St. Louis,5
The Cavanaugh Law Firm,http://www.cavanaugh-law.com/,https://www.google.com/maps/place/?q=place_id:ChIJMTlJqbbL2IcRTU8xOO2idkk,,Webster Groves,MO,St. Louis,(314) 308-2451,bcavanaugh@cavanaugh-law.net,Employment Law,75 W Lockwood Ave #222,63119,St. Louis,3
"The Chase Law Firm, PC",http://www.chaselawpc.com/,https://www.google.com/maps/place/?q=place_id:ChIJt02P7ynL2IcRD4nqqO7JkZ8,,University City,MO,St. Louis,(314) 591-7300,,Real Estate,7509 Delmar Blvd,63130,St. Louis,2
"The Coulter Law Firm, LLC Joan A. Coulter",http://www.stl-lawfirm.com/,https://www.google.com/maps/place/?q=place_id:ChIJJUIq7SnL2IcRImGizFPyIEw,,Ladue,MO,St. Louis,(314) 991-2925,info@mysite.com,Family Law,8820 Ladue Rd #203,63124,St. Louis,4
"The Davis Injury Law Firm, LLC",http://davisinjuryfirm.com/,https://www.google.com/maps/place/?q=place_id:ChIJ80byPIUz34cR18WPXjjx2x4,,Creve Coeur,MO,St. Louis,(314) 677-1356,,Personal Injury,680 Craig Rd #104,63141,St. Louis,5
The Dixon Injury Firm,https://www.dixoninjuryfirm.com,,,Olivette,MO,St. Louis,(314) 208-2808,,Personal Injury,9666 Olive Blvd Ste 202,63132,St. Louis,5
The Enterprise Law Offices,http://www.theenterpriselawgroup.com,,,Richmond Heights,MO,St. Louis,(314) 282-8725,,General,8151 Clayton Rd,63117,St. Louis,4
The Faulstich Law Firm,http://www.richardismylawyer.com,,,Clayton,MO,St. Louis,(314) 260-7823,richardismylawyer@gmail.com,Personal Injury,7777 Bonhomme Ave,63105,St. Louis,5
The Fischer Law Firm,http://www.fischerlawnow.com/,https://www.google.com/maps/place/?q=place_id:ChIJU0KXKNTK2IcRdssU97uX5hw,,Richmond Heights,MO,St. Louis,(314) 721-7111,,Personal Injury,1034 S Brentwood Blvd Suite 1540,63117,St. Louis,5
"The Floyd Law Firm, P.C.",https://www.thefloydlawfirm.com,,,Richmond Heights,MO,St. Louis,(314) 863-4114,info@thefloydlawfirm.com,Personal Injury,8151 Clayton Rd #202,63117,St. Louis,5
The Germeroth Law Firm,http://germerothlaw.com,,,Clayton,MO,St. Louis,(314) 727-2100,,General,7730 Carondelet Ave #310,63105,St. Louis,4
The Gogel Law Firm - Accident & Injury Attorneys St Louis,https://gogellawfirm.com/?utm_source=GMB_Saint_Louis&utm_medium=organic&utm_campaign=Google%20My%20Business,https://www.google.com/maps/place/?q=place_id:ChIJCTe1N9i02IcRmxGgBuf6IKg,,Creve Coeur,MO,St. Louis,(314) 370-8173,jeremy@gogellawfirm.com,Personal Injury,745 Old Ballas Rd,63141,St. Louis,5
The Gunn Law Firm,https://www.thegunnlawfirm.com/,https://www.google.com/maps/place/?q=place_id:ChIJfYSMLX7S2IcRkZoKtRzN6cQ,,Town and Country,MO,St. Louis,(314) 965-1200,jdavis@thegunnlawfirm.com,Estate Planning,1714 Deer Tracks Trail # 240,63131,St. Louis,2
The Gusdorf Law Firm,http://attycollects.com/,https://www.google.com/maps/place/?q=place_id:ChIJg6mIBEIz34cROj1uwoHtG2Y,,Olivette,MO,St. Louis,(314) 942-6571,,Employment Law,9666 Olive Blvd #211,63132,St. Louis,3
The Hardin Law Firm LLC,https://hardinlawstl.com/?utm_source=google-local&utm_medium=organic&utm_campaign=1765,https://www.google.com/maps/place/?q=place_id:ChIJId1oHtW32IcRgWQeLe_ipk8,,Green Park,MO,St. Louis,(314) 939-1395,,Criminal Defense,7321 S Lindbergh Blvd Suite 130,63125,St. Louis,5
"The Hein Law Firm, L.C.",https://heinlegal.com/,https://www.google.com/maps/place/?q=place_id:ChIJjXzbptjK2IcRC_pfsL2KEms,,Brentwood,MO,St. Louis,(314) 645-7900,,Personal Injury,2001 S Hanley Rd Suite 100,63144,St. Louis,5
The Hoffmann Law Firm,https://www.hoffmannpersonalinjury.com/,https://www.google.com/maps/place/?q=place_id:ChIJS8fq8dXK2IcRrAaiH20_RlU,,Clayton,MO,St. Louis,(314) 361-4242,,Personal Injury,130 S Bemiston Ave # 603,63105,St. Louis,5
The Inskip Law Firm,http://inskiplaw.com,,,Webster Groves,MO,St. Louis,(314) 961-0330,cji@inskiplaw.com,Estate Planning,7646 Watson Rd,63119,St. Louis,2
"The Jackson Law Firm, PC",https://jacksonfirmpc.com/,https://www.google.com/maps/place/?q=place_id:ChIJw6mrh9ua6QoRD8AR2HWc14g,,Olivette,MO,St. Louis,(314) 816-7585,,General,8200 Olive Blvd,63132,St. Louis,4
The Khouri Law Firm,http://www.khourilawfirm.com/contact.html,https://www.google.com/maps/place/?q=place_id:ChIJ3aDvZPG12IcRtzzzzIvkaIw,,Brentwood,MO,St. Louis,(314) 455-6110,,Personal Injury,1401 S Brentwood Blvd Suite 950,63144,St. Louis,5
"The Kryder Law Group, LLC Accident and Injury Lawyers",https://www.kryderlaw.com/st-louis-injury/?utm_source=google_gbp&utm_medium=organic&utm_campaign=GBPStLouis,https://www.google.com/maps/place/?q=place_id:ChIJD5Hf-F7P2IcRgqxSOW4U8yE,,Crestwood,MO,St. Louis,(314) 334-8815,,Personal Injury,50,63126,St. Louis,5
"The Laiderman Law Firm, P.C.",http://www.laidermanlaw.com/,https://www.google.com/maps/place/?q=place_id:ChIJSz_drxUt34cRiOwfWWmLQ5c,,Creve Coeur,MO,St. Louis,(314) 514-9100,,Medical Malpractice,1067 N Mason Rd #3,63141,St. Louis,5
The Law Firm Of Pamela Johnson St Louis,https://www.pjohnsonllc.com,,,Richmond Heights,MO,St. Louis,(314) 295-4799,,General,6614 Clayton Rd,63117,St. Louis,4
The Law Office Of Matthew J. Floyd,,,,Town and Country,MO,St. Louis,(314) 686-4529,,General,"1610 Des Peres Rd #100, St Louis, MO 63131",63131,St. Louis,4
The Law Office Of Michael Paulus,,,,Maryland Heights,MO,St. Louis,(314) 872-2185,,General,1001 Craig Rd Ste 260,63146,St. Louis,4
The Law Office of Lance R. Drury,https://www.lancedrurylaw.com,,,Sunset Hills,MO,St. Louis,(314) 260-6120,lance@lancedrurylawfirm.com,Estate Planning,3636 S Geyer Rd Ste 100,63127,St. Louis,2
"The Law Office of Patrick E. Poston, LLC",http://www.peplawoffice.com/,https://www.google.com/maps/place/?q=place_id:ChIJg77BmHzH2IcRF7ckuKAe1pM,,Green Park,MO,St. Louis,(314) 293-9958,pposton@peplawoffice.com,Personal Injury,5661 Telegraph Rd Suite 8B,63129,St. Louis,5
The Law Office of Tim Etzkorn,https://www.lawinstl.com,,,Town and Country,MO,St. Louis,(314) 596-9361,,Personal Injury,10411 Clayton Rd,63131,St. Louis,5
"The Law Office of Tracy A. Brown, P.C.",http://www.bktab.com/,https://www.google.com/maps/place/?q=place_id:ChIJZevFeiPL2IcRR2gy5SQgYSA,,Richmond Heights,MO,St. Louis,(314) 644-0303,brownlaw@bktab.com,Bankruptcy,1034 S Brentwood Blvd #600,63117,St. Louis,2
The Law Offices of Brian Flieg,http://www.flieglaw.com,,,Green Park,MO,St. Louis,(314) 939-1396,,General,2023 Lemay Ferry Rd,63125,St. Louis,4
The Law Offices of Brian M. Faucett,http://www.faucettlaw.com/,https://www.google.com/maps/place/?q=place_id:ChIJIZEFhti12IcRDsQt48MD4og,,Brentwood,MO,St. Louis,(314) 399-8753,bmf@faucettlaw.com,Family Law,8821 Manchester Rd,63144,St. Louis,4
"The Law Offices of Ellen E. Morgan, LLC",http://ellenmorgan.com/,https://www.google.com/maps/place/?q=place_id:ChIJG9Bpf0vK2IcR8o0wwvVd8j0,,Webster Groves,MO,St. Louis,(314) 918-7888,,Personal Injury,9804 Manchester Rd suite d,63119,St. Louis,5
"The Law Offices of Joanne M. Descher, LLC",https://www.mkennedylaw.com,,,Richmond Heights,MO,St. Louis,(314) 645-9933,,General,2001 S Big Bend Blvd,63117,St. Louis,4
The Legends at Pasadena Hills,https://www.legendsatpasadenahills.com,,,Normandy,MO,St. Louis,(314) 530-5520,,Social Security Disability,7376 San Diego Ave,63121,St. Louis,1
The Lemon Law Attorneys - Missouri,https://www.thelemonlawattorneys.com/missouri,https://www.google.com/maps/place/?q=place_id:ChIJoRUdCJgy34cRj001ZxlOvpM,,Webster Groves,MO,St. Louis,(314) 384-8404,,Social Security Disability,7253 Watson Rd #1072,63119,St. Louis,1
The Manus Law Firm LLC,,https://www.google.com/maps/place/?q=place_id:ChIJfQ8o4mm12IcRlYy4r_dKOtI,,Green Park,MO,St. Louis,(314) 696-2262,,General,3245 Lemay Ferry Rd,63125,St. Louis,4
The Morris Firm,https://themorrisfirmstl.com/,https://www.google.com/maps/place/?q=place_id:ChIJl74mA0Kz2IcREGv6fG_eQfc,,University City,MO,St. Louis,(314) 241-5900,rm@themorrisfirmstl.com,Personal Injury,7281 Olive Blvd,63130,St. Louis,5
The Nations Law Firm,http://www.thenationslawfirm.com,,,Town and Country,MO,St. Louis,(314) 821-4900,,Estate Planning,12813 Flushing Meadows Dr,63131,St. Louis,2
The Original Pancake House,http://www.originalpancakehouse.com,,,Ladue,MO,St. Louis,(314) 932-1340,,General,8817 Ladue Rd,63124,St. Louis,4
The Rabbitt Law Firm LLC,http://www.rabbittlawfirm.com,,,Clayton,MO,St. Louis,(314) 881-6600,,General,231 S Bemiston Ave,63105,St. Louis,4
"The Rice Law Firm, L.L.C.",http://www.thericelawfirm.com,,,Webster Groves,MO,St. Louis,(636) 271-4056,,General,75 W Lockwood Ave #222,63119,St. Louis,4
The Rogers Law Firm,https://rogerslawfirmllc.com/,https://www.google.com/maps/place/?q=place_id:ChIJpeZCxWPO2IcR9-Htkzk1D5c,,Fenton,MO,St. Louis,(314) 724-5059,AROGERS@ROGERSLAWFIRMLLC.com,Criminal Defense,221 Thresher Dr,63025,St. Louis,5
The S.E. Farris Law Firm,http://farrislaw.net/,https://www.google.com/maps/place/?q=place_id:ChIJz_YyVL7L2IcRUzMZUx4NrVw,,Webster Groves,MO,St. Louis,(314) 252-9937,courtnotices@farrislaw.org,Personal Injury,523 N Laclede Station Rd #116,63119,St. Louis,5
The Singer Law Firm,http://www.singerslaw.com/,https://www.google.com/maps/place/?q=place_id:ChIJkw_3Tb0y34cRGdy1QfumnTk,,University City,MO,St. Louis,(314) 863-5900,,General,7505 Delmar Blvd,63130,St. Louis,4
"The Smith Law Firm, LLC",http://www.smithlawfirm.com/,https://www.google.com/maps/place/?q=place_id:ChIJk8jh-inL2IcR7hE-hqJ85zI,,Clayton,MO,St. Louis,(314) 725-4400,,Family Law,231 S Bemiston Ave #800,63105,St. Louis,4
The Tapella & Eberspacher Law Firm,http://www.foryourjustice.com,,,Clayton,MO,St. Louis,(217) 639-7800,,General,7777 Bonhomme Ave,63105,St. Louis,4
The Truitt Law Firm,http://www.thetruittlawfirm.com,,,Overland,MO,St. Louis,(314) 733-0400,info@thetruittlawfirm.com,Family Law,8907 Lackland Rd,63114,St. Louis,4
The Wagner Law Group,https://www.wagnerlawgroup.com/office-locations/st-louis-law-office/?npcmp=dir:local:3997964:63122,,,Kirkwood,MO,St. Louis,(314) 236-0065,,Employment Law,439 S Kirkwood Rd Ste 215,63122,St. Louis,3
The Welply Law Firm,http://www.welplylaw.com,,,Clayton,MO,St. Louis,(314) 717-9118,,General,225 S Meramec Ave,63105,St. Louis,4
The Wilbers Law Firm LLC,https://www.thewilberslawfirm.com/?npcmp=dir:local:4963725:63105,https://www.google.com/maps/place/?q=place_id:ChIJ46Vl-tXK2IcRD1oNEzijrAk,,Clayton,MO,St. Louis,(314) 721-3040,,Personal Injury,130 S Bemiston Ave Suite 302,63105,St. Louis,5
Theodore F Schwartz Attorney,http://www.kennethrschwartz.com,,,University City,MO,St. Louis,(314) 863-1848,,General,597 Purdue Ave,63130,St. Louis,4
Theresa Flores & Associates,http://floresgroup.com,,,Maryland Heights,MO,St. Louis,(314) 469-4887,,Social Security Disability,13430 Terra Vista Dr,63146,St. Louis,1
Thomas A. Durphy,https://shandselbert.com/,https://www.google.com/maps/place/?q=place_id:ChIJm8LgZivL2IcRHBHikrR8c0Y,,Clayton,MO,St. Louis,(314) 241-3963,,Employment Law,8235 Forsyth Blvd Suite 700,63105,St. Louis,3
Thomeczek & Brink,http://www.tblawfirm.com,,,Olivette,MO,St. Louis,(314) 997-7733,,General,1120 Olivette Executive Pkwy,63132,St. Louis,4
Thompson and McDonald Law  Firm,,,,Sunset Hills,MO,St. Louis,(314) 698-4933,,General,3636 S Geyer Rd,63127,St. Louis,4
"Todd N. Hendrickson, P.C.",https://www.hendricksonlaw.com/,https://www.google.com/maps/place/?q=place_id:ChIJV088zuHN2IcRJFdu0IKfJvs,,Creve Coeur,MO,St. Louis,(314) 350-6823,,Personal Injury,677 Craig Rd Suite 201,63141,St. Louis,5
"Tom Wilmowski, Injury Attorney",https://personalinjurystlouis.com,,,Ladue,MO,St. Louis,(314) 860-1644,info@swlawstl.com,Personal Injury,9807 S 40 Dr,63124,St. Louis,5
Tommy Harsley Law Office,http://tommieharsleylaw.com/,https://www.google.com/maps/place/?q=place_id:ChIJIUhcGLw034cRjaFjfRcTIU8,,Olivette,MO,St. Louis,(314) 872-3900,info@taharsleylaw.com,Personal Injury,8200 Olive Blvd,63132,St. Louis,5
Toscano & Wilson Law LLC,http://twlawstl.com,,,Olivette,MO,St. Louis,(314) 801-1335,,Bankruptcy,10880 Baur Blvd #123,63132,St. Louis,2
"Traffic Counsel, LLC",https://www.trafficcounsel.com/,https://www.google.com/maps/place/?q=place_id:ChIJ8S5bmhiz2IcRvNwo8iNJwtU,,Richmond Heights,MO,St. Louis,(636) 388-8461,,General,1019 S Big Bend Blvd,63117,St. Louis,4
Traffic Law Hotline,http://www.trafficlawhotline.net,,,Olivette,MO,St. Louis,(314) 872-3342,,Social Security Disability,9624 Olive Blvd,63132,St. Louis,1
Travaglini Christine E,https://www.kbdllc.com/about.html,https://www.google.com/maps/place/?q=place_id:ChIJiVArkhzL2IcRtlasBmc-2QA,,Brentwood,MO,St. Louis,(314) 962-1115,,General,1420 Strassner Dr,63144,St. Louis,4
Tricia A Workman,,,,Clayton,MO,St. Louis,(314) 259-4579,,General,168 N Meramec Ave,63105,St. Louis,4
Tueth Keeney Cooper Mohan & Jackstadt P.C.,http://www.tuethkeeney.com/,https://www.google.com/maps/place/?q=place_id:ChIJ_yWk3CrL2IcRxrslEoSgs6Q,,Clayton,MO,St. Louis,(314) 880-3600,,Employment Law,34 N Meramec Ave # 600,63105,St. Louis,3
UAW-GM Legal Services Plan,https://www.uawlegalservices.com,,,St. Ann,MO,St. Louis,(314) 291-6868,clientcomments@uawlsp.com,Family Law,500 NW Plaza Dr,63074,St. Louis,4
"US Legal Solutions, LLC",http://us-legalsolutions.com/,https://www.google.com/maps/place/?q=place_id:ChIJRarJmu_J2IcRCx1qMRxdp0c,,Affton,MO,St. Louis,(314) 729-1049,,Criminal Defense,8714 Gravois Rd,63123,St. Louis,5
United Cerebral Palsy,http://www.ucpstl.org,,,Webster Groves,MO,St. Louis,(314) 962-0015,,General,1118 S Laclede Station Rd,63119,St. Louis,4
Vancil Edward Attorney,,,,Ballwin,MO,St. Louis,(636) 386-7667,,General,301 Sovereign Ct,63011,St. Louis,4
Velda City,https://veldacity.org/,https://www.google.com/maps/place/?q=place_id:ChIJJ5CTVoZK34cR9r_muZ6BstI,,Normandy,MO,St. Louis,(314) 382-6600,dnelson@veldacity.org,Social Security Disability,2560 Lucas and Hunt Rd,63121,St. Louis,1
Vero Fitness Pacific,https://www.verofitness.com,,,Wildwood,MO,St. Louis,(636) 393-0655,,General,522 E Osage St,63069,St. Louis,4
Victor C. Strauss Attorney at Law,https://www.victorstrausslaw.com/,https://www.google.com/maps/place/?q=place_id:ChIJka_3ahTK2IcR1PT9r6VJRAk,,Webster Groves,MO,St. Louis,(314) 457-9673,,General,7000 Chippewa St #104,63119,St. Louis,4
Voytas Law LLC,https://www.voytaslaw.com/,https://www.google.com/maps/place/?q=place_id:ChIJE651O-vJ2IcRjHSxyRHV7FE,,Green Park,MO,St. Louis,(314) 380-3166,,Personal Injury,7321 S Lindbergh Blvd Suite 400B,63125,St. Louis,5
WARD | HOLLINGSHEAD Attorneys at Law,http://www.carlwardlaw.com,,,Town and Country,MO,St. Louis,(866) 449-3244,,Criminal Defense,12444 Powerscourt Dr Ste 370,63131,St. Louis,5
Walton Telken Bragee Injury Attorneys,https://waltontelken.com/?utm_source=google&utm_medium=organic&utm_campaign=gmb_listing_stlouis,https://www.google.com/maps/place/?q=place_id:ChIJc24y737S2IcRWeeuPhCQ99M,,Kirkwood,MO,St. Louis,(314) 441-7133,,Personal Injury,214 N Clay Ave #140,63122,St. Louis,5
Waltrip & Schmidt,https://schmidtbasch.com/,https://www.google.com/maps/place/?q=place_id:ChIJrXgOn9jL2IcRt6Q6pjGQ8nA,,Richmond Heights,MO,St. Louis,(314) 721-9200,,Estate Planning,1034 S Brentwood Blvd Suite 1555,63117,St. Louis,2
Warson Capital Partners,http://www.warsoncapital.com,,,Town and Country,MO,St. Louis,(314) 962-8700,,Social Security Disability,10333 Clayton Rd,63131,St. Louis,1
"Wasinger Daming, LC",http://wasingerdaming.com/,https://www.google.com/maps/place/?q=place_id:ChIJ5_-6eBfL2IcRnHKPVXINMwA,,Brentwood,MO,St. Louis,(314) 961-0400,,Employment Law,1401 S Brentwood Blvd #875,63144,St. Louis,3
Wayfinder Law,https://www.wayfinderlaw.com/?utm_source=gmblisting&utm_medium=organic,https://www.google.com/maps/place/?q=place_id:ChIJAVvSNorL2IcRRZdH-r6vFwM,,University City,MO,St. Louis,(314) 312-1111,,Personal Injury,725 Kingsland Ave Suite 100,63130,St. Louis,5
West County Family Law,http://www.westcountyfamilylaw.com,https://www.google.com/maps/place/?q=place_id:ChIJ81JCOULU2IcRLfDstjlcoxo,,Ballwin,MO,St. Louis,(636) 861-1111,,General,1190 Meramec Station Road Suite 203,63021,St. Louis,4
Westhoff Law Firm,http://www.westhofflaw.com,,,Clayton,MO,St. Louis,(314) 727-1554,,General,7751 Carondelet Ave,63105,St. Louis,4
Wiikit Passions,,,,Riverview,MO,St. Louis,(314) 281-0901,,General,243 Chambers Rd,63137,St. Louis,4
William C.E. Goldstein - Moran & Goldstein,http://stlcriminallawyer.net/,https://www.google.com/maps/place/?q=place_id:ChIJG23a-dXK2IcRd1dmdus1TJg,,Clayton,MO,St. Louis,(314) 932-2220,info@stlcriminallawyer.com,Personal Injury,168 N Meramec Ave # 400,63105,St. Louis,5
Willimon Law Firm,http://www.midwestmediation.net,,,Ballwin,MO,St. Louis,(636) 391-3194,,General,15332 Manchester Rd,63011,St. Louis,4
Willoughby Law Firm,http://www.willoughbylaw.com,,,Brentwood,MO,St. Louis,(314) 968-2244,kim@willoughbylaw.com,Family Law,8764 Manchester Rd,63144,St. Louis,4
Wiseheart Kaiser Law Firm,https://www.estateplanstl.com,,,Sunset Hills,MO,St. Louis,(314) 966-2226,barbara@wiseheartlaw.com,Estate Planning,10805 Sunset Office Dr Ste 300,63127,St. Louis,2
Workplace Partners,http://www.workplacepartners.com,,,Olivette,MO,St. Louis,(314) 993-6467,,General,9648 Olive Blvd,63132,St. Louis,4
World financial,https://www.loansbyworld.com/locations/st-ann,,,St. Ann,MO,St. Louis,(314) 426-7800,,General,,63074,St. Louis,4
Worman Law LLC,https://www.wormanlawllc.com/,https://www.google.com/maps/place/?q=place_id:ChIJAyASStXL2IcRYLGTMaxrZJI,,Clayton,MO,St. Louis,(314) 695-9529,edward@wormanlawllc.com,Personal Injury,222 S Meramec Ave Suite 203,63105,St. Louis,5
Wunderlich William & Associates,http://www.wunderlichlaw.com/,https://www.google.com/maps/place/?q=place_id:ChIJmc9G7gHR2IcRZJmTDz6E1TA,,Fenton,MO,St. Louis,(800) 466-6282,,General,1504 Gravois Rd,63049,St. Louis,4
Wynne Law Firm,http://missourijustice.net,,,Clayton,MO,St. Louis,(314) 241-6161,,General,114 Gay Ave,63105,St. Louis,4
Yi Sun & Associates LLC,https://yisunlaw.com/,https://www.google.com/maps/place/?q=place_id:ChIJUyFi2dQ034cRNpX53FThdR0,,Richmond Heights,MO,St. Louis,(314) 863-8887,yisun@yisunlaw.com,Criminal Defense,8011 Clayton Rd 3rd Floor,63117,St. Louis,5
Zackson Law,http://www.zacksonlaw.us,,,Olivette,MO,St. Louis,(314) 989-0877,,General,1100 Corporate Square Dr,63132,St. Louis,4
"Zellers Law Firm, LLC",http://www.zellerslawfirm.com,,,Sunset Hills,MO,St. Louis,(314) 896-1394,,General,3636 S Geyer Rd,63127,St. Louis,4
Zolman Law Firm,http://www.zolmanlawfirm.com,,,Richmond Heights,MO,St. Louis,(314) 375-5237,carla@zolmanlawfirm.com,Family Law,2016 S Big Bend Blvd,63117,St. Louis,4
hugh eastwood,http://www.eastwoodlawstl.com/contact/,https://www.google.com/maps/place/?q=place_id:ChIJEVL27irL2IcRQ4r172pK7-E,,Clayton,MO,St. Louis,(314) 809-2343,hugh@eastwoodlawstl.com,General,8112 Maryland Ave Suite 400,63105,St. Louis,4
"law office of venus V. Harry, LLC.",http://venusesquire.webs.com,,,University City,MO,St. Louis,(314) 367-1059,,General,7171 Delmar Blvd,63130,St. Louis,4
Lawson's Tasty Wings,,,,Berkeley,MO,St. Louis,(314) 522-0771,,General,8017 Airport Rd,63134,St. Louis,4
"ITCOY Home Health Care, LLC",https://www.illtakecareofyou.com,,,Black Jack,MO,St. Louis,(844) 464-8269,,General,12470 Old Halls Ferry Rd,63033,St. Louis,4
"Buchanan, Williams & O' Brien, P.C.",https://www.bwoattorneys.com/st-louis/,https://www.google.com/maps/place/?q=place_id:ChIJkwYWKirL2IcRkxxcOMSeyw0,,Brentwood,MO,St. Louis,(314) 886-8527,,Personal Injury,2240 S Brentwood Blvd,63144,St. Louis,5
Cosgrove Law,http://www.cosgrovelawllc.com,,,Brentwood,MO,St. Louis,(314) 563-2490,,Estate Planning,1401 S Brentwood Blvd,63144,St. Louis,2
Foulk Law Firm LLC,https://www.foulklawfirm.com/?utm_source=google-local&utm_medium=organic&utm_campaign=4073,https://www.google.com/maps/place/?q=place_id:ChIJf65KoAbL2IcRYKR_ttWNdPw,,Brentwood,MO,St. Louis,(314) 279-9685,,Personal Injury,1420 Strassner Dr,63144,St. Louis,5
Holloran Schwartz & Gaertner LLP,https://holloranlaw.com/,https://www.google.com/maps/place/?q=place_id:ChIJDYg4oqGz2IcRQsa9XQZtbWc,,Brentwood,MO,St. Louis,(314) 772-8989,rgrossman@holloranlaw.com,Personal Injury,9200 Litzsinger Rd,63144,St. Louis,5
JMH Law Firm - Brentwood Office,http://www.notguiltystl.com/,https://www.google.com/maps/place/?q=place_id:ChIJF2nSQJTL2IcRevyuWfCUx9M,,Brentwood,MO,St. Louis,(314) 827-6222,joe@jmhlawfirm.com,Personal Injury,8821 Manchester Rd,63144,St. Louis,5
Law Office of James M. Hoffmann,https://www.hoffmannworkcomp.com/,https://www.google.com/maps/place/?q=place_id:ChIJjXNyBdm02IcRiJWIyRIFYmE,,Brentwood,MO,St. Louis,(314) 361-4300,,Personal Injury,2001 S Hanley Rd Suite 325,63144,St. Louis,5
"Law Offices of Susan L. Ward, LLC",http://www.stlfamilylaw.com/,https://www.google.com/maps/place/?q=place_id:ChIJmSGSJivL2IcR_KddJNTmPxk,,Brentwood,MO,St. Louis,(314) 783-9400,sward@stlfamilylaw.com,Family Law,2652 Melvin Ave,63144,St. Louis,4
"Little Legal, LLC",http://www.littlelegalstl.com/,https://www.google.com/maps/place/?q=place_id:ChIJtxaS2F3L2IcRQ4B77XL3KtM,,Brentwood,MO,St. Louis,(314) 303-7856,martylittlelegal@gmail.com,Family Law,8821 Manchester Rd,63144,St. Louis,4
"Oakes & Fosher, LLC",https://oakesfosher.com/?utm_source=gbp&utm_medium=organic,https://www.google.com/maps/place/?q=place_id:ChIJPU_hUPQ034cRgrkW7yAnMMA,,Brentwood,MO,St. Louis,(314) 789-7689,,Real Estate,1401 S Brentwood Blvd #250,63144,St. Louis,2
Ridings Law Firm LLC – Bankruptcy Attorney in St. Louis,http://www.ridingslawfirmllc.com/,https://www.google.com/maps/place/?q=place_id:ChIJm1iGLQ_L2IcRgXoVZ6G8Hf8,,Brentwood,MO,St. Louis,(314) 448-5558,ridingslaw2010@yahoo.com,Family Law,2510 S Brentwood Blvd UNIT 205,63144,St. Louis,4
The Bankruptcy Company,http://thebankruptcycompany.net/,https://www.google.com/maps/place/?q=place_id:ChIJTXMY4xnL2IcR3g9k4Xouvak,,Brentwood,MO,St. Louis,(314) 961-9822,,Bankruptcy,2249 S Brentwood Blvd,63144,St. Louis,2
The Law Office of Lauren M. Gilliam,http://laurengilliamlaw.com/,https://www.google.com/maps/place/?q=place_id:ChIJmzjAGS0q2YcR0eHcEY2a8Kc,,Brentwood,MO,St. Louis,(314) 221-5267,,General,8821 Manchester Rd,63144,St. Louis,4
The Rolwes Employment Law Firm,https://rolwesemploymentlaw.com/,https://www.google.com/maps/place/?q=place_id:ChIJT7-WNtrS2IcRi9Pfu7V5mO4,,Brentwood,MO,St. Louis,(314) 806-9626,erolwes@rolwesemploymentlaw.com,General,2333 S Hanley Rd Suite 104,63144,St. Louis,4
The Yaghnam Law Firm,http://immigration-associates.com,,,Brentwood,MO,St. Louis,(314) 241-0022,,General,"​1750 South Brentwood Blvd., Suite 295",63144,St. Louis,4
Traffic Law Headquarters,http://trafficlawheadquarters.com,,,Brentwood,MO,St. Louis,(314) 963-6334,,Personal Injury,2253 South Brentwood Blvd.,63144,St. Louis,5
Traffic Law Stop,http://www.trafficlawstop.com/,https://www.google.com/maps/place/?q=place_id:ChIJAXAslag134cRhZHoErP_gOI,,Brentwood,MO,St. Louis,(314) 644-7102,ticket@trafficlawstop.com,Criminal Defense,2601 S Hanley Rd,63144,St. Louis,5
Wehrle Law LLC,http://wehrlelaw.com/,https://www.google.com/maps/place/?q=place_id:ChIJxdj-vrjM2IcRJnASMnyHGDo,,Brentwood,MO,St. Louis,(314) 272-4113,,General,2601 S Hanley Rd,63144,St. Louis,4
Worrell Law Firm,http://www.worrellfirm.com,,,Brentwood,MO,St. Louis,(314) 833-9967,,General,1010 Hanley Industrial Ct,63144,St. Louis,4
Balven Law Firm,http://www.balvenlaw.com,,,Bridgeton,MO,St. Louis,(314) 209-1600,,General,3394 McKelvey Rd,63044,St. Louis,4
Becker Schroader & Chapman PC,https://www.beckerinjurylaw.com/,https://www.google.com/maps/place/?q=place_id:ChIJG4ZNRr8x34cRjugPsyVFvio,,Bridgeton,MO,St. Louis,(314) 738-9500,lawmail@beckerinjurylaw.com,Personal Injury,3751 Pennridge Dr # 116,63044,St. Louis,5
Bruce Eastman Attorney at Law,http://eastmanattorney.com/,https://www.google.com/maps/place/?q=place_id:ChIJzwS0Ztg234cR8c8SUO1FngE,,Bridgeton,MO,St. Louis,(314) 220-8226,,General,11965 St Charles Rock Rd,63044,St. Louis,4
Carter Law Offices,https://www.trafficattorneynearme.com,,,Bridgeton,MO,St. Louis,(314) 291-4048,Carter@45BUCKS.com,Criminal Defense,3466 Bridgeland Dr,63044,St. Louis,5
Dalton Law Firm,http://daltonlawfirm.org,https://www.google.com/maps/place/?q=place_id:ChIJA9i0WZXX3ocR-8icX4Bcpvo,,Bridgeton,MO,St. Louis,(314) 706-7223,,General,12507 Natural Bridge Rd,63044,St. Louis,4
"Doyel Law, LLC",,,,Bridgeton,MO,St. Louis,(314) 742-9970,,General,11520 Saint Charles Rock Rd,63044,St. Louis,4
Law Firm of Daniel G ODonnell,,https://www.google.com/maps/place/?q=place_id:ChIJcUD7X8Ix34cR09wrbkE9MVA,,Bridgeton,MO,St. Louis,(314) 852-5225,,General,3460 Hollenberg Dr suite b,63044,St. Louis,4
Law Office of Kenneth P. Carp,http://www.kcarplaw.com,,,Bridgeton,MO,St. Louis,(636) 947-3600,,General,12800 Boenker Ln,63044,St. Louis,4
Law Offices of Timothy Philipp,http://www.philipplaw.com,,,Bridgeton,MO,St. Louis,(314) 209-8555,,Personal Injury,12741 Saint Charles Rock Rd,63044,St. Louis,5
Luber Greg,,,,Bridgeton,MO,St. Louis,(314) 291-4141,,General,3450 McKelvey Rd,63044,St. Louis,4
Ringling Jeffrey L,http://ringlinglaw.com/,https://www.google.com/maps/place/?q=place_id:ChIJVVVVVcUx34cRk8RCExPAcf4,,Bridgeton,MO,St. Louis,(314) 426-4466,,Personal Injury,11520 St Charles Rock Rd Unit 1W,63044,St. Louis,5
St. Louis Workers’ Compensation Center,,https://www.google.com/maps/place/?q=place_id:ChIJTWHrIeYx34cRaMOpayfEPqI,,Bridgeton,MO,St. Louis,(314) 298-9988,,General,3494 Hollenberg Dr,63044,St. Louis,4
Steven P Andreyuk Law Office,https://andreyukbrazil.com/,https://www.google.com/maps/place/?q=place_id:ChIJo55SxJox34cR90G0NAdGJJk,,Bridgeton,MO,St. Louis,(314) 298-9278,info@andreyukbrazil.com,Personal Injury,11965 St Charles Rock Rd,63044,St. Louis,5
"The Powderly Law Firm, LLC",http://www.powderlylaw.com/,https://www.google.com/maps/place/?q=place_id:ChIJo55SxJox34cRHNSr1Xdo-bs,,Bridgeton,MO,St. Louis,(314) 770-9890,,Criminal Defense,11965 St Charles Rock Rd,63044,St. Louis,5
"The Rhoads Firm, LLC",http://therhoadsfirmllc.com/,https://www.google.com/maps/place/?q=place_id:ChIJgc66tMYx34cRNSnq81aEppA,,Bridgeton,MO,St. Louis,(314) 225-8848,therhoadsfirmllc@gmail.com,Civil Litigation,12741 St Charles Rock Rd,63044,St. Louis,3
AIAG Personal Injury Attorneys,,,,Chesterfield,MO,St. Louis,(636) 283-0409,,General,15510 Olive Blvd,63017,St. Louis,4
Andrew Mundwiller Personal Injury Attorney,http://www.mo-injury.com,,,Chesterfield,MO,St. Louis,(314) 972-3993,,General,2012 Long Gate Ct,63017,St. Louis,4
B. Block Law LLC St Louis DWI and Criminal Defense Attorney,https://stlcriminaldefenselawyers.com/,https://www.google.com/maps/place/?q=place_id:ChIJYV_M9iAr34cRae9BzkYlSc0,,Chesterfield,MO,St. Louis,(314) 325-4357,,Criminal Defense,400 Chesterfield Center #400,63017,St. Louis,5
Barton Law,http://bartonlawllc.com/,https://www.google.com/maps/place/?q=place_id:ChIJm6OT2EDV3ocRp91gIxv0LRk,,Chesterfield,MO,St. Louis,(636) 778-9520,dbarton@bartonlawllc.com,General,17600 Chesterfield Airport Rd #201,63017,St. Louis,4
Basso Law Firm,,,,Chesterfield,MO,St. Louis,(636) 733-3383,,General,1923 Farm Valley Dr,63017,St. Louis,4
"Bauman Law Firm, PC",http://baumanlaw.com,https://www.google.com/maps/place/?q=place_id:ChIJwRTHFirV2IcRatWgxpCqTek,,Chesterfield,MO,St. Louis,(636) 537-3307,,General,16100 Chesterfield Pkwy W #305,63017,St. Louis,4
"Beckermann Law Firm, LLC",http://beckermannlaw.com/,https://www.google.com/maps/place/?q=place_id:ChIJbYE6Vl-z2IcRnmOLgGzXXmI,,Chesterfield,MO,St. Louis,(314) 259-1507,mike@beckermannlaw.com,Personal Injury,121 Chesterfield Business Pkwy,63005,St. Louis,5
Berry & Silberberg PC,http://www.berrysilberberg.com/,https://www.google.com/maps/place/?q=place_id:ChIJZUMXL9Mq34cR6uPSGudTcLc,,Chesterfield,MO,St. Louis,(314) 480-5881,,General,16150 Main Cir Dr #120,63017,St. Louis,4
BiState Law Center,http://www.bistatelaw.com/,https://www.google.com/maps/place/?q=place_id:ChIJ7UOrizEr34cRhswy5qF3lhQ,,Chesterfield,MO,St. Louis,(888) 519-2215,,Personal Injury,1795 Clarkson Rd #240,63017,St. Louis,5
Biermann Law Firm,,,,Chesterfield,MO,St. Louis,(636) 532-5533,,General,1795 Clarkson Rd,63017,St. Louis,4
"Blase & Associates, LLC",http://blaselaw.com/,https://www.google.com/maps/place/?q=place_id:ChIJZ9TS2lHT2IcRHKs2zw25FIg,,Chesterfield,MO,St. Louis,(314) 780-6562,,Family Law,14515 N Outer 40 Rd #111,63017,St. Louis,4
Collins Law Firm LLC,https://www.collinslawclf.com/,https://www.google.com/maps/place/?q=place_id:ChIJN08I-DTT2IcRb_Q62KSEiL8,,Chesterfield,MO,St. Louis,(314) 370-9393,justin@collinslawclf.com,Personal Injury,13321 N Outer 40 Rd Suite 800,63017,St. Louis,5
Cordell & Cordell St Louis - A Domestic Litigation Firm,http://cordellcordell.com/offices/missouri/saint-louis,,,Chesterfield,MO,St. Louis,(314) 725-0000,,Family Law,600 Kellwood Pkwy Ste 310,63017,St. Louis,4
Cox Steven A,http://fpcinvest.com,,,Chesterfield,MO,St. Louis,(636) 391-5700,,Social Security Disability,117 Chippenham Ln,63005,St. Louis,1
"Doster Nations Ullom & Boyle, LLC",http://dubllc.com/,https://www.google.com/maps/place/?q=place_id:ChIJX3xfCi0r34cR9sSS49ZL1n0,,Chesterfield,MO,St. Louis,(636) 532-0042,,Estate Planning,16150 Main Cir Dr Suite 250,63017,St. Louis,2
Dreesen Law Firm,,,,Chesterfield,MO,St. Louis,(636) 449-4400,,General,17107 Chesterfield Airport Rd,63005,St. Louis,4
Erickson Law Firm,http://jserickson.com,,,Chesterfield,MO,St. Louis,(314) 608-0628,,Personal Injury,400 Chesterfield Ctr,63017,St. Louis,5
Ernst Law Firm LLC,http://www.ernstlawfirm.net/,https://www.google.com/maps/place/?q=place_id:ChIJH5DKDSXT2IcRc7jedPoPXs4,,Chesterfield,MO,St. Louis,(314) 690-1724,,DUI,13321 N Outer 40 Rd # 600,63017,St. Louis,5
Family Law Partners,https://www.familylawpartners.com/?utm_source=GMB&utm_medium=organic&utm_campaign=chesterfield,https://www.google.com/maps/place/?q=place_id:ChIJbVGsid_U3ocRebqYVT_J13g,,Chesterfield,MO,St. Louis,(636) 742-1418,,Family Law,699A Trade Center Blvd,63005,St. Louis,4
Federer & Federer PC - Real Estate Attorneys,http://www.federerlaw.com/,https://www.google.com/maps/place/?q=place_id:ChIJA8D_2iPV3ocR6niy7aQloDc,,Chesterfield,MO,St. Louis,(636) 530-1400,,Civil Litigation,640 Cepi Dr Suite 150,63005,St. Louis,3
First Defense DUI Traffic Law,http://www.firstdefensetrafficlaw.com,,,Chesterfield,MO,St. Louis,(314) 849-2889,,General,13321 North Outer 40 Rd Ste 600,63017,St. Louis,4
"Galmiche Law Firm, P.C.",https://www.galmichelawfirm.com/,https://www.google.com/maps/place/?q=place_id:ChIJa8IiukDV3ocR1WDCex1kK2o,,Chesterfield,MO,St. Louis,(636) 552-4841,,Family Law,121 Chesterfield Business Pkwy,63005,St. Louis,4
Geoff Meyerkord Law Firm,https://www.geoffmeyerkordlawfirm.com/car-accidents,,,Chesterfield,MO,St. Louis,(314) 310-5859,,General,618 Cepi Dr,63005,St. Louis,4
Gregory M. Klote - Attorney at Law,http://www.gregklotelaw.com,,,Chesterfield,MO,St. Louis,(314) 254-3254,,General,13321 N Outer 40 Rd,63017,St. Louis,4
Hamra Law Firm,https://www.hamralaw.com/?npcmp=dir:local:1353674:63017,,,Chesterfield,MO,St. Louis,(636) 530-1600,,General,16141 Swingley Ridge Rd,63017,St. Louis,4
Healey Law LLC,https://www.healeylawllc.com/,https://www.google.com/maps/place/?q=place_id:ChIJaZmOFCPV3ocRFK0qArCIj0c,,Chesterfield,MO,St. Louis,(314) 401-3261,bob@healeylawllc.com,Personal Injury,640 Cepi Dr # A,63005,St. Louis,5
Hennelly & Assoc,https://hennellylaw.com,,,Chesterfield,MO,St. Louis,(636) 489-4493,,General,16502 Swingley Ridge Rd,63017,St. Louis,4
J Tolin Law,https://www.jtolinlaw.com/,https://www.google.com/maps/place/?q=place_id:ChIJ1YJMxuLV3ocRbTiB2kU01sQ,,Chesterfield,MO,St. Louis,(314) 207-1000,,Personal Injury,17269 Wild Horse Creek Rd STE 230,63017,St. Louis,5
Joe Green Law Office,http://josephgreenlaw.com,,,Chesterfield,MO,St. Louis,(636) 532-6600,,General,1 McBride and Son Center Dr,63005,St. Louis,4
"Keathley Law Office, LLC",http://www.mobusinesslawfirm.com/,https://www.google.com/maps/place/?q=place_id:ChIJpSOhIDIr34cRMulJG3ZpRYc,,Chesterfield,MO,St. Louis,(314) 312-2244,law@benkeathley.com,Personal Injury,15510 Olive Blvd #211,63017,St. Louis,5
"Klenofsky Law Firm, LLC",http://www.missouriinjuryhelp.com/,https://www.google.com/maps/place/?q=place_id:ChIJidKLWnGz2IcRLUe5rjETv-0,,Chesterfield,MO,St. Louis,(314) 658-9500,,Personal Injury,14824 Clayton Rd Suite 24,63017,St. Louis,5
Kruse Law,https://www.stlouisattorney.com/,https://www.google.com/maps/place/?q=place_id:ChIJlw82nu3K2IcRCXgyaRQwDII,,Chesterfield,MO,St. Louis,(314) 333-4141,,Personal Injury,400 Chesterfield Center Suite 475,63017,St. Louis,5
Kuether & Associates,,,,Chesterfield,MO,St. Louis,(314) 878-4142,,General,14220 Ladue Rd,63017,St. Louis,4
"Law Office of Christopher P. Cox, L.L.C.",https://attorneycox.com/,https://www.google.com/maps/place/?q=place_id:ChIJS8fq8dXK2IcREDsqdnHxdvw,,Chesterfield,MO,St. Louis,(314) 727-0163,,Estate Planning,13321 N Outer 40 Rd Suite 600,63017,St. Louis,2
Law Office of Jerry Croweder,,,,Chesterfield,MO,St. Louis,(314) 275-7999,,General,14323 S Outer 40 Rd,63017,St. Louis,4
Law Office of Mark Harford,https://markharfordlaw.com/?utm_source=GMB&utm_medium=organic&utm_campaign=Chesterfield,https://www.google.com/maps/place/?q=place_id:ChIJcYmaMCPT2IcRjcdPsJmjjH8,,Chesterfield,MO,St. Louis,(314) 542-6144,,Family Law,13321 N Outer 40 Rd #600,63017,St. Louis,4
Law Offices of David C. Knieriem,http://attorneydavek.com/,https://www.google.com/maps/place/?q=place_id:ChIJg2U_19XK2IcR5CsFoQhRAs4,,Chesterfield,MO,St. Louis,(314) 862-5110,attorneydavek@cs.com,Social Security Disability,13321 N Outer 40 Rd,63017,St. Louis,1
Law Offices of David Stevens,http://davidstevenslaw.com,,,Chesterfield,MO,St. Louis,(314) 610-2421,,General,13321 North Outer 40 Rd Ste 500,63017,St. Louis,4
Law Offices of Lawrence J. Robertson,http://ljrobertson.com,,,Chesterfield,MO,St. Louis,(636) 532-9933,,General,13321 North Outer 40 Rd Ste 300,63017,St. Louis,4
"Law Offices of Leonard Komen, P.C.",http://www.komenlaw.com,,,Chesterfield,MO,St. Louis,(314) 492-6300,,Estate Planning,13321 North Outer 40 Rd Ste 100,63017,St. Louis,2
"Legacy Legal Group, LLC",https://legacylegalgroup.net/,https://www.google.com/maps/place/?q=place_id:ChIJi4JY5Skr34cRIWmg1IghXyA,,Chesterfield,MO,St. Louis,(636) 489-4404,info@legacylegalgroup.net,Estate Planning,16401 Swingley Ridge Rd Suite 330,63017,St. Louis,2
"Leslie, Lisa, ATY",,,,Chesterfield,MO,St. Louis,(636) 399-2181,,General,2074 Winterhaven Ct,63017,St. Louis,4
"Liu, Ying-Horng, ATY",,,,Chesterfield,MO,St. Louis,(636) 737-1843,,General,700 Chesterfield Pkwy W,63017,St. Louis,4
"Lloyd Nolan, Attorney at Law",http://lnolanlaw.com,https://www.google.com/maps/place/?q=place_id:ChIJIZSfZynL2IcRWrWM9886i5c,,Chesterfield,MO,St. Louis,(314) 725-1880,,General,13321 N Outer 40 Rd,63017,St. Louis,4
Mc Carthy Leonard & Kaemmerer,http://www.mlklaw.com/,https://www.google.com/maps/place/?q=place_id:ChIJ81trtk7T2IcRRDApi9oAx14,,Chesterfield,MO,St. Louis,(314) 392-5200,,Family Law,825 Maryville Centre Dr,63017,St. Louis,4
Meyerkord Law Group,https://www.meyerkordlawgroup.com/,https://www.google.com/maps/place/?q=place_id:ChIJkezdboTV3ocRTlPvkb3UtuQ,,Chesterfield,MO,St. Louis,(314) 500-6000,,Personal Injury,740 Spirit 40 Park Dr,63005,St. Louis,5
"Mid-America Law Practice, LLC",https://www.midamericalaw.com/,https://www.google.com/maps/place/?q=place_id:ChIJCZhcIXPK2IcR9-7tKNepGhI,,Chesterfield,MO,St. Louis,(314) 818-8807,info@midamericalaw.com,Personal Injury,100 Chesterfield Business Pkwy Suite 200 2nd Floor,63005,St. Louis,5
Miller Law Group,https://www.vivian-ice-machines.com,,,Chesterfield,MO,St. Louis,(636) 530-3627,,General,16150 Main Circle Dr,63017,St. Louis,4
"Myers Injury Law, LLC",,,,Chesterfield,MO,St. Louis,(314) 720-2706,,General,13321 North Outer 40 Rd Ste 800,63017,St. Louis,4
"Nichols Lang & Hamlin, LLC",https://www.nlhlawyers.com/,https://www.google.com/maps/place/?q=place_id:ChIJW3t73vjV2IcRB3NQue19HVo,,Chesterfield,MO,St. Louis,(314) 309-2301,,Personal Injury,1795 Clarkson Rd # 230,63017,St. Louis,5
Oath — St. Louis Estate Planning & Investment Attorneys,https://www.oath.law/,https://www.google.com/maps/place/?q=place_id:ChIJdaEwAKnV3ocR8YojWFo3ROk,,Chesterfield,MO,St. Louis,(636) 368-9776,,Family Law,100 Chesterfield Business Pkwy 2nd floor,63005,St. Louis,4
Philip Horwitz,,,,Chesterfield,MO,St. Louis,(636) 536-9644,,General,641 Cepi Dr,63005,St. Louis,4
Racine Joseph L Attorney At Law,http://www.kcattorneys.net,,,Chesterfield,MO,St. Louis,(314) 439-9590,,Personal Injury,639 Sunbridge Dr,63017,St. Louis,5
Radetic Law Firm,,,,Chesterfield,MO,St. Louis,(314) 225-1360,,General,1795 Clarkson Rd Ste 310,63017,St. Louis,4
Ram Law Firm,https://www.theramlawfirm.com/,https://www.google.com/maps/place/?q=place_id:ChIJwUaKaCPV3ocROyE3DPXT0EU,,Chesterfield,MO,St. Louis,(314) 974-6519,,Personal Injury,640 Cepi Dr,63005,St. Louis,5
Rechenberg Law LLC,http://www.rechenberglaw.com/,https://www.google.com/maps/place/?q=place_id:ChIJb7BYZ0fV3ocRN0_e_KkpBmE,,Chesterfield,MO,St. Louis,(636) 728-1900,paul@rechenberglaw.com,Personal Injury,215 Chesterfield Business Pkwy Suite A,63005,St. Louis,5
Riddle Law Group,http://www.riddlelaw.us,,,Chesterfield,MO,St. Louis,(636) 642-0299,,General,16401 Swingley Ridge Rd,63017,St. Louis,4
Roach Law Car Accident Lawyers - Chesterfield,https://roachlawoffice.com/chesterfield-personal-injury-lawyer/?utm_source=google&utm_medium=gpb&utm_campaign=chesterfield-gmb,https://www.google.com/maps/place/?q=place_id:ChIJa8IiukDV3ocR2xy8wf4ch3U,,Chesterfield,MO,St. Louis,(636) 259-4082,,Personal Injury,400 Chesterfield Center Suite 600,63017,St. Louis,5
Seth Hicks Law,http://www.sethhickslaw.com,,,Chesterfield,MO,St. Louis,(314) 403-0582,,General,15510 Olive Blvd,63017,St. Louis,4
Social Security Law Group,https://www.sslg.com,,,Chesterfield,MO,St. Louis,(314) 561-8218,,Social Security Disability,14755 North Outer 40 Rd Ste 200,63017,St. Louis,1
Stokley Martin Law Group,http://www.stokleylaw.com,,,Chesterfield,MO,St. Louis,(636) 536-5355,,General,15510 Olive Blvd,63017,St. Louis,4
"Swiecicki & Muskett, LLC",https://swiecickilaw.com/,https://www.google.com/maps/place/?q=place_id:ChIJAQCQG6Eq34cRG-YAIOkSkOY,,Chesterfield,MO,St. Louis,(636) 778-0209,,General,16100 Chesterfield Pkwy W Suite 368,63017,St. Louis,4
"TH Law Firm, LLC",http://www.thlawfirm.com,,,Chesterfield,MO,St. Louis,(636) 536-4300,,General,100 Chesterfield Business Pkwy Ste 200H1,63005,St. Louis,4
TM Law & Associates,http://www.trademarkatty.com/,https://www.google.com/maps/place/?q=place_id:ChIJtzPiiEXT2IcR9eAF-uCWmRU,,Chesterfield,MO,St. Louis,(314) 469-2610,,Real Estate,400 Chesterfield Center #400,63017,St. Louis,2
Terry Law Firm,http://www.nursinghomejustice.com/,https://www.google.com/maps/place/?q=place_id:ChIJQY3-DCXT2IcR-186VKjoANc,,Chesterfield,MO,St. Louis,(314) 878-9797,,Personal Injury,13321 N Outer 40 Rd #300,63017,St. Louis,5
The Dysart Law Firm PC,https://dysart-law.com,,,Chesterfield,MO,St. Louis,(314) 548-6298,,Personal Injury,16020 Swingley Ridge Rd Ste 340,63017,St. Louis,5
The Estep Law Firm,https://www.esteplawfirm.com/,https://www.google.com/maps/place/?q=place_id:ChIJ4Y45X3wr34cR4l0kTEqjUCs,,Chesterfield,MO,St. Louis,(636) 233-2017,info@esteplawfirm.com,Estate Planning,16020 Swingley Ridge Rd Ste 360,63017,St. Louis,2
"The Hagemeister Law Firm, LLC",,,,Chesterfield,MO,St. Louis,(314) 878-4300,,General,13321 North Outer 40 Rd Ste 300,63017,St. Louis,4
The Kaiser Law Firm P.C.,https://www.kaiserlawfirm.com/,https://www.google.com/maps/place/?q=place_id:ChIJ7V20xYTN2IcRbm7aNA1zrng,,Chesterfield,MO,St. Louis,(314) 966-7766,,DUI,16090 Swingley Ridge Rd #360,63017,St. Louis,5
"The Lacey Law Firm, LLC",https://www.laceylaw.com/?utm_source=google&utm_medium=gmb&utm_campaign=google_listing,https://www.google.com/maps/place/?q=place_id:ChIJdyZlVi_V2IcRvix4phYHa84,,Chesterfield,MO,St. Louis,(636) 530-1515,,Personal Injury,1795 Clarkson Rd #150,63017,St. Louis,5
The Law Office of Aaron M. Mallonee,,,,Chesterfield,MO,St. Louis,(314) 941-1918,,General,15660 Silverlake Ct,63017,St. Louis,4
"The McKay Law Firm, LLC",http://www.themckaylawfirm.com/,https://www.google.com/maps/place/?q=place_id:ChIJA-d_zEDV3ocRE-rITrf8HT4,,Chesterfield,MO,St. Louis,(636) 825-1300,Kyle@TheMcKayLawFirm.com,Criminal Defense,215 Chesterfield Business Pkwy Suite A,63005,St. Louis,5
The Original Pancake House,http://originalpancakehousestlouis.com,,,Chesterfield,MO,St. Louis,(636) 536-4044,,General,17000 Chesterfield Airport Rd,63005,St. Louis,4
The Ram Law Firm,,,,Chesterfield,MO,St. Louis,(636) 220-8083,,General,2305 Westpar Dr,63017,St. Louis,4
The Roach Law Firm,http://meyertaxlaw.com/,https://www.google.com/maps/place/?q=place_id:ChIJIV23vUDV3ocR-hPzt54OkAk,,Chesterfield,MO,St. Louis,(636) 532-0104,,Estate Planning,117 Chesterfield Business Pkwy,63005,St. Louis,2
"The Roberts Law Firm, PC",https://www.therobertslawfirm.net,,,Chesterfield,MO,St. Louis,(636) 590-4864,,General,215 Chesterfield Business Pkwy Ste A,63005,St. Louis,4
The Strickland Law Firm,http://stricklandfamilylaw.com,,,Chesterfield,MO,St. Louis,(314) 485-9167,,General,15510 Olive Blvd,63017,St. Louis,4
US Trademark Attorney Morris Turek,https://yourtrademarkattorney.com/,https://www.google.com/maps/place/?q=place_id:ChIJX2ZOYG_T2IcRayk_Z9RuVMY,,Chesterfield,MO,St. Louis,(314) 749-4059,morris@yourtrademarkattorney.com,Real Estate,167 Lamp and Lantern Village,63017,St. Louis,2
Vouga Elder Law,http://www.vougaelderlaw.com,,,Chesterfield,MO,St. Louis,(636) 394-0009,,Intellectual Property,2997 Clarkson Rd,63017,St. Louis,1
Wendy McIntyre-attorney At Law,,,,Chesterfield,MO,St. Louis,(636) 778-9303,,General,13321 N Outer 40 Rd,63017,St. Louis,4
Wessel Ronald Attorney,,,,Chesterfield,MO,St. Louis,(636) 536-7766,,General,15455 Conway Rd,63017,St. Louis,4
"Wichmer & Groneck, LLC",http://www.immigrantlawcenter.com/,https://www.google.com/maps/place/?q=place_id:ChIJB2mkHNbK2IcRxw3u0nFVImo,,Chesterfield,MO,St. Louis,(314) 863-1212,,Immigration,15400 S Outer Forty Rd,63017,St. Louis,2
Williams Legal Services,http://www.williamslegal.services/,https://www.google.com/maps/place/?q=place_id:ChIJs9c9pujV2IcRezmpS16xsV8,,Chesterfield,MO,St. Louis,(314) 200-5822,drew@williamslegal.services,Family Law,100 Chesterfield Business Pkwy #200,63005,St. Louis,4
Zwibelman Irvin R,,,,Chesterfield,MO,St. Louis,(314) 579-9997,,General,14100 Parliament Dr,63017,St. Louis,4
AKS Law,https://aksbankruptcy.com/?utm_source=google-local&utm_medium=organic&utm_campaign=2318,https://www.google.com/maps/place/?q=place_id:ChIJH8CZ-Wa12IcRyahbruaCTO8,,Clayton,MO,St. Louis,(314) 740-2989,aksmithlaw@gmail.com,Bankruptcy,230 S Bemiston Ave #1210,63105,St. Louis,2
"Allen Injury Law, LLC",http://www.alleninjury.com/,https://www.google.com/maps/place/?q=place_id:ChIJV1UVOBmz2IcR5POb6gzdJFM,,Clayton,MO,St. Louis,(314) 300-8380,,Personal Injury,7800 Forsyth Blvd #600,63105,St. Louis,5
"Banjak & Associates, LLC",http://banjakandassociates.com/,https://www.google.com/maps/place/?q=place_id:ChIJMZ1qIivL2IcRW7Nsglkk-yw,,Clayton,MO,St. Louis,(314) 768-9625,jb@banjaklaw.com,Estate Planning,30 N Brentwood Blvd,63105,St. Louis,2
"Barron Law, LLC",https://barronlawstl.com/,https://www.google.com/maps/place/?q=place_id:ChIJcXjAHQXL2IcRwweUVOT8Lpc,,Clayton,MO,St. Louis,(314) 252-8382,,Criminal Defense,222 S Meramec Ave Ste 202-1008,63105,St. Louis,5
Behrens Law Firm,http://divorce-saint-louis.com,,,Clayton,MO,St. Louis,(314) 499-6999,,Intellectual Property,225 S Meramec Ave,63105,St. Louis,1
Bradley S. Dede LLC Attorney-at-Law,,,,Clayton,MO,St. Louis,(314) 725-9700,,General,7710 Carondelet Ave Ste 105,63105,St. Louis,4
Brandenburg Law Offices,http://www.brandenburglaw.com/,https://www.google.com/maps/place/?q=place_id:ChIJY_7WVy4z34cRPB1im4H_jZM,,Clayton,MO,St. Louis,(314) 606-7178,,Personal Injury,7711 Bonhomme Ave # 600,63105,St. Louis,5
"Brent E. Labovitz, Attorney at Law",http://www.stlcriminallawyers.com,,,Clayton,MO,St. Louis,(314) 717-0959,,General,7700 Bonhomme Ave Ste 350,63105,St. Louis,4
"Bretz Legal, LLC",https://www.bretzlegal.com/?utm_source=google-local&utm_medium=organic&utm_campaign=2736,https://www.google.com/maps/place/?q=place_id:ChIJkyqbfyrL2IcROSvZWdZbcMg,,Clayton,MO,St. Louis,(314) 748-1770,,Personal Injury,222 S Central Ave UNIT 301,63105,St. Louis,5
Brodie Law,https://www.brodielawstl.com/,https://www.google.com/maps/place/?q=place_id:ChIJt02P7ynL2IcRFAyxIgQ9Ns4,,Clayton,MO,St. Louis,(314) 726-6242,mbrodie@brodielawstl.com,Family Law,8909 Ladue Rd,63124,St. Louis,4
Brody & Cornwell,https://www.brodyandcornwell.com/?npcmp=dir:local:5330433:63105,https://www.google.com/maps/place/?q=place_id:ChIJJ2BuBdm02IcRuQXXTUwzVEw,,Clayton,MO,St. Louis,(314) 400-2229,,General,7730 Carondelet Ave #135,63105,St. Louis,4
Carmody MacDonald P.C.,http://www.carmodymacdonald.com/,https://www.google.com/maps/place/?q=place_id:ChIJ84ZzIyrL2IcRyJUl6QWlO3M,,Clayton,MO,St. Louis,(314) 854-8600,,Family Law,120 S Central Ave 18th Floor,63105,St. Louis,4
"Carrie Sims Law Firm, LLC",https://carriesimslaw.com/,https://www.google.com/maps/place/?q=place_id:ChIJdc-aZynL2IcRmsF1UgwFQOs,,Clayton,MO,St. Louis,(314) 243-6305,,General,225 S Meramec Ave #1100,63105,St. Louis,4
Chackes Carlson Spritzer,http://www.cch-law.com,,,Clayton,MO,St. Louis,(314) 872-8420,,General,230 S Bemiston Ave,63105,St. Louis,4
Civella Law Firm,http://www.civellalaw.com/,https://www.google.com/maps/place/?q=place_id:ChIJVZtiuyvL2IcRM-VoRATD83I,,Clayton,MO,St. Louis,(314) 727-2886,,Personal Injury,107 S Meramec Ave,63105,St. Louis,5
"Coulter Goldberger, LLC",https://www.coultergoldberger.com/,https://www.google.com/maps/place/?q=place_id:ChIJ7UtU7SnL2IcRxhGi4Az4Qog,,Clayton,MO,St. Louis,(314) 488-2555,,Family Law,130 S Bemiston Ave # 400,63105,St. Louis,4
"Curtis, Heinz, Garrett & O'Keefe P.C.",https://chgolaw.com/,https://www.google.com/maps/place/?q=place_id:ChIJz0nIn4vL2IcRNJ3jlX00v0c,,Clayton,MO,St. Louis,(314) 725-8788,,Personal Injury,222 S Central Ave Suite 1000 - 10th Floor,63105,St. Louis,5
Cynthia Garnholz,http://garnholzlaw.com/,https://www.google.com/maps/place/?q=place_id:ChIJhZjAyNXK2IcRGx6F9vWz9jk,,Clayton,MO,St. Louis,(314) 725-5430,info@garnholzlaw.com,Family Law,230 S Bemiston Ave,63105,St. Louis,4
David B. Lacks Attorney at Law,,https://www.google.com/maps/place/?q=place_id:ChIJ7XBqxtXK2IcR7wie7FOGar8,,Clayton,MO,St. Louis,(314) 863-4100,,General,7710 Carondelet Ave #105,63105,St. Louis,4
"Dawson Law Firm, LLC",https://www.dawsonattorneyatlaw.com/contact,https://www.google.com/maps/place/?q=place_id:ChIJVVUVl9nI2IcRHWWG4_Ae7Bk,,Clayton,MO,St. Louis,(314) 701-7373,,Intellectual Property,222 S Central Ave Suite 1100,63105,St. Louis,1
"Duffy Law Firm, LLC",,,,Clayton,MO,St. Louis,(314) 854-1343,,General,231 S Bemiston Ave Ste 800,63105,St. Louis,4
Edward F Luby Attorney At Law,https://lubylaw.org/,https://www.google.com/maps/place/?q=place_id:ChIJBVCRyBez2IcRbBgkz9yGLyg,,Clayton,MO,St. Louis,(314) 421-5829,lubylaw@lubylawfirm.com,Personal Injury,222 S Central Ave Ste. 1120,63105,St. Louis,5
"Frankel, Rubin, Klein, Payne & Pudlowski, P.C.",https://www.frankelrubin.com/,https://www.google.com/maps/place/?q=place_id:ChIJt02P7ynL2IcR02FZFjN5mws,,Clayton,MO,St. Louis,(314) 725-8000,,Family Law,231 S Bemiston Ave #1111,63105,St. Louis,4
Gillespie Hetlage & Coughlin,http://www.ghc-law.com/,https://www.google.com/maps/place/?q=place_id:ChIJ02CS5NTK2IcRZ7ZsMAPYFRo,,Clayton,MO,St. Louis,(314) 863-5444,,Family Law,120 S Central Ave #650,63105,St. Louis,4
Hill Timothy L PC,http://timothyhill-law.com/,https://www.google.com/maps/place/?q=place_id:ChIJp19RfxfL2IcRsiUP7GXZyiA,,Clayton,MO,St. Louis,(314) 421-8000,,Personal Injury,8909 Ladue Road,63124,St. Louis,5
"Holland Injury Law, LLC",https://www.stlinjury.lawyer/?utm_campaign=gmb,https://www.google.com/maps/place/?q=place_id:ChIJE5FqlsHL2IcRVIzJ9glqK-c,,Clayton,MO,St. Louis,(314) 789-1488,,Personal Injury,101 S Hanley Rd Suite 1025,63105,St. Louis,5
Kirk Estate Planning,https://kirkestateplanning.com/,https://www.google.com/maps/place/?q=place_id:ChIJuR3tzcw034cRHaruNQmK3iU,,Clayton,MO,St. Louis,(314) 266-2649,,Estate Planning,168 N Meramec Ave #150,63105,St. Louis,2
Kissell Law Group LLC,http://kisselllawgroup.com/,https://www.google.com/maps/place/?q=place_id:ChIJQZPvC9XK2IcRDpEE0INQLgc,,Clayton,MO,St. Louis,(314) 669-4394,,Personal Injury,7513 Forsyth Blvd,63105,St. Louis,5
Lathrop GPM LLP,https://www.lathropgpm.com/offices-stlouis.html,https://www.google.com/maps/place/?q=place_id:ChIJ02CS5NTK2IcRz30O4_UQn4Q,,Clayton,MO,St. Louis,(314) 613-2800,emily.cantwell@lathropgpm.com,Bankruptcy,190 Carondelet Plaza Suite 1400,63105,St. Louis,2
Law Office Of Evelyn C Lewis LLC,https://www.evelynlewislaw.com/,https://www.google.com/maps/place/?q=place_id:ChIJQbtIk9e02IcRaMModXDTaGs,,Clayton,MO,St. Louis,(314) 531-1000,,Criminal Defense,7710 Carondelet Ave Suite 402,63105,St. Louis,5
Law Offices Of Jeremiah Phelan,http://www.stllegalteam.com,,,Clayton,MO,St. Louis,(314) 727-7100,,General,8011 Clayton Rd,63117,St. Louis,4
Law Offices at 7905 Forsyth,http://www.7905forsyth.com/,https://www.google.com/maps/place/?q=place_id:ChIJ4dVv8irL2IcRjf1B2DtddAo,,Clayton,MO,St. Louis,(314) 896-2228,,Family Law,7905 Forsyth Blvd,63105,St. Louis,4
Law office of Steven C. Mandlman,https://www.mandlmanlaw.com/,https://www.google.com/maps/place/?q=place_id:ChIJ_elgiinL2IcRM2s3_N47XY8,,Clayton,MO,St. Louis,(314) 725-5333,,Personal Injury,201 S Central Ave #250,63105,St. Louis,5
"Lee G. Kline, Attorney and Counselor at Law",http://www.lklinelaw.com/Contact.shtml,https://www.google.com/maps/place/?q=place_id:ChIJ7dPl59XK2IcRkbbMqQc9AwQ,,Clayton,MO,St. Louis,(314) 725-6040,,Family Law,7777 Bonhomme Ave Suite 1910,63105,St. Louis,4
Matt Fry - DWI Attorney,http://www.frydwi.com/,https://www.google.com/maps/place/?q=place_id:ChIJ84ZzIyrL2IcRSgnfHtL3Y-I,,Clayton,MO,St. Louis,(314) 862-4332,,Criminal Defense,120 S Central Ave # 130,63105,St. Louis,5
Nack Michael R,,https://www.google.com/maps/place/?q=place_id:ChIJ5-C6ANbK2IcRZKzrxG7mws4,,Clayton,MO,St. Louis,(314) 727-2822,,General,200 S Bemiston Ave UNIT 307,63105,St. Louis,4
"Nalini S. Mahadevan, JD MBA, MLO Law",https://www.mlolaw.us,,,Clayton,MO,St. Louis,(314) 932-7111,,DUI,7730 Carondelet Ave,63105,St. Louis,5
Raghebi Law LLC,http://stldefenselawyer.com/,https://www.google.com/maps/place/?q=place_id:ChIJiWfK4sDJ2IcRsFkWAQr9zYo,,Clayton,MO,St. Louis,(314) 372-0336,,Criminal Defense,230 S Bemiston Ave #1210,63105,St. Louis,5
Robert M West & Associates,http://www.robertwestlaw.com/,https://www.google.com/maps/place/?q=place_id:ChIJo7uQ59XK2IcRL2qIFlnLiR4,,Clayton,MO,St. Louis,(314) 725-9504,westlaw@charter.net,Family Law,130 S Bemiston Ave,63105,St. Louis,4
"Robert W. Paster, LLC",http://www.robertpaster.com/,https://www.google.com/maps/place/?q=place_id:ChIJQZPvC9XK2IcR-WUbyh9fENU,,Clayton,MO,St. Louis,(314) 862-3535,robert.w.paster@gmail.com,Estate Planning,7800 Forsyth Blvd #600,63105,St. Louis,2
Roman & Boock LLC,https://romanboocklaw.com/,https://www.google.com/maps/place/?q=place_id:ChIJmSGSJivL2IcRB5A5UjrAlFI,,Clayton,MO,St. Louis,(314) 754-1500,potentialclients@boocklaw.com,Personal Injury,8909 Ladue Rd,63124,St. Louis,5
Rosenblum Goldenhersh,https://rosenblumgoldenhersh.com/,https://www.google.com/maps/place/?q=place_id:ChIJQZPvC9XK2IcRWx96pAqAlI8,,Clayton,MO,St. Louis,(314) 726-6868,,Estate Planning,7733 Forsyth Blvd # 400,63105,St. Louis,2
Schleiffarth Law Firm LLC,http://www.sch-law.com/?utm_source=GMBmain&utm_medium=organic,https://www.google.com/maps/place/?q=place_id:ChIJTZUORJTL2IcRYi24ei9jl3k,,Clayton,MO,St. Louis,(314) 315-4117,easy@sch-law.com,Estate Planning,225 S Meramec Ave Apt 325,63105,St. Louis,2
The Carson Law Firm,http://www.thecarsonlawfirm.com,,,Clayton,MO,St. Louis,(314) 721-2422,,Intellectual Property,7710 Carondelet Ave Ste 105,63105,St. Louis,1
The Center for Family Law,http://www.thecenterforfamilylaw.com/,https://www.google.com/maps/place/?q=place_id:ChIJ63BqxtXK2IcR_ZVVlqeVsbA,,Clayton,MO,St. Louis,(314) 721-8844,abauer@thecenterforfamilylaw.com,Family Law,230 S Bemiston Ave Ste. 405,63105,St. Louis,4
"The Cohn Law Firm, LLC",http://www.cohnfirm.com/,https://www.google.com/maps/place/?q=place_id:ChIJB2mkHNbK2IcRLe8H7xmEsbg,,Clayton,MO,St. Louis,(314) 721-0010,,Personal Injury,225 S Meramec Ave Apt 1021,63105,St. Louis,5
The Criminal Defense Firm,http://combslawstl.com/,https://www.google.com/maps/place/?q=place_id:ChIJMyZHwEfL2IcR8MVAsi7unSM,,Clayton,MO,St. Louis,(314) 297-0887,,Personal Injury,7777 Bonhomme Ave Suit 1800,63105,St. Louis,5
"The Crocker Law Firm, LLC.",https://crockerlawstl.com/,https://www.google.com/maps/place/?q=place_id:ChIJZd8eQ2fL2IcRXalWTAYZDjo,,Clayton,MO,St. Louis,(314) 782-5810,,Personal Injury,7710 Carondelet Ave UNIT 404,63105,St. Louis,5
"The Elster Law Office, LLC",http://www.elsterlaw.com/,https://www.google.com/maps/place/?q=place_id:ChIJjXzbptjK2IcRGcyJsXnK9T4,,Clayton,MO,St. Louis,(314) 727-0868,henry@elsterlaw.com,Family Law,7800 Forsyth Blvd Fifth Floor,63105,St. Louis,4
The Injury Counsel,http://www.theinjurycounsel.com/,https://www.google.com/maps/place/?q=place_id:ChIJmxeAb8_L2IcRIYKC4MAeKsc,,Clayton,MO,St. Louis,(314) 727-7220,,Personal Injury,7733 Forsyth Blvd #1100,63105,St. Louis,5
The Kershman Law Firm,http://www.kershmanlawfirm.com/,https://www.google.com/maps/place/?q=place_id:ChIJb3dl2wXL2IcRjT0dCiGHfHA,,Clayton,MO,St. Louis,(314) 373-7135,,Family Law,,63105,St. Louis,4
The Law Office of Nikki Moody,https://www.nikkimoodylaw.com/,https://www.google.com/maps/place/?q=place_id:ChIJKaX6ZPG12IcRMgfh_RwFWME,,Clayton,MO,St. Louis,(314) 203-7853,nmoodylaw@gmail.com,Criminal Defense,222 S Central Ave UNIT 301,63105,St. Louis,5
The Law Offices Of Kathleen Shaul,http://www.kshaul-law.com,,,Clayton,MO,St. Louis,(314) 863-9955,,Family Law,7710 Carondelet Ave,63105,St. Louis,4
"The Lien Law Firm, LLC",http://www.lienlawfirm.com/,https://www.google.com/maps/place/?q=place_id:ChIJRbHVlyHL2IcRcgNzYSqitIo,,Clayton,MO,St. Louis,(314) 722-8557,rachna@lienlawfirm.com,Family Law,231 S Bemiston Ave #800,63105,St. Louis,4
"The Pupillo Law Firm, L.C.",,,,Clayton,MO,St. Louis,(314) 372-0326,,General,7710 Carondelet Ave Ste 105,63105,St. Louis,4
The Schechter Law Firm PC,http://www.schechterlaw.com/,https://www.google.com/maps/place/?q=place_id:ChIJmSGSJivL2IcRV6KJ5YZt430,,Clayton,MO,St. Louis,(314) 727-7289,,General,8000 Maryland Ave #950,63105,St. Louis,4
The Sokolik Law Firm,https://stlouis-criminalattorney.com/,https://www.google.com/maps/place/?q=place_id:ChIJGW63vSvL2IcRWoAxAoG8B0Q,,Clayton,MO,St. Louis,(314) 795-3479,,General,7700 Bonhomme Ave #350,63105,St. Louis,4
The Tapella & Eberspacher Law Firm,http://www.tapellalaw.com,,,Clayton,MO,St. Louis,(855) 522-5291,,General,7800 Forsyth Boulevard,63105,St. Louis,4
"TorHoerman Law, LLC",http://www.thlawyer.com,,,Clayton,MO,St. Louis,(618) 656-4400,,Personal Injury,"6334 Northwood Ave, #101",63105,St. Louis,5
Wittner Law,https://www.gwittnerlaw.com/,https://www.google.com/maps/place/?q=place_id:ChIJv3dTa_7L2IcRu2VZFjBGotA,,Clayton,MO,St. Louis,(314) 406-5006,greg@gwittnerlaw.com,Criminal Defense,7800 Forsyth Blvd #600,63105,St. Louis,5
Bader and Associates,http://www.baderappraisals.com,,,Creve Coeur,MO,St. Louis,(314) 739-7611,info@baderappraisals.com,Real Estate,745 Craig Rd Ste 304,63141,St. Louis,2
DMF Legal,http://www.dmf-legal.com/,https://www.google.com/maps/place/?q=place_id:ChIJK_JbnhMz34cR7WBssoOmQ68,,Creve Coeur,MO,St. Louis,(314) 478-7994,david@dmf-legal.com,Personal Injury,745 Old Ballas Rd,63141,St. Louis,5
David A Rubin Law Office,http://www.davidrubinlaw.com/,https://www.google.com/maps/place/?q=place_id:ChIJydKK870y34cRqme1A8q2Wso,,Creve Coeur,MO,St. Louis,(314) 984-0800,,Estate Planning,11628 Old Ballas Rd,63141,St. Louis,2
Dean Law Firm,http://markdeanlaw.com,,,Creve Coeur,MO,St. Louis,(314) 675-0000,,General,12747 Olive Blvd,63141,St. Louis,4
Dr. Lawrence B Iken,,,,Creve Coeur,MO,St. Louis,(314) 301-9167,,General,"675 Ballas Road, Suite 250",63141,St. Louis,4
"ECKENRODE-Maupin, Attorneys at Law",http://www.eckenrode-law.com,,,Creve Coeur,MO,St. Louis,(314) 726-6670,Lawyers@eckenrode-law.com,Personal Injury,11477 Olde Cabin Rd,63141,St. Louis,5
Green Scott H PC,http://www.lawofficeofscotthgreenpc.com/,https://www.google.com/maps/place/?q=place_id:ChIJh5REZ70y34cREjoGl9bzMCk,,Creve Coeur,MO,St. Louis,(314) 567-7766,,Personal Injury,2 Cityplace Dr STE 200,63141,St. Louis,5
"Kozeny & McCubbin, L.C.",http://www.km-law.com,https://www.google.com/maps/place/?q=place_id:ChIJS7h6mF0t34cRlfH5Ae2Pi8o,,Creve Coeur,MO,St. Louis,(314) 991-0255,,Bankruptcy,12400 Olive Blvd # 555,63141,St. Louis,2
Law Office of Marie Allen,http://www.marieallen.com/,https://www.google.com/maps/place/?q=place_id:ChIJDd8E9d0y34cRuXRHyM6Pxu8,,Creve Coeur,MO,St. Louis,(314) 872-1900,allenmarieg@gmail.com,Family Law,10845 Olive Blvd #100,63141,St. Louis,4
Law Offices of Vivek Malik,https://www.usa-immigrationlaw.com,,,Creve Coeur,MO,St. Louis,(314) 416-8000,mark@usa-immigrationlaw.com,Family Law,1067 N Mason Rd,63141,St. Louis,4
Neuman Law Firm,http://neumanlaw.com/,https://www.google.com/maps/place/?q=place_id:ChIJqVwYtRmz2IcRrmpyVHQkBvs,,Creve Coeur,MO,St. Louis,(314) 621-9900,,General,655 Craig Rd,63141,St. Louis,4
Polaris Estate Planning and Elder Law,https://polarisplans.com/?utm_source=GBP&utm_medium=GBP&utm_campaign=GBP_Creve_Coeur&utm_id=GBP_Creve_Coeur,https://www.google.com/maps/place/?q=place_id:ChIJLUXAnE8z34cRmqzds_rA_HQ,,Creve Coeur,MO,St. Louis,(314) 470-8317,,Estate Planning,721 Emerson Rd Suite 120,63141,St. Louis,2
"Ryan E. Neal, LLC Attorneys at Law",,https://www.google.com/maps/place/?q=place_id:ChIJEXPniLsy34cRsjyYd9QmVqc,,Creve Coeur,MO,St. Louis,(314) 329-4529,,General,655 Craig Rd suite 252,63141,St. Louis,4
St Louis Law and Mediation Group,http://attorney-stl.com,,,Creve Coeur,MO,St. Louis,(314) 667-5244,,General,453 N Lindbergh Blvd,63141,St. Louis,4
TdD Estate Planning And Real Estate Attorneys,https://www.tdd-law.com/?utm_source=google-local&utm_medium=organic&utm_campaign=1682,https://www.google.com/maps/place/?q=place_id:ChIJQeJe7bQr34cRkBEIRzj8c8M,,Creve Coeur,MO,St. Louis,(314) 276-1318,,Personal Injury,12395 Olive Blvd Suite 200,63141,St. Louis,5
The Bruning Law Firm - Personal Injury Lawyers,https://www.bruninglegal.com/creve-coeur-personal-injury-lawyer/?utm_source=google&utm_medium=organic&utm_campaign=GBP_Creve_Coeur,https://www.google.com/maps/place/?q=place_id:ChIJ3Sl-_K8z34cRAUfLDhYbsUc,,Creve Coeur,MO,St. Louis,(314) 266-6950,,Personal Injury,1 Cityplace Dr #270,63141,St. Louis,5
The Law Office of Peter A. Roth,https://thelawofficeofpeterroth.com/,https://www.google.com/maps/place/?q=place_id:ChIJez58K4wt34cRjkMg2fawER0,,Creve Coeur,MO,St. Louis,(314) 660-0925,,General,12747 Olive Blvd Suite 300,63141,St. Louis,4
"The Marks Law Firm, L.L.C.",https://www.themarkslawfirm.com/contact-us/creve-coeur-mo-divorce-attorneys/?utm_source=gbp&utm_medium=organic&utm_campaign=creve-coeur-mo,https://www.google.com/maps/place/?q=place_id:ChIJKR5gbpgy34cRPDyKUY26MYc,,Creve Coeur,MO,St. Louis,(314) 993-6300,,Family Law,4 Cityplace Dr #497,63141,St. Louis,4
"The Missouri Legal Group, LLC, Scott C. Ehlermann, Attorney at Law, LLC",https://www.themissourilegalgroup.com/,https://www.google.com/maps/place/?q=place_id:ChIJZ1qC4qAy34cRjmAHqAkh_F4,,Creve Coeur,MO,St. Louis,(314) 649-7590,,Personal Injury,655 Craig Rd UNIT 318,63141,St. Louis,5
"The Rejent Firm, LLC",http://www.rejentlaw.com,,,Creve Coeur,MO,St. Louis,(314) 473-1255,,Personal Injury,745 Craig Rd #305,63141,St. Louis,5
"Umansky, Jay B - Jay B Umansky Law Offices",http://www.stllaw.net,,,Creve Coeur,MO,St. Louis,(314) 628-1177,inquiries@stllaw.net,Business Law,12460 Olive Blvd,63141,St. Louis,2
W. Morris Taylor,http://wmorristaylorlaw.com,,,Creve Coeur,MO,St. Louis,(314) 725-7000,,General,12510 Ladue Lake Ct,63141,St. Louis,4
Wallach Law Firm,https://www.wallachlawfirm.com/,https://www.google.com/maps/place/?q=place_id:ChIJkw_3Tb0y34cRvSs3vZx3zus,,Creve Coeur,MO,St. Louis,(314) 997-4050,,Business Law,3 Cityplace Dr # 1070,63141,St. Louis,2
FERNANDEZ ELDER LAW,http://fernandezelderlaw.com/contact.html,https://www.google.com/maps/place/?q=place_id:ChIJ28Y2wdXK2IcRNMCXVjqNIS8,,Des Peres,MO,St. Louis,(314) 328-0700,,Estate Planning,13205 Manchester Rd Suite 210,63131,St. Louis,2
Graville Law Firm,https://www.gravillelaw.com/,https://www.google.com/maps/place/?q=place_id:ChIJI_EMeDzV3ocRlp4qUc8m22s,,Des Peres,MO,St. Louis,(636) 778-9810,,Real Estate,13354 Manchester Rd # 200,63131,St. Louis,2
"Hammond and Shinners, P.C.",http://www.hammondshinners.com/,https://www.google.com/maps/place/?q=place_id:ChIJE_YWwdXK2IcRtE-9O7s0x48,,Des Peres,MO,St. Louis,(314) 727-1015,info@hammondshinners.com,Workers' Compensation,13205 Manchester Rd Suite 210,63131,St. Louis,5
"Mogab & Hughes Attorneys, P.C.",https://mogabandhughes.com/,https://www.google.com/maps/place/?q=place_id:ChIJZ-O_4Ruz2IcRQ-EHyz-GG7s,,Des Peres,MO,St. Louis,(314) 241-4477,,Personal Injury,13205 Manchester Rd # 100,63131,St. Louis,5
Momentum Law Group,http://www.lawofficestl.com,,,Des Peres,MO,St. Louis,(314) 266-0162,matthewfloyd@lawofficestl.com,Tax Law,1610 Des Peres Rd Ste 150,63131,St. Louis,1
Terry L Jones LLC,http://www.terryljones.com/,https://www.google.com/maps/place/?q=place_id:ChIJl5ZEYCbT2IcRL5tXsQcWPe4,,Des Peres,MO,St. Louis,(314) 434-2725,terry@terryljones.com,Family Law,13421 Manchester Rd # 105,63131,St. Louis,4
Traffic Law Center,https://www.trafficlawcenters.com/,https://www.google.com/maps/place/?q=place_id:ChIJe51EU3nS2IcRXLx4me95Q70,,Des Peres,MO,St. Louis,(314) 842-5381,,Criminal Defense,1610 Des Peres Rd Suite 330,63131,St. Louis,5
Banton Business & Legacy Law,https://bantonlaw.com/?utm_source=google-local&utm_medium=organic&utm_campaign=1760,https://www.google.com/maps/place/?q=place_id:ChIJ6y89znXU2IcRvqBMwn63YJk,,Ellisville,MO,St. Louis,(636) 259-3350,,General,16024 Manchester Rd #200,63011,St. Louis,4
"Gretchen R. Szydlowski, LLC",http://szydlowskilaw.com/Contact.aspx,https://www.google.com/maps/place/?q=place_id:ChIJLTaXcI3V2IcR2cVT4SJFVfQ,,Ellisville,MO,St. Louis,(636) 594-2210,,General,16024 Manchester Rd,63011,St. Louis,4
Keefe Frank D,http://keefelaw.net,,,Ellisville,MO,St. Louis,(636) 256-0900,,Intellectual Property,122 Clarkson Executive Park,63011,St. Louis,1
Law Office of Robert Lewis,http://www.avvo.com/attorneys/63114-mo-robert-lewis-1869744.html,,,Ellisville,MO,St. Louis,(636) 527-7456,,General,15654 Manchester Rd,63011,St. Louis,4
"Richard R. Lozano, Criminal Defense Lawyer",http://www.lozanolaw.com/,https://www.google.com/maps/place/?q=place_id:ChIJo_SSnY3V2IcRY6GZf7SAxDk,,Ellisville,MO,St. Louis,(314) 456-4567,,Criminal Defense,16024 Manchester Rd,63011,St. Louis,5
Ross Law Firm,http://www.rosslawstl.com,,,Ellisville,MO,St. Louis,(636) 594-2266,,General,16024 Manchester Rd,63011,St. Louis,4
Stange Law Firm,https://www.stangelawfirm.com/?utm_campaign=gmb,https://www.google.com/maps/place/?q=place_id:ChIJtaLfeY3V2IcRKrzDUDUlidk,,Ellisville,MO,St. Louis,(855) 695-2323,,Family Law,16024 Manchester Rd Suite 227,63011,St. Louis,4
The Fitzgerald Firm,https://thefitzgeraldfirmstl.com/,https://www.google.com/maps/place/?q=place_id:ChIJXQDAC6Tu3a8RP8rzxjdGFX8,,Ellisville,MO,St. Louis,(314) 850-3366,amber@thefitzgeraldfirmstl.com,Estate Planning,166 Clarkson Executive Pk,63011,St. Louis,2
"The The Piatchek Law Firm, LLC.",http://piatcheklawfirm.com/,https://www.google.com/maps/place/?q=place_id:ChIJ81JCOULU2IcRgD6eIoaR3pA,,Ellisville,MO,St. Louis,(314) 881-8550,,Personal Injury,152 Clarkson Executive Pk,63011,St. Louis,5
"Tocco, Connelly & Associates, P.C.",http://toccolaw.com/,https://www.google.com/maps/place/?q=place_id:ChIJV-fGEZnV2IcREcUj_exaCj0,,Ellisville,MO,St. Louis,(636) 230-7626,,Social Security Disability,300 Ozark Trail Dr Suite 208,63011,St. Louis,1
Top Producers Search Firm,http://www.topproducersinc.com,,,Ellisville,MO,St. Louis,(636) 220-3434,,Social Security Disability,277 Clarkson Executive Park,63011,St. Louis,1
Dawdy Law Firm,http://www.dawdylawfirm.com/,https://www.google.com/maps/place/?q=place_id:ChIJ_fry3W_Q2IcREewfh_0ZYtY,,Fenton,MO,St. Louis,(636) 343-4414,dawdylaw@gmail.com,Criminal Defense,14 Green Valley Dr,63026,St. Louis,5
Doskocil Law Firm,https://www.doskocillaw.com/?utm_source=google-local&utm_medium=organic&utm_campaign=1143,https://www.google.com/maps/place/?q=place_id:ChIJ2SGnCyjQ2IcReXDdGNBOxNw,,Fenton,MO,St. Louis,(314) 920-2634,,Criminal Defense,476 Old Smizer Mill Rd Ste 232,63026,St. Louis,5
Heidi Casey Spaeth Attorney,,https://www.google.com/maps/place/?q=place_id:ChIJBySyYLTR2IcRjUS8fEM4EsA,,Fenton,MO,St. Louis,(636) 326-1560,,General,1048 Villa Gran Way,63026,St. Louis,4
"Helge M. Puchalla, P.C. - Attorney at Law",http://criminallawyerfenton.com,,,Fenton,MO,St. Louis,(636) 660-0035,,General,101 Winter Lake Blvd,63026,St. Louis,4
Jett Accident & Injury Lawyers,https://www.jettlegal.com/?utm_campaign=gmb&utm_medium=organic&utm_source=google-local,https://www.google.com/maps/place/?q=place_id:ChIJh4PiLti02IcRVTk99oyCY_4,,Fenton,MO,St. Louis,(314) 597-9582,matt@jettlegal.com,Personal Injury,900 S Hwy Dr Suite 206,63026,St. Louis,5
Katie Krispin Law,https://www.katiekrispinlaw.com/,https://www.google.com/maps/place/?q=place_id:ChIJOZGD8xSKYIoRvU4AHtVM0vE,,Fenton,MO,St. Louis,(314) 375-2996,katie@katiekrispinlaw.com,Estate Planning,1523 Fenpark Dr,63026,St. Louis,2
Law Office Of Timothy J Phillips,http://thelawofficeoftimothyjphillips.com/,https://www.google.com/maps/place/?q=place_id:ChIJCdtaicbP2IcRJFae4u70yoY,,Fenton,MO,St. Louis,(314) 231-8844,,Personal Injury,305 Main St,63026,St. Louis,5
Lawrence Vincent Boveri,http://countyobgyn.com,,,Fenton,MO,St. Louis,(636) 680-1960,,Social Security Disability,1011 Bowles Ave,63026,St. Louis,1
Mc Avoy & Bahn,http://www.mcavoybahn.com,https://www.google.com/maps/place/?q=place_id:ChIJhRwnZsbP2IcR-ZQhI307y8s,,Fenton,MO,St. Louis,(636) 343-9753,,General,330 Water St,63026,St. Louis,4
Missouri Lawyers Media,http://www.molawyersmedia.com/,https://www.google.com/maps/place/?q=place_id:ChIJsZbbPR6z2IcRrvFj5k_DbcA,,Fenton,MO,St. Louis,(314) 421-1880,,Personal Injury,1400 S Hwy Dr Suite 103,63026,St. Louis,5
Que Pasa,,,,Fenton,MO,St. Louis,(636) 600-1062,,General,1165 Gravois Rd,63026,St. Louis,4
Rathert Law Firm,http://fenton-highridge.patch.com/listings/law-office-of-alfred-j-rathert,,,Fenton,MO,St. Louis,(636) 343-2088,Fenton-HighRidge@Patch.com,Social Security Disability,334 Skinker Ln,63026,St. Louis,1
X-Stream Power Wash & Paint,https://www.xstreampower.com/cgi-sys/suspendedpage.cgi,,,Fenton,MO,St. Louis,(636) 288-6627,,General,1298 Meadow Trail Ln,63026,St. Louis,4
usa law service,https://www.fakexy.com,,,Fenton,MO,St. Louis,(636) 305-0570,,General,1867 Bowles Ave,63026,St. Louis,4
Brown & Crouppen,https://www.brownandcrouppen.com/ferguson/?utm_source=google&utm_medium=organic&utm_campaign=gbp-ferguson,https://www.google.com/maps/place/?q=place_id:ChIJU3CAAP0334cRIqz6uMvbWB4,,Ferguson,MO,St. Louis,(314) 248-3228,,Personal Injury,409 S Florissant Rd #102,63135,St. Louis,5
Crinnion Marie L,http://crinnionlaw.com/crinnionlaw_006.htm,https://www.google.com/maps/place/?q=place_id:ChIJjWqmYyI234cRP60fty4MJx8,,Ferguson,MO,St. Louis,(314) 524-4513,mlcrinnion@crinnionlaw.com,Family Law,11 Cardigan Dr,63135,St. Louis,4
Stranquist Robyn L,,https://www.google.com/maps/place/?q=place_id:ChIJKbwlTRs234cR55qfgE_kq44,,Ferguson,MO,St. Louis,(314) 808-5666,,General,101 Darst Rd,63135,St. Louis,4
330 Professional Building,,https://www.google.com/maps/place/?q=place_id:ChIJPwU_caM334cRFMvh4Mz4k2U,,Florissant,MO,St. Louis,(314) 921-6600,,General,330 Rue St. Francois St,63031,St. Louis,4
"A & L, Licker Law Firm, LLC",https://mobankruptcyblog.com/,https://www.google.com/maps/place/?q=place_id:ChIJxSns3dku34cRgLgxKojC3BE,,Florissant,MO,St. Louis,(314) 921-1880,,Personal Injury,1281 Graham Rd #300,63031,St. Louis,5
Austin Deborah,http://www.diaustinlaw.com/,https://www.google.com/maps/place/?q=place_id:ChIJOZivmLk334cRxfr4LWPKpwc,,Florissant,MO,St. Louis,(314) 830-4773,,General,330 Rue St. Francois St,63031,St. Louis,4
Baro Law Firm,http://www.barolawfirmstl.com/,https://www.google.com/maps/place/?q=place_id:ChIJEwDhA8A334cRtRvA937Jmsw,,Florissant,MO,St. Louis,(314) 896-1999,abaro@barolawfirm.com,Personal Injury,1605 N Hwy 67,63031,St. Louis,5
Boyle Law Firm LLC,http://boylelawfirmllc.placeweb.site,https://www.google.com/maps/place/?q=place_id:ChIJ4fH2obs334cRayA_u62QMpI,,Florissant,MO,St. Louis,(314) 838-4500,,General,755 Rue St. Francois St,63031,St. Louis,4
Bright Bankruptcy Firm,http://www.brightbk.com/florissant-bankruptcy-attorney/,,,Florissant,MO,St. Louis,(314) 403-0000,,General,"3395 US-67, #200",63033,St. Louis,4
David Naumann & Associates,http://davidnaumannlaw.com/,https://www.google.com/maps/place/?q=place_id:ChIJT6z9-rk334cRrEvmrMLt_iU,,Florissant,MO,St. Louis,(314) 831-9350,d_naumannlaw@msn.com,Personal Injury,580 N Hwy 67 Suite 4,63031,St. Louis,5
"Douglas L. Levine, Attorney at Law",https://www.douglevineattorney.com/,https://www.google.com/maps/place/?q=place_id:ChIJxzpGpAY334cRCOGFWa3WfLI,,Florissant,MO,St. Louis,(314) 522-0277,,General,BOX 160,63032,St. Louis,4
Feral Law L.P.,http://ferallawlp.com/,https://www.google.com/maps/place/?q=place_id:ChIJ5_dRxQxI34cR7I1izOLg8b4,,Florissant,MO,St. Louis,(808) 401-6629,info@ferallawlp.com,General,,63136,St. Louis,4
Fortman Law Office of Jonathan E,https://www.fortmanlaw.com/,https://www.google.com/maps/place/?q=place_id:ChIJr4wp86M334cRFlk-nE2UtNA,,Florissant,MO,St. Louis,(314) 522-2312,,Real Estate,250 St Catherine St,63031,St. Louis,2
Kohnen Carl F,http://kohnenlaw.com,,,Florissant,MO,St. Louis,(314) 921-1948,,General,760 Rue Saint Francois St Ste B,63031,St. Louis,4
Law Offices of Steven Bublitz,,https://www.google.com/maps/place/?q=place_id:ChIJszxrKzY334cRpVDhmmHuDdU,,Florissant,MO,St. Louis,(314) 685-8539,,General,1113 Howdershell Rd,63031,St. Louis,4
Law Offices of Steven Dyer JD CPA MBA,http://www.getoutofjailstlouis.com,,,Florissant,MO,St. Louis,(314) 898-6715,,General,442 Howdershell Rd,63031,St. Louis,4
Lawson Elementary School,http://hazelwoodschool.org/lawsonelemntatry,,,Florissant,MO,St. Louis,(314) 953-4550,,General,1830 Charbonier Rd,63031,St. Louis,4
Planned Parenthood,https://www.plannedparenthood.org/health-center/missouri/florissant/63033/north-county-health-center-2886-90770,,,Florissant,MO,St. Louis,(314) 921-4445,,Social Security Disability,2796 N Highway 67,63033,St. Louis,1
Teague & Associates LLC,http://www.teaguelawassociates.com/,https://www.google.com/maps/place/?q=place_id:ChIJzWLjaKo334cRqEe4UJTbIpc,,Florissant,MO,St. Louis,(636) 244-5277,,Bankruptcy,720 N Hwy 67,63031,St. Louis,2
"The Kline Law Firm, LLC",http://www.klinelawstl.com/,https://www.google.com/maps/place/?q=place_id:ChIJazWfJIU334cRknnPGo8IBio,,Florissant,MO,St. Louis,(636) 352-2030,,Family Law,1281 Graham Rd #301,63031,St. Louis,4
The Law Office Of Connie McFarland-butl,https://www.mcfarlandbutlerlaw.com,,,Florissant,MO,St. Louis,(314) 838-2223,,General,923 N Highway 67 St,63031,St. Louis,4
Traffic Law Counselors® 45BUCKS®,http://45bucks.com/,https://www.google.com/maps/place/?q=place_id:ChIJ5QlArR4334cRkma2kh5YcL4,,Florissant,MO,St. Louis,(636) 916-4040,,Criminal Defense,508 Paul Dr,63031,St. Louis,5
Traffic Law Er,https://hazelwoodtraffic.com,,,Florissant,MO,St. Louis,(314) 921-9110,ticket@trafficlawhotline.com,Criminal Defense,507 Paul Ave,63031,St. Louis,5
"True Estate Planning, LLC",https://www.true-ep.com/,https://www.google.com/maps/place/?q=place_id:ChIJ4Z9tffQ334cRsHuShk2mpH4,,Florissant,MO,St. Louis,(314) 380-9585,,Estate Planning,250 St Catherine St,63031,St. Louis,2
Virdure Louis,,,,Florissant,MO,St. Louis,(314) 741-8856,,General,12315 Missile Ln,63033,St. Louis,4
"AEGIS Law for Business, E-commerce, Entrepreneurs & Venture Capital",http://www.aegislaw.com/,https://www.google.com/maps/place/?q=place_id:ChIJ2Tj5I9U034cRzTzyuzs9gvg,,Frontenac,MO,St. Louis,(314) 454-9100,,Estate Planning,601 S Lindbergh Blvd,63131,St. Louis,2
Brown & Crouppen Law Firm,,,,Frontenac,MO,St. Louis,(314) 666-3165,,General,719 Old Frontenac Sq,63131,St. Louis,4
"Donald Respess, PsyD, LLC",https://www.dr-don-psychologist-behavior-respess-st-louis.com,,,Frontenac,MO,St. Louis,(314) 833-8855,drdon@canwetalknow.com,Social Security Disability,10411 Clayton Rd,63131,St. Louis,1
Harrison LLP,https://harrisonllp.com/offices/st.-louis,https://www.google.com/maps/place/?q=place_id:ChIJpRbJwgTN2IcRv404AsWsNI4,,Frontenac,MO,St. Louis,(314) 710-6352,,Family Law,10401 Clayton Rd Suite 200,63131,St. Louis,4
Primegaurd Doors,http://pineslawfirm.com,https://www.google.com/maps/place/?q=place_id:ChIJyUnKc9HM2IcRZT1KMSlNO48,,Frontenac,MO,St. Louis,(314) 361-9994,,General,601 S Lindbergh Blvd Suite 2,63131,St. Louis,4
St. Louis Lawyers Group,http://familyadvocateslawfirm.com/,https://www.google.com/maps/place/?q=place_id:ChIJ7X7wtibN2IcR6tILL4RLS-A,,Frontenac,MO,St. Louis,(314) 862-7999,support@familyadvocateslawfirm.com,Family Law,601 S Lindbergh Blvd,63131,St. Louis,4
Tate Law,https://tateesq.com/,https://www.google.com/maps/place/?q=place_id:ChIJ709X79DM2IcRLxBpmWSu8VY,,Frontenac,MO,St. Louis,(314) 884-1886,,Bankruptcy,745 Old Frontenac Square #202,63131,St. Louis,2
Ayers Philip T,,https://www.google.com/maps/place/?q=place_id:ChIJE0h7wBo334cRklQPVoxeimQ,,Hazelwood,MO,St. Louis,(314) 838-2800,,General,401 Chez Paree Dr,63042,St. Louis,4
"Blumenthal & Blumenthal, Attorneys at Law",http://www.blumenthalfirm.com,,,Hazelwood,MO,St. Louis,(314) 731-7288,,General,320 Brookes Dr,63042,St. Louis,4
Eastman Law Firm,,,,Hazelwood,MO,St. Louis,(314) 921-2100,,General,320 Brookes Dr Ste 231,63042,St. Louis,4
"Katz & Wulff, P.C.",https://www.katzandwulff.com/,https://www.google.com/maps/place/?q=place_id:ChIJVdTQX2c334cRBLET_U18I3k,,Hazelwood,MO,St. Louis,(618) 345-6966,,Family Law,415 Chez Paree Dr,63042,St. Louis,4
"Law Offices of Marlon S. Anderson, LLC",http://www.marlonsandersonlawstl.com/contact/,https://www.google.com/maps/place/?q=place_id:ChIJk_XAZ9g234cR_HvlSGRDCEQ,,Hazelwood,MO,St. Louis,(314) 778-9333,,Personal Injury,320 Brookes Dr,63042,St. Louis,5
Matrix Packaging,http://www.sonoco.com,,,Hazelwood,MO,St. Louis,(314) 731-3200,360solutions@sonoco.com,Intellectual Property,5801 N Lindbergh Blvd,63042,St. Louis,1
Smart Ideas Consulting Firm,http://www.smartideasconsultingfirm.com,,,Hazelwood,MO,St. Louis,(314) 733-9833,,Social Security Disability,320 Brookes Dr,63042,St. Louis,1
Al Amier Services,,,,Jennings,MO,St. Louis,(314) 489-2799,,General,7319 W Florissant Ave,63136,St. Louis,4
Tax Lawyers Today,,,,Jennings,MO,St. Louis,(888) 605-5616,,General,8007 W Florissant Ave,63136,St. Louis,4
Tax Relief Lawyers Now,,,,Jennings,MO,St. Louis,(888) 605-5615,,General,8007 W Florissant Ave,63136,St. Louis,4
Compass Law Group,http://www.compasslawgroupllc.com/,https://www.google.com/maps/place/?q=place_id:ChIJt2sfS5rN2IcRHq21PpJr6-M,,Kirkwood,MO,St. Louis,(314) 965-6898,fixmytixstl@gmail.com,Social Security Disability,10260 Manchester Rd,63122,St. Louis,1
Davis & Garvin Attorney,http://www.davisgarvinlaw.com,,,Kirkwood,MO,St. Louis,(314) 822-8100,,General,325 N Kirkwood Rd,63122,St. Louis,4
Dawn Lawson - COUNTRY Financial representative,https://representatives.countryfinancial.com/dawn.lawson,,,Kirkwood,MO,St. Louis,(314) 620-2015,,Social Security Disability,"200 Kirkwood Rd,Ste 130",63122,St. Louis,1
"Flieg and Associates, LLC",,https://www.google.com/maps/place/?q=place_id:ChIJG-4wBQnN2IcRL1keXZGa3eg,,Kirkwood,MO,St. Louis,(314) 473-5211,,General,12166 Old Big Bend Rd #303,63122,St. Louis,4
Garland Law P.C.,http://garlandlawpc.com/,https://www.google.com/maps/place/?q=place_id:ChIJ-aUGJBHh9SoRu0aCaBIo8qY,,Kirkwood,MO,St. Louis,(314) 332-6228,Michael@GarlandLawPC.com,Personal Injury,101 W Argonne Dr #202,63122,St. Louis,5
Gerring Injury Law,https://www.gerringinjurylaw.com/,https://www.google.com/maps/place/?q=place_id:ChIJT3UvgEo034cRSd4edZTDJS0,,Kirkwood,MO,St. Louis,(314) 222-0066,,Personal Injury,1009 Lark Ave,63122,St. Louis,5
Hacking Law Practice,https://hackinglawpractice.com/contact-us/?utm_source=GMBlisting&utm_medium=GMB_Profile&location=Kirkwood,https://www.google.com/maps/place/?q=place_id:ChIJbzjAOuPK2IcRP-KfUMVOVn4,,Kirkwood,MO,St. Louis,(314) 961-8200,,Immigration,10121 Manchester Rd Suite A,63122,St. Louis,2
James F. McMullin,,https://www.google.com/maps/place/?q=place_id:ChIJrUeVSOPK2IcRQXm2D5CreqY,,Kirkwood,MO,St. Louis,(314) 726-1185,,General,1049 N Clay Ave,63122,St. Louis,4
L&M Law Group,https://landmlawgroup.com/,https://www.google.com/maps/place/?q=place_id:ChIJ6-nGnv6z2IcR_jAgSgPotM0,,Kirkwood,MO,St. Louis,(314) 949-1515,,Criminal Defense,103 N Taylor Ave ste c,63122,St. Louis,5
Law Offices of Kate M. Justin,https://www.justinlawoffices.com/,https://www.google.com/maps/place/?q=place_id:ChIJKbswcjHM2IcRAfXyvNA62MM,,Kirkwood,MO,St. Louis,(314) 856-9622,lawofficesofkatemjustin@gmail.com,Personal Injury,112 W Jefferson Ave,63122,St. Louis,5
Lyn M Lawshe CPA,http://www.lynlawshecpa.net,,,Kirkwood,MO,St. Louis,(314) 821-1583,,General,550 Eastwood Dr,63122,St. Louis,4
Manger Law,http://www.mangerlawstl.com,,,Kirkwood,MO,St. Louis,(314) 821-7000,,General,527 S Clay Ave,63122,St. Louis,4
"Miller & Roberts, LLC",http://www.millerrobertslaw.com/,https://www.google.com/maps/place/?q=place_id:ChIJKbswcjHM2IcRIdC4ZVf3b3s,,Kirkwood,MO,St. Louis,(314) 984-8835,,Estate Planning,117 N Kirkwood Rd Apt 111,63122,St. Louis,2
"Millikan Law Office, LLC",https://millikanlaw.com/,https://www.google.com/maps/place/?q=place_id:ChIJFQtee-Cy2IcRIQ4nWRUGej4,,Kirkwood,MO,St. Louis,(314) 621-0622,bmillikan@millikanlaw.com,Personal Injury,12180 Old Big Bend Rd,63122,St. Louis,5
"NJ Smith Law, LLC",,https://www.google.com/maps/place/?q=place_id:ChIJ5af-nzHM2IcR9xfcQRJUoCs,,Kirkwood,MO,St. Louis,(314) 462-0134,,General,101 W Argonne Dr #141,63122,St. Louis,4
"Restovich & Associates, LLC",https://restovichlawstl.com/,https://www.google.com/maps/place/?q=place_id:ChIJv69zBSXT2IcRJK27fJVBKHQ,,Kirkwood,MO,St. Louis,(314) 434-7700,,Personal Injury,214 N Clay Ave Suite 100,63122,St. Louis,5
"Riggan Law Firm, LLC",https://www.rigganlawfirm.com/?utm_source=GMB&utm_medium=organic&utm_campaign=kirkwood,https://www.google.com/maps/place/?q=place_id:ChIJudNTVTHM2IcRMfa1eLYtR_I,,Kirkwood,MO,St. Louis,(314) 528-9661,,Employment Law,130 W Monroe Ave,63122,St. Louis,3
"Spector, Wolfe, McLaughlin, O’Mara & Hall, LLC",http://spectorwolfe.com/,https://www.google.com/maps/place/?q=place_id:ChIJPUhspC7M2IcRS1zhd4vSweo,,Kirkwood,MO,St. Louis,(314) 909-0303,,General,710 S Kirkwood Rd #4,63122,St. Louis,4
"The Elder & Disability Advocacy Firm of Christine A. Alsop, LLC",http://www.alsopelderlaw.com/,https://www.google.com/maps/place/?q=place_id:ChIJx161IbnL2IcRELxVJfmmuGc,,Kirkwood,MO,St. Louis,(314) 644-3200,,Personal Injury,206 W Argonne Dr Ste. 100,63122,St. Louis,5
TuckerAllen,https://tuckerallen.com,,,Kirkwood,MO,St. Louis,(314) 375-2306,,Estate Planning,"1001 S Kirkwood Rd,#130",63122,St. Louis,2
"Wren Law Firm, LLC",http://wrenlawllc.com/,https://www.google.com/maps/place/?q=place_id:ChIJhZjAyNXK2IcRtn7iUJrK4qo,,Kirkwood,MO,St. Louis,(314) 677-1288,,Estate Planning,439 S Kirkwood Rd Suite 207,63122,St. Louis,2
Bolinger Law Firm,https://bolingerlawstl.com/,https://www.google.com/maps/place/?q=place_id:ChIJ7Y2HMnTU2IcR6WMvDvREerg,,Manchester,MO,St. Louis,(636) 386-8322,,Estate Planning,14615 Manchester Rd #203,63021,St. Louis,2
Christopher Lawrence,https://avalawn.us,,,Manchester,MO,St. Louis,(636) 394-1214,,General,,63021,St. Louis,4
"Gordon K. Rea, Attorney at Law",,,,Manchester,MO,St. Louis,(314) 591-8281,,General,14611 Manchester Rd,63011,St. Louis,4
Quinlan Law Firm,http://quinlanlawfirmstl.com/,https://www.google.com/maps/place/?q=place_id:ChIJM7p89xbS2IcRvcC8ki5IVVI,,Manchester,MO,St. Louis,(314) 223-6035,,Employment Law,2526 Barrett Springs Dr Suite 100,63021,St. Louis,3
"Quinn Estate & Elder Law, LLC",http://quinnestatelaw.com/,https://www.google.com/maps/place/?q=place_id:ChIJEW4-znXU2IcRqhnLuy04q44,,Manchester,MO,St. Louis,(636) 394-7242,info@quinnestatelaw.com,Medical Malpractice,14611 Manchester Rd,63021,St. Louis,5
O'Gorman & Sandroni Attorneys at Law,https://www.commonsenselaw.net/,https://www.google.com/maps/place/?q=place_id:ChIJwQozFubL2IcRmlrFcOBbys4,,Maplewood,MO,St. Louis,(314) 645-5900,,Personal Injury,3350 Greenwood Blvd,63143,St. Louis,5
Ott Law Firm,https://birdeye.com,,,Maplewood,MO,St. Louis,(314) 293-3756,,Family Law,3544 Oxford Blvd,63143,St. Louis,4
Tax Settlement Lawyers,,,,Maplewood,MO,St. Louis,(888) 605-5612,,General,2100 Maplewood Commons Dr,63143,St. Louis,4
Dennis L. Callahan,,https://www.google.com/maps/place/?q=place_id:ChIJVVVVfAsy34cRIRaDpwYb_V8,,Maryland Heights,MO,St. Louis,(314) 764-4500,,General,2458 Old Dorsett Rd,63043,St. Louis,4
Miles Elder Law,http://mileselderlaw.com/,https://www.google.com/maps/place/?q=place_id:ChIJv0e1q-W_1QMRhKYn2d2Bpes,,Maryland Heights,MO,St. Louis,(636) 333-9400,info@mileselderlaw.com,Estate Planning,929 Fee Fee Rd # 203,63043,St. Louis,2
"Miller and Steeno, P.C.",http://www.millersteeno.com/,https://www.google.com/maps/place/?q=place_id:ChIJNeYkB4gy34cRYo4zl3BWvGk,,Maryland Heights,MO,St. Louis,,,General,13690 Riverport Dr Suite 250,63146,St. Louis,4
Riz Injury Law,https://www.rizinjurylaw.com/,https://www.google.com/maps/place/?q=place_id:ChIJzcEN_MEv34cRU1ixQN4cTmE,,Maryland Heights,MO,St. Louis,(314) 375-3650,,Personal Injury,13723 Riverport Dr Suite 103,63146,St. Louis,5
"Shapiro & Kreisman, LLC.",https://www.logs.com/about.html,https://www.google.com/maps/place/?q=place_id:ChIJzYFMmi8u34cRxh8BK-Zf_Hk,,Maryland Heights,MO,St. Louis,(314) 770-2120,,Intellectual Property,13801 Riverport Dr # 502,63146,St. Louis,1
The Scopel Law Firm,http://divorcelawyermarylandheightsmo.com,,,Maryland Heights,MO,St. Louis,(314) 291-8555,,General,12131 Dorsett Rd,63043,St. Louis,4
Vatterott Harris P.C.,http://www.vhdklaw.com/,https://www.google.com/maps/place/?q=place_id:ChIJB_qVXwwy34cR2MTHHCRRc0Q,,Maryland Heights,MO,St. Louis,(314) 770-2100,rkwentus@vhdklaw.com,Personal Injury,2458 Old Dorsett Rd #230,63043,St. Louis,5
"Wallach & Associates, P.C.",http://wallachpc.com/,https://www.google.com/maps/place/?q=place_id:ChIJ3Rv_YX8z34cRjCDgX40FmYA,,Maryland Heights,MO,St. Louis,(314) 308-2900,roger@wallachpc.com,Civil Litigation,929 Fee Fee Rd # 203,63043,St. Louis,3
Hillcrest Apartment,,,,Normandy,MO,St. Louis,(314) 381-3530,,General,4618-7498 San Diego Ct,63121,St. Louis,4
"Boggs, Avellino, Lach & Boggs, LLC",http://www.boggsfirm.com/,https://www.google.com/maps/place/?q=place_id:ChIJSaA01SvL2IcRXRGc9bQzc0g,,Olivette,MO,St. Louis,(314) 726-2310,,Personal Injury,9326 Olive Blvd,63132,St. Louis,5
Immigration Law Group LLC,http://toluimmigration.com/,https://www.google.com/maps/place/?q=place_id:ChIJbYyU-J8034cRNcmbmnNo83g,,Olivette,MO,St. Louis,(314) 323-6022,evitatolu@outlook.com,Immigration,1 Crabapple Ct,63132,St. Louis,2
"MRW LEGAL LAW, LlcOFFICE SUIT 370",,,,Olivette,MO,St. Louis,(314) 997-7700,,General,9666 Olive Blvd,63132,St. Louis,4
"Malloy Law Offices, L.L.C.",,https://www.google.com/maps/place/?q=place_id:ChIJSaA01SvL2IcRW8iKHTFzzF0,,Olivette,MO,St. Louis,(314) 480-6474,,General,9326 Olive Blvd,63132,St. Louis,4
Mary Ann Weems Law Offices,,https://www.google.com/maps/place/?q=place_id:ChIJS8fq8dXK2IcRYjCGVg3bE2c,,Olivette,MO,St. Louis,(314) 727-6933,,General,1120 Olivette Executive Pkwy #200,63132,St. Louis,4
Robert A. Ciuffa Attorney at Law,http://robertciuffaattorney.com/,https://www.google.com/maps/place/?q=place_id:ChIJ2dEtpJg034cR1Xow7gVitBY,,Olivette,MO,St. Louis,(314) 997-4321 ext. 102,,Personal Injury,9306 Olive Blvd,63132,St. Louis,5
Smith Brown,http://www.smithbrownllc.com,https://www.google.com/maps/place/?q=place_id:ChIJt02P7ynL2IcR3Wg1qbrraXo,,Overland,MO,St. Louis,(314) 467-0529,DBrown@SmithBrownllc.com,Personal Injury,9100 Overland Plaza,63114,St. Louis,5
Bradley Law Personal Injury Lawyers,https://thebradleylawfirm.com/richmond-heights-personal-injury-lawyer/?utm_campaign=gmb&utm_medium=organic&utm_source=gmb&utm_term=rh,https://www.google.com/maps/place/?q=place_id:ChIJB8MrXN3L2IcRhj9Kfw6Jc8k,,Richmond Heights,MO,St. Louis,(314) 207-4399,info@thebradleylawfirm.com,Personal Injury,1201 Bellevue Ave,63117,St. Louis,5
Eason Car Accident and Personal Injury Lawyers - Richmond Heights,https://www.easonlawstl.com/?utm_source=google&utm_medium=GMB&utm_campaign=GMB,https://www.google.com/maps/place/?q=place_id:ChIJA2BuBdm02IcRUHNtsh9qrH8,,Richmond Heights,MO,St. Louis,(314) 597-9276,,Personal Injury,1034 S Brentwood Blvd Penthouse 1-C,63117,St. Louis,5
"Law Offices of Rose Ann Feldman, LLC",https://www.feldman-lawoffice.com/,https://www.google.com/maps/place/?q=place_id:ChIJd0e9de3K2IcRRjDD_j1pjAQ,,Richmond Heights,MO,St. Louis,(314) 333-4153,,General,2016 S Big Bend Blvd,63117,St. Louis,4
Lee Law Firm LLC,https://www.markleelawfirm.com/,https://www.google.com/maps/place/?q=place_id:ChIJl2io2I3L2IcRKNT33dkGG6M,,Richmond Heights,MO,St. Louis,(314) 807-1720,,Personal Injury,1034 S Brentwood Blvd Suite 1709,63117,St. Louis,5
Legal Hero,https://golegalhero.com,,,Richmond Heights,MO,St. Louis,(314) 816-3081,,General,1019 S Big Bend Blvd,63117,St. Louis,4
Pleban & Petruska Law,https://plebanlaw.com,,,Richmond Heights,MO,St. Louis,(314) 645-6666,info@plebanlaw.com,Personal Injury,2010 S Big Bend Blvd,63117,St. Louis,5
Stephens Kelly Law,http://www.stephenskellylaw.com/,https://www.google.com/maps/place/?q=place_id:ChIJ7_ucmA2z2IcRHYMU9S3m_JA,,Richmond Heights,MO,St. Louis,(314) 240-5040,,Personal Injury,1610 S Big Bend Blvd,63117,St. Louis,5
The Furniss Law Firm,https://www.furnisslaw.com,,,Richmond Heights,MO,St. Louis,(314) 899-9101,,Personal Injury,7750 Clayton Rd,63117,St. Louis,5
"The Law Office of John S. Wallach, P.C.",https://www.johnwallachlaw.com,,,Richmond Heights,MO,St. Louis,(314) 732-4261,,Personal Injury,1034 S Brentwood Blvd Ste 1900,63117,St. Louis,5
The MLM Law Group,,,,Richmond Heights,MO,St. Louis,(314) 888-5477,,General,8006 Dale Ave,63117,St. Louis,4
The Meador Law Firm,https://www.meadorlawfirm.com/,https://www.google.com/maps/place/?q=place_id:ChIJiVArkhzL2IcR4peE8CUX0lM,,Richmond Heights,MO,St. Louis,(314) 669-7292,,Personal Injury,7750 Clayton Rd #307,63117,St. Louis,5
The Rubin Law Firm,https://www.lawrubin.com,,,Richmond Heights,MO,St. Louis,(314) 726-5252,jrubin@lawrubin.com,Personal Injury,7750 Clayton Rd,63117,St. Louis,5
"Tracy Carney Law, LLC",https://tracycarneylaw.com/,https://www.google.com/maps/place/?q=place_id:ChIJzS5BUCfL2IcRzJA1Vya3_7Y,,Richmond Heights,MO,St. Louis,(314) 788-9588,tracy@tracycarneylaw.com,Social Security Disability,1423 S Big Bend Blvd,63117,St. Louis,1
Wolff Trial Lawyers,https://www.wolfftriallawyers.com/,https://www.google.com/maps/place/?q=place_id:ChIJnbGfY_vL2IcR3GELp574rXY,,Richmond Heights,MO,St. Louis,(314) 651-8631,,Personal Injury,1034 S Brentwood Blvd #1900A,63117,St. Louis,5
Burkett Law Firm,http://burkettfirm.com/,https://www.google.com/maps/place/?q=place_id:ChIJG58Z4WXT2IcRE3N9JXGxNm8,,Town and Country,MO,St. Louis,(314) 549-5999,burkettfirm@burkettfirm.com,Social Security Disability,13321 N Outer 40 Rd #500,63131,St. Louis,1
Dunn & Miller PC,http://www.dunnandmiller.com/,https://www.google.com/maps/place/?q=place_id:ChIJQY3-DCXT2IcR5nJFy5YSll8,,Town and Country,MO,St. Louis,(314) 786-1200,,Estate Planning,13321 N Outer 40 Rd # 100,63131,St. Louis,2
Expunge St. Louis,http://www.expungestl.com/,https://www.google.com/maps/place/?q=place_id:ChIJK42ZirW12IcRd7A5_QH7oyM,,Town and Country,MO,St. Louis,(314) 774-0010,info@expungestl.com,Criminal Defense,13321 N Outer 40 Rd #500,63131,St. Louis,5
Gilkerson Bowman LLC,http://www.gilkersonbowman.com/,https://www.google.com/maps/place/?q=place_id:ChIJl45fy3_T2IcRFTmpGFVFqRs,,Town and Country,MO,St. Louis,(314) 866-7781,,Estate Planning,13321 N Outer 40 Rd #500,63131,St. Louis,2
Hollingshead & Dudley - Trial Lawyers,http://www.hdtriallawyers.com/,https://www.google.com/maps/place/?q=place_id:ChIJQ0DHmIDN2IcRQOFrWgz4B9g,,Town and Country,MO,St. Louis,(314) 480-5474,,Personal Injury,14323 S Outer Forty Rd Suite 204n,63131,St. Louis,5
"Kallen Law Firm, LLC",https://www.stlouisdivorce.net/?utm_source=GMB&utm_medium=organic&utm_campaign=town_and_country,https://www.google.com/maps/place/?q=place_id:ChIJSaTdVE7T2IcRX2hVkJakkw0,,Town and Country,MO,St. Louis,(314) 441-7793,,Family Law,13321 N Outer 40 Rd #300,63131,St. Louis,4
"Laurie A. Knight, Attorney at Law, LLC",https://www.laurieaknightlaw.com,,,Town and Country,MO,St. Louis,(636) 200-5533,,General,13321 North Outer 40 Rd Ste 500,63017,St. Louis,4
"Law Office of David J. Howard, LLC",http://divorcelawstlmo.com/,https://www.google.com/maps/place/?q=place_id:ChIJ5SjKDSXT2IcRq8tjr0a8NQI,,Town and Country,MO,St. Louis,(314) 434-1100,,Family Law,13321 N Outer 40 Rd # 100,63131,St. Louis,4
Law Offices of Edward A. Gilkerson,http://www.edgilkerson.com/,https://www.google.com/maps/place/?q=place_id:ChIJuyoUttHO2IcRLWgxr25oocU,,Town and Country,MO,St. Louis,(314) 347-8012,,Personal Injury,13321 N Outer 40 Rd #500,63131,St. Louis,5
Lutfiyya Law Firm,https://metrostllaw.com/,https://www.google.com/maps/place/?q=place_id:ChIJQyyRywnL2IcRHO9CC8ANjx4,,Town and Country,MO,St. Louis,(314) 727-0702,,Personal Injury,13321 N Outer 40 Rd Suite 800,63131,St. Louis,5
McAvoy Law,http://mcavoylawllc.com/?AspxAutoDetectCookieSupport=1,https://www.google.com/maps/place/?q=place_id:ChIJtXw_DCXT2IcRWRdiyiTbvOU,,Town and Country,MO,St. Louis,(855) 762-2869,info@mcavoylawllc.com,Personal Injury,13321 N Outer 40 Rd,63131,St. Louis,5
Stobie Family Law Group,https://www.stobiefamilylawgroup.com/,https://www.google.com/maps/place/?q=place_id:ChIJJT6MNIzC6a4RsySWA3-TOdo,,Town and Country,MO,St. Louis,(314) 850-6633,,Family Law,425 S Woods Mill Rd Suite 110,63017,St. Louis,4
The Bahn Law Firm,http://www.thebahnlawfirm.com,,,Town and Country,MO,St. Louis,(314) 223-7938,,General,13321 N Outer Forty Dr,63017,St. Louis,4
The Finley Law Firm LLC,http://www.thefinleylawfirm.com/,https://www.google.com/maps/place/?q=place_id:ChIJBR7ByVy02IcR2HrDMbBcLdM,,Town and Country,MO,St. Louis,(314) 664-5500,,Estate Planning,13321 N Outer 40 Rd,63131,St. Louis,2
"The Hackney Law Firm, LLC",,https://www.google.com/maps/place/?q=place_id:ChIJufw7GTsz34cRekMWwqCBL_Y,,Town and Country,MO,St. Louis,(314) 448-4282,,General,13321 N Outer 40 Rd #500,63131,St. Louis,4
The Hagemeister Law Firm,,https://www.google.com/maps/place/?q=place_id:ChIJQY3-DCXT2IcRP7corb9c6WM,,Town and Country,MO,St. Louis,(314) 448-4314,,General,13321 N Outer 40 Rd #300,63131,St. Louis,4
"The Swanson Law Firm, LLC",https://theswansonlawfirm.com/,https://www.google.com/maps/place/?q=place_id:ChIJs9tj4lc134cRpje6zlZBh6k,,Town and Country,MO,St. Louis,(314) 492-2380,,Personal Injury,13321 N Outer 40 Rd #300,63131,St. Louis,5
"Trice Law Firm, LLC.",http://tricelawfirm.com/,https://www.google.com/maps/place/?q=place_id:ChIJwVq-xM7T2IcROJ6ubVd4E4c,,Town and Country,MO,St. Louis,(314) 593-1143,appointment@tricelawfirm.com,Family Law,13321 N Outer 40 Rd Suite 800,63131,St. Louis,4
Walker Law LLC,https://walkerlawstl.com/?utm_source=google-local&utm_medium=organic&utm_campaign=1711,https://www.google.com/maps/place/?q=place_id:ChIJY6k6kYDN2IcRzifybDd_4C0,,Town and Country,MO,St. Louis,(636) 688-8895,,Criminal Defense,13321 N Outer 40 Rd # 700,63131,St. Louis,5
Accelerate Law STL,https://alawstl.com/,https://www.google.com/maps/place/?q=place_id:ChIJB_xF5Z4134cRod6RGgcwOpo,,University City,MO,St. Louis,(314) 254-3232,,General,606 North and South Rd # 206,63130,St. Louis,4
Duffy Danelle C Attorney At Law,,,,University City,MO,St. Louis,(314) 534-3833,,General,7515 Delmar Blvd,63130,St. Louis,4
Jacobs Law Office,http://www.molawyer.com,,,University City,MO,St. Louis,(314) 942-7999,,Personal Injury,8420 Delmar Blvd,63124,St. Louis,5
Meehan Law Firm,http://www.meehanlawfirm.com,,,University City,MO,St. Louis,(314) 725-9994,wkmeehan@wkmeehanpc.com,Personal Injury,7165 Delmar Blvd,63130,St. Louis,5
Savage Law Group,https://savagelawgroup.com/,https://www.google.com/maps/place/?q=place_id:ChIJo4aovIA134cR-pwfbl57BYk,,University City,MO,St. Louis,(314) 282-4284,,General,7281 Olive Blvd,63130,St. Louis,4
The Law Office of Matthew T. Singer,http://www.overseas-contractors.com/,https://www.google.com/maps/place/?q=place_id:ChIJFSeF-GI134cRevZJgio-yoQ,,University City,MO,St. Louis,(314) 272-3388,info@overseas-contractors.com,DUI,7505 Delmar Blvd,63130,St. Louis,5
"The Taylor Law Firm, P.C.",http://www.taylorlawfirmstl.com/,https://www.google.com/maps/place/?q=place_id:ChIJD7gEgjY134cRbnR0JYWVWJo,,University City,MO,St. Louis,(314) 443-9078,,Criminal Defense,6900 Delmar Blvd,63130,St. Louis,5
Venus A Jackson Law Office,https://lily-bluebird-ykdx.squarespace.com,,,University City,MO,St. Louis,(314) 721-7230,venusesquire@sbcglobal.net,General,7584 Olive Blvd,63130,St. Louis,4
Homire Law,http://www.homirelaw.com,,,Valley Park,MO,St. Louis,(636) 861-3224,,General,10 Beckett Plz,63088,St. Louis,4
PBSG Law Offices,https://jackiegonzlaw.com/,https://www.google.com/maps/place/?q=place_id:ChIJY6XWoKnR2IcR_XIzAP2M8C0,,Valley Park,MO,St. Louis,(314) 287-5959,office@pbsglawoffices.com,Personal Injury,550 Vance Rd Suite E,63088,St. Louis,5
"Robert D. Arb, L.C., Attorney at Law",http://www.arblawfirm.com,,,Valley Park,MO,St. Louis,(636) 225-6500,,General,809 Meramec Station Rd,63088,St. Louis,4
Traffic Law Group,,,,Valley Park,MO,St. Louis,(636) 825-6666,,General,18 Meramec Valley Plz,63088,St. Louis,4
Catherine Grantham Family Law,https://www.catherinegranthamlaw.net/,https://www.google.com/maps/place/?q=place_id:ChIJa0anJMPL2IcRFP8z9jKuO2U,,Webster Groves,MO,St. Louis,(314) 596-8371,,Personal Injury,822 N Bompart Ave,63119,St. Louis,5
Christopher J. Griffin Attorney at Law,,https://www.google.com/maps/place/?q=place_id:ChIJK-1cuurK2IcRLQaGZnUnakQ,,Webster Groves,MO,St. Louis,(800) 672-3103,,General,75 W Lockwood Ave #222,63119,St. Louis,4
Elias Law LLC,https://www.eliasllc.com/?utm_source=gmb&utm_medium=organic&utm_content=gmb-website,https://www.google.com/maps/place/?q=place_id:ChIJGe5MswjL2IcRydp3x0Zs-_U,,Webster Groves,MO,St. Louis,(314) 228-3391,intake@eliasllc.com,Personal Injury,27 W Lockwood Ave,63119,St. Louis,5
"Fox & Vuylsteke, LLP",http://www.foxandvuylsteke.com/,https://www.google.com/maps/place/?q=place_id:ChIJ_38dTb7L2IcR62mMskmmAS4,,Webster Groves,MO,St. Louis,(314) 961-3222,,Personal Injury,110 E Lockwood Ave #150,63119,St. Louis,5
Grace Law Firm,http://www.gracelawstl.com/,https://www.google.com/maps/place/?q=place_id:ChIJGfcTEPHL2IcRD3fDnxBxs_U,,Webster Groves,MO,St. Louis,(314) 455-4588,info@gracelawstl.com,Family Law,7501 Big Bend Blvd,63119,St. Louis,4
Lemp & Anthony PC,http://lemp-murphy.com/,https://www.google.com/maps/place/?q=place_id:ChIJYdMWaYjO2IcROwjzVs6TG-Y,,Webster Groves,MO,St. Louis,(314) 965-8200,blemp@lemp-murphy.com,Personal Injury,8045 Big Bend Blvd #202,63119,St. Louis,5
"M. Karl Hawkins, LLC",https://www.karlhawkins.com/,https://www.google.com/maps/place/?q=place_id:ChIJoZfRQJTL2IcREu2EluwqvUQ,,Webster Groves,MO,St. Louis,(314) 961-5010,,General,75 W Lockwood Ave #222,63119,St. Louis,4
McAuliffe Law Firm,,https://www.google.com/maps/place/?q=place_id:ChIJ-4IfVb7L2IcRuqDClgLgIH4,,Webster Groves,MO,St. Louis,(314) 726-2090,,General,120 E Lockwood Ave,63119,St. Louis,4
Ott Law Firm,https://ott.law/,https://www.google.com/maps/place/?q=place_id:ChIJ82gBFUy12IcRDtns1kRPZNM,,Webster Groves,MO,St. Louis,(314) 710-2740,joe@ott.law,Personal Injury,75 W Lockwood Ave # 1,63119,St. Louis,5
"Phillip A. Tatlow, Attorney at Law",http://www.philtatlowlaw.com/,https://www.google.com/maps/place/?q=place_id:ChIJsZA6yILO2IcRr20foMUz0-A,,Webster Groves,MO,St. Louis,(314) 597-0200,,Personal Injury,20 Allen Ave Suite 420,63119,St. Louis,5
Rice Law Firm,https://mycasewebsites2.com/wp-login.php?redirect_to=/wp-signup.php?new=thericelawfirm.com,https://www.google.com/maps/place/?q=place_id:ChIJYxdkdpTL2IcR19zz5zBmhCw,,Webster Groves,MO,St. Louis,(314) 963-0877,,General,75 W Lockwood Ave #222,63119,St. Louis,4
Simpson Law Firm LLC,,,,Webster Groves,MO,St. Louis,(314) 630-3966,,General,1434 Drayton Ave,63119,St. Louis,4
The Elder Care Law Practice,https://yourelderlawyers.com/,https://www.google.com/maps/place/?q=place_id:ChIJWzsmO7E134cRwsSzcH8u2Yg,,Webster Groves,MO,St. Louis,(314) 932-5573,info@yourelderlawyers.com,Estate Planning,7838 Big Bend Blvd,63119,St. Louis,2
The Korte Law Firm,http://www.kortelaw.com/,https://www.google.com/maps/place/?q=place_id:ChIJg05Be07K2IcRwqqcHuk3ftc,,Webster Groves,MO,St. Louis,(314) 821-4727,,Personal Injury,523 N Laclede Station Rd #114,63119,St. Louis,5
The Law Office of Tyler A. Thompson,http://tylerthompsonlaw.com/,https://www.google.com/maps/place/?q=place_id:ChIJb1fir23L2IcRO4w1bO5RIc0,,Webster Groves,MO,St. Louis,(314) 926-0765,,Estate Planning,75 W Lockwood Ave #222,63119,St. Louis,2
The Lindley Law Office,http://lindleylegal.com,,,Webster Groves,MO,St. Louis,(314) 696-6172,,General,75 W Lockwood Ave #1,63119,St. Louis,4
ARA Fraud & Forensic Services,http://www.arastl.com/,https://www.google.com/maps/place/?q=place_id:ChIJn4x-0jsq2YcR2oJAtE7edjo,,Wildwood,MO,St. Louis,(636) 346-9273,info@arastl.com,Family Law,2464 Taylor Rd #115,63040,St. Louis,4
Dean Meriwether Law Office,,,,Wildwood,MO,St. Louis,(314) 740-1605,,General,16500 Jubilee Hill Spur,63040,St. Louis,4
The Fedde Law Firm,http://feddelaw.com/,https://www.google.com/maps/place/?q=place_id:ChIJQXGvcc8v2YcRbIocPG_9UMg,,Wildwood,MO,St. Louis,(314) 378-8390,,Intellectual Property,18325 Allenton Woods Ct,63069,St. Louis,1
"Amundsen Davis, LLC",http://www.amundsendavislaw.com/,https://www.google.com/maps/place/?q=place_id:ChIJ6_-sqmAt34cRzwLVJOwNSSo,,Clayton,MO,St. Louis,(314) 719-3700,,Social Security Disability,7711 Carondelet Ave # 800,63105,St. Louis,1
"Ledbetter Law Firm, LLC",https://www.stlouisbankruptcyattorneyhelp.com/,https://www.google.com/maps/place/?q=place_id:ChIJRVgOJ9U034cRdnCDuRSp8qA,,Clayton,MO,St. Louis,(314) 602-1431,,DUI,130 S Bemiston Ave UNIT 304,63105,St. Louis,5
